2025-05-12 01:37:58,359 - utils - INFO - Created templates directory with enhanced index.html
2025-05-12 01:37:58,519 - __main__ - INFO - Initializing Crypto Assistant...
2025-05-12 01:37:58,519 - vector_store - WARNING - Vector store path faiss_index does not exist
2025-05-12 01:37:58,519 - __main__ - INFO - No existing vector store found. Creating new one...
2025-05-12 01:37:58,519 - data_processor - INFO - Starting data update for coins: bitcoin
2025-05-12 01:37:58,519 - data_processor - ERROR - Error updating data: type object 'CoinGeckoAPI' has no attribute 'fetch_realtime_data'
2025-05-12 01:37:58,519 - __main__ - ERROR - Failed to update data. Initialization may be incomplete.
2025-05-12 01:37:58,519 - vector_store - INFO - Processing 1 documents for vectorization
2025-05-12 01:37:58,519 - vector_store - INFO - Processed batch 1/1 with 1 chunks
2025-05-12 01:37:58,519 - vector_store - INFO - Split 1 documents into 1 chunks
2025-05-12 01:38:02,997 - faiss.loader - INFO - Loading faiss with AVX2 support.
2025-05-12 01:38:02,997 - faiss.loader - INFO - Could not load library with AVX2 support due to:
ModuleNotFoundError("No module named 'faiss.swigfaiss_avx2'")
2025-05-12 01:38:02,997 - faiss.loader - INFO - Loading faiss.
2025-05-12 01:38:03,039 - faiss.loader - INFO - Successfully loaded faiss.
2025-05-12 01:38:03,049 - vector_store - INFO - Vector store initialized successfully
2025-05-12 01:38:03,050 - vector_store - INFO - Enhanced QA chain initialized with multi-query retrieval and metadata filtering
2025-05-12 01:38:03,053 - vector_store - INFO - Vector store saved to faiss_index
2025-05-12 01:38:03,053 - vector_store - INFO - Vector store saved to faiss_index
2025-05-12 01:38:03,054 - __main__ - INFO - Crypto Assistant initialized successfully
2025-05-12 01:38:03,054 - __main__ - INFO - Starting scheduled updates every 15 minutes
2025-05-12 01:38:03,054 - __main__ - INFO - Started scheduled updates every 15 minutes
2025-05-12 01:38:03,067 - werkzeug - INFO - [31m[1mWARNING: This is a development server. Do not use it in a production deployment. Use a production WSGI server instead.[0m
 * Running on all addresses (0.0.0.0)
 * Running on http://127.0.0.1:5000
 * Running on http://10.172.234.198:5000
2025-05-12 01:38:03,067 - werkzeug - INFO - [33mPress CTRL+C to quit[0m
2025-05-12 01:38:14,653 - werkzeug - INFO - 10.172.234.198 - - [12/May/2025 01:38:14] "GET / HTTP/1.1" 200 -
2025-05-12 01:38:14,724 - werkzeug - INFO - 10.172.234.198 - - [12/May/2025 01:38:14] "[33mGET /favicon.ico HTTP/1.1[0m" 404 -
2025-05-12 01:38:44,509 - langchain.retrievers.multi_query - INFO - Generated queries: ['Here are three different versions of the original question, each with a unique perspective:', '', "What's the Bitcoin market data for March 1st, 2019?", '', "Bitcoin price and trading volume on March 1st, 2019: what's the story?", '', 'Market insights for Bitcoin on March 1st, 2019: what were the key trends and statistics?', '', 'These alternative questions aim to capture different aspects of the original query, such as:', '', '* The first version focuses on retrieving data related to market performance (price and trading volume).', '* The second version emphasizes understanding the story or narrative behind the Bitcoin market on that specific day.', '* The third version seeks insights into key trends and statistics, which might be useful for analyzing market patterns.', '', 'By generating these alternative questions, we can increase the chances of retrieving relevant documents from a vector database, as each question provides a unique perspective on the original query.']
2025-05-12 01:39:21,612 - vector_store - INFO - Question answered in 46.97 seconds
2025-05-12 01:39:21,612 - vector_store - INFO - Successfully answered question: what is the bitcoin data on march 1st on 2019...
2025-05-12 01:39:21,613 - werkzeug - INFO - 10.172.234.198 - - [12/May/2025 01:39:21] "POST /api/ask HTTP/1.1" 200 -
2025-05-12 01:39:44,870 - werkzeug - INFO - 10.172.234.198 - - [12/May/2025 01:39:44] "GET /api/summary HTTP/1.1" 200 -
2025-05-12 01:41:32,968 - langchain.retrievers.multi_query - INFO - Generated queries: ['Here are three different versions of the original question:', '', "What's the earliest available record of Bitcoin transactions or market activity in your database?", '', 'Can you provide access to historical Bitcoin data prior to [insert specific date, e.g., 2011]?', '', 'Do you have any records or datasets related to the early days of Bitcoin, such as its inception, first block (Genesis Block), or initial price movements?']
2025-05-12 01:41:52,882 - vector_store - INFO - Question answered in 26.50 seconds
2025-05-12 01:41:52,882 - vector_store - INFO - Successfully answered question: what is the oldest historical bitcoin data you hav...
2025-05-12 01:41:52,882 - werkzeug - INFO - 10.172.234.198 - - [12/May/2025 01:41:52] "POST /api/ask HTTP/1.1" 200 -
2025-05-12 01:43:03,355 - langchain.retrievers.multi_query - INFO - Generated queries: ['Here are three different versions of the original question:', '', "What's the latest market value of Bitcoin?", 'How much is one Bitcoin worth right now?', 'Can you give me the current exchange rate for Bitcoin?', '', "These alternative questions aim to capture the same essence as the original, but from slightly different angles. By generating multiple perspectives on the user's query, we can increase the chances of retrieving relevant documents that might not have been caught by a simple distance-based similarity search.", '', 'For example, the first alternative question focuses more on the market value aspect, which might retrieve documents that discuss Bitcoin\'s price fluctuations or market trends. The second question emphasizes the concept of "worth" and "value", which could lead to documents discussing Bitcoin\'s use cases, adoption rates, or economic implications. The third question frames the query as an exchange rate problem, which might retrieve documents related to currency trading, financial news, or regulatory updates.', '', 'By providing these alternative questions, we can help users overcome some of the limitations of distance-based similarity search and increase the chances of retrieving relevant and useful information from a vector database.']
2025-05-12 01:43:31,042 - vector_store - INFO - Question answered in 37.21 seconds
2025-05-12 01:43:31,043 - vector_store - INFO - Successfully answered question: what is bitcoin price today...
2025-05-12 01:43:31,044 - werkzeug - INFO - 10.172.234.198 - - [12/May/2025 01:43:31] "POST /api/ask HTTP/1.1" 200 -
2025-05-12 01:45:35,002 - langchain.retrievers.multi_query - INFO - Generated queries: ['Here are three different versions of the original question:', '', "What's the latest market value of Bitcoin?", 'How much is one Bitcoin worth right now?', 'Can you provide me with the real-time valuation of Bitcoin?', '', "These alternative questions can help retrieve relevant documents from a vector database by providing multiple perspectives on the user's query. By asking slightly different questions, we can capture different aspects of the original question and increase the chances of retrieving relevant information."]
2025-05-12 01:45:54,364 - vector_store - INFO - Question answered in 26.17 seconds
2025-05-12 01:45:54,364 - vector_store - INFO - Successfully answered question: what is date today, you said you have you have las...
2025-05-12 01:45:54,365 - werkzeug - INFO - 10.172.234.198 - - [12/May/2025 01:45:54] "POST /api/ask HTTP/1.1" 200 -
2025-05-12 01:46:22,577 - langchain.retrievers.multi_query - INFO - Generated queries: ['Here are three different versions of the original question:', '', "What's the latest market value of Bitcoin?", '------------------------------------------------', '', 'Current price of Bitcoin, please.', '----------------------------------------', '', "Bitcoin valuation as of now, what's the number?", '---------------------------------------------', '', 'These alternative questions aim to capture slightly different nuances and perspectives on the original query, which can help retrieve relevant documents from a vector database.']
2025-05-12 01:46:52,390 - vector_store - INFO - Question answered in 36.43 seconds
2025-05-12 01:46:52,391 - vector_store - INFO - Successfully answered question: give me the latest bitcoin price you have...
2025-05-12 01:46:52,391 - werkzeug - INFO - 10.172.234.198 - - [12/May/2025 01:46:52] "POST /api/ask HTTP/1.1" 200 -
2025-05-12 01:48:31,754 - langchain.retrievers.multi_query - INFO - Generated queries: ['Here are three different versions of the original question:', '', 'What are the key market movements and price fluctuations experienced by Bitcoin in the year 2019?', '', 'Can you provide me with an overview of the major events, milestones, and trends that occurred in the Bitcoin market during the calendar year 2019?', '', 'What were the most significant patterns, shifts, or changes observed in the Bitcoin market throughout 2019, including any notable price movements or trading volumes?']
2025-05-12 01:48:56,560 - vector_store - INFO - Question answered in 31.81 seconds
2025-05-12 01:48:56,560 - vector_store - INFO - Successfully answered question: give me the bitcoin trends for 2019...
2025-05-12 01:48:56,561 - werkzeug - INFO - 10.172.234.198 - - [12/May/2025 01:48:56] "POST /api/ask HTTP/1.1" 200 -
2025-05-12 01:53:03,624 - __main__ - INFO - Running scheduled data update
2025-05-12 01:53:03,624 - __main__ - INFO - Updating cryptocurrency data for: bitcoin
2025-05-12 01:53:03,624 - data_processor - INFO - Starting data update for coins: bitcoin
2025-05-12 01:53:03,625 - data_processor - ERROR - Error updating data: type object 'CoinGeckoAPI' has no attribute 'fetch_realtime_data'
2025-05-12 01:53:05,725 - vector_store - INFO - Vector store updated with 1 documents at 2025-05-12 01:53:05
2025-05-12 01:53:05,726 - vector_store - INFO - Added 1 new chunks to the vector store
2025-05-12 01:53:05,727 - vector_store - INFO - Vector store saved to faiss_index
2025-05-12 01:53:05,727 - __main__ - INFO - Data update complete
2025-05-12 02:03:16,560 - utils - INFO - Created templates directory with enhanced index.html
2025-05-12 02:03:16,733 - __main__ - INFO - Initializing Crypto Assistant...
2025-05-12 02:03:16,735 - faiss.loader - INFO - Loading faiss with AVX2 support.
2025-05-12 02:03:16,735 - faiss.loader - INFO - Could not load library with AVX2 support due to:
ModuleNotFoundError("No module named 'faiss.swigfaiss_avx2'")
2025-05-12 02:03:16,735 - faiss.loader - INFO - Loading faiss.
2025-05-12 02:03:16,753 - faiss.loader - INFO - Successfully loaded faiss.
2025-05-12 02:03:16,788 - vector_store - INFO - Vector store loaded from faiss_index
2025-05-12 02:03:16,789 - vector_store - INFO - Enhanced QA chain initialized with multi-query retrieval and metadata filtering
2025-05-12 02:03:16,789 - __main__ - INFO - Crypto Assistant initialized successfully
2025-05-12 02:03:16,790 - __main__ - INFO - Starting scheduled updates every 15 minutes
2025-05-12 02:03:16,790 - __main__ - INFO - Started scheduled updates every 15 minutes
2025-05-12 02:03:16,797 - werkzeug - INFO - [31m[1mWARNING: This is a development server. Do not use it in a production deployment. Use a production WSGI server instead.[0m
 * Running on all addresses (0.0.0.0)
 * Running on http://127.0.0.1:5000
 * Running on http://10.172.234.198:5000
2025-05-12 02:03:16,797 - werkzeug - INFO - [33mPress CTRL+C to quit[0m
2025-05-12 02:03:21,330 - werkzeug - INFO - 10.172.234.198 - - [12/May/2025 02:03:21] "GET / HTTP/1.1" 200 -
2025-05-12 02:03:35,721 - vector_store - WARNING - Data might be outdated. Last update was: Never
2025-05-12 02:03:35,726 - data_processor - INFO - Looking up price for bitcoin on 2018-03-12
2025-05-12 02:03:35,726 - data_processor - INFO - Available date range: None to None
2025-05-12 02:03:35,727 - werkzeug - INFO - 10.172.234.198 - - [12/May/2025 02:03:35] "POST /api/ask HTTP/1.1" 200 -
2025-05-12 02:03:57,342 - vector_store - WARNING - Data might be outdated. Last update was: Never
2025-05-12 02:04:05,787 - langchain.retrievers.multi_query - INFO - Generated queries: ['Here are three different versions of the original question:', '', "What is the current market value of Bitcoin as of last week's close?", 'How has the price of Bitcoin changed over the past 7 days?', 'Can you provide me with historical data on the price of Bitcoin from last week?', '', 'These alternative questions aim to capture different aspects of the original query, such as:', '', '* The first version focuses on the current market value of Bitcoin at the end of last week.', '* The second version asks about the change in price over the past 7 days, which could help retrieve documents that discuss trends or fluctuations in the Bitcoin market.', '* The third version requests historical data from last week, which might return documents that provide context and insights on the price movement.', '', 'By generating these alternative questions, we can increase the chances of retrieving relevant documents from a vector database that may not have been captured by the original query.']
2025-05-12 02:04:39,549 - vector_store - INFO - Question answered in 42.20 seconds
2025-05-12 02:04:39,549 - vector_store - INFO - Successfully answered question: what is the bitcion price last week...
2025-05-12 02:04:39,550 - werkzeug - INFO - 10.172.234.198 - - [12/May/2025 02:04:39] "POST /api/ask HTTP/1.1" 200 -
2025-05-14 00:33:25,583 - utils - INFO - Created templates directory with enhanced index.html
2025-05-14 00:33:25,852 - __main__ - INFO - Initializing Crypto Assistant...
2025-05-14 00:33:25,852 - faiss.loader - INFO - Loading faiss with AVX2 support.
2025-05-14 00:33:25,852 - faiss.loader - INFO - Could not load library with AVX2 support due to:
ModuleNotFoundError("No module named 'faiss.swigfaiss_avx2'")
2025-05-14 00:33:25,852 - faiss.loader - INFO - Loading faiss.
2025-05-14 00:33:25,947 - faiss.loader - INFO - Successfully loaded faiss.
2025-05-14 00:33:25,987 - vector_store - INFO - Vector store loaded from faiss_index
2025-05-14 00:33:25,987 - vector_store - INFO - Enhanced QA chain initialized with multi-query retrieval and metadata filtering
2025-05-14 00:33:25,987 - __main__ - INFO - Crypto Assistant initialized successfully
2025-05-14 00:33:25,987 - __main__ - INFO - Starting scheduled updates every 5 minutes
2025-05-14 00:33:25,987 - __main__ - INFO - Started scheduled updates every 5 minutes
2025-05-14 00:33:26,005 - werkzeug - INFO - [31m[1mWARNING: This is a development server. Do not use it in a production deployment. Use a production WSGI server instead.[0m
 * Running on all addresses (0.0.0.0)
 * Running on http://127.0.0.1:5000
 * Running on http://10.172.234.198:5000
2025-05-14 00:33:26,005 - werkzeug - INFO - [33mPress CTRL+C to quit[0m
2025-05-14 00:33:32,153 - werkzeug - INFO - 10.172.234.198 - - [14/May/2025 00:33:32] "GET / HTTP/1.1" 200 -
2025-05-14 00:33:32,204 - werkzeug - INFO - 10.172.234.198 - - [14/May/2025 00:33:32] "[33mGET /favicon.ico HTTP/1.1[0m" 404 -
2025-05-14 00:33:42,267 - vector_store - WARNING - Data might be outdated. Last update was: Never
2025-05-14 00:34:14,352 - langchain.retrievers.multi_query - INFO - Generated queries: ['Here are three different versions of the original question:', '', 'What is the current market value of Bitcoin?', "How much is Bitcoin worth as of today's date?", 'Can you provide me with the latest Bitcoin price update?', '', 'These alternative questions aim to capture different aspects and nuances of the original query, which can help retrieve relevant documents from a vector database. By asking slightly rephrased or more specific questions, we can potentially overcome some of the limitations of distance-based similarity search and retrieve more accurate results.']
2025-05-14 00:34:34,742 - vector_store - INFO - Question answered in 52.46 seconds
2025-05-14 00:34:34,742 - vector_store - INFO - Successfully answered question: what is the bitcoin price for today...
2025-05-14 00:34:34,744 - werkzeug - INFO - 10.172.234.198 - - [14/May/2025 00:34:34] "POST /api/ask HTTP/1.1" 200 -
2025-05-14 00:35:18,567 - vector_store - WARNING - Data might be outdated. Last update was: Never
2025-05-14 00:35:18,578 - data_processor - INFO - Looking up price for bitcoin on 2022-03-01
2025-05-14 00:35:18,578 - data_processor - INFO - Available date range: None to None
2025-05-14 00:35:18,580 - werkzeug - INFO - 10.172.234.198 - - [14/May/2025 00:35:18] "POST /api/ask HTTP/1.1" 200 -
2025-05-14 00:36:21,589 - vector_store - WARNING - Data might be outdated. Last update was: Never
2025-05-14 00:36:28,362 - langchain.retrievers.multi_query - INFO - Generated queries: ['Here are three different versions of the original question:', '', "What's the most recent timestamp associated with publicly available Bitcoin price data?", '', 'When was the latest Bitcoin price update made available to the public?', '', 'Can you provide me with the date and time of the most up-to-date Bitcoin market data that is currently accessible?']
2025-05-14 00:36:48,188 - vector_store - INFO - Question answered in 26.60 seconds
2025-05-14 00:36:48,188 - vector_store - INFO - Successfully answered question: what is the last data you have for the bitcoin...
2025-05-14 00:36:48,188 - werkzeug - INFO - 10.172.234.198 - - [14/May/2025 00:36:48] "POST /api/ask HTTP/1.1" 200 -
2025-05-14 00:37:12,690 - vector_store - WARNING - Data might be outdated. Last update was: Never
2025-05-14 00:37:21,164 - langchain.retrievers.multi_query - INFO - Generated queries: ['Here are three different versions of the original question:', '', 'What is the earliest recorded Bitcoin price data available?', '', 'Can you provide me with information on the oldest Bitcoin price data that exists?', '', "What's the oldest known Bitcoin price data point, and where can I find it?", '', 'These alternative questions aim to capture similar intent as the original question but from slightly different angles. By asking about "recorded" or "known" data, we\'re encouraging the vector database to retrieve documents that contain specific information on early Bitcoin price data. The second version is more direct in its request for information, while the third one focuses on finding a specific data point.']
2025-05-14 00:37:46,922 - vector_store - INFO - Question answered in 34.23 seconds
2025-05-14 00:37:46,922 - vector_store - INFO - Successfully answered question: what is the oldest data you have about the bitcoin...
2025-05-14 00:37:46,922 - werkzeug - INFO - 10.172.234.198 - - [14/May/2025 00:37:46] "POST /api/ask HTTP/1.1" 200 -
2025-05-14 00:38:26,219 - __main__ - INFO - Running scheduled data update
2025-05-14 00:38:26,219 - __main__ - INFO - Updating cryptocurrency data for: bitcoin
2025-05-14 00:38:26,219 - data_processor - INFO - Starting data update for coins: bitcoin
2025-05-14 00:38:34,242 - data_processor - ERROR - Error updating data: RetryError[<Future at 0x1ec5bd9ceb0 state=finished raised AttributeError>]
2025-05-14 00:38:36,365 - vector_store - INFO - Vector store updated with 1 documents at 2025-05-14 00:38:36
2025-05-14 00:38:36,365 - vector_store - INFO - Added 1 new chunks to the vector store
2025-05-14 00:38:36,372 - vector_store - INFO - Vector store saved to faiss_index
2025-05-14 00:38:36,372 - __main__ - INFO - Data update complete
2025-05-14 00:38:42,461 - __main__ - INFO - Updating cryptocurrency data for: bitcoin
2025-05-14 00:38:42,461 - data_processor - INFO - Starting data update for coins: bitcoin
2025-05-14 00:38:50,479 - data_processor - ERROR - Error updating data: RetryError[<Future at 0x1ec5bd9e7a0 state=finished raised AttributeError>]
2025-05-14 00:38:52,601 - vector_store - INFO - Vector store updated with 1 documents at 2025-05-14 00:38:52
2025-05-14 00:38:52,602 - vector_store - INFO - Added 1 new chunks to the vector store
2025-05-14 00:38:52,602 - vector_store - INFO - Vector store saved to faiss_index
2025-05-14 00:38:52,602 - __main__ - INFO - Data update complete
2025-05-14 00:38:52,602 - werkzeug - INFO - 10.172.234.198 - - [14/May/2025 00:38:52] "POST /api/update HTTP/1.1" 200 -
2025-05-14 00:38:53,121 - werkzeug - INFO - 10.172.234.198 - - [14/May/2025 00:38:53] "GET /api/summary HTTP/1.1" 200 -
2025-05-14 00:39:03,403 - werkzeug - INFO - 10.172.234.198 - - [14/May/2025 00:39:03] "GET /api/summary HTTP/1.1" 200 -
2025-05-14 00:39:04,927 - werkzeug - INFO - 10.172.234.198 - - [14/May/2025 00:39:04] "GET /api/summary HTTP/1.1" 200 -
2025-05-14 00:39:05,503 - werkzeug - INFO - 10.172.234.198 - - [14/May/2025 00:39:05] "GET /api/summary HTTP/1.1" 200 -
2025-05-14 00:39:06,068 - werkzeug - INFO - 10.172.234.198 - - [14/May/2025 00:39:06] "GET /api/summary HTTP/1.1" 200 -
2025-05-14 00:39:24,693 - langchain.retrievers.multi_query - INFO - Generated queries: ['Here are three different versions of the original question:', '', "What's the latest market value of Bitcoin?", 'How much does one Bitcoin cost right now?', '', "What's the current exchange rate for Bitcoin to US dollars?", '', "These alternative questions can help retrieve relevant documents from a vector database by providing multiple perspectives on the user's query. By asking slightly different questions, we can capture different aspects of the original question and increase the chances of retrieving relevant information."]
2025-05-14 00:39:57,471 - utils - INFO - Created templates directory with enhanced index.html
2025-05-14 00:39:57,707 - __main__ - INFO - Initializing Crypto Assistant...
2025-05-14 00:39:57,707 - faiss.loader - INFO - Loading faiss with AVX2 support.
2025-05-14 00:39:57,712 - faiss.loader - INFO - Could not load library with AVX2 support due to:
ModuleNotFoundError("No module named 'faiss.swigfaiss_avx2'")
2025-05-14 00:39:57,713 - faiss.loader - INFO - Loading faiss.
2025-05-14 00:39:57,750 - faiss.loader - INFO - Successfully loaded faiss.
2025-05-14 00:39:57,799 - vector_store - INFO - Vector store loaded from faiss_index
2025-05-14 00:39:57,801 - vector_store - INFO - Enhanced QA chain initialized with multi-query retrieval and metadata filtering
2025-05-14 00:39:57,801 - __main__ - INFO - Crypto Assistant initialized successfully
2025-05-14 00:39:57,801 - __main__ - INFO - Starting scheduled updates every 5 minutes
2025-05-14 00:39:57,801 - __main__ - INFO - Started scheduled updates every 5 minutes
2025-05-14 00:39:57,815 - werkzeug - INFO - [31m[1mWARNING: This is a development server. Do not use it in a production deployment. Use a production WSGI server instead.[0m
 * Running on all addresses (0.0.0.0)
 * Running on http://127.0.0.1:5000
 * Running on http://10.172.234.198:5000
2025-05-14 00:39:57,815 - werkzeug - INFO - [33mPress CTRL+C to quit[0m
2025-05-14 00:40:03,383 - werkzeug - INFO - 10.172.234.198 - - [14/May/2025 00:40:03] "GET / HTTP/1.1" 200 -
2025-05-14 00:40:09,996 - vector_store - WARNING - Data might be outdated. Last update was: Never
2025-05-14 00:40:16,343 - langchain.retrievers.multi_query - INFO - Generated queries: ['Here are three different versions of the original question:', '', "What's the current market value of Bitcoin?", 'Bitcoin price update for today', 'Recent Bitcoin valuation and trends', '', "These alternative questions aim to capture different aspects of the user's query, such as:", '', '* "What\'s the current market value of Bitcoin?" focuses on the immediate price information.', '* "Bitcoin price update for today" emphasizes the idea that the user wants to know the latest price change or update.', '* "Recent Bitcoin valuation and trends" shifts the focus from a single point in time to understanding the broader context and patterns in Bitcoin\'s value.', '', 'By generating these alternative questions, we can increase the chances of retrieving relevant documents from the vector database that may not have been retrieved by the original question alone.']
2025-05-14 00:40:48,711 - vector_store - INFO - Question answered in 38.70 seconds
2025-05-14 00:40:48,711 - vector_store - INFO - Successfully answered question: what is the bitcoin price today...
2025-05-14 00:40:48,714 - werkzeug - INFO - 10.172.234.198 - - [14/May/2025 00:40:48] "POST /api/ask HTTP/1.1" 200 -
2025-05-14 00:40:55,819 - vector_store - WARNING - Data might be outdated. Last update was: Never
2025-05-14 00:41:02,563 - langchain.retrievers.multi_query - INFO - Generated queries: ['Here are three different versions of the original question:', '', 'What is the historical value of Bitcoin on March 1st, 2022?', '', 'Can you retrieve data on the market value of Bitcoin as of March 1st, 2022?', '', 'How much was one Bitcoin worth on the first day of March in the year 2022?']
2025-05-14 00:41:24,309 - vector_store - INFO - Question answered in 28.48 seconds
2025-05-14 00:41:24,309 - vector_store - INFO - Successfully answered question: what is the bitcoin price on march 1st 2022...
2025-05-14 00:41:24,309 - werkzeug - INFO - 10.172.234.198 - - [14/May/2025 00:41:24] "POST /api/ask HTTP/1.1" 200 -
2025-05-14 00:42:27,975 - vector_store - WARNING - Data might be outdated. Last update was: Never
2025-05-14 00:42:34,794 - langchain.retrievers.multi_query - INFO - Generated queries: ['Here are three different versions of the original question:', '', "What were the key market trends and fluctuations in Bitcoin's price over the past week?", '', 'How did the Bitcoin price change over the past seven days, and what factors contributed to these changes?', '', 'Can you provide an overview of the recent price movements in Bitcoin, including any notable increases or decreases, and how they compare to previous weeks?']
2025-05-14 00:42:56,531 - vector_store - INFO - Question answered in 28.56 seconds
2025-05-14 00:42:56,531 - vector_store - INFO - Successfully answered question: what is the bitcoin trend for last week...
2025-05-14 00:42:56,531 - werkzeug - INFO - 10.172.234.198 - - [14/May/2025 00:42:56] "POST /api/ask HTTP/1.1" 200 -
2025-05-14 00:43:49,624 - vector_store - WARNING - Data might be outdated. Last update was: Never
2025-05-14 00:43:57,892 - langchain.retrievers.multi_query - INFO - Generated queries: ['Here are three different versions of the original question:', '', "What's the prevailing market attitude towards Bitcoin right now, and which technical metrics are currently being used to gauge its performance?", '', "How do recent trends in Bitcoin's price movement reflect the overall investor sentiment, and what specific chart patterns or indicators are being cited as key factors in this assessment?", '', 'Can you provide an overview of the current Bitcoin market dynamics, including any notable shifts in investor sentiment, and highlight some of the most relevant technical indicators that traders and analysts are using to inform their decisions?']
2025-05-14 00:44:25,094 - vector_store - INFO - Question answered in 35.47 seconds
2025-05-14 00:44:25,094 - vector_store - INFO - Successfully answered question: tell me the last month bitcoin sentiment and techi...
2025-05-14 00:44:25,096 - werkzeug - INFO - 10.172.234.198 - - [14/May/2025 00:44:25] "POST /api/ask HTTP/1.1" 200 -
2025-05-14 00:44:58,133 - __main__ - INFO - Running scheduled data update
2025-05-14 00:44:58,133 - __main__ - INFO - Updating cryptocurrency data for: bitcoin
2025-05-14 00:44:58,133 - data_processor - INFO - Starting data update for coins: bitcoin
2025-05-14 00:45:06,144 - data_processor - ERROR - Error updating data: RetryError[<Future at 0x1fd043487c0 state=finished raised AttributeError>]
2025-05-14 00:45:08,262 - vector_store - INFO - Vector store updated with 1 documents at 2025-05-14 00:45:08
2025-05-14 00:45:08,262 - vector_store - INFO - Added 1 new chunks to the vector store
2025-05-14 00:45:08,264 - vector_store - INFO - Vector store saved to faiss_index
2025-05-14 00:45:08,264 - __main__ - INFO - Data update complete
2025-05-14 00:50:08,524 - __main__ - INFO - Running scheduled data update
2025-05-14 00:50:08,524 - __main__ - INFO - Updating cryptocurrency data for: bitcoin
2025-05-14 00:50:08,524 - data_processor - INFO - Starting data update for coins: bitcoin
2025-05-14 00:50:16,537 - data_processor - ERROR - Error updating data: RetryError[<Future at 0x1fd0434a3b0 state=finished raised AttributeError>]
2025-05-14 00:50:19,396 - vector_store - INFO - Vector store updated with 1 documents at 2025-05-14 00:50:19
2025-05-14 00:50:19,397 - vector_store - INFO - Added 1 new chunks to the vector store
2025-05-14 00:50:19,397 - vector_store - INFO - Vector store saved to faiss_index
2025-05-14 00:50:19,397 - __main__ - INFO - Data update complete
2025-05-14 00:51:08,067 - utils - INFO - Created templates directory with enhanced index.html
2025-05-14 00:51:08,309 - __main__ - INFO - Initializing Crypto Assistant...
2025-05-14 00:51:08,314 - faiss.loader - INFO - Loading faiss with AVX2 support.
2025-05-14 00:51:08,314 - faiss.loader - INFO - Could not load library with AVX2 support due to:
ModuleNotFoundError("No module named 'faiss.swigfaiss_avx2'")
2025-05-14 00:51:08,314 - faiss.loader - INFO - Loading faiss.
2025-05-14 00:51:08,342 - faiss.loader - INFO - Successfully loaded faiss.
2025-05-14 00:51:08,384 - vector_store - INFO - Vector store loaded from faiss_index
2025-05-14 00:51:08,391 - vector_store - INFO - Enhanced QA chain initialized with multi-query retrieval and metadata filtering
2025-05-14 00:51:08,391 - __main__ - INFO - Crypto Assistant initialized successfully
2025-05-14 00:51:08,391 - __main__ - INFO - Starting scheduled updates every 5 minutes
2025-05-14 00:51:08,391 - __main__ - INFO - Started scheduled updates every 5 minutes
2025-05-14 00:51:08,407 - werkzeug - INFO - [31m[1mWARNING: This is a development server. Do not use it in a production deployment. Use a production WSGI server instead.[0m
 * Running on all addresses (0.0.0.0)
 * Running on http://127.0.0.1:5000
 * Running on http://10.172.234.198:5000
2025-05-14 00:51:08,407 - werkzeug - INFO - [33mPress CTRL+C to quit[0m
2025-05-14 00:51:11,231 - werkzeug - INFO - 10.172.234.198 - - [14/May/2025 00:51:11] "GET / HTTP/1.1" 200 -
2025-05-14 00:51:20,518 - vector_store - WARNING - Data might be outdated. Last update was: Never
2025-05-14 00:51:27,817 - langchain.retrievers.multi_query - INFO - Generated queries: ['Here are three different versions of the original question:', '', 'What is the current market value of Bitcoin as of March 1st, 2024?', '', "Price of Bitcoin on March 1st, 2024 - what's the going rate?", '', 'Can you provide historical data on the price of Bitcoin on March 1st, 2024?']
2025-05-14 00:51:51,198 - vector_store - INFO - Question answered in 30.67 seconds
2025-05-14 00:51:51,198 - vector_store - INFO - Successfully answered question: what is the bitcoin price on march 1st 2024...
2025-05-14 00:51:51,198 - werkzeug - INFO - 10.172.234.198 - - [14/May/2025 00:51:51] "POST /api/ask HTTP/1.1" 200 -
2025-05-14 00:52:41,004 - vector_store - WARNING - Data might be outdated. Last update was: Never
2025-05-14 00:52:48,201 - langchain.retrievers.multi_query - INFO - Generated queries: ['Here are three different versions of the original question, each with a unique perspective:', '', "What is the historical pattern of Bitcoin's price fluctuations during the month of March?", '', 'How did the price of Bitcoin change over time from January to April 2024, specifically focusing on the month of March?', '', 'Can you provide information about the price movement of Bitcoin in the first quarter of 2024, with a focus on the specific trends and patterns observed during the month of March?']
2025-05-14 00:53:13,732 - vector_store - INFO - Question answered in 32.73 seconds
2025-05-14 00:53:13,732 - vector_store - INFO - Successfully answered question: what is the trend for march month in 2024...
2025-05-14 00:53:13,732 - werkzeug - INFO - 10.172.234.198 - - [14/May/2025 00:53:13] "POST /api/ask HTTP/1.1" 200 -
2025-05-14 00:56:08,616 - __main__ - INFO - Running scheduled data update
2025-05-14 00:56:08,616 - __main__ - INFO - Updating cryptocurrency data for: bitcoin
2025-05-14 00:56:08,616 - data_processor - INFO - Starting data update for coins: bitcoin
2025-05-14 00:56:16,638 - data_processor - ERROR - Error updating data: RetryError[<Future at 0x202d5dd8a00 state=finished raised AttributeError>]
2025-05-14 00:56:18,786 - vector_store - INFO - Vector store updated with 1 documents at 2025-05-14 00:56:18
2025-05-14 00:56:18,786 - vector_store - INFO - Added 1 new chunks to the vector store
2025-05-14 00:56:18,788 - vector_store - INFO - Vector store saved to faiss_index
2025-05-14 00:56:18,788 - __main__ - INFO - Data update complete
2025-05-14 01:01:19,266 - __main__ - INFO - Running scheduled data update
2025-05-14 01:01:19,266 - __main__ - INFO - Updating cryptocurrency data for: bitcoin
2025-05-14 01:01:19,266 - data_processor - INFO - Starting data update for coins: bitcoin
2025-05-14 01:01:22,625 - werkzeug - INFO - 10.172.234.198 - - [14/May/2025 01:01:22] "GET /api/summary HTTP/1.1" 200 -
2025-05-14 01:01:27,297 - data_processor - ERROR - Error updating data: RetryError[<Future at 0x202d5dda0b0 state=finished raised AttributeError>]
2025-05-14 01:01:30,215 - vector_store - INFO - Vector store updated with 1 documents at 2025-05-14 01:01:30
2025-05-14 01:01:30,215 - vector_store - INFO - Added 1 new chunks to the vector store
2025-05-14 01:01:30,215 - vector_store - INFO - Vector store saved to faiss_index
2025-05-14 01:01:30,222 - __main__ - INFO - Data update complete
2025-05-14 01:01:49,980 - langchain.retrievers.multi_query - INFO - Generated queries: ['Here are three different versions of the original question:', '', "What's the current market value of Bitcoin?", 'Get me the latest Bitcoin valuation or quote.', 'Can you provide information on the present-day price of Bitcoin?', '', 'These alternative questions aim to capture different aspects of the user\'s intent, such as focusing on the "market value" instead of just the "price", using more formal language like "valuation or quote", and rephrasing the question to ask for "information" rather than a specific piece of data. By generating these variations, we can increase the chances of retrieving relevant documents from the vector database that may not have matched the original question due to differences in wording or context.']
2025-05-14 01:02:11,530 - vector_store - INFO - Question answered in 33.31 seconds
2025-05-14 01:02:11,530 - vector_store - INFO - Successfully answered question: what is the bitcoin price today...
2025-05-14 01:02:11,530 - werkzeug - INFO - 10.172.234.198 - - [14/May/2025 01:02:11] "POST /api/ask HTTP/1.1" 200 -
2025-05-14 01:02:52,040 - werkzeug - INFO - 10.172.234.198 - - [14/May/2025 01:02:52] "GET / HTTP/1.1" 200 -
2025-05-14 01:06:30,544 - __main__ - INFO - Running scheduled data update
2025-05-14 01:06:30,544 - __main__ - INFO - Updating cryptocurrency data for: bitcoin
2025-05-14 01:06:30,547 - data_processor - INFO - Starting data update for coins: bitcoin
2025-05-14 01:06:38,579 - data_processor - ERROR - Error updating data: RetryError[<Future at 0x202d5ddace0 state=finished raised AttributeError>]
2025-05-14 01:06:40,695 - vector_store - INFO - Vector store updated with 1 documents at 2025-05-14 01:06:40
2025-05-14 01:06:40,695 - vector_store - INFO - Added 1 new chunks to the vector store
2025-05-14 01:06:40,695 - vector_store - INFO - Vector store saved to faiss_index
2025-05-14 01:06:40,695 - __main__ - INFO - Data update complete
2025-05-14 01:06:44,673 - werkzeug - INFO - 10.172.234.198 - - [14/May/2025 01:06:44] "GET /api/summary HTTP/1.1" 200 -
2025-05-14 01:11:01,367 - __main__ - INFO - Updating cryptocurrency data for: bitcoin
2025-05-14 01:11:01,367 - data_processor - INFO - Starting data update for coins: bitcoin
2025-05-14 01:11:16,755 - utils - INFO - Created templates directory with enhanced index.html
2025-05-14 01:11:16,996 - __main__ - INFO - Initializing Crypto Assistant...
2025-05-14 01:11:17,005 - faiss.loader - INFO - Loading faiss with AVX2 support.
2025-05-14 01:11:17,005 - faiss.loader - INFO - Could not load library with AVX2 support due to:
ModuleNotFoundError("No module named 'faiss.swigfaiss_avx2'")
2025-05-14 01:11:17,005 - faiss.loader - INFO - Loading faiss.
2025-05-14 01:11:17,039 - faiss.loader - INFO - Successfully loaded faiss.
2025-05-14 01:11:17,082 - vector_store - INFO - Vector store loaded from faiss_index
2025-05-14 01:11:17,082 - vector_store - INFO - Enhanced QA chain initialized with multi-query retrieval and metadata filtering
2025-05-14 01:11:17,082 - __main__ - INFO - Crypto Assistant initialized successfully
2025-05-14 01:11:17,087 - __main__ - INFO - Starting scheduled updates every 5 minutes
2025-05-14 01:11:17,087 - __main__ - INFO - Started scheduled updates every 5 minutes
2025-05-14 01:11:17,103 - werkzeug - INFO - [31m[1mWARNING: This is a development server. Do not use it in a production deployment. Use a production WSGI server instead.[0m
 * Running on all addresses (0.0.0.0)
 * Running on http://127.0.0.1:5000
 * Running on http://10.172.234.198:5000
2025-05-14 01:11:17,103 - werkzeug - INFO - [33mPress CTRL+C to quit[0m
2025-05-14 01:11:21,017 - werkzeug - INFO - 10.172.234.198 - - [14/May/2025 01:11:21] "GET / HTTP/1.1" 200 -
2025-05-14 01:11:33,582 - werkzeug - INFO - 10.172.234.198 - - [14/May/2025 01:11:33] "GET / HTTP/1.1" 200 -
2025-05-14 01:11:43,470 - vector_store - WARNING - Data might be outdated. Last update was: Never
2025-05-14 01:11:43,476 - data_processor - INFO - Looking up price for bitcoin on 2019-03-01
2025-05-14 01:11:43,476 - data_processor - INFO - Available date range: None to None
2025-05-14 01:11:43,476 - data_processor - ERROR - No historical data available for bitcoin
2025-05-14 01:11:43,484 - werkzeug - INFO - 10.172.234.198 - - [14/May/2025 01:11:43] "POST /api/ask HTTP/1.1" 200 -
2025-05-14 01:11:59,917 - vector_store - WARNING - Data might be outdated. Last update was: Never
2025-05-14 01:12:09,575 - langchain.retrievers.multi_query - INFO - Generated queries: ['Here are three different versions of the original question:', '', 'What is the current market value of Bitcoin on March 14, 2025?', '', 'How does the price of Bitcoin change over time, specifically on March 14, 2025?', '', 'Can you provide historical data on the price of Bitcoin on March 14, 2025, and any notable trends or fluctuations that occurred around that date?', '', 'These alternative questions aim to capture different aspects of the original question, such as:', '', '* Focusing on the current market value (first version)', '* Exploring changes over time (second version)', '* Providing historical context and trends (third version)', '', 'By generating these alternative perspectives, we can increase the chances of retrieving relevant documents from a vector database that may not have been captured by the original question.']
2025-05-14 01:12:50,050 - vector_store - INFO - Question answered in 50.13 seconds
2025-05-14 01:12:50,051 - vector_store - INFO - Successfully answered question: what is the bit coin price for march 14 2025...
2025-05-14 01:12:50,051 - werkzeug - INFO - 10.172.234.198 - - [14/May/2025 01:12:50] "POST /api/ask HTTP/1.1" 200 -
2025-05-14 01:13:13,995 - __main__ - INFO - Updating cryptocurrency data for: bitcoin
2025-05-14 01:13:14,001 - data_processor - INFO - Starting data update for coins: bitcoin
2025-05-14 01:13:22,018 - data_processor - ERROR - Error updating data: RetryError[<Future at 0x2b4e3c0ab90 state=finished raised AttributeError>]
2025-05-14 01:13:24,149 - vector_store - INFO - Vector store updated with 1 documents at 2025-05-14 01:13:24
2025-05-14 01:13:24,149 - vector_store - INFO - Added 1 new chunks to the vector store
2025-05-14 01:13:24,152 - vector_store - INFO - Vector store saved to faiss_index
2025-05-14 01:13:24,152 - __main__ - INFO - Data update complete
2025-05-14 01:13:24,153 - werkzeug - INFO - 10.172.234.198 - - [14/May/2025 01:13:24] "POST /api/update HTTP/1.1" 200 -
2025-05-14 01:13:24,665 - werkzeug - INFO - 10.172.234.198 - - [14/May/2025 01:13:24] "GET /api/summary HTTP/1.1" 200 -
2025-05-14 01:13:48,638 - data_processor - INFO - Looking up price for bitcoin on 2018-03-13
2025-05-14 01:13:48,638 - data_processor - INFO - Available date range: None to None
2025-05-14 01:13:48,638 - data_processor - ERROR - No historical data available for bitcoin
2025-05-14 01:13:48,638 - werkzeug - INFO - 10.172.234.198 - - [14/May/2025 01:13:48] "POST /api/ask HTTP/1.1" 200 -
2025-05-14 01:14:14,531 - langchain.retrievers.multi_query - INFO - Generated queries: ['Here are three different versions of the original question:', '', "What's the current market value of Bitcoin?", 'How much does one Bitcoin cost today?', '', 'These alternative questions can help retrieve relevant documents from a vector database that may not have been captured by the original question, such as:', '', '* The first alternative question focuses on the "market value" aspect, which might be more relevant to financial or economic documents.', '* The second alternative question uses different wording and emphasizes the concept of "cost", which could lead to documents discussing Bitcoin\'s price in various contexts (e.g., trading, investing).', '', 'By generating these alternative questions, we can increase the chances of retrieving relevant documents that may not have been captured by the original question.']
2025-05-14 01:14:45,027 - vector_store - INFO - Question answered in 39.13 seconds
2025-05-14 01:14:45,027 - vector_store - INFO - Successfully answered question: what is the bitcoin data for today...
2025-05-14 01:14:45,029 - werkzeug - INFO - 10.172.234.198 - - [14/May/2025 01:14:45] "POST /api/ask HTTP/1.1" 200 -
2025-05-14 01:15:22,470 - data_processor - INFO - Looking up price for bitcoin on 2025-05-07
2025-05-14 01:15:22,477 - data_processor - INFO - Available date range: None to None
2025-05-14 01:15:22,478 - data_processor - ERROR - No historical data available for bitcoin
2025-05-14 01:15:22,478 - werkzeug - INFO - 10.172.234.198 - - [14/May/2025 01:15:22] "POST /api/ask HTTP/1.1" 200 -
2025-05-14 01:16:17,455 - __main__ - INFO - Running scheduled data update
2025-05-14 01:16:17,456 - __main__ - INFO - Updating cryptocurrency data for: bitcoin
2025-05-14 01:16:17,456 - data_processor - INFO - Starting data update for coins: bitcoin
2025-05-14 01:16:25,464 - data_processor - ERROR - Error updating data: RetryError[<Future at 0x2b4e3c09c60 state=finished raised AttributeError>]
2025-05-14 01:16:27,591 - vector_store - INFO - Vector store updated with 1 documents at 2025-05-14 01:16:27
2025-05-14 01:16:27,592 - vector_store - INFO - Added 1 new chunks to the vector store
2025-05-14 01:16:27,593 - vector_store - INFO - Vector store saved to faiss_index
2025-05-14 01:16:27,593 - __main__ - INFO - Data update complete
2025-05-14 01:16:57,333 - langchain.retrievers.multi_query - INFO - Generated queries: ['Here are three different versions of the original question:', '', 'What were the key market trends and prices for Bitcoin during the month of March 2023?', '', "Can you provide information on the fluctuations in Bitcoin's value throughout March 2023, including any notable highs or lows?", '', 'How did the price of Bitcoin change over time during March 2023, and what were the major factors driving these changes?']
2025-05-14 01:17:21,525 - vector_store - INFO - Question answered in 30.99 seconds
2025-05-14 01:17:21,525 - vector_store - INFO - Successfully answered question: what is the trend for march 2023 bitcoin price...
2025-05-14 01:17:21,526 - werkzeug - INFO - 10.172.234.198 - - [14/May/2025 01:17:21] "POST /api/ask HTTP/1.1" 200 -
2025-05-14 01:21:27,833 - __main__ - INFO - Running scheduled data update
2025-05-14 01:21:27,833 - __main__ - INFO - Updating cryptocurrency data for: bitcoin
2025-05-14 01:21:27,834 - data_processor - INFO - Starting data update for coins: bitcoin
2025-05-14 01:21:35,856 - data_processor - ERROR - Error updating data: RetryError[<Future at 0x2b4e3c09cc0 state=finished raised AttributeError>]
2025-05-14 01:21:37,978 - vector_store - INFO - Vector store updated with 1 documents at 2025-05-14 01:21:37
2025-05-14 01:21:37,978 - vector_store - INFO - Added 1 new chunks to the vector store
2025-05-14 01:21:37,979 - vector_store - INFO - Vector store saved to faiss_index
2025-05-14 01:21:37,979 - __main__ - INFO - Data update complete
2025-05-14 01:28:43,920 - utils - INFO - Created templates directory with enhanced index.html
2025-05-14 01:28:44,091 - __main__ - INFO - Initializing Crypto Assistant...
2025-05-14 01:28:44,094 - faiss.loader - INFO - Loading faiss with AVX2 support.
2025-05-14 01:28:44,094 - faiss.loader - INFO - Could not load library with AVX2 support due to:
ModuleNotFoundError("No module named 'faiss.swigfaiss_avx2'")
2025-05-14 01:28:44,094 - faiss.loader - INFO - Loading faiss.
2025-05-14 01:28:44,116 - faiss.loader - INFO - Successfully loaded faiss.
2025-05-14 01:28:44,152 - vector_store - INFO - Vector store loaded from faiss_index
2025-05-14 01:28:44,153 - vector_store - INFO - Enhanced QA chain initialized with multi-query retrieval and metadata filtering
2025-05-14 01:28:44,153 - __main__ - INFO - Crypto Assistant initialized successfully
2025-05-14 01:28:44,153 - __main__ - INFO - Starting scheduled updates every 5 minutes
2025-05-14 01:28:44,154 - __main__ - INFO - Started scheduled updates every 5 minutes
2025-05-14 01:28:44,162 - werkzeug - INFO - [31m[1mWARNING: This is a development server. Do not use it in a production deployment. Use a production WSGI server instead.[0m
 * Running on all addresses (0.0.0.0)
 * Running on http://127.0.0.1:5000
 * Running on http://10.172.234.198:5000
2025-05-14 01:28:44,162 - werkzeug - INFO - [33mPress CTRL+C to quit[0m
2025-05-14 01:28:50,494 - werkzeug - INFO - 10.172.234.198 - - [14/May/2025 01:28:50] "GET / HTTP/1.1" 200 -
2025-05-14 01:29:00,601 - vector_store - WARNING - Data might be outdated. Last update was: Never
2025-05-14 01:29:09,781 - langchain.retrievers.multi_query - INFO - Generated queries: ['Here are three different versions of the original question:', '', 'What is the current Bitcoin market data and statistics?', '', "Bitcoin price and trading information for today's date", '', "Can you provide me with the latest Bitcoin data, including prices and trends, for today's date?", '', 'These alternative questions aim to capture different aspects of the original query, such as:', '', '* "What is the current Bitcoin market data and statistics?" focuses on retrieving documents that contain up-to-date information about Bitcoin\'s market performance.', '* "Bitcoin price and trading information for today\'s date" emphasizes the retrieval of documents that provide specific details about Bitcoin\'s price movements and trading activity on a particular day.', '* "Can you provide me with the latest Bitcoin data, including prices and trends, for today\'s date?" encourages the retrieval of documents that offer a broader perspective on Bitcoin\'s performance, including both current prices and historical trends.', '', 'By generating these alternative questions, we can increase the chances of retrieving relevant documents from the vector database that may not have been retrieved using the original question alone.']
2025-05-14 01:29:47,527 - vector_store - INFO - Question answered in 46.92 seconds
2025-05-14 01:29:47,527 - vector_store - INFO - Successfully answered question: what is the bitcoin data for today...
2025-05-14 01:29:47,527 - werkzeug - INFO - 10.172.234.198 - - [14/May/2025 01:29:47] "POST /api/ask HTTP/1.1" 200 -
2025-05-14 01:30:34,674 - vector_store - WARNING - Data might be outdated. Last update was: Never
2025-05-14 01:30:41,233 - langchain.retrievers.multi_query - INFO - Generated queries: ['Here are three different versions of the original question:', '', "What's the cryptocurrency market value for Bitcoin on March 1st, 2018?", '', 'Price of Bitcoin on March 1st, 2018 - what was it?', '', 'Market data for Bitcoin on March 1st, 2018: What was the price then?']
2025-05-14 01:31:02,772 - vector_store - INFO - Question answered in 28.10 seconds
2025-05-14 01:31:02,772 - vector_store - INFO - Successfully answered question: what is the bitcoin price on march 1st 2018...
2025-05-14 01:31:02,772 - werkzeug - INFO - 10.172.234.198 - - [14/May/2025 01:31:02] "POST /api/ask HTTP/1.1" 200 -
2025-05-14 01:31:55,720 - vector_store - WARNING - Data might be outdated. Last update was: Never
2025-05-14 01:32:02,145 - langchain.retrievers.multi_query - INFO - Generated queries: ['Here are three different versions of the original question:', '', "What's the historical value of Bitcoin on March 2nd, 2018?", '', "Bitcoin market data for March 2nd, 2018 - what's the price?", '', 'Price of Bitcoin on March 2nd, 2018 - can you retrieve that information?']
2025-05-14 01:32:22,912 - vector_store - INFO - Question answered in 27.19 seconds
2025-05-14 01:32:22,912 - vector_store - INFO - Successfully answered question: what is the bitcoin price on march 1st 2018...
2025-05-14 01:32:22,912 - werkzeug - INFO - 10.172.234.198 - - [14/May/2025 01:32:22] "POST /api/ask HTTP/1.1" 200 -
2025-05-14 01:43:58,412 - utils - INFO - Created templates directory with enhanced index.html
2025-05-14 01:43:58,550 - __main__ - INFO - Initializing Crypto Assistant...
2025-05-14 01:43:58,553 - faiss.loader - INFO - Loading faiss with AVX2 support.
2025-05-14 01:43:58,553 - faiss.loader - INFO - Could not load library with AVX2 support due to:
ModuleNotFoundError("No module named 'faiss.swigfaiss_avx2'")
2025-05-14 01:43:58,553 - faiss.loader - INFO - Loading faiss.
2025-05-14 01:43:58,569 - faiss.loader - INFO - Successfully loaded faiss.
2025-05-14 01:43:58,575 - vector_store - INFO - Vector store loaded from faiss_index
2025-05-14 01:43:58,576 - vector_store - INFO - Enhanced QA chain initialized with multi-query retrieval and metadata filtering
2025-05-14 01:43:58,576 - __main__ - INFO - Crypto Assistant initialized successfully
2025-05-14 01:43:58,577 - __main__ - INFO - Starting scheduled updates every 5 minutes
2025-05-14 01:43:58,577 - __main__ - INFO - Started scheduled updates every 5 minutes
2025-05-14 01:43:58,589 - werkzeug - INFO - [31m[1mWARNING: This is a development server. Do not use it in a production deployment. Use a production WSGI server instead.[0m
 * Running on all addresses (0.0.0.0)
 * Running on http://127.0.0.1:5000
 * Running on http://10.172.234.198:5000
2025-05-14 01:43:58,589 - werkzeug - INFO - [33mPress CTRL+C to quit[0m
2025-05-14 01:44:32,226 - werkzeug - INFO - 127.0.0.1 - - [14/May/2025 01:44:32] "GET / HTTP/1.1" 200 -
2025-05-14 01:44:32,265 - werkzeug - INFO - 127.0.0.1 - - [14/May/2025 01:44:32] "[33mGET /favicon.ico HTTP/1.1[0m" 404 -
2025-05-14 01:44:46,785 - vector_store - WARNING - Data might be outdated. Last update was: Never
2025-05-14 01:44:46,787 - data_processor - INFO - Looking up price for bitcoin on 2019-03-13
2025-05-14 01:44:46,787 - data_processor - INFO - Available date range: None to None
2025-05-14 01:44:46,787 - data_processor - ERROR - No historical data available for bitcoin
2025-05-14 01:44:46,788 - werkzeug - INFO - 127.0.0.1 - - [14/May/2025 01:44:46] "POST /api/ask HTTP/1.1" 200 -
2025-05-14 01:45:49,964 - vector_store - WARNING - Data might be outdated. Last update was: Never
2025-05-14 01:45:56,593 - langchain.retrievers.multi_query - INFO - Generated queries: ['Here are three different versions of the original question:', '', 'What is the current market value of Bitcoin?', "How much is Bitcoin worth as of today's date?", 'Can you provide me with the latest Bitcoin price update?', '', "These alternative questions can help retrieve relevant documents from a vector database by providing multiple perspectives on the user's query. By asking slightly different questions, we can capture different aspects of the original question and potentially retrieve more relevant documents that may not have been retrieved through a single, straightforward search."]
2025-05-14 01:46:17,572 - vector_store - INFO - Question answered in 27.61 seconds
2025-05-14 01:46:17,572 - vector_store - INFO - Successfully answered question: what is the bitcoin price for today...
2025-05-14 01:46:17,572 - werkzeug - INFO - 127.0.0.1 - - [14/May/2025 01:46:17] "POST /api/ask HTTP/1.1" 200 -
2025-05-14 01:47:16,765 - utils - INFO - Created templates directory with enhanced index.html
2025-05-14 01:47:16,934 - __main__ - INFO - Initializing Crypto Assistant...
2025-05-14 01:47:17,022 - faiss.loader - INFO - Loading faiss with AVX2 support.
2025-05-14 01:47:17,023 - faiss.loader - INFO - Could not load library with AVX2 support due to:
ModuleNotFoundError("No module named 'faiss.swigfaiss_avx2'")
2025-05-14 01:47:17,023 - faiss.loader - INFO - Loading faiss.
2025-05-14 01:47:17,044 - faiss.loader - INFO - Successfully loaded faiss.
2025-05-14 01:47:17,050 - vector_store - INFO - Vector store loaded from faiss_index
2025-05-14 01:47:17,051 - vector_store - INFO - Enhanced QA chain initialized with multi-query retrieval and metadata filtering
2025-05-14 01:47:17,051 - __main__ - INFO - Crypto Assistant initialized successfully
2025-05-14 01:47:17,052 - __main__ - INFO - Starting scheduled updates every 5 minutes
2025-05-14 01:47:17,052 - __main__ - INFO - Started scheduled updates every 5 minutes
2025-05-14 01:47:17,062 - werkzeug - INFO - [31m[1mWARNING: This is a development server. Do not use it in a production deployment. Use a production WSGI server instead.[0m
 * Running on all addresses (0.0.0.0)
 * Running on http://127.0.0.1:5000
 * Running on http://10.172.234.198:5000
2025-05-14 01:47:17,062 - werkzeug - INFO - [33mPress CTRL+C to quit[0m
2025-05-14 01:49:21,199 - utils - INFO - Created templates directory with enhanced index.html
2025-05-14 01:49:21,379 - __main__ - INFO - Initializing Crypto Assistant...
2025-05-14 01:49:21,448 - faiss.loader - INFO - Loading faiss with AVX2 support.
2025-05-14 01:49:21,468 - faiss.loader - INFO - Successfully loaded faiss with AVX2 support.
2025-05-14 01:49:21,473 - vector_store - INFO - Vector store loaded from faiss_index
2025-05-14 01:49:21,475 - vector_store - INFO - Enhanced QA chain initialized with multi-query retrieval and metadata filtering
2025-05-14 01:49:21,475 - __main__ - INFO - Crypto Assistant initialized successfully
2025-05-14 01:49:21,476 - __main__ - INFO - Starting scheduled updates every 5 minutes
2025-05-14 01:49:21,476 - __main__ - INFO - Started scheduled updates every 5 minutes
2025-05-14 01:49:21,490 - werkzeug - INFO - [31m[1mWARNING: This is a development server. Do not use it in a production deployment. Use a production WSGI server instead.[0m
 * Running on all addresses (0.0.0.0)
 * Running on http://127.0.0.1:5000
 * Running on http://10.172.234.198:5000
2025-05-14 01:49:21,490 - werkzeug - INFO - [33mPress CTRL+C to quit[0m
2025-05-14 01:49:32,560 - werkzeug - INFO - 10.172.234.198 - - [14/May/2025 01:49:32] "GET / HTTP/1.1" 200 -
2025-05-14 01:49:51,550 - vector_store - WARNING - Data might be outdated. Last update was: Never
2025-05-14 01:49:55,197 - langchain.retrievers.multi_query - INFO - Generated queries: ['Here are three different versions of the original question:', '', "What is the current market value of Bitcoin as of yesterday's date?", '', 'Yesterday, what was the closing price of Bitcoin in the cryptocurrency market?', '', 'Can you provide me with the historical data on Bitcoin prices for yesterday, including any notable fluctuations or trends?']
2025-05-14 01:50:17,259 - vector_store - INFO - Question answered in 25.71 seconds
2025-05-14 01:50:17,259 - vector_store - INFO - Successfully answered question: what is the bitcoin price yesterday...
2025-05-14 01:50:17,260 - werkzeug - INFO - 10.172.234.198 - - [14/May/2025 01:50:17] "POST /api/ask HTTP/1.1" 200 -
2025-05-14 01:54:21,781 - __main__ - INFO - Running scheduled data update
2025-05-14 01:54:21,781 - __main__ - INFO - Updating cryptocurrency data for: bitcoin
2025-05-14 01:54:21,782 - data_processor - INFO - Starting data update for coins: bitcoin
2025-05-14 01:54:29,805 - data_processor - ERROR - Error updating data: RetryError[<Future at 0x185d90dbf40 state=finished raised AttributeError>]
2025-05-14 01:54:29,807 - data_processor - ERROR - Traceback (most recent call last):
  File "C:\Users\manoj\anaconda3\envs\bitcoin_env\lib\site-packages\tenacity\__init__.py", line 478, in __call__
    result = fn(*args, **kwargs)
  File "C:\Users\manoj\files7\projects\bitcoin7\api.py", line 79, in fetch_realtime_data
    cache_path = self._get_cache_path("prices", cache_id)
AttributeError: 'list' object has no attribute '_get_cache_path'

The above exception was the direct cause of the following exception:

Traceback (most recent call last):
  File "C:\Users\manoj\files7\projects\bitcoin7\data_processor.py", line 92, in update_all_data
    self.price_data = self.coingecko_api.fetch_crypto_prices(normalized_coins)
  File "C:\Users\manoj\files7\projects\bitcoin7\api.py", line 172, in fetch_crypto_prices
    return cls.fetch_realtime_data(coins)
  File "C:\Users\manoj\anaconda3\envs\bitcoin_env\lib\site-packages\tenacity\__init__.py", line 336, in wrapped_f
    return copy(f, *args, **kw)
  File "C:\Users\manoj\anaconda3\envs\bitcoin_env\lib\site-packages\tenacity\__init__.py", line 475, in __call__
    do = self.iter(retry_state=retry_state)
  File "C:\Users\manoj\anaconda3\envs\bitcoin_env\lib\site-packages\tenacity\__init__.py", line 376, in iter
    result = action(retry_state)
  File "C:\Users\manoj\anaconda3\envs\bitcoin_env\lib\site-packages\tenacity\__init__.py", line 419, in exc_check
    raise retry_exc from fut.exception()
tenacity.RetryError: RetryError[<Future at 0x185d90dbf40 state=finished raised AttributeError>]

2025-05-14 01:54:31,992 - vector_store - INFO - Vector store updated with 1 documents at 2025-05-14 01:54:31
2025-05-14 01:54:31,992 - vector_store - INFO - Added 1 new chunks to the vector store
2025-05-14 01:54:31,994 - vector_store - INFO - Vector store saved to faiss_index
2025-05-14 01:54:31,995 - __main__ - INFO - Data update complete
2025-05-14 01:58:22,373 - data_processor - INFO - Looking up price for bitcoin on 2019-03-13
2025-05-14 01:58:22,373 - data_processor - INFO - Available date range: None to None
2025-05-14 01:58:22,374 - data_processor - ERROR - No historical data available for bitcoin
2025-05-14 01:58:22,375 - werkzeug - INFO - 10.172.234.198 - - [14/May/2025 01:58:22] "POST /api/ask HTTP/1.1" 200 -
2025-05-14 01:58:29,387 - __main__ - INFO - Updating cryptocurrency data for: bitcoin
2025-05-14 01:58:29,388 - data_processor - INFO - Starting data update for coins: bitcoin
2025-05-14 01:58:37,408 - data_processor - ERROR - Error updating data: RetryError[<Future at 0x185d90db2e0 state=finished raised AttributeError>]
2025-05-14 01:58:37,409 - data_processor - ERROR - Traceback (most recent call last):
  File "C:\Users\manoj\anaconda3\envs\bitcoin_env\lib\site-packages\tenacity\__init__.py", line 478, in __call__
    result = fn(*args, **kwargs)
  File "C:\Users\manoj\files7\projects\bitcoin7\api.py", line 79, in fetch_realtime_data
    cache_path = self._get_cache_path("prices", cache_id)
AttributeError: 'list' object has no attribute '_get_cache_path'

The above exception was the direct cause of the following exception:

Traceback (most recent call last):
  File "C:\Users\manoj\files7\projects\bitcoin7\data_processor.py", line 92, in update_all_data
    self.price_data = self.coingecko_api.fetch_crypto_prices(normalized_coins)
  File "C:\Users\manoj\files7\projects\bitcoin7\api.py", line 172, in fetch_crypto_prices
    return cls.fetch_realtime_data(coins)
  File "C:\Users\manoj\anaconda3\envs\bitcoin_env\lib\site-packages\tenacity\__init__.py", line 336, in wrapped_f
    return copy(f, *args, **kw)
  File "C:\Users\manoj\anaconda3\envs\bitcoin_env\lib\site-packages\tenacity\__init__.py", line 475, in __call__
    do = self.iter(retry_state=retry_state)
  File "C:\Users\manoj\anaconda3\envs\bitcoin_env\lib\site-packages\tenacity\__init__.py", line 376, in iter
    result = action(retry_state)
  File "C:\Users\manoj\anaconda3\envs\bitcoin_env\lib\site-packages\tenacity\__init__.py", line 419, in exc_check
    raise retry_exc from fut.exception()
tenacity.RetryError: RetryError[<Future at 0x185d90db2e0 state=finished raised AttributeError>]

2025-05-14 01:58:39,523 - vector_store - INFO - Vector store updated with 1 documents at 2025-05-14 01:58:39
2025-05-14 01:58:39,523 - vector_store - INFO - Added 1 new chunks to the vector store
2025-05-14 01:58:39,524 - vector_store - INFO - Vector store saved to faiss_index
2025-05-14 01:58:39,524 - __main__ - INFO - Data update complete
2025-05-14 01:58:39,525 - werkzeug - INFO - 10.172.234.198 - - [14/May/2025 01:58:39] "POST /api/update HTTP/1.1" 200 -
2025-05-14 01:58:40,033 - werkzeug - INFO - 10.172.234.198 - - [14/May/2025 01:58:40] "GET /api/summary HTTP/1.1" 200 -
2025-05-14 01:59:15,079 - langchain.retrievers.multi_query - INFO - Generated queries: ['Here are three different versions of the original question:', '', "What's the value of Bitcoin on March 13th, 2019?", 'Price of Bitcoin on March 13, 2019 - what was it?', '', "Bitcoin market data for March 13, 2019: What's the price?", '', 'These alternative questions can help retrieve relevant documents from a vector database by providing different perspectives on the original question.']
2025-05-14 01:59:32,401 - __main__ - INFO - Running scheduled data update
2025-05-14 01:59:32,401 - __main__ - INFO - Updating cryptocurrency data for: bitcoin
2025-05-14 01:59:32,401 - data_processor - INFO - Starting data update for coins: bitcoin
2025-05-14 01:59:40,428 - data_processor - ERROR - Error updating data: RetryError[<Future at 0x185d90db190 state=finished raised AttributeError>]
2025-05-14 01:59:40,429 - data_processor - ERROR - Traceback (most recent call last):
  File "C:\Users\manoj\anaconda3\envs\bitcoin_env\lib\site-packages\tenacity\__init__.py", line 478, in __call__
    result = fn(*args, **kwargs)
  File "C:\Users\manoj\files7\projects\bitcoin7\api.py", line 79, in fetch_realtime_data
    cache_path = self._get_cache_path("prices", cache_id)
AttributeError: 'list' object has no attribute '_get_cache_path'

The above exception was the direct cause of the following exception:

Traceback (most recent call last):
  File "C:\Users\manoj\files7\projects\bitcoin7\data_processor.py", line 92, in update_all_data
    self.price_data = self.coingecko_api.fetch_crypto_prices(normalized_coins)
  File "C:\Users\manoj\files7\projects\bitcoin7\api.py", line 172, in fetch_crypto_prices
    return cls.fetch_realtime_data(coins)
  File "C:\Users\manoj\anaconda3\envs\bitcoin_env\lib\site-packages\tenacity\__init__.py", line 336, in wrapped_f
    return copy(f, *args, **kw)
  File "C:\Users\manoj\anaconda3\envs\bitcoin_env\lib\site-packages\tenacity\__init__.py", line 475, in __call__
    do = self.iter(retry_state=retry_state)
  File "C:\Users\manoj\anaconda3\envs\bitcoin_env\lib\site-packages\tenacity\__init__.py", line 376, in iter
    result = action(retry_state)
  File "C:\Users\manoj\anaconda3\envs\bitcoin_env\lib\site-packages\tenacity\__init__.py", line 419, in exc_check
    raise retry_exc from fut.exception()
tenacity.RetryError: RetryError[<Future at 0x185d90db190 state=finished raised AttributeError>]

2025-05-14 01:59:42,528 - vector_store - INFO - Vector store updated with 1 documents at 2025-05-14 01:59:42
2025-05-14 01:59:42,528 - vector_store - INFO - Added 1 new chunks to the vector store
2025-05-14 01:59:42,530 - vector_store - INFO - Vector store saved to faiss_index
2025-05-14 01:59:42,530 - __main__ - INFO - Data update complete
2025-05-14 01:59:44,372 - vector_store - INFO - Question answered in 38.12 seconds
2025-05-14 01:59:44,372 - vector_store - INFO - Successfully answered question: what is the bitcoin price to 2019 03 13...
2025-05-14 01:59:44,372 - werkzeug - INFO - 10.172.234.198 - - [14/May/2025 01:59:44] "POST /api/ask HTTP/1.1" 200 -
2025-05-14 02:03:35,789 - utils - INFO - Created templates directory with enhanced index.html
2025-05-14 02:03:35,958 - __main__ - INFO - Initializing Crypto Assistant...
2025-05-14 02:03:36,017 - faiss.loader - INFO - Loading faiss with AVX2 support.
2025-05-14 02:03:36,031 - faiss.loader - INFO - Successfully loaded faiss with AVX2 support.
2025-05-14 02:03:36,066 - vector_store - INFO - Vector store loaded from faiss_index
2025-05-14 02:03:36,067 - vector_store - INFO - Enhanced QA chain initialized with multi-query retrieval and metadata filtering
2025-05-14 02:03:36,067 - __main__ - INFO - Crypto Assistant initialized successfully
2025-05-14 02:03:36,068 - __main__ - INFO - Starting scheduled updates every 5 minutes
2025-05-14 02:03:36,068 - __main__ - INFO - Started scheduled updates every 5 minutes
2025-05-14 02:03:36,076 - werkzeug - INFO - [31m[1mWARNING: This is a development server. Do not use it in a production deployment. Use a production WSGI server instead.[0m
 * Running on all addresses (0.0.0.0)
 * Running on http://127.0.0.1:5000
 * Running on http://10.172.234.198:5000
2025-05-14 02:03:36,076 - werkzeug - INFO - [33mPress CTRL+C to quit[0m
2025-05-14 02:03:41,981 - werkzeug - INFO - 10.172.234.198 - - [14/May/2025 02:03:41] "GET / HTTP/1.1" 200 -
2025-05-14 02:03:42,080 - werkzeug - INFO - 10.172.234.198 - - [14/May/2025 02:03:42] "[33mGET /favicon.ico HTTP/1.1[0m" 404 -
2025-05-14 02:04:49,120 - werkzeug - INFO - 10.172.234.198 - - [14/May/2025 02:04:49] "GET / HTTP/1.1" 200 -
2025-05-14 02:04:56,853 - vector_store - WARNING - Data might be outdated. Last update was: Never
2025-05-14 02:05:02,484 - langchain.retrievers.multi_query - INFO - Generated queries: ['Here are three different versions of the original question:', '', "What's the current market value of Bitcoin?", 'Bitcoin price update for today', 'Get me the latest Bitcoin valuation as of now']
2025-05-14 02:05:20,145 - vector_store - INFO - Question answered in 23.29 seconds
2025-05-14 02:05:20,145 - vector_store - INFO - Successfully answered question: what is the bitcoin price for today...
2025-05-14 02:05:20,146 - werkzeug - INFO - 10.172.234.198 - - [14/May/2025 02:05:20] "POST /api/ask HTTP/1.1" 200 -
2025-05-14 02:05:33,553 - vector_store - WARNING - Data might be outdated. Last update was: Never
2025-05-14 02:05:41,359 - langchain.retrievers.multi_query - INFO - Generated queries: ['Here are three different versions of the original question, each with a slightly different perspective:', '', 'What is the cryptocurrency market value on May 13th, 2025?', '', 'Price trends and values for digital currencies on specific dates in 2025.', '', 'Bitcoin market capitalization and price data as of May 13, 2025.', '', "These alternative questions aim to capture similar information as the original question but from different angles. The first version focuses on the broader cryptocurrency market value, while the second version emphasizes the concept of price trends and values over time. The third version is more specific, asking for Bitcoin's market capitalization and price data on a particular date."]
2025-05-14 02:06:07,886 - vector_store - INFO - Question answered in 34.33 seconds
2025-05-14 02:06:07,886 - vector_store - INFO - Successfully answered question: what is the bitcoin price for yesterday,...
2025-05-14 02:06:07,887 - werkzeug - INFO - 10.172.234.198 - - [14/May/2025 02:06:07] "POST /api/ask HTTP/1.1" 200 -
2025-05-14 02:08:36,130 - __main__ - INFO - Running scheduled data update
2025-05-14 02:08:36,130 - __main__ - INFO - Updating cryptocurrency data for: bitcoin
2025-05-14 02:08:36,130 - data_processor - INFO - Starting data update for coins: bitcoin
2025-05-14 02:08:44,149 - data_processor - ERROR - Error updating data: RetryError[<Future at 0x2aaac7dc6a0 state=finished raised AttributeError>]
2025-05-14 02:08:44,151 - data_processor - ERROR - Traceback (most recent call last):
  File "C:\Users\manoj\anaconda3\envs\bitcoin_env\lib\site-packages\tenacity\__init__.py", line 478, in __call__
    result = fn(*args, **kwargs)
  File "C:\Users\manoj\files7\projects\bitcoin7\api.py", line 79, in fetch_realtime_data
    cache_path = self._get_cache_path("prices", cache_id)
AttributeError: 'list' object has no attribute '_get_cache_path'

The above exception was the direct cause of the following exception:

Traceback (most recent call last):
  File "C:\Users\manoj\files7\projects\bitcoin7\data_processor.py", line 92, in update_all_data
    self.price_data = self.coingecko_api.fetch_crypto_prices(normalized_coins)
  File "C:\Users\manoj\files7\projects\bitcoin7\api.py", line 172, in fetch_crypto_prices
    return cls.fetch_realtime_data(coins)
  File "C:\Users\manoj\anaconda3\envs\bitcoin_env\lib\site-packages\tenacity\__init__.py", line 336, in wrapped_f
    return copy(f, *args, **kw)
  File "C:\Users\manoj\anaconda3\envs\bitcoin_env\lib\site-packages\tenacity\__init__.py", line 475, in __call__
    do = self.iter(retry_state=retry_state)
  File "C:\Users\manoj\anaconda3\envs\bitcoin_env\lib\site-packages\tenacity\__init__.py", line 376, in iter
    result = action(retry_state)
  File "C:\Users\manoj\anaconda3\envs\bitcoin_env\lib\site-packages\tenacity\__init__.py", line 419, in exc_check
    raise retry_exc from fut.exception()
tenacity.RetryError: RetryError[<Future at 0x2aaac7dc6a0 state=finished raised AttributeError>]

2025-05-14 02:08:46,284 - vector_store - INFO - Vector store updated with 1 documents at 2025-05-14 02:08:46
2025-05-14 02:08:46,284 - vector_store - INFO - Added 1 new chunks to the vector store
2025-05-14 02:08:46,286 - vector_store - INFO - Vector store saved to faiss_index
2025-05-14 02:08:46,286 - __main__ - INFO - Data update complete
2025-05-14 02:09:54,435 - utils - INFO - Created templates directory with enhanced index.html
2025-05-14 02:09:54,608 - __main__ - INFO - Initializing Crypto Assistant...
2025-05-14 02:09:54,678 - faiss.loader - INFO - Loading faiss with AVX2 support.
2025-05-14 02:09:54,697 - faiss.loader - INFO - Successfully loaded faiss with AVX2 support.
2025-05-14 02:09:54,734 - vector_store - INFO - Vector store loaded from faiss_index
2025-05-14 02:09:54,735 - vector_store - INFO - Enhanced QA chain initialized with multi-query retrieval and metadata filtering
2025-05-14 02:09:54,735 - __main__ - INFO - Crypto Assistant initialized successfully
2025-05-14 02:09:54,736 - __main__ - INFO - Starting scheduled updates every 5 minutes
2025-05-14 02:09:54,736 - __main__ - INFO - Started scheduled updates every 5 minutes
2025-05-14 02:09:54,744 - werkzeug - INFO - [31m[1mWARNING: This is a development server. Do not use it in a production deployment. Use a production WSGI server instead.[0m
 * Running on all addresses (0.0.0.0)
 * Running on http://127.0.0.1:5000
 * Running on http://10.172.234.198:5000
2025-05-14 02:09:54,745 - werkzeug - INFO - [33mPress CTRL+C to quit[0m
2025-05-14 02:10:06,620 - werkzeug - INFO - 10.172.234.198 - - [14/May/2025 02:10:06] "GET / HTTP/1.1" 200 -
2025-05-14 02:10:16,083 - vector_store - WARNING - Data might be outdated. Last update was: Never
2025-05-14 02:10:20,227 - langchain.retrievers.multi_query - INFO - Generated queries: ['Here are three different versions of the original question:', '', "What is the current market value of Bitcoin as of yesterday's closing time?", "Yesterday's Bitcoin price: What was the closing rate on the cryptocurrency exchange?", '', 'Can you provide me with the historical data on Bitcoin prices, specifically the closing value from yesterday?', '', 'These alternative questions can help retrieve relevant documents from a vector database by providing different perspectives on the original question.']
2025-05-14 02:10:44,544 - vector_store - INFO - Question answered in 28.46 seconds
2025-05-14 02:10:44,544 - vector_store - INFO - Successfully answered question: what is the bitcoin price for yesterday...
2025-05-14 02:10:44,545 - werkzeug - INFO - 10.172.234.198 - - [14/May/2025 02:10:44] "POST /api/ask HTTP/1.1" 200 -
2025-05-14 02:14:54,824 - __main__ - INFO - Running scheduled data update
2025-05-14 02:14:54,824 - __main__ - INFO - Updating cryptocurrency data for: bitcoin
2025-05-14 02:14:54,824 - data_processor - INFO - Starting data update for coins: bitcoin
2025-05-14 02:15:02,835 - data_processor - ERROR - Error updating data: RetryError[<Future at 0x2736e7caf80 state=finished raised AttributeError>]
2025-05-14 02:15:02,837 - data_processor - ERROR - Traceback (most recent call last):
  File "C:\Users\manoj\anaconda3\envs\bitcoin_env\lib\site-packages\tenacity\__init__.py", line 478, in __call__
    result = fn(*args, **kwargs)
  File "C:\Users\manoj\files7\projects\bitcoin7\api.py", line 79, in fetch_realtime_data
    cache_path = self._get_cache_path("prices", cache_id)
AttributeError: 'list' object has no attribute '_get_cache_path'

The above exception was the direct cause of the following exception:

Traceback (most recent call last):
  File "C:\Users\manoj\files7\projects\bitcoin7\data_processor.py", line 92, in update_all_data
    self.price_data = self.coingecko_api.fetch_crypto_prices(normalized_coins)
  File "C:\Users\manoj\files7\projects\bitcoin7\api.py", line 172, in fetch_crypto_prices
    return cls.fetch_realtime_data(coins)
  File "C:\Users\manoj\anaconda3\envs\bitcoin_env\lib\site-packages\tenacity\__init__.py", line 336, in wrapped_f
    return copy(f, *args, **kw)
  File "C:\Users\manoj\anaconda3\envs\bitcoin_env\lib\site-packages\tenacity\__init__.py", line 475, in __call__
    do = self.iter(retry_state=retry_state)
  File "C:\Users\manoj\anaconda3\envs\bitcoin_env\lib\site-packages\tenacity\__init__.py", line 376, in iter
    result = action(retry_state)
  File "C:\Users\manoj\anaconda3\envs\bitcoin_env\lib\site-packages\tenacity\__init__.py", line 419, in exc_check
    raise retry_exc from fut.exception()
tenacity.RetryError: RetryError[<Future at 0x2736e7caf80 state=finished raised AttributeError>]

2025-05-14 02:15:04,996 - vector_store - INFO - Vector store updated with 1 documents at 2025-05-14 02:15:04
2025-05-14 02:15:04,996 - vector_store - INFO - Added 1 new chunks to the vector store
2025-05-14 02:15:04,998 - vector_store - INFO - Vector store saved to faiss_index
2025-05-14 02:15:04,998 - __main__ - INFO - Data update complete
2025-05-14 02:20:05,044 - __main__ - INFO - Running scheduled data update
2025-05-14 02:20:05,044 - __main__ - INFO - Updating cryptocurrency data for: bitcoin
2025-05-14 02:20:05,044 - data_processor - INFO - Starting data update for coins: bitcoin
2025-05-14 02:20:13,056 - data_processor - ERROR - Error updating data: RetryError[<Future at 0x2736e7cb760 state=finished raised AttributeError>]
2025-05-14 02:20:13,057 - data_processor - ERROR - Traceback (most recent call last):
  File "C:\Users\manoj\anaconda3\envs\bitcoin_env\lib\site-packages\tenacity\__init__.py", line 478, in __call__
    result = fn(*args, **kwargs)
  File "C:\Users\manoj\files7\projects\bitcoin7\api.py", line 79, in fetch_realtime_data
    cache_path = self._get_cache_path("prices", cache_id)
AttributeError: 'list' object has no attribute '_get_cache_path'

The above exception was the direct cause of the following exception:

Traceback (most recent call last):
  File "C:\Users\manoj\files7\projects\bitcoin7\data_processor.py", line 92, in update_all_data
    self.price_data = self.coingecko_api.fetch_crypto_prices(normalized_coins)
  File "C:\Users\manoj\files7\projects\bitcoin7\api.py", line 172, in fetch_crypto_prices
    return cls.fetch_realtime_data(coins)
  File "C:\Users\manoj\anaconda3\envs\bitcoin_env\lib\site-packages\tenacity\__init__.py", line 336, in wrapped_f
    return copy(f, *args, **kw)
  File "C:\Users\manoj\anaconda3\envs\bitcoin_env\lib\site-packages\tenacity\__init__.py", line 475, in __call__
    do = self.iter(retry_state=retry_state)
  File "C:\Users\manoj\anaconda3\envs\bitcoin_env\lib\site-packages\tenacity\__init__.py", line 376, in iter
    result = action(retry_state)
  File "C:\Users\manoj\anaconda3\envs\bitcoin_env\lib\site-packages\tenacity\__init__.py", line 419, in exc_check
    raise retry_exc from fut.exception()
tenacity.RetryError: RetryError[<Future at 0x2736e7cb760 state=finished raised AttributeError>]

2025-05-14 02:20:15,822 - vector_store - INFO - Vector store updated with 1 documents at 2025-05-14 02:20:15
2025-05-14 02:20:15,823 - vector_store - INFO - Added 1 new chunks to the vector store
2025-05-14 02:20:15,825 - vector_store - INFO - Vector store saved to faiss_index
2025-05-14 02:20:15,825 - __main__ - INFO - Data update complete
2025-05-14 02:24:40,363 - utils - INFO - Created templates directory with enhanced index.html
2025-05-14 02:24:40,535 - __main__ - INFO - Initializing Crypto Assistant...
2025-05-14 02:24:40,606 - faiss.loader - INFO - Loading faiss with AVX2 support.
2025-05-14 02:24:40,624 - faiss.loader - INFO - Successfully loaded faiss with AVX2 support.
2025-05-14 02:24:40,659 - vector_store - INFO - Vector store loaded from faiss_index
2025-05-14 02:24:40,660 - vector_store - INFO - Enhanced QA chain initialized with multi-query retrieval and metadata filtering
2025-05-14 02:24:40,661 - __main__ - INFO - Crypto Assistant initialized successfully
2025-05-14 02:24:40,661 - __main__ - INFO - Starting scheduled updates every 5 minutes
2025-05-14 02:24:40,661 - __main__ - INFO - Started scheduled updates every 5 minutes
2025-05-14 02:24:40,669 - werkzeug - INFO - [31m[1mWARNING: This is a development server. Do not use it in a production deployment. Use a production WSGI server instead.[0m
 * Running on all addresses (0.0.0.0)
 * Running on http://127.0.0.1:5000
 * Running on http://10.172.234.198:5000
2025-05-14 02:24:40,670 - werkzeug - INFO - [33mPress CTRL+C to quit[0m
2025-05-14 02:24:44,140 - werkzeug - INFO - 10.172.234.198 - - [14/May/2025 02:24:44] "GET / HTTP/1.1" 200 -
2025-05-14 02:24:52,694 - vector_store - WARNING - Data might be outdated. Last update was: Never
2025-05-14 02:24:52,696 - werkzeug - INFO - 10.172.234.198 - - [14/May/2025 02:24:52] "POST /api/ask HTTP/1.1" 200 -
2025-05-14 02:25:03,404 - vector_store - WARNING - Data might be outdated. Last update was: Never
2025-05-14 02:25:09,383 - langchain.retrievers.multi_query - INFO - Generated queries: ['Here are three different versions of the original question:', '', 'What is the current market price as of March 3, 2019?', '', "Price information for March 3rd, 2019 - what's the value?", '', 'Market data for March 3, 2019: What was the price on this date?']
2025-05-14 02:25:31,524 - vector_store - INFO - Question answered in 28.12 seconds
2025-05-14 02:25:31,524 - vector_store - INFO - Successfully answered question: what is price on 2019 march 3...
2025-05-14 02:25:31,524 - werkzeug - INFO - 10.172.234.198 - - [14/May/2025 02:25:31] "POST /api/ask HTTP/1.1" 200 -
2025-05-14 10:52:55,724 - utils - INFO - Created templates directory with enhanced index.html
2025-05-14 10:52:55,957 - __main__ - INFO - Initializing Crypto Assistant...
2025-05-14 10:52:56,108 - faiss.loader - INFO - Loading faiss with AVX2 support.
2025-05-14 10:52:56,166 - faiss.loader - INFO - Successfully loaded faiss with AVX2 support.
2025-05-14 10:52:56,180 - vector_store - INFO - Vector store loaded from faiss_index
2025-05-14 10:52:56,182 - vector_store - INFO - Enhanced QA chain initialized with multi-query retrieval and metadata filtering
2025-05-14 10:52:56,183 - __main__ - INFO - Crypto Assistant initialized successfully
2025-05-14 10:52:56,183 - __main__ - INFO - Starting scheduled updates every 5 minutes
2025-05-14 10:52:56,183 - __main__ - INFO - Started scheduled updates every 5 minutes
2025-05-14 10:52:56,204 - werkzeug - INFO - [31m[1mWARNING: This is a development server. Do not use it in a production deployment. Use a production WSGI server instead.[0m
 * Running on all addresses (0.0.0.0)
 * Running on http://127.0.0.1:5000
 * Running on http://10.172.72.99:5000
2025-05-14 10:52:56,204 - werkzeug - INFO - [33mPress CTRL+C to quit[0m
2025-05-14 10:53:11,780 - werkzeug - INFO - 10.172.72.99 - - [14/May/2025 10:53:11] "GET / HTTP/1.1" 200 -
2025-05-14 10:53:11,829 - werkzeug - INFO - 10.172.72.99 - - [14/May/2025 10:53:11] "[33mGET /favicon.ico HTTP/1.1[0m" 404 -
2025-05-14 10:53:21,513 - vector_store - WARNING - Data might be outdated. Last update was: Never
2025-05-14 10:53:31,512 - langchain.retrievers.multi_query - INFO - Generated queries: ['Here are three different versions of the original question:', '', 'What is the current market value of Bitcoin?', 'How much does one Bitcoin cost right now?', 'Can you tell me the latest Bitcoin price update?', '', "These alternative questions can help retrieve relevant documents from a vector database by providing multiple perspectives on the user's query. By using different wording and phrasing, we can capture more nuances in the user's intent and retrieve documents that may not have matched exactly with the original question."]
2025-05-14 10:53:55,176 - vector_store - INFO - Question answered in 33.65 seconds
2025-05-14 10:53:55,176 - vector_store - INFO - Successfully answered question: what it the bitcoin price for today...
2025-05-14 10:53:55,176 - werkzeug - INFO - 10.172.72.99 - - [14/May/2025 10:53:55] "POST /api/ask HTTP/1.1" 200 -
2025-05-14 10:54:18,207 - vector_store - WARNING - Data might be outdated. Last update was: Never
2025-05-14 10:54:28,026 - langchain.retrievers.multi_query - INFO - Generated queries: ['Here are three different versions of the original question, each with a unique perspective:', '', 'What is the historical value of Bitcoin on May 13th, 2025?', '', 'Price of Bitcoin on May 13th, 2025: what was it?', '', 'Bitcoin market data for May 13th, 2025: what was the price then?', '', 'These alternative questions can help retrieve relevant documents from a vector database by:', '', '1. Using different keywords and phrases to query the same information.', '2. Focusing on specific aspects of the original question (e.g., "historical value" instead of just "price").', '3. Providing multiple entry points for the search algorithm to find relevant documents.', '', 'By generating these alternative questions, we can increase the chances of retrieving relevant documents that may not have been retrieved by a single, straightforward query.']
2025-05-14 10:55:08,406 - vector_store - INFO - Question answered in 50.20 seconds
2025-05-14 10:55:08,406 - vector_store - INFO - Successfully answered question: what is the bitcoin price for yesterday...
2025-05-14 10:55:08,406 - werkzeug - INFO - 10.172.72.99 - - [14/May/2025 10:55:08] "POST /api/ask HTTP/1.1" 200 -
2025-05-14 10:55:47,147 - vector_store - WARNING - Data might be outdated. Last update was: Never
2025-05-14 10:55:54,196 - langchain.retrievers.multi_query - INFO - Generated queries: ['Here are three different versions of the original question:', '', 'What were the key market trends and price movements for Bitcoin over the past week?', '', 'How has the Bitcoin price changed over the past seven days, and what factors contributed to these changes?', '', 'Can you provide an overview of the Bitcoin price trend for the past week, including any notable highs or lows and potential drivers behind these fluctuations?']
2025-05-14 10:56:34,298 - vector_store - INFO - Question answered in 47.15 seconds
2025-05-14 10:56:34,298 - vector_store - INFO - Successfully answered question: what is the bitcoin trend for last week...
2025-05-14 10:56:34,298 - werkzeug - INFO - 10.172.72.99 - - [14/May/2025 10:56:34] "POST /api/ask HTTP/1.1" 200 -
2025-05-14 10:57:56,459 - __main__ - INFO - Running scheduled data update
2025-05-14 10:57:56,459 - __main__ - INFO - Updating cryptocurrency data for: bitcoin
2025-05-14 10:57:56,460 - data_processor - INFO - Starting data update for coins: bitcoin
2025-05-14 10:58:04,484 - data_processor - ERROR - Error updating data: RetryError[<Future at 0x1fa38404d60 state=finished raised AttributeError>]
2025-05-14 10:58:04,485 - data_processor - ERROR - Traceback (most recent call last):
  File "C:\Users\manoj\anaconda3\envs\bitcoin_env\lib\site-packages\tenacity\__init__.py", line 478, in __call__
    result = fn(*args, **kwargs)
  File "C:\Users\manoj\files7\projects\bitcoin7\api.py", line 103, in fetch_realtime_data
    cache_path = self._get_cache_path("prices", cache_id)
AttributeError: 'list' object has no attribute '_get_cache_path'

The above exception was the direct cause of the following exception:

Traceback (most recent call last):
  File "C:\Users\manoj\files7\projects\bitcoin7\data_processor.py", line 92, in update_all_data
    self.price_data = self.coingecko_api.fetch_crypto_prices(normalized_coins)
  File "C:\Users\manoj\files7\projects\bitcoin7\api.py", line 198, in fetch_crypto_prices
    return cls.fetch_realtime_data(coins)
  File "C:\Users\manoj\anaconda3\envs\bitcoin_env\lib\site-packages\tenacity\__init__.py", line 336, in wrapped_f
    return copy(f, *args, **kw)
  File "C:\Users\manoj\anaconda3\envs\bitcoin_env\lib\site-packages\tenacity\__init__.py", line 475, in __call__
    do = self.iter(retry_state=retry_state)
  File "C:\Users\manoj\anaconda3\envs\bitcoin_env\lib\site-packages\tenacity\__init__.py", line 376, in iter
    result = action(retry_state)
  File "C:\Users\manoj\anaconda3\envs\bitcoin_env\lib\site-packages\tenacity\__init__.py", line 419, in exc_check
    raise retry_exc from fut.exception()
tenacity.RetryError: RetryError[<Future at 0x1fa38404d60 state=finished raised AttributeError>]

2025-05-14 10:58:06,606 - vector_store - INFO - Vector store updated with 1 documents at 2025-05-14 10:58:06
2025-05-14 10:58:06,606 - vector_store - INFO - Added 1 new chunks to the vector store
2025-05-14 10:58:06,606 - vector_store - INFO - Vector store saved to faiss_index
2025-05-14 10:58:06,614 - __main__ - INFO - Data update complete
2025-05-14 10:58:26,949 - langchain.retrievers.multi_query - INFO - Generated queries: ['Here are three different versions of the original question:', '', "What were the key market trends and fluctuations in Bitcoin's value over the last seven days?", '', 'How has the Bitcoin market performed in terms of price movement during the past week, including any notable highs or lows?', '', 'Can you provide an overview of the Bitcoin price action for the most recent week, highlighting any significant changes or patterns that emerged?']
2025-05-14 10:58:52,872 - vector_store - INFO - Question answered in 33.08 seconds
2025-05-14 10:58:52,873 - vector_store - INFO - Successfully answered question: what is the bitcoin trend for last week...
2025-05-14 10:58:52,875 - werkzeug - INFO - 10.172.72.99 - - [14/May/2025 10:58:52] "POST /api/ask HTTP/1.1" 200 -
2025-05-14 11:03:06,839 - __main__ - INFO - Running scheduled data update
2025-05-14 11:03:06,840 - __main__ - INFO - Updating cryptocurrency data for: bitcoin
2025-05-14 11:03:06,840 - data_processor - INFO - Starting data update for coins: bitcoin
2025-05-14 11:03:14,852 - data_processor - ERROR - Error updating data: RetryError[<Future at 0x1fa38405930 state=finished raised AttributeError>]
2025-05-14 11:03:14,853 - data_processor - ERROR - Traceback (most recent call last):
  File "C:\Users\manoj\anaconda3\envs\bitcoin_env\lib\site-packages\tenacity\__init__.py", line 478, in __call__
    result = fn(*args, **kwargs)
  File "C:\Users\manoj\files7\projects\bitcoin7\api.py", line 103, in fetch_realtime_data
    cache_path = self._get_cache_path("prices", cache_id)
AttributeError: 'list' object has no attribute '_get_cache_path'

The above exception was the direct cause of the following exception:

Traceback (most recent call last):
  File "C:\Users\manoj\files7\projects\bitcoin7\data_processor.py", line 92, in update_all_data
    self.price_data = self.coingecko_api.fetch_crypto_prices(normalized_coins)
  File "C:\Users\manoj\files7\projects\bitcoin7\api.py", line 198, in fetch_crypto_prices
    return cls.fetch_realtime_data(coins)
  File "C:\Users\manoj\anaconda3\envs\bitcoin_env\lib\site-packages\tenacity\__init__.py", line 336, in wrapped_f
    return copy(f, *args, **kw)
  File "C:\Users\manoj\anaconda3\envs\bitcoin_env\lib\site-packages\tenacity\__init__.py", line 475, in __call__
    do = self.iter(retry_state=retry_state)
  File "C:\Users\manoj\anaconda3\envs\bitcoin_env\lib\site-packages\tenacity\__init__.py", line 376, in iter
    result = action(retry_state)
  File "C:\Users\manoj\anaconda3\envs\bitcoin_env\lib\site-packages\tenacity\__init__.py", line 419, in exc_check
    raise retry_exc from fut.exception()
tenacity.RetryError: RetryError[<Future at 0x1fa38405930 state=finished raised AttributeError>]

2025-05-14 11:03:17,028 - vector_store - INFO - Vector store updated with 1 documents at 2025-05-14 11:03:17
2025-05-14 11:03:17,029 - vector_store - INFO - Added 1 new chunks to the vector store
2025-05-14 11:03:17,029 - vector_store - INFO - Vector store saved to faiss_index
2025-05-14 11:03:17,029 - __main__ - INFO - Data update complete
2025-05-14 11:03:37,657 - langchain.retrievers.multi_query - INFO - Generated queries: ['Here are three different versions of the original question:', '', 'What were the cryptocurrency prices on March 12, 2019?', '', 'Price trends for digital currencies on March 12, 2019', '', 'Bitcoin market data on March 12, 2019: What was the value?', '', 'These alternative questions can help retrieve relevant documents from a vector database by providing different perspectives and nuances that may not be captured by the original question.']
2025-05-14 11:04:05,061 - vector_store - INFO - Question answered in 35.28 seconds
2025-05-14 11:04:05,061 - vector_store - INFO - Successfully answered question: what is the bitcon price on marach 12 2019...
2025-05-14 11:04:05,062 - werkzeug - INFO - 10.172.72.99 - - [14/May/2025 11:04:05] "POST /api/ask HTTP/1.1" 200 -
2025-05-14 11:07:39,710 - langchain.retrievers.multi_query - INFO - Generated queries: ['Here are three different versions of the original question:', '', 'What were the cryptocurrency prices on March 19, 2020?', '', 'Bitcoin market value on March 19, 2020 - what was it?', '', 'Price of Bitcoin on a specific date: March 19, 2020 - retrieve relevant information.', '', 'These alternative questions can help overcome some limitations of distance-based similarity search by:', '', '* Using different keywords and phrases to query the database', '* Focusing on specific aspects of the original question (e.g., "cryptocurrency prices" instead of just "Bitcoin price")', '* Providing additional context or specificity to help disambiguate similar documents', '', 'By generating these alternative questions, we can increase the chances of retrieving relevant documents from the vector database that may not have been retrieved using a single, straightforward query.']
2025-05-14 11:08:17,389 - __main__ - INFO - Running scheduled data update
2025-05-14 11:08:17,389 - __main__ - INFO - Updating cryptocurrency data for: bitcoin
2025-05-14 11:08:17,390 - data_processor - INFO - Starting data update for coins: bitcoin
2025-05-14 11:08:20,076 - vector_store - INFO - Question answered in 50.45 seconds
2025-05-14 11:08:20,076 - vector_store - INFO - Successfully answered question: what is the bitcon price on march 19 2020...
2025-05-14 11:08:20,076 - werkzeug - INFO - 10.172.72.99 - - [14/May/2025 11:08:20] "POST /api/ask HTTP/1.1" 200 -
2025-05-14 11:08:25,414 - data_processor - ERROR - Error updating data: RetryError[<Future at 0x1fa37b5cf40 state=finished raised AttributeError>]
2025-05-14 11:08:25,417 - data_processor - ERROR - Traceback (most recent call last):
  File "C:\Users\manoj\anaconda3\envs\bitcoin_env\lib\site-packages\tenacity\__init__.py", line 478, in __call__
    result = fn(*args, **kwargs)
  File "C:\Users\manoj\files7\projects\bitcoin7\api.py", line 103, in fetch_realtime_data
    cache_path = self._get_cache_path("prices", cache_id)
AttributeError: 'list' object has no attribute '_get_cache_path'

The above exception was the direct cause of the following exception:

Traceback (most recent call last):
  File "C:\Users\manoj\files7\projects\bitcoin7\data_processor.py", line 92, in update_all_data
    self.price_data = self.coingecko_api.fetch_crypto_prices(normalized_coins)
  File "C:\Users\manoj\files7\projects\bitcoin7\api.py", line 198, in fetch_crypto_prices
    return cls.fetch_realtime_data(coins)
  File "C:\Users\manoj\anaconda3\envs\bitcoin_env\lib\site-packages\tenacity\__init__.py", line 336, in wrapped_f
    return copy(f, *args, **kw)
  File "C:\Users\manoj\anaconda3\envs\bitcoin_env\lib\site-packages\tenacity\__init__.py", line 475, in __call__
    do = self.iter(retry_state=retry_state)
  File "C:\Users\manoj\anaconda3\envs\bitcoin_env\lib\site-packages\tenacity\__init__.py", line 376, in iter
    result = action(retry_state)
  File "C:\Users\manoj\anaconda3\envs\bitcoin_env\lib\site-packages\tenacity\__init__.py", line 419, in exc_check
    raise retry_exc from fut.exception()
tenacity.RetryError: RetryError[<Future at 0x1fa37b5cf40 state=finished raised AttributeError>]

2025-05-14 11:08:27,565 - vector_store - INFO - Vector store updated with 1 documents at 2025-05-14 11:08:27
2025-05-14 11:08:27,565 - vector_store - INFO - Added 1 new chunks to the vector store
2025-05-14 11:08:27,568 - vector_store - INFO - Vector store saved to faiss_index
2025-05-14 11:08:27,569 - __main__ - INFO - Data update complete
2025-05-14 11:09:19,708 - werkzeug - INFO - 10.172.72.99 - - [14/May/2025 11:09:19] "POST /api/ask HTTP/1.1" 200 -
2025-05-14 11:09:48,997 - werkzeug - INFO - 10.172.72.99 - - [14/May/2025 11:09:48] "POST /api/ask HTTP/1.1" 200 -
2025-05-14 11:13:27,876 - __main__ - INFO - Running scheduled data update
2025-05-14 11:13:27,877 - __main__ - INFO - Updating cryptocurrency data for: bitcoin
2025-05-14 11:13:27,877 - data_processor - INFO - Starting data update for coins: bitcoin
2025-05-14 11:13:31,979 - werkzeug - INFO - 10.172.72.99 - - [14/May/2025 11:13:31] "GET /api/summary HTTP/1.1" 200 -
2025-05-14 11:13:35,177 - __main__ - INFO - Updating cryptocurrency data for: bitcoin
2025-05-14 11:13:35,184 - data_processor - INFO - Starting data update for coins: bitcoin
2025-05-14 11:13:35,893 - data_processor - ERROR - Error updating data: RetryError[<Future at 0x1fa38406290 state=finished raised AttributeError>]
2025-05-14 11:13:35,893 - data_processor - ERROR - Traceback (most recent call last):
  File "C:\Users\manoj\anaconda3\envs\bitcoin_env\lib\site-packages\tenacity\__init__.py", line 478, in __call__
    result = fn(*args, **kwargs)
  File "C:\Users\manoj\files7\projects\bitcoin7\api.py", line 103, in fetch_realtime_data
    cache_path = self._get_cache_path("prices", cache_id)
AttributeError: 'list' object has no attribute '_get_cache_path'

The above exception was the direct cause of the following exception:

Traceback (most recent call last):
  File "C:\Users\manoj\files7\projects\bitcoin7\data_processor.py", line 92, in update_all_data
    self.price_data = self.coingecko_api.fetch_crypto_prices(normalized_coins)
  File "C:\Users\manoj\files7\projects\bitcoin7\api.py", line 198, in fetch_crypto_prices
    return cls.fetch_realtime_data(coins)
  File "C:\Users\manoj\anaconda3\envs\bitcoin_env\lib\site-packages\tenacity\__init__.py", line 336, in wrapped_f
    return copy(f, *args, **kw)
  File "C:\Users\manoj\anaconda3\envs\bitcoin_env\lib\site-packages\tenacity\__init__.py", line 475, in __call__
    do = self.iter(retry_state=retry_state)
  File "C:\Users\manoj\anaconda3\envs\bitcoin_env\lib\site-packages\tenacity\__init__.py", line 376, in iter
    result = action(retry_state)
  File "C:\Users\manoj\anaconda3\envs\bitcoin_env\lib\site-packages\tenacity\__init__.py", line 419, in exc_check
    raise retry_exc from fut.exception()
tenacity.RetryError: RetryError[<Future at 0x1fa38406290 state=finished raised AttributeError>]

2025-05-14 11:13:38,737 - vector_store - INFO - Vector store updated with 1 documents at 2025-05-14 11:13:38
2025-05-14 11:13:38,738 - vector_store - INFO - Added 1 new chunks to the vector store
2025-05-14 11:13:38,738 - vector_store - INFO - Vector store saved to faiss_index
2025-05-14 11:13:38,738 - __main__ - INFO - Data update complete
2025-05-14 11:13:43,192 - data_processor - ERROR - Error updating data: RetryError[<Future at 0x1fa38407970 state=finished raised AttributeError>]
2025-05-14 11:13:43,194 - data_processor - ERROR - Traceback (most recent call last):
  File "C:\Users\manoj\anaconda3\envs\bitcoin_env\lib\site-packages\tenacity\__init__.py", line 478, in __call__
    result = fn(*args, **kwargs)
  File "C:\Users\manoj\files7\projects\bitcoin7\api.py", line 103, in fetch_realtime_data
    cache_path = self._get_cache_path("prices", cache_id)
AttributeError: 'list' object has no attribute '_get_cache_path'

The above exception was the direct cause of the following exception:

Traceback (most recent call last):
  File "C:\Users\manoj\files7\projects\bitcoin7\data_processor.py", line 92, in update_all_data
    self.price_data = self.coingecko_api.fetch_crypto_prices(normalized_coins)
  File "C:\Users\manoj\files7\projects\bitcoin7\api.py", line 198, in fetch_crypto_prices
    return cls.fetch_realtime_data(coins)
  File "C:\Users\manoj\anaconda3\envs\bitcoin_env\lib\site-packages\tenacity\__init__.py", line 336, in wrapped_f
    return copy(f, *args, **kw)
  File "C:\Users\manoj\anaconda3\envs\bitcoin_env\lib\site-packages\tenacity\__init__.py", line 475, in __call__
    do = self.iter(retry_state=retry_state)
  File "C:\Users\manoj\anaconda3\envs\bitcoin_env\lib\site-packages\tenacity\__init__.py", line 376, in iter
    result = action(retry_state)
  File "C:\Users\manoj\anaconda3\envs\bitcoin_env\lib\site-packages\tenacity\__init__.py", line 419, in exc_check
    raise retry_exc from fut.exception()
tenacity.RetryError: RetryError[<Future at 0x1fa38407970 state=finished raised AttributeError>]

2025-05-14 11:13:45,284 - vector_store - INFO - Vector store updated with 1 documents at 2025-05-14 11:13:45
2025-05-14 11:13:45,284 - vector_store - INFO - Added 1 new chunks to the vector store
2025-05-14 11:13:45,287 - vector_store - INFO - Vector store saved to faiss_index
2025-05-14 11:13:45,290 - __main__ - INFO - Data update complete
2025-05-14 11:13:45,290 - werkzeug - INFO - 10.172.72.99 - - [14/May/2025 11:13:45] "POST /api/update HTTP/1.1" 200 -
2025-05-14 11:13:45,808 - werkzeug - INFO - 10.172.72.99 - - [14/May/2025 11:13:45] "GET /api/summary HTTP/1.1" 200 -
2025-05-14 11:15:28,702 - langchain.retrievers.multi_query - INFO - Generated queries: ['Here are three different versions of the original question:', '', "What's the current state of Bitcoin market trends and recent developments?", '', "Bitcoin news and updates from the past quarter - what's been happening?", '', "Recent stories and insights on Bitcoin's price fluctuations, regulatory changes, and industry advancements.", '', 'These alternative questions aim to capture different aspects of the original query, such as:', '', '* Focusing on market trends and developments (first version)', '* Emphasizing recent timeframes and specific events (second version)', '* Highlighting specific topics like price fluctuations, regulatory changes, and industry advancements (third version)', '', 'By generating these alternative perspectives, we can increase the chances of retrieving relevant documents from a vector database that might not have matched the original query due to limitations in distance-based similarity search.']
2025-05-14 11:16:16,840 - vector_store - INFO - Question answered in 60.74 seconds
2025-05-14 11:16:16,840 - vector_store - INFO - Successfully answered question: what is the bitcoin news...
2025-05-14 11:16:16,840 - werkzeug - INFO - 10.172.72.99 - - [14/May/2025 11:16:16] "POST /api/ask HTTP/1.1" 200 -
2025-05-14 11:18:38,968 - __main__ - INFO - Running scheduled data update
2025-05-14 11:18:38,969 - __main__ - INFO - Updating cryptocurrency data for: bitcoin
2025-05-14 11:18:38,969 - data_processor - INFO - Starting data update for coins: bitcoin
2025-05-14 11:18:46,985 - data_processor - ERROR - Error updating data: RetryError[<Future at 0x1fa384051e0 state=finished raised AttributeError>]
2025-05-14 11:18:46,985 - data_processor - ERROR - Traceback (most recent call last):
  File "C:\Users\manoj\anaconda3\envs\bitcoin_env\lib\site-packages\tenacity\__init__.py", line 478, in __call__
    result = fn(*args, **kwargs)
  File "C:\Users\manoj\files7\projects\bitcoin7\api.py", line 103, in fetch_realtime_data
    cache_path = self._get_cache_path("prices", cache_id)
AttributeError: 'list' object has no attribute '_get_cache_path'

The above exception was the direct cause of the following exception:

Traceback (most recent call last):
  File "C:\Users\manoj\files7\projects\bitcoin7\data_processor.py", line 92, in update_all_data
    self.price_data = self.coingecko_api.fetch_crypto_prices(normalized_coins)
  File "C:\Users\manoj\files7\projects\bitcoin7\api.py", line 198, in fetch_crypto_prices
    return cls.fetch_realtime_data(coins)
  File "C:\Users\manoj\anaconda3\envs\bitcoin_env\lib\site-packages\tenacity\__init__.py", line 336, in wrapped_f
    return copy(f, *args, **kw)
  File "C:\Users\manoj\anaconda3\envs\bitcoin_env\lib\site-packages\tenacity\__init__.py", line 475, in __call__
    do = self.iter(retry_state=retry_state)
  File "C:\Users\manoj\anaconda3\envs\bitcoin_env\lib\site-packages\tenacity\__init__.py", line 376, in iter
    result = action(retry_state)
  File "C:\Users\manoj\anaconda3\envs\bitcoin_env\lib\site-packages\tenacity\__init__.py", line 419, in exc_check
    raise retry_exc from fut.exception()
tenacity.RetryError: RetryError[<Future at 0x1fa384051e0 state=finished raised AttributeError>]

2025-05-14 11:18:49,111 - vector_store - INFO - Vector store updated with 1 documents at 2025-05-14 11:18:49
2025-05-14 11:18:49,112 - vector_store - INFO - Added 1 new chunks to the vector store
2025-05-14 11:18:49,112 - vector_store - INFO - Vector store saved to faiss_index
2025-05-14 11:18:49,112 - __main__ - INFO - Data update complete
2025-05-14 11:28:40,537 - __main__ - INFO - Running scheduled data update
2025-05-14 11:28:40,537 - __main__ - INFO - Updating cryptocurrency data for: bitcoin
2025-05-14 11:28:40,537 - data_processor - INFO - Starting data update for coins: bitcoin
2025-05-14 11:28:48,551 - data_processor - ERROR - Error updating data: RetryError[<Future at 0x1fa384078b0 state=finished raised AttributeError>]
2025-05-14 11:28:48,553 - data_processor - ERROR - Traceback (most recent call last):
  File "C:\Users\manoj\anaconda3\envs\bitcoin_env\lib\site-packages\tenacity\__init__.py", line 478, in __call__
    result = fn(*args, **kwargs)
  File "C:\Users\manoj\files7\projects\bitcoin7\api.py", line 103, in fetch_realtime_data
    cache_path = self._get_cache_path("prices", cache_id)
AttributeError: 'list' object has no attribute '_get_cache_path'

The above exception was the direct cause of the following exception:

Traceback (most recent call last):
  File "C:\Users\manoj\files7\projects\bitcoin7\data_processor.py", line 92, in update_all_data
    self.price_data = self.coingecko_api.fetch_crypto_prices(normalized_coins)
  File "C:\Users\manoj\files7\projects\bitcoin7\api.py", line 198, in fetch_crypto_prices
    return cls.fetch_realtime_data(coins)
  File "C:\Users\manoj\anaconda3\envs\bitcoin_env\lib\site-packages\tenacity\__init__.py", line 336, in wrapped_f
    return copy(f, *args, **kw)
  File "C:\Users\manoj\anaconda3\envs\bitcoin_env\lib\site-packages\tenacity\__init__.py", line 475, in __call__
    do = self.iter(retry_state=retry_state)
  File "C:\Users\manoj\anaconda3\envs\bitcoin_env\lib\site-packages\tenacity\__init__.py", line 376, in iter
    result = action(retry_state)
  File "C:\Users\manoj\anaconda3\envs\bitcoin_env\lib\site-packages\tenacity\__init__.py", line 419, in exc_check
    raise retry_exc from fut.exception()
tenacity.RetryError: RetryError[<Future at 0x1fa384078b0 state=finished raised AttributeError>]

2025-05-14 11:28:53,322 - vector_store - INFO - Vector store updated with 1 documents at 2025-05-14 11:28:53
2025-05-14 11:28:53,322 - vector_store - INFO - Added 1 new chunks to the vector store
2025-05-14 11:28:53,322 - vector_store - INFO - Vector store saved to faiss_index
2025-05-14 11:28:53,326 - __main__ - INFO - Data update complete
2025-05-14 11:39:57,651 - utils - INFO - Created templates directory with enhanced index.html
2025-05-14 11:39:57,864 - __main__ - INFO - Initializing Crypto Assistant...
2025-05-14 11:39:57,954 - faiss.loader - INFO - Loading faiss with AVX2 support.
2025-05-14 11:39:57,972 - faiss.loader - INFO - Successfully loaded faiss with AVX2 support.
2025-05-14 11:39:58,009 - vector_store - INFO - Vector store loaded from faiss_index
2025-05-14 11:39:58,012 - vector_store - INFO - Enhanced QA chain initialized with multi-query retrieval and metadata filtering
2025-05-14 11:39:58,013 - __main__ - INFO - Crypto Assistant initialized successfully
2025-05-14 11:39:58,014 - __main__ - INFO - Starting scheduled updates every 5 minutes
2025-05-14 11:39:58,014 - __main__ - INFO - Started scheduled updates every 5 minutes
2025-05-14 11:39:58,033 - werkzeug - INFO - [31m[1mWARNING: This is a development server. Do not use it in a production deployment. Use a production WSGI server instead.[0m
 * Running on all addresses (0.0.0.0)
 * Running on http://127.0.0.1:5000
 * Running on http://10.172.72.99:5000
2025-05-14 11:39:58,034 - werkzeug - INFO - [33mPress CTRL+C to quit[0m
2025-05-14 11:40:00,085 - werkzeug - INFO - 127.0.0.1 - - [14/May/2025 11:40:00] "GET / HTTP/1.1" 200 -
2025-05-14 11:40:00,276 - werkzeug - INFO - 127.0.0.1 - - [14/May/2025 11:40:00] "[33mGET /favicon.ico HTTP/1.1[0m" 404 -
2025-05-14 11:40:10,338 - __main__ - INFO - Updating cryptocurrency data for: bitcoin
2025-05-14 11:40:10,338 - data_processor - INFO - Starting data update for coins: bitcoin
2025-05-14 11:40:10,468 - api - INFO - Fetching data for bitcoin using ticker BTC-USD
2025-05-14 11:40:11,191 - api - INFO - Retrieved 3892 records from 2014-09-17 00:00:00+00:00 to 2025-05-13 00:00:00+00:00
2025-05-14 11:40:11,321 - data_processor - INFO - Successfully retrieved historical data for bitcoin: 3892 records
2025-05-14 11:40:11,322 - data_processor - INFO - Historical data for bitcoin: 3892 records from 2014-09-17 00:00:00+00:00 to 2025-05-13 00:00:00+00:00
2025-05-14 11:40:11,322 - data_processor - INFO - Columns available: ['date', 'open', 'high', 'low', 'close', 'volume', 'price']
2025-05-14 11:40:11,324 - data_processor - INFO - Building date-price lookup for bitcoin from 2014-09-17 00:00:00+00:00 to 2025-05-13 00:00:00+00:00
2025-05-14 11:40:11,531 - data_processor - INFO - Added 3892 date-price entries for bitcoin
2025-05-14 11:40:11,531 - data_processor - INFO - Built date-price lookup for 1 coins
2025-05-14 11:40:17,886 - api - INFO - Successfully fetched market data for 1 coins
2025-05-14 11:40:19,116 - api - INFO - Successfully fetched 19 news articles
2025-05-14 11:40:19,116 - data_processor - INFO - Performing sentiment analysis on 19 news articles
2025-05-14 11:40:19,134 - data_processor - INFO - Sentiment analysis complete: positive (0.06)
2025-05-14 11:40:19,134 - data_processor - INFO - Performing technical analysis for bitcoin
2025-05-14 11:40:19,190 - data_processor - ERROR - Error updating technical analysis: '<' not supported between instances of 'str' and 'int'
2025-05-14 11:40:19,190 - data_processor - INFO - All data updated at 2025-05-14 11:40:19.190940
2025-05-14 11:41:23,817 - vector_store - INFO - Vector store updated with 28 documents at 2025-05-14 11:41:23
2025-05-14 11:41:23,817 - vector_store - INFO - Added 30 new chunks to the vector store
2025-05-14 11:41:23,823 - vector_store - INFO - Vector store saved to faiss_index
2025-05-14 11:41:23,823 - __main__ - INFO - Data update complete
2025-05-14 11:41:23,824 - werkzeug - INFO - 127.0.0.1 - - [14/May/2025 11:41:23] "POST /api/update HTTP/1.1" 200 -
2025-05-14 11:41:24,342 - werkzeug - INFO - 127.0.0.1 - - [14/May/2025 11:41:24] "GET /api/summary HTTP/1.1" 200 -
2025-05-14 11:44:58,261 - __main__ - INFO - Running scheduled data update
2025-05-14 11:44:58,262 - __main__ - INFO - Updating cryptocurrency data for: bitcoin
2025-05-14 11:44:58,263 - data_processor - INFO - Starting data update for coins: bitcoin
2025-05-14 11:44:58,398 - api - INFO - Fetching data for bitcoin using ticker BTC-USD
2025-05-14 11:44:58,434 - api - INFO - Retrieved 3892 records from 2014-09-17 00:00:00+00:00 to 2025-05-13 00:00:00+00:00
2025-05-14 11:44:58,640 - data_processor - INFO - Successfully retrieved historical data for bitcoin: 3892 records
2025-05-14 11:44:58,640 - data_processor - INFO - Historical data for bitcoin: 3892 records from 2014-09-17 00:00:00+00:00 to 2025-05-13 00:00:00+00:00
2025-05-14 11:44:58,640 - data_processor - INFO - Columns available: ['date', 'open', 'high', 'low', 'close', 'volume', 'price']
2025-05-14 11:44:58,640 - data_processor - INFO - Building date-price lookup for bitcoin from 2014-09-17 00:00:00+00:00 to 2025-05-13 00:00:00+00:00
2025-05-14 11:44:59,003 - data_processor - INFO - Added 3892 date-price entries for bitcoin
2025-05-14 11:44:59,004 - data_processor - INFO - Built date-price lookup for 1 coins
2025-05-14 11:45:05,125 - api - INFO - Successfully fetched market data for 1 coins
2025-05-14 11:45:05,253 - api - INFO - Successfully fetched 19 news articles
2025-05-14 11:45:05,262 - data_processor - INFO - Performing sentiment analysis on 19 news articles
2025-05-14 11:45:05,286 - data_processor - INFO - Sentiment analysis complete: positive (0.06)
2025-05-14 11:45:05,286 - data_processor - INFO - Performing technical analysis for bitcoin
2025-05-14 11:45:05,342 - data_processor - ERROR - Error updating technical analysis: '<' not supported between instances of 'str' and 'int'
2025-05-14 11:45:05,342 - data_processor - INFO - All data updated at 2025-05-14 11:45:05.342672
2025-05-14 11:46:09,509 - vector_store - INFO - Vector store updated with 28 documents at 2025-05-14 11:46:09
2025-05-14 11:46:09,512 - vector_store - INFO - Added 30 new chunks to the vector store
2025-05-14 11:46:09,514 - vector_store - INFO - Vector store saved to faiss_index
2025-05-14 11:46:09,515 - __main__ - INFO - Data update complete
2025-05-14 11:47:27,166 - utils - INFO - Created templates directory with enhanced index.html
2025-05-14 11:47:27,429 - __main__ - INFO - Initializing Crypto Assistant...
2025-05-14 11:47:27,555 - faiss.loader - INFO - Loading faiss with AVX2 support.
2025-05-14 11:47:27,585 - faiss.loader - INFO - Successfully loaded faiss with AVX2 support.
2025-05-14 11:47:27,629 - vector_store - INFO - Vector store loaded from faiss_index
2025-05-14 11:47:27,629 - vector_store - INFO - Enhanced QA chain initialized with multi-query retrieval and metadata filtering
2025-05-14 11:47:27,629 - __main__ - INFO - Crypto Assistant initialized successfully
2025-05-14 11:47:27,629 - __main__ - INFO - Starting scheduled updates every 5 minutes
2025-05-14 11:47:27,629 - __main__ - INFO - Started scheduled updates every 5 minutes
2025-05-14 11:47:27,651 - werkzeug - INFO - [31m[1mWARNING: This is a development server. Do not use it in a production deployment. Use a production WSGI server instead.[0m
 * Running on all addresses (0.0.0.0)
 * Running on http://127.0.0.1:5000
 * Running on http://10.172.72.99:5000
2025-05-14 11:47:27,651 - werkzeug - INFO - [33mPress CTRL+C to quit[0m
2025-05-14 11:47:33,982 - werkzeug - INFO - 10.172.72.99 - - [14/May/2025 11:47:33] "GET / HTTP/1.1" 200 -
2025-05-14 11:47:34,095 - werkzeug - INFO - 10.172.72.99 - - [14/May/2025 11:47:34] "[33mGET /favicon.ico HTTP/1.1[0m" 404 -
2025-05-14 11:47:40,463 - werkzeug - INFO - 10.172.72.99 - - [14/May/2025 11:47:40] "GET / HTTP/1.1" 200 -
2025-05-14 11:47:40,716 - werkzeug - INFO - 10.172.72.99 - - [14/May/2025 11:47:40] "[33mGET /favicon.ico HTTP/1.1[0m" 404 -
2025-05-14 11:47:45,821 - vector_store - WARNING - Data might be outdated. Last update was: Never
2025-05-14 11:47:45,833 - vector_store - ERROR - Error with retriever: 'ConversationalRetrievalChain' object has no attribute 'with_retriever'. Falling back to default.
2025-05-14 11:47:58,256 - langchain.retrievers.multi_query - INFO - Generated queries: ['Here are three different versions of the original question:', '', "What's the current market value of Bitcoin?", 'Bitcoin price update for today', "Today's Bitcoin valuation and trends", '', "These alternative questions aim to capture different aspects of the user's intent, such as:", '', '* "What\'s the current market value..." focuses on the dynamic aspect of the Bitcoin price.', '* "Bitcoin price update for today" emphasizes the idea that the user wants to know the latest information about the Bitcoin price.', '* "Today\'s Bitcoin valuation and trends" takes a more comprehensive approach by asking about both the current price and any notable trends or movements.', '', 'By generating these alternative questions, we can increase the chances of retrieving relevant documents from the vector database that may not have been matched by the original question alone.']
2025-05-14 11:48:34,799 - vector_store - INFO - Question answered in 48.97 seconds
2025-05-14 11:48:34,799 - vector_store - INFO - Successfully answered question: whta is the bitcoin price today...
2025-05-14 11:48:34,802 - werkzeug - INFO - 10.172.72.99 - - [14/May/2025 11:48:34] "POST /api/ask HTTP/1.1" 200 -
2025-05-14 11:48:48,949 - vector_store - WARNING - Data might be outdated. Last update was: Never
2025-05-14 11:48:48,950 - vector_store - ERROR - Error with retriever: 'ConversationalRetrievalChain' object has no attribute 'with_retriever'. Falling back to default.
2025-05-14 11:48:57,114 - langchain.retrievers.multi_query - INFO - Generated queries: ['Here are three different versions of the original question:', '', 'What was the market value of Bitcoin on May 14th?', '', 'Price of Bitcoin on May 14th, what was it?', '', "Bitcoin's value on May 14th, can you tell me what it was?", '', 'These alternative questions aim to capture the same information as the original question but from slightly different perspectives. By asking about "market value" or "price", we\'re focusing on the numerical aspect of Bitcoin\'s value on that date. The second version is more concise and straightforward, while the third one uses a more descriptive phrase ("Bitcoin\'s value") to retrieve relevant documents.']
2025-05-14 11:49:25,071 - vector_store - INFO - Question answered in 36.12 seconds
2025-05-14 11:49:25,071 - vector_store - INFO - Successfully answered question: what is the bitcoin price yesterday...
2025-05-14 11:49:25,071 - werkzeug - INFO - 10.172.72.99 - - [14/May/2025 11:49:25] "POST /api/ask HTTP/1.1" 200 -
2025-05-14 11:49:59,071 - vector_store - WARNING - Data might be outdated. Last update was: Never
2025-05-14 11:49:59,071 - data_processor - WARNING - No price data available for bitcoin
2025-05-14 11:49:59,071 - werkzeug - INFO - 10.172.72.99 - - [14/May/2025 11:49:59] "POST /api/ask HTTP/1.1" 200 -
2025-05-14 11:50:08,492 - __main__ - INFO - Updating cryptocurrency data for: bitcoin
2025-05-14 11:50:08,492 - data_processor - INFO - Starting data update for coins: bitcoin
2025-05-14 11:50:11,223 - api - INFO - Using cached historical data for bitcoin
2025-05-14 11:50:11,235 - api - INFO - Loaded 3892 records from cache, date range: 2014-09-17 00:00:00+00:00 to 2025-05-13 00:00:00+00:00
2025-05-14 11:50:11,235 - data_processor - INFO - Successfully retrieved historical data for bitcoin: 3892 records
2025-05-14 11:50:11,235 - data_processor - INFO - Historical data for bitcoin: 3892 records from 2014-09-17 00:00:00+00:00 to 2025-05-13 00:00:00+00:00
2025-05-14 11:50:11,235 - data_processor - INFO - Columns available: ['date', 'open', 'high', 'low', 'close', 'volume', 'price']
2025-05-14 11:50:11,235 - data_processor - INFO - Building date-price lookup for bitcoin from 2014-09-17 00:00:00+00:00 to 2025-05-13 00:00:00+00:00
2025-05-14 11:50:11,464 - data_processor - INFO - Added 3892 date-price entries for bitcoin
2025-05-14 11:50:11,466 - data_processor - INFO - Built date-price lookup for 1 coins
2025-05-14 11:50:11,789 - api - INFO - Using cached market data for bitcoin
2025-05-14 11:50:11,789 - api - INFO - Successfully fetched market data for 1 coins
2025-05-14 11:50:11,830 - api - INFO - Using cached news data for bitcoin
2025-05-14 11:50:11,830 - data_processor - INFO - Performing sentiment analysis on 19 news articles
2025-05-14 11:50:11,845 - data_processor - INFO - Sentiment analysis complete: positive (0.06)
2025-05-14 11:50:11,845 - data_processor - INFO - Performing technical analysis for bitcoin
2025-05-14 11:50:11,879 - data_processor - ERROR - Error updating technical analysis: '<' not supported between instances of 'str' and 'int'
2025-05-14 11:50:11,879 - data_processor - INFO - All data updated at 2025-05-14 11:50:11.879376
2025-05-14 11:51:17,928 - werkzeug - INFO - 10.172.72.99 - - [14/May/2025 11:51:17] "POST /api/ask HTTP/1.1" 200 -
2025-05-14 11:51:18,508 - vector_store - INFO - Vector store updated with 28 documents at 2025-05-14 11:51:18
2025-05-14 11:51:18,508 - vector_store - INFO - Added 30 new chunks to the vector store
2025-05-14 11:51:18,511 - vector_store - INFO - Vector store saved to faiss_index
2025-05-14 11:51:18,512 - __main__ - INFO - Data update complete
2025-05-14 11:51:18,512 - werkzeug - INFO - 10.172.72.99 - - [14/May/2025 11:51:18] "POST /api/update HTTP/1.1" 200 -
2025-05-14 11:51:19,021 - werkzeug - INFO - 10.172.72.99 - - [14/May/2025 11:51:19] "GET /api/summary HTTP/1.1" 200 -
2025-05-14 11:51:27,423 - werkzeug - INFO - 10.172.72.99 - - [14/May/2025 11:51:27] "POST /api/ask HTTP/1.1" 200 -
2025-05-14 11:51:41,801 - werkzeug - INFO - 10.172.72.99 - - [14/May/2025 11:51:41] "POST /api/ask HTTP/1.1" 200 -
2025-05-14 11:52:02,096 - vector_store - ERROR - Error with retriever: 'ConversationalRetrievalChain' object has no attribute 'with_retriever'. Falling back to default.
2025-05-14 11:52:08,055 - langchain.retrievers.multi_query - INFO - Generated queries: ['Here are three different versions of the original question:', '', 'What was the closing price of Bitcoin on the previous day?', '', "Yesterday's Bitcoin market value - what was it?", '', 'Price of Bitcoin at the end of the previous trading session - can you retrieve that information?']
2025-05-14 11:52:27,976 - __main__ - INFO - Running scheduled data update
2025-05-14 11:52:27,977 - __main__ - INFO - Updating cryptocurrency data for: bitcoin
2025-05-14 11:52:27,977 - data_processor - INFO - Starting data update for coins: bitcoin
2025-05-14 11:52:27,992 - api - INFO - Using cached price data for bitcoin
2025-05-14 11:52:30,289 - api - INFO - Using cached historical data for bitcoin
2025-05-14 11:52:30,296 - api - INFO - Loaded 3892 records from cache, date range: 2014-09-17 00:00:00+00:00 to 2025-05-13 00:00:00+00:00
2025-05-14 11:52:30,297 - data_processor - INFO - Successfully retrieved historical data for bitcoin: 3892 records
2025-05-14 11:52:30,297 - vector_store - INFO - Question answered in 28.20 seconds
2025-05-14 11:52:30,298 - data_processor - INFO - Historical data for bitcoin: 3892 records from 2014-09-17 00:00:00+00:00 to 2025-05-13 00:00:00+00:00
2025-05-14 11:52:30,298 - vector_store - INFO - Successfully answered question: what is the bitcoin price for yesterday...
2025-05-14 11:52:30,298 - data_processor - INFO - Columns available: ['date', 'open', 'high', 'low', 'close', 'volume', 'price']
2025-05-14 11:52:30,299 - werkzeug - INFO - 10.172.72.99 - - [14/May/2025 11:52:30] "POST /api/ask HTTP/1.1" 200 -
2025-05-14 11:52:30,299 - data_processor - INFO - Building date-price lookup for bitcoin from 2014-09-17 00:00:00+00:00 to 2025-05-13 00:00:00+00:00
2025-05-14 11:52:30,468 - data_processor - INFO - Added 3892 date-price entries for bitcoin
2025-05-14 11:52:30,469 - data_processor - INFO - Built date-price lookup for 1 coins
2025-05-14 11:52:30,706 - api - INFO - Using cached market data for bitcoin
2025-05-14 11:52:30,706 - api - INFO - Successfully fetched market data for 1 coins
2025-05-14 11:52:30,717 - api - INFO - Using cached news data for bitcoin
2025-05-14 11:52:30,717 - data_processor - INFO - Performing sentiment analysis on 19 news articles
2025-05-14 11:52:30,727 - data_processor - INFO - Sentiment analysis complete: positive (0.06)
2025-05-14 11:52:30,728 - data_processor - INFO - Performing technical analysis for bitcoin
2025-05-14 11:52:30,763 - data_processor - ERROR - Error updating technical analysis: '<' not supported between instances of 'str' and 'int'
2025-05-14 11:52:30,763 - data_processor - INFO - All data updated at 2025-05-14 11:52:30.763371
2025-05-14 11:52:43,903 - werkzeug - INFO - 10.172.72.99 - - [14/May/2025 11:52:43] "POST /api/ask HTTP/1.1" 200 -
2025-05-14 11:53:00,213 - vector_store - ERROR - Error with retriever: 'ConversationalRetrievalChain' object has no attribute 'with_retriever'. Falling back to default.
2025-05-14 11:53:07,062 - langchain.retrievers.multi_query - INFO - Generated queries: ['Here are three different versions of the original question:', '', 'What were the key market trends and prices for Bitcoin in April 2024?', '', 'How did the price of Bitcoin fluctuate throughout April 2024, and what factors contributed to these changes?', '', 'Can you provide information on the historical price data for Bitcoin during the month of April 2024, including any notable trends or events that may have impacted its value?']
2025-05-14 11:53:34,106 - vector_store - INFO - Vector store updated with 28 documents at 2025-05-14 11:53:34
2025-05-14 11:53:34,106 - vector_store - INFO - Added 30 new chunks to the vector store
2025-05-14 11:53:34,108 - vector_store - INFO - Vector store saved to faiss_index
2025-05-14 11:53:34,108 - __main__ - INFO - Data update complete
2025-05-14 11:53:34,136 - vector_store - INFO - Question answered in 33.92 seconds
2025-05-14 11:53:34,136 - vector_store - INFO - Successfully answered question: what is the bitcoin price trend for april month in...
2025-05-14 11:53:34,136 - werkzeug - INFO - 10.172.72.99 - - [14/May/2025 11:53:34] "POST /api/ask HTTP/1.1" 200 -
2025-05-14 11:54:11,761 - vector_store - ERROR - Error with retriever: 'ConversationalRetrievalChain' object has no attribute 'with_retriever'. Falling back to default.
2025-05-14 11:54:19,219 - langchain.retrievers.multi_query - INFO - Generated queries: ['Here are three different versions of the original question:', '', 'What is the current market sentiment and price trajectory for Bitcoin in the year 2024?', '', 'How has the Bitcoin price performed historically during the first quarter of a leap year, and what can we expect in terms of trends and fluctuations for 2024?', '', 'Can you provide insights on the Bitcoin price movement patterns and any notable events or factors that may have influenced its performance in previous years, with a focus on predicting potential trends for 2024?']
2025-05-14 11:54:48,570 - vector_store - INFO - Question answered in 36.81 seconds
2025-05-14 11:54:48,570 - vector_store - INFO - Successfully answered question: what is the bitcoin price trend for 2024 year...
2025-05-14 11:54:48,571 - werkzeug - INFO - 10.172.72.99 - - [14/May/2025 11:54:48] "POST /api/ask HTTP/1.1" 200 -
2025-05-14 11:55:55,431 - vector_store - ERROR - Error with retriever: 'ConversationalRetrievalChain' object has no attribute 'with_retriever'. Falling back to default.
2025-05-14 11:56:02,555 - langchain.retrievers.multi_query - INFO - Generated queries: ['Here are three different versions of the original question:', '', 'What were the cryptocurrency prices, including Bitcoin, during the month of May in the year 2024?', '', 'Can you provide information on the value of Bitcoin and other digital currencies for the specific time period of May 2024?', '', 'What was the market trend and price fluctuation of Bitcoin and other cryptocurrencies during the month of May in the year 2024?']
2025-05-14 11:56:25,918 - vector_store - INFO - Question answered in 30.49 seconds
2025-05-14 11:56:25,918 - vector_store - INFO - Successfully answered question: what is the bitcoin price for last month...
2025-05-14 11:56:25,919 - werkzeug - INFO - 10.172.72.99 - - [14/May/2025 11:56:25] "POST /api/ask HTTP/1.1" 200 -
2025-05-14 11:56:54,409 - vector_store - ERROR - Error with retriever: 'ConversationalRetrievalChain' object has no attribute 'with_retriever'. Falling back to default.
2025-05-14 11:57:01,672 - langchain.retrievers.multi_query - INFO - Generated queries: ['Here are three different versions of the original question:', '', 'What were the cryptocurrency market trends and prices in 2024, specifically focusing on Bitcoin?', '', 'Can you provide information about the historical price data of Bitcoin for the year 2024, including any notable fluctuations or events that may have impacted its value?', '', 'How did the global financial markets and economic conditions affect the price of Bitcoin throughout the year 2024, with a focus on any significant changes or correlations?']
2025-05-14 11:57:30,877 - vector_store - INFO - Question answered in 36.47 seconds
2025-05-14 11:57:30,877 - vector_store - INFO - Successfully answered question: what is the bitcoin price for last year...
2025-05-14 11:57:30,878 - werkzeug - INFO - 10.172.72.99 - - [14/May/2025 11:57:30] "POST /api/ask HTTP/1.1" 200 -
2025-05-14 11:57:41,381 - vector_store - ERROR - Error with retriever: 'ConversationalRetrievalChain' object has no attribute 'with_retriever'. Falling back to default.
2025-05-14 11:57:48,598 - langchain.retrievers.multi_query - INFO - Generated queries: ['Here are three different versions of the original question:', '', 'What were the cryptocurrency prices on April 19th, 2024?', '', 'Price of Bitcoin and other cryptocurrencies on April 19th, 2024 - what was it?', '', 'Cryptocurrency market data for April 19th, 2024: What was the price of Bitcoin during that day?']
2025-05-14 11:58:11,741 - vector_store - INFO - Question answered in 30.36 seconds
2025-05-14 11:58:11,741 - vector_store - INFO - Successfully answered question: The price of bitcoin on 2024-04- 19...
2025-05-14 11:58:11,742 - werkzeug - INFO - 10.172.72.99 - - [14/May/2025 11:58:11] "POST /api/ask HTTP/1.1" 200 -
2025-05-14 11:58:34,299 - __main__ - INFO - Running scheduled data update
2025-05-14 11:58:34,300 - __main__ - INFO - Updating cryptocurrency data for: bitcoin
2025-05-14 11:58:34,300 - data_processor - INFO - Starting data update for coins: bitcoin
2025-05-14 11:58:35,630 - werkzeug - INFO - 10.172.72.99 - - [14/May/2025 11:58:35] "POST /api/ask HTTP/1.1" 200 -
2025-05-14 11:58:36,469 - api - INFO - Using cached historical data for bitcoin
2025-05-14 11:58:36,474 - api - INFO - Loaded 3892 records from cache, date range: 2014-09-17 00:00:00+00:00 to 2025-05-13 00:00:00+00:00
2025-05-14 11:58:36,474 - data_processor - INFO - Successfully retrieved historical data for bitcoin: 3892 records
2025-05-14 11:58:36,474 - data_processor - INFO - Historical data for bitcoin: 3892 records from 2014-09-17 00:00:00+00:00 to 2025-05-13 00:00:00+00:00
2025-05-14 11:58:36,475 - data_processor - INFO - Columns available: ['date', 'open', 'high', 'low', 'close', 'volume', 'price']
2025-05-14 11:58:36,476 - data_processor - INFO - Building date-price lookup for bitcoin from 2014-09-17 00:00:00+00:00 to 2025-05-13 00:00:00+00:00
2025-05-14 11:58:36,626 - data_processor - INFO - Added 3892 date-price entries for bitcoin
2025-05-14 11:58:36,626 - data_processor - INFO - Built date-price lookup for 1 coins
2025-05-14 11:58:36,841 - api - INFO - Using cached market data for bitcoin
2025-05-14 11:58:36,841 - api - INFO - Successfully fetched market data for 1 coins
2025-05-14 11:58:36,852 - api - INFO - Using cached news data for bitcoin
2025-05-14 11:58:36,852 - data_processor - INFO - Performing sentiment analysis on 19 news articles
2025-05-14 11:58:36,862 - data_processor - INFO - Sentiment analysis complete: positive (0.06)
2025-05-14 11:58:36,862 - data_processor - INFO - Performing technical analysis for bitcoin
2025-05-14 11:58:36,894 - data_processor - ERROR - Error updating technical analysis: '<' not supported between instances of 'str' and 'int'
2025-05-14 11:58:36,895 - data_processor - INFO - All data updated at 2025-05-14 11:58:36.895098
2025-05-14 11:59:40,776 - vector_store - INFO - Vector store updated with 28 documents at 2025-05-14 11:59:40
2025-05-14 11:59:40,776 - vector_store - INFO - Added 30 new chunks to the vector store
2025-05-14 11:59:40,779 - vector_store - INFO - Vector store saved to faiss_index
2025-05-14 11:59:40,779 - __main__ - INFO - Data update complete
2025-05-14 12:03:47,706 - utils - INFO - Created templates directory with enhanced index.html
2025-05-14 12:03:47,846 - __main__ - INFO - Initializing Crypto Assistant...
2025-05-14 12:03:47,907 - faiss.loader - INFO - Loading faiss with AVX2 support.
2025-05-14 12:03:47,925 - faiss.loader - INFO - Successfully loaded faiss with AVX2 support.
2025-05-14 12:03:47,962 - vector_store - INFO - Vector store loaded from faiss_index
2025-05-14 12:03:47,963 - vector_store - INFO - Enhanced QA chain initialized with multi-query retrieval and metadata filtering
2025-05-14 12:03:47,963 - __main__ - INFO - Crypto Assistant initialized successfully
2025-05-14 12:03:47,963 - __main__ - INFO - Starting scheduled updates every 5 minutes
2025-05-14 12:03:47,963 - __main__ - INFO - Started scheduled updates every 5 minutes
2025-05-14 12:03:47,972 - werkzeug - INFO - [31m[1mWARNING: This is a development server. Do not use it in a production deployment. Use a production WSGI server instead.[0m
 * Running on all addresses (0.0.0.0)
 * Running on http://127.0.0.1:5000
 * Running on http://10.172.72.99:5000
2025-05-14 12:03:47,972 - werkzeug - INFO - [33mPress CTRL+C to quit[0m
2025-05-14 12:03:51,638 - werkzeug - INFO - 10.172.72.99 - - [14/May/2025 12:03:51] "GET / HTTP/1.1" 200 -
2025-05-14 12:04:01,724 - vector_store - WARNING - Data might be outdated. Last update was: Never
2025-05-14 12:04:01,726 - data_processor - WARNING - No price data available for bitcoin
2025-05-14 12:04:01,727 - werkzeug - INFO - 10.172.72.99 - - [14/May/2025 12:04:01] "POST /api/ask HTTP/1.1" 200 -
2025-05-14 12:04:14,008 - vector_store - WARNING - Data might be outdated. Last update was: Never
2025-05-14 12:04:14,009 - data_processor - WARNING - No price data available for bitcoin
2025-05-14 12:04:14,010 - werkzeug - INFO - 10.172.72.99 - - [14/May/2025 12:04:14] "POST /api/ask HTTP/1.1" 200 -
2025-05-14 12:04:23,233 - vector_store - WARNING - Data might be outdated. Last update was: Never
2025-05-14 12:04:33,968 - vector_store - INFO - Question answered in 10.73 seconds
2025-05-14 12:04:33,969 - vector_store - INFO - Successfully answered question: what it the bitcon price for today...
2025-05-14 12:04:33,969 - werkzeug - INFO - 10.172.72.99 - - [14/May/2025 12:04:33] "POST /api/ask HTTP/1.1" 200 -
2025-05-14 12:04:49,537 - vector_store - WARNING - Data might be outdated. Last update was: Never
2025-05-14 12:04:59,743 - vector_store - INFO - Question answered in 10.21 seconds
2025-05-14 12:04:59,743 - vector_store - INFO - Successfully answered question: what is the bitcoin price for yesterday...
2025-05-14 12:04:59,743 - werkzeug - INFO - 10.172.72.99 - - [14/May/2025 12:04:59] "POST /api/ask HTTP/1.1" 200 -
2025-05-14 12:05:10,179 - __main__ - INFO - Updating cryptocurrency data for: bitcoin
2025-05-14 12:05:10,180 - data_processor - INFO - Starting data update for coins: bitcoin
2025-05-14 12:05:12,569 - api - INFO - Using cached historical data for bitcoin
2025-05-14 12:05:12,574 - api - INFO - Loaded 3892 records from cache, date range: 2014-09-17 00:00:00+00:00 to 2025-05-13 00:00:00+00:00
2025-05-14 12:05:12,575 - data_processor - INFO - Successfully retrieved historical data for bitcoin: 3892 records
2025-05-14 12:05:12,575 - data_processor - INFO - Historical data for bitcoin: 3892 records from 2014-09-17 00:00:00+00:00 to 2025-05-13 00:00:00+00:00
2025-05-14 12:05:12,575 - data_processor - INFO - Columns available: ['date', 'open', 'high', 'low', 'close', 'volume', 'price']
2025-05-14 12:05:12,576 - data_processor - INFO - Building date-price lookup for bitcoin from 2014-09-17 00:00:00+00:00 to 2025-05-13 00:00:00+00:00
2025-05-14 12:05:12,742 - data_processor - INFO - Added 3892 date-price entries for bitcoin
2025-05-14 12:05:12,743 - data_processor - INFO - Built date-price lookup for 1 coins
2025-05-14 12:05:12,975 - api - INFO - Using cached market data for bitcoin
2025-05-14 12:05:12,975 - api - INFO - Successfully fetched market data for 1 coins
2025-05-14 12:05:12,986 - api - INFO - Using cached news data for bitcoin
2025-05-14 12:05:12,987 - data_processor - INFO - Performing sentiment analysis on 19 news articles
2025-05-14 12:05:12,997 - data_processor - INFO - Sentiment analysis complete: positive (0.06)
2025-05-14 12:05:12,998 - data_processor - INFO - Performing technical analysis for bitcoin
2025-05-14 12:05:13,031 - data_processor - ERROR - Error updating technical analysis: '<' not supported between instances of 'str' and 'int'
2025-05-14 12:05:13,032 - data_processor - INFO - All data updated at 2025-05-14 12:05:13.032170
2025-05-14 12:06:16,416 - vector_store - INFO - Vector store updated with 28 documents at 2025-05-14 12:06:16
2025-05-14 12:06:16,417 - vector_store - INFO - Added 30 new chunks to the vector store
2025-05-14 12:06:16,420 - vector_store - INFO - Vector store saved to faiss_index
2025-05-14 12:06:16,420 - __main__ - INFO - Data update complete
2025-05-14 12:06:16,421 - werkzeug - INFO - 10.172.72.99 - - [14/May/2025 12:06:16] "POST /api/update HTTP/1.1" 200 -
2025-05-14 12:06:16,927 - werkzeug - INFO - 10.172.72.99 - - [14/May/2025 12:06:16] "GET /api/summary HTTP/1.1" 200 -
2025-05-14 12:06:50,505 - werkzeug - INFO - 10.172.72.99 - - [14/May/2025 12:06:50] "POST /api/ask HTTP/1.1" 200 -
2025-05-14 12:07:12,619 - werkzeug - INFO - 10.172.72.99 - - [14/May/2025 12:07:12] "POST /api/ask HTTP/1.1" 200 -
2025-05-14 12:07:53,839 - werkzeug - INFO - 10.172.72.99 - - [14/May/2025 12:07:53] "POST /api/ask HTTP/1.1" 200 -
2025-05-14 12:08:03,243 - werkzeug - INFO - 10.172.72.99 - - [14/May/2025 12:08:03] "POST /api/ask HTTP/1.1" 200 -
2025-05-14 12:08:15,438 - werkzeug - INFO - 10.172.72.99 - - [14/May/2025 12:08:15] "POST /api/ask HTTP/1.1" 200 -
2025-05-14 12:08:33,760 - vector_store - INFO - Question answered in 11.17 seconds
2025-05-14 12:08:33,760 - vector_store - INFO - Successfully answered question: what is the bitcoin price for yesterday...
2025-05-14 12:08:33,761 - werkzeug - INFO - 10.172.72.99 - - [14/May/2025 12:08:33] "POST /api/ask HTTP/1.1" 200 -
2025-05-14 12:08:48,221 - __main__ - INFO - Running scheduled data update
2025-05-14 12:08:48,221 - __main__ - INFO - Updating cryptocurrency data for: bitcoin
2025-05-14 12:08:48,221 - data_processor - INFO - Starting data update for coins: bitcoin
2025-05-14 12:08:48,234 - api - INFO - Using cached price data for bitcoin
2025-05-14 12:08:50,307 - api - INFO - Using cached historical data for bitcoin
2025-05-14 12:08:50,312 - api - INFO - Loaded 3892 records from cache, date range: 2014-09-17 00:00:00+00:00 to 2025-05-13 00:00:00+00:00
2025-05-14 12:08:50,313 - data_processor - INFO - Successfully retrieved historical data for bitcoin: 3892 records
2025-05-14 12:08:50,314 - data_processor - INFO - Historical data for bitcoin: 3892 records from 2014-09-17 00:00:00+00:00 to 2025-05-13 00:00:00+00:00
2025-05-14 12:08:50,314 - data_processor - INFO - Columns available: ['date', 'open', 'high', 'low', 'close', 'volume', 'price']
2025-05-14 12:08:50,315 - data_processor - INFO - Building date-price lookup for bitcoin from 2014-09-17 00:00:00+00:00 to 2025-05-13 00:00:00+00:00
2025-05-14 12:08:50,475 - data_processor - INFO - Added 3892 date-price entries for bitcoin
2025-05-14 12:08:50,476 - data_processor - INFO - Built date-price lookup for 1 coins
2025-05-14 12:08:50,702 - api - INFO - Using cached market data for bitcoin
2025-05-14 12:08:50,702 - api - INFO - Successfully fetched market data for 1 coins
2025-05-14 12:08:50,713 - api - INFO - Using cached news data for bitcoin
2025-05-14 12:08:50,714 - data_processor - INFO - Performing sentiment analysis on 19 news articles
2025-05-14 12:08:50,724 - data_processor - INFO - Sentiment analysis complete: positive (0.06)
2025-05-14 12:08:50,725 - data_processor - INFO - Performing technical analysis for bitcoin
2025-05-14 12:08:50,757 - data_processor - ERROR - Error updating technical analysis: '<' not supported between instances of 'str' and 'int'
2025-05-14 12:08:50,757 - data_processor - INFO - All data updated at 2025-05-14 12:08:50.757341
2025-05-14 12:09:14,061 - vector_store - INFO - Question answered in 12.70 seconds
2025-05-14 12:09:14,061 - vector_store - INFO - Successfully answered question: what is the bitcoin price for yesterday...
2025-05-14 12:09:14,062 - werkzeug - INFO - 10.172.72.99 - - [14/May/2025 12:09:14] "POST /api/ask HTTP/1.1" 200 -
2025-05-14 12:09:54,190 - vector_store - INFO - Vector store updated with 28 documents at 2025-05-14 12:09:54
2025-05-14 12:09:54,190 - vector_store - INFO - Added 30 new chunks to the vector store
2025-05-14 12:09:54,193 - vector_store - INFO - Vector store saved to faiss_index
2025-05-14 12:09:54,194 - __main__ - INFO - Data update complete
2025-05-14 12:10:14,650 - vector_store - INFO - Question answered in 12.97 seconds
2025-05-14 12:10:14,650 - vector_store - INFO - Successfully answered question: what is the bitcoin price for yesterday...
2025-05-14 12:10:14,651 - werkzeug - INFO - 10.172.72.99 - - [14/May/2025 12:10:14] "POST /api/ask HTTP/1.1" 200 -
2025-05-14 12:12:54,723 - utils - INFO - Created templates directory with enhanced index.html
2025-05-14 12:12:54,891 - __main__ - INFO - Initializing Crypto Assistant...
2025-05-14 12:12:54,961 - faiss.loader - INFO - Loading faiss with AVX2 support.
2025-05-14 12:12:54,981 - faiss.loader - INFO - Successfully loaded faiss with AVX2 support.
2025-05-14 12:12:55,016 - vector_store - INFO - Vector store loaded from faiss_index
2025-05-14 12:12:55,017 - vector_store - INFO - Enhanced QA chain initialized with multi-query retrieval and metadata filtering
2025-05-14 12:12:55,017 - __main__ - INFO - Crypto Assistant initialized successfully
2025-05-14 12:12:55,018 - __main__ - INFO - Starting scheduled updates every 5 minutes
2025-05-14 12:12:55,018 - __main__ - INFO - Started scheduled updates every 5 minutes
2025-05-14 12:12:55,026 - werkzeug - INFO - [31m[1mWARNING: This is a development server. Do not use it in a production deployment. Use a production WSGI server instead.[0m
 * Running on all addresses (0.0.0.0)
 * Running on http://127.0.0.1:5000
 * Running on http://10.172.72.99:5000
2025-05-14 12:12:55,027 - werkzeug - INFO - [33mPress CTRL+C to quit[0m
2025-05-14 12:13:01,959 - werkzeug - INFO - 10.172.72.99 - - [14/May/2025 12:13:01] "GET / HTTP/1.1" 200 -
2025-05-14 12:13:02,015 - werkzeug - INFO - 10.172.72.99 - - [14/May/2025 12:13:02] "[33mGET /favicon.ico HTTP/1.1[0m" 404 -
2025-05-14 12:13:28,308 - vector_store - WARNING - Data might be outdated. Last update was: Never
2025-05-14 12:13:28,309 - data_processor - WARNING - No price data available for bitcoin
2025-05-14 12:13:28,309 - werkzeug - INFO - 10.172.72.99 - - [14/May/2025 12:13:28] "POST /api/ask HTTP/1.1" 200 -
2025-05-14 12:13:35,929 - __main__ - INFO - Updating cryptocurrency data for: bitcoin
2025-05-14 12:13:35,929 - data_processor - INFO - Starting data update for coins: bitcoin
2025-05-14 12:13:36,084 - api - INFO - Fetching data for bitcoin using ticker BTC-USD
2025-05-14 12:13:36,394 - api - INFO - Retrieved 3892 records from 2014-09-17 00:00:00+00:00 to 2025-05-13 00:00:00+00:00
2025-05-14 12:13:36,514 - data_processor - INFO - Successfully retrieved historical data for bitcoin: 3892 records
2025-05-14 12:13:36,514 - data_processor - INFO - Historical data for bitcoin: 3892 records from 2014-09-17 00:00:00+00:00 to 2025-05-13 00:00:00+00:00
2025-05-14 12:13:36,515 - data_processor - INFO - Columns available: ['date', 'open', 'high', 'low', 'close', 'volume', 'price']
2025-05-14 12:13:36,515 - data_processor - INFO - Building date-price lookup for bitcoin from 2014-09-17 00:00:00+00:00 to 2025-05-13 00:00:00+00:00
2025-05-14 12:13:36,675 - data_processor - INFO - Added 3892 date-price entries for bitcoin
2025-05-14 12:13:36,676 - data_processor - INFO - Built date-price lookup for 1 coins
2025-05-14 12:13:42,755 - api - INFO - Successfully fetched market data for 1 coins
2025-05-14 12:13:42,962 - api - INFO - Successfully fetched 19 news articles
2025-05-14 12:13:42,964 - data_processor - INFO - Performing sentiment analysis on 19 news articles
2025-05-14 12:13:42,974 - data_processor - INFO - Sentiment analysis complete: positive (0.06)
2025-05-14 12:13:42,975 - data_processor - INFO - Performing technical analysis for bitcoin
2025-05-14 12:13:43,008 - data_processor - ERROR - Error updating technical analysis: '<' not supported between instances of 'str' and 'int'
2025-05-14 12:13:43,008 - data_processor - INFO - All data updated at 2025-05-14 12:13:43.008071
2025-05-14 12:14:11,634 - werkzeug - INFO - 10.172.72.99 - - [14/May/2025 12:14:11] "POST /api/ask HTTP/1.1" 200 -
2025-05-14 12:14:46,410 - vector_store - INFO - Vector store updated with 28 documents at 2025-05-14 12:14:46
2025-05-14 12:14:46,410 - vector_store - INFO - Added 30 new chunks to the vector store
2025-05-14 12:14:46,413 - vector_store - INFO - Vector store saved to faiss_index
2025-05-14 12:14:46,413 - __main__ - INFO - Data update complete
2025-05-14 12:14:46,414 - werkzeug - INFO - 10.172.72.99 - - [14/May/2025 12:14:46] "POST /api/update HTTP/1.1" 200 -
2025-05-14 12:14:46,931 - werkzeug - INFO - 10.172.72.99 - - [14/May/2025 12:14:46] "GET /api/summary HTTP/1.1" 200 -
2025-05-14 12:15:22,831 - werkzeug - INFO - 10.172.72.99 - - [14/May/2025 12:15:22] "GET /api/summary HTTP/1.1" 200 -
2025-05-14 12:17:55,071 - __main__ - INFO - Running scheduled data update
2025-05-14 12:17:55,071 - __main__ - INFO - Updating cryptocurrency data for: bitcoin
2025-05-14 12:17:55,072 - data_processor - INFO - Starting data update for coins: bitcoin
2025-05-14 12:17:55,082 - api - INFO - Using cached price data for bitcoin
2025-05-14 12:17:57,033 - api - INFO - Using cached historical data for bitcoin
2025-05-14 12:17:57,038 - api - INFO - Loaded 3892 records from cache, date range: 2014-09-17 00:00:00+00:00 to 2025-05-13 00:00:00+00:00
2025-05-14 12:17:57,040 - data_processor - INFO - Successfully retrieved historical data for bitcoin: 3892 records
2025-05-14 12:17:57,040 - data_processor - INFO - Historical data for bitcoin: 3892 records from 2014-09-17 00:00:00+00:00 to 2025-05-13 00:00:00+00:00
2025-05-14 12:17:57,041 - data_processor - INFO - Columns available: ['date', 'open', 'high', 'low', 'close', 'volume', 'price']
2025-05-14 12:17:57,041 - data_processor - INFO - Building date-price lookup for bitcoin from 2014-09-17 00:00:00+00:00 to 2025-05-13 00:00:00+00:00
2025-05-14 12:17:57,209 - data_processor - INFO - Added 3892 date-price entries for bitcoin
2025-05-14 12:17:57,209 - data_processor - INFO - Built date-price lookup for 1 coins
2025-05-14 12:17:57,449 - api - INFO - Using cached market data for bitcoin
2025-05-14 12:17:57,449 - api - INFO - Successfully fetched market data for 1 coins
2025-05-14 12:17:57,483 - api - INFO - Using cached news data for bitcoin
2025-05-14 12:17:57,484 - data_processor - INFO - Performing sentiment analysis on 19 news articles
2025-05-14 12:17:57,495 - data_processor - INFO - Sentiment analysis complete: positive (0.06)
2025-05-14 12:17:57,495 - data_processor - INFO - Performing technical analysis for bitcoin
2025-05-14 12:17:57,524 - data_processor - ERROR - Error updating technical analysis: '<' not supported between instances of 'str' and 'int'
2025-05-14 12:17:57,524 - data_processor - INFO - All data updated at 2025-05-14 12:17:57.524936
2025-05-14 12:19:01,358 - vector_store - INFO - Vector store updated with 28 documents at 2025-05-14 12:19:01
2025-05-14 12:19:01,358 - vector_store - INFO - Added 30 new chunks to the vector store
2025-05-14 12:19:01,358 - vector_store - INFO - Vector store saved to faiss_index
2025-05-14 12:19:01,358 - __main__ - INFO - Data update complete
2025-05-14 12:24:01,630 - __main__ - INFO - Running scheduled data update
2025-05-14 12:24:01,630 - __main__ - INFO - Updating cryptocurrency data for: bitcoin
2025-05-14 12:24:01,630 - data_processor - INFO - Starting data update for coins: bitcoin
2025-05-14 12:24:03,789 - api - INFO - Using cached historical data for bitcoin
2025-05-14 12:24:03,789 - api - INFO - Loaded 3892 records from cache, date range: 2014-09-17 00:00:00+00:00 to 2025-05-13 00:00:00+00:00
2025-05-14 12:24:03,789 - data_processor - INFO - Successfully retrieved historical data for bitcoin: 3892 records
2025-05-14 12:24:03,789 - data_processor - INFO - Historical data for bitcoin: 3892 records from 2014-09-17 00:00:00+00:00 to 2025-05-13 00:00:00+00:00
2025-05-14 12:24:03,789 - data_processor - INFO - Columns available: ['date', 'open', 'high', 'low', 'close', 'volume', 'price']
2025-05-14 12:24:03,804 - data_processor - INFO - Building date-price lookup for bitcoin from 2014-09-17 00:00:00+00:00 to 2025-05-13 00:00:00+00:00
2025-05-14 12:24:03,951 - data_processor - INFO - Added 3892 date-price entries for bitcoin
2025-05-14 12:24:03,951 - data_processor - INFO - Built date-price lookup for 1 coins
2025-05-14 12:24:04,154 - api - INFO - Using cached market data for bitcoin
2025-05-14 12:24:04,154 - api - INFO - Successfully fetched market data for 1 coins
2025-05-14 12:24:04,154 - api - INFO - Using cached news data for bitcoin
2025-05-14 12:24:04,154 - data_processor - INFO - Performing sentiment analysis on 19 news articles
2025-05-14 12:24:04,174 - data_processor - INFO - Sentiment analysis complete: positive (0.06)
2025-05-14 12:24:04,174 - data_processor - INFO - Performing technical analysis for bitcoin
2025-05-14 12:24:04,203 - data_processor - ERROR - Error updating technical analysis: '<' not supported between instances of 'str' and 'int'
2025-05-14 12:24:04,203 - data_processor - INFO - All data updated at 2025-05-14 12:24:04.203413
2025-05-14 12:25:07,889 - vector_store - INFO - Vector store updated with 28 documents at 2025-05-14 12:25:07
2025-05-14 12:25:07,890 - vector_store - INFO - Added 30 new chunks to the vector store
2025-05-14 12:25:07,893 - vector_store - INFO - Vector store saved to faiss_index
2025-05-14 12:25:07,894 - __main__ - INFO - Data update complete
2025-05-14 12:30:08,286 - __main__ - INFO - Running scheduled data update
2025-05-14 12:30:08,286 - __main__ - INFO - Updating cryptocurrency data for: bitcoin
2025-05-14 12:30:08,286 - data_processor - INFO - Starting data update for coins: bitcoin
2025-05-14 12:30:10,274 - api - INFO - Using cached historical data for bitcoin
2025-05-14 12:30:10,275 - api - INFO - Loaded 3892 records from cache, date range: 2014-09-17 00:00:00+00:00 to 2025-05-13 00:00:00+00:00
2025-05-14 12:30:10,275 - data_processor - INFO - Successfully retrieved historical data for bitcoin: 3892 records
2025-05-14 12:30:10,280 - data_processor - INFO - Historical data for bitcoin: 3892 records from 2014-09-17 00:00:00+00:00 to 2025-05-13 00:00:00+00:00
2025-05-14 12:30:10,281 - data_processor - INFO - Columns available: ['date', 'open', 'high', 'low', 'close', 'volume', 'price']
2025-05-14 12:30:10,281 - data_processor - INFO - Building date-price lookup for bitcoin from 2014-09-17 00:00:00+00:00 to 2025-05-13 00:00:00+00:00
2025-05-14 12:30:10,430 - data_processor - INFO - Added 3892 date-price entries for bitcoin
2025-05-14 12:30:10,430 - data_processor - INFO - Built date-price lookup for 1 coins
2025-05-14 12:30:10,645 - api - INFO - Using cached market data for bitcoin
2025-05-14 12:30:10,645 - api - INFO - Successfully fetched market data for 1 coins
2025-05-14 12:30:10,648 - api - INFO - Using cached news data for bitcoin
2025-05-14 12:30:10,648 - data_processor - INFO - Performing sentiment analysis on 19 news articles
2025-05-14 12:30:10,666 - data_processor - INFO - Sentiment analysis complete: positive (0.06)
2025-05-14 12:30:10,666 - data_processor - INFO - Performing technical analysis for bitcoin
2025-05-14 12:30:10,697 - data_processor - ERROR - Error updating technical analysis: '<' not supported between instances of 'str' and 'int'
2025-05-14 12:30:10,697 - data_processor - INFO - All data updated at 2025-05-14 12:30:10.697068
2025-05-14 12:31:14,471 - vector_store - INFO - Vector store updated with 28 documents at 2025-05-14 12:31:14
2025-05-14 12:31:14,471 - vector_store - INFO - Added 30 new chunks to the vector store
2025-05-14 12:31:14,476 - vector_store - INFO - Vector store saved to faiss_index
2025-05-14 12:31:14,476 - __main__ - INFO - Data update complete
2025-05-14 12:33:24,988 - werkzeug - INFO - 10.172.72.99 - - [14/May/2025 12:33:24] "POST /api/ask HTTP/1.1" 200 -
2025-05-14 12:33:42,975 - vector_store - INFO - Question answered in 10.94 seconds
2025-05-14 12:33:42,975 - vector_store - INFO - Successfully answered question: what is the bitcoine price for yesterday...
2025-05-14 12:33:42,975 - werkzeug - INFO - 10.172.72.99 - - [14/May/2025 12:33:42] "POST /api/ask HTTP/1.1" 200 -
2025-05-14 12:36:14,522 - __main__ - INFO - Running scheduled data update
2025-05-14 12:36:14,522 - __main__ - INFO - Updating cryptocurrency data for: bitcoin
2025-05-14 12:36:14,523 - data_processor - INFO - Starting data update for coins: bitcoin
2025-05-14 12:36:16,658 - api - INFO - Using cached historical data for bitcoin
2025-05-14 12:36:16,664 - api - INFO - Loaded 3892 records from cache, date range: 2014-09-17 00:00:00+00:00 to 2025-05-13 00:00:00+00:00
2025-05-14 12:36:16,664 - data_processor - INFO - Successfully retrieved historical data for bitcoin: 3892 records
2025-05-14 12:36:16,665 - data_processor - INFO - Historical data for bitcoin: 3892 records from 2014-09-17 00:00:00+00:00 to 2025-05-13 00:00:00+00:00
2025-05-14 12:36:16,665 - data_processor - INFO - Columns available: ['date', 'open', 'high', 'low', 'close', 'volume', 'price']
2025-05-14 12:36:16,666 - data_processor - INFO - Building date-price lookup for bitcoin from 2014-09-17 00:00:00+00:00 to 2025-05-13 00:00:00+00:00
2025-05-14 12:36:16,835 - data_processor - INFO - Added 3892 date-price entries for bitcoin
2025-05-14 12:36:16,835 - data_processor - INFO - Built date-price lookup for 1 coins
2025-05-14 12:36:17,050 - api - INFO - Using cached market data for bitcoin
2025-05-14 12:36:17,050 - api - INFO - Successfully fetched market data for 1 coins
2025-05-14 12:36:17,061 - api - INFO - Using cached news data for bitcoin
2025-05-14 12:36:17,061 - data_processor - INFO - Performing sentiment analysis on 19 news articles
2025-05-14 12:36:17,071 - data_processor - INFO - Sentiment analysis complete: positive (0.06)
2025-05-14 12:36:17,071 - data_processor - INFO - Performing technical analysis for bitcoin
2025-05-14 12:36:17,104 - data_processor - ERROR - Error updating technical analysis: '<' not supported between instances of 'str' and 'int'
2025-05-14 12:36:17,104 - data_processor - INFO - All data updated at 2025-05-14 12:36:17.104807
2025-05-14 12:37:20,560 - vector_store - INFO - Vector store updated with 28 documents at 2025-05-14 12:37:20
2025-05-14 12:37:20,560 - vector_store - INFO - Added 30 new chunks to the vector store
2025-05-14 12:37:20,564 - vector_store - INFO - Vector store saved to faiss_index
2025-05-14 12:37:20,564 - __main__ - INFO - Data update complete
2025-05-14 12:42:20,678 - __main__ - INFO - Running scheduled data update
2025-05-14 12:42:20,678 - __main__ - INFO - Updating cryptocurrency data for: bitcoin
2025-05-14 12:42:20,678 - data_processor - INFO - Starting data update for coins: bitcoin
2025-05-14 12:42:23,701 - api - INFO - Using cached historical data for bitcoin
2025-05-14 12:42:23,707 - api - INFO - Loaded 3892 records from cache, date range: 2014-09-17 00:00:00+00:00 to 2025-05-13 00:00:00+00:00
2025-05-14 12:42:23,707 - data_processor - INFO - Successfully retrieved historical data for bitcoin: 3892 records
2025-05-14 12:42:23,708 - data_processor - INFO - Historical data for bitcoin: 3892 records from 2014-09-17 00:00:00+00:00 to 2025-05-13 00:00:00+00:00
2025-05-14 12:42:23,708 - data_processor - INFO - Columns available: ['date', 'open', 'high', 'low', 'close', 'volume', 'price']
2025-05-14 12:42:23,709 - data_processor - INFO - Building date-price lookup for bitcoin from 2014-09-17 00:00:00+00:00 to 2025-05-13 00:00:00+00:00
2025-05-14 12:42:23,893 - data_processor - INFO - Added 3892 date-price entries for bitcoin
2025-05-14 12:42:23,893 - data_processor - INFO - Built date-price lookup for 1 coins
2025-05-14 12:42:24,120 - api - INFO - Using cached market data for bitcoin
2025-05-14 12:42:24,121 - api - INFO - Successfully fetched market data for 1 coins
2025-05-14 12:42:24,133 - api - INFO - Using cached news data for bitcoin
2025-05-14 12:42:24,133 - data_processor - INFO - Performing sentiment analysis on 19 news articles
2025-05-14 12:42:24,145 - data_processor - INFO - Sentiment analysis complete: positive (0.06)
2025-05-14 12:42:24,146 - data_processor - INFO - Performing technical analysis for bitcoin
2025-05-14 12:42:24,178 - data_processor - ERROR - Error updating technical analysis: '<' not supported between instances of 'str' and 'int'
2025-05-14 12:42:24,178 - data_processor - INFO - All data updated at 2025-05-14 12:42:24.178316
2025-05-14 12:50:25,918 - utils - INFO - Created templates directory with enhanced index.html
2025-05-14 12:50:26,064 - __main__ - INFO - Initializing Crypto Assistant...
2025-05-14 12:50:26,127 - faiss.loader - INFO - Loading faiss with AVX2 support.
2025-05-14 12:50:26,146 - faiss.loader - INFO - Successfully loaded faiss with AVX2 support.
2025-05-14 12:50:26,179 - vector_store - INFO - Vector store loaded from faiss_index
2025-05-14 12:50:26,179 - vector_store - INFO - Date-price lookup loaded successfully
2025-05-14 12:50:26,179 - vector_store - WARNING - Date-price lookup appears empty after loading
2025-05-14 12:50:26,181 - vector_store - INFO - Enhanced QA chain initialized with multi-query retrieval and metadata filtering
2025-05-14 12:50:26,182 - __main__ - INFO - Date-price lookup initialized from historical data
2025-05-14 12:50:26,182 - __main__ - INFO - Starting scheduled updates every 5 minutes
2025-05-14 12:50:26,182 - __main__ - INFO - Started scheduled updates every 5 minutes
2025-05-14 12:50:26,190 - werkzeug - INFO - [31m[1mWARNING: This is a development server. Do not use it in a production deployment. Use a production WSGI server instead.[0m
 * Running on all addresses (0.0.0.0)
 * Running on http://127.0.0.1:5000
 * Running on http://10.172.72.99:5000
2025-05-14 12:50:26,190 - werkzeug - INFO - [33mPress CTRL+C to quit[0m
2025-05-14 12:50:34,982 - werkzeug - INFO - 10.172.72.99 - - [14/May/2025 12:50:34] "GET / HTTP/1.1" 200 -
2025-05-14 12:50:35,030 - werkzeug - INFO - 10.172.72.99 - - [14/May/2025 12:50:35] "[33mGET /favicon.ico HTTP/1.1[0m" 404 -
2025-05-14 12:50:48,644 - vector_store - WARNING - Data might be outdated. Last update was: Never
2025-05-14 12:50:48,645 - data_processor - WARNING - No price data available for bitcoin
2025-05-14 12:50:48,646 - werkzeug - INFO - 10.172.72.99 - - [14/May/2025 12:50:48] "POST /api/ask HTTP/1.1" 200 -
2025-05-14 12:50:55,057 - __main__ - INFO - Updating cryptocurrency data for: bitcoin
2025-05-14 12:50:55,057 - data_processor - INFO - Starting data update for coins: bitcoin
2025-05-14 12:50:58,025 - api - INFO - Using cached historical data for bitcoin
2025-05-14 12:50:58,030 - api - INFO - Loaded 3892 records from cache, date range: 2014-09-17 00:00:00+00:00 to 2025-05-13 00:00:00+00:00
2025-05-14 12:50:58,030 - data_processor - INFO - Successfully retrieved historical data for bitcoin: 3892 records
2025-05-14 12:50:58,031 - data_processor - INFO - Historical data for bitcoin: 3892 records from 2014-09-17 00:00:00+00:00 to 2025-05-13 00:00:00+00:00
2025-05-14 12:50:58,031 - data_processor - INFO - Columns available: ['date', 'open', 'high', 'low', 'close', 'volume', 'price']
2025-05-14 12:50:58,032 - data_processor - INFO - Building date-price lookup for bitcoin from 2014-09-17 00:00:00+00:00 to 2025-05-13 00:00:00+00:00
2025-05-14 12:50:58,196 - data_processor - INFO - Added 3892 date-price entries for bitcoin
2025-05-14 12:50:58,197 - data_processor - INFO - Built date-price lookup for 1 coins
2025-05-14 12:51:04,329 - api - INFO - Successfully fetched market data for 1 coins
2025-05-14 12:51:04,494 - api - INFO - Successfully fetched 19 news articles
2025-05-14 12:51:04,496 - data_processor - INFO - Performing sentiment analysis on 19 news articles
2025-05-14 12:51:04,506 - data_processor - INFO - Sentiment analysis complete: positive (0.07)
2025-05-14 12:51:04,506 - data_processor - INFO - Performing technical analysis for bitcoin
2025-05-14 12:51:04,544 - data_processor - ERROR - Error updating technical analysis: '<' not supported between instances of 'str' and 'int'
2025-05-14 12:51:04,544 - data_processor - INFO - All data updated at 2025-05-14 12:51:04.544053
2025-05-14 12:51:33,619 - vector_store - INFO - Question answered in 11.51 seconds
2025-05-14 12:51:33,619 - vector_store - INFO - Successfully answered question: what is the bitcoin price on 2025 march 12...
2025-05-14 12:51:33,620 - werkzeug - INFO - 10.172.72.99 - - [14/May/2025 12:51:33] "POST /api/ask HTTP/1.1" 200 -
2025-05-14 12:52:12,433 - utils - INFO - Created templates directory with enhanced index.html
2025-05-14 12:52:12,593 - __main__ - INFO - Initializing Crypto Assistant...
2025-05-14 12:52:12,649 - faiss.loader - INFO - Loading faiss with AVX2 support.
2025-05-14 12:52:12,672 - faiss.loader - INFO - Successfully loaded faiss with AVX2 support.
2025-05-14 12:52:12,681 - vector_store - INFO - Vector store loaded from faiss_index
2025-05-14 12:52:12,682 - vector_store - INFO - Enhanced QA chain initialized with multi-query retrieval and metadata filtering
2025-05-14 12:52:12,682 - __main__ - INFO - Date-price lookup initialized from historical data
2025-05-14 12:52:12,683 - __main__ - INFO - Starting scheduled updates every 5 minutes
2025-05-14 12:52:12,683 - __main__ - INFO - Started scheduled updates every 5 minutes
2025-05-14 12:52:12,691 - werkzeug - INFO - [31m[1mWARNING: This is a development server. Do not use it in a production deployment. Use a production WSGI server instead.[0m
 * Running on all addresses (0.0.0.0)
 * Running on http://127.0.0.1:5000
 * Running on http://10.172.72.99:5000
2025-05-14 12:52:12,691 - werkzeug - INFO - [33mPress CTRL+C to quit[0m
2025-05-14 12:52:15,879 - werkzeug - INFO - 10.172.72.99 - - [14/May/2025 12:52:15] "GET / HTTP/1.1" 200 -
2025-05-14 12:52:16,062 - werkzeug - INFO - 10.172.72.99 - - [14/May/2025 12:52:16] "[33mGET /favicon.ico HTTP/1.1[0m" 404 -
2025-05-14 12:52:25,460 - vector_store - WARNING - Data might be outdated. Last update was: Never
2025-05-14 12:52:25,463 - data_processor - WARNING - No price data available for bitcoin
2025-05-14 12:52:25,464 - werkzeug - INFO - 10.172.72.99 - - [14/May/2025 12:52:25] "POST /api/ask HTTP/1.1" 200 -
2025-05-14 12:52:27,551 - __main__ - INFO - Updating cryptocurrency data for: bitcoin
2025-05-14 12:52:27,551 - data_processor - INFO - Starting data update for coins: bitcoin
2025-05-14 12:52:27,565 - api - INFO - Using cached price data for bitcoin
2025-05-14 12:52:29,826 - api - INFO - Using cached historical data for bitcoin
2025-05-14 12:52:29,831 - api - INFO - Loaded 3892 records from cache, date range: 2014-09-17 00:00:00+00:00 to 2025-05-13 00:00:00+00:00
2025-05-14 12:52:29,832 - data_processor - INFO - Successfully retrieved historical data for bitcoin: 3892 records
2025-05-14 12:52:29,832 - data_processor - INFO - Historical data for bitcoin: 3892 records from 2014-09-17 00:00:00+00:00 to 2025-05-13 00:00:00+00:00
2025-05-14 12:52:29,832 - data_processor - INFO - Columns available: ['date', 'open', 'high', 'low', 'close', 'volume', 'price']
2025-05-14 12:52:29,833 - data_processor - INFO - Building date-price lookup for bitcoin from 2014-09-17 00:00:00+00:00 to 2025-05-13 00:00:00+00:00
2025-05-14 12:52:30,005 - data_processor - INFO - Added 3892 date-price entries for bitcoin
2025-05-14 12:52:30,005 - data_processor - INFO - Built date-price lookup for 1 coins
2025-05-14 12:52:30,262 - api - INFO - Using cached market data for bitcoin
2025-05-14 12:52:30,262 - api - INFO - Successfully fetched market data for 1 coins
2025-05-14 12:52:30,293 - api - INFO - Using cached news data for bitcoin
2025-05-14 12:52:30,293 - data_processor - INFO - Performing sentiment analysis on 19 news articles
2025-05-14 12:52:30,304 - data_processor - INFO - Sentiment analysis complete: positive (0.07)
2025-05-14 12:52:30,305 - data_processor - INFO - Performing technical analysis for bitcoin
2025-05-14 12:52:30,341 - data_processor - ERROR - Error updating technical analysis: '<' not supported between instances of 'str' and 'int'
2025-05-14 12:52:30,342 - data_processor - INFO - All data updated at 2025-05-14 12:52:30.342587
2025-05-14 12:52:50,532 - werkzeug - INFO - 10.172.72.99 - - [14/May/2025 12:52:50] "POST /api/ask HTTP/1.1" 200 -
2025-05-14 12:53:33,836 - vector_store - INFO - Vector store updated with 28 documents at 2025-05-14 12:53:33
2025-05-14 12:53:33,836 - vector_store - INFO - Added 30 new chunks to the vector store
2025-05-14 12:53:33,841 - vector_store - INFO - Vector store saved to faiss_index
2025-05-14 12:53:33,841 - __main__ - INFO - Data update complete
2025-05-14 12:53:33,841 - werkzeug - INFO - 10.172.72.99 - - [14/May/2025 12:53:33] "POST /api/update HTTP/1.1" 200 -
2025-05-14 12:53:34,356 - werkzeug - INFO - 10.172.72.99 - - [14/May/2025 12:53:34] "GET /api/summary HTTP/1.1" 200 -
2025-05-14 12:54:22,200 - vector_store - INFO - Question answered in 11.68 seconds
2025-05-14 12:54:22,200 - vector_store - INFO - Successfully answered question: what is the bitcoin trend for march 2019...
2025-05-14 12:54:22,200 - werkzeug - INFO - 10.172.72.99 - - [14/May/2025 12:54:22] "POST /api/ask HTTP/1.1" 200 -
2025-05-14 12:55:46,615 - vector_store - INFO - Question answered in 19.71 seconds
2025-05-14 12:55:46,615 - vector_store - INFO - Successfully answered question: what is the bitcoin trend for 2019...
2025-05-14 12:55:46,616 - werkzeug - INFO - 10.172.72.99 - - [14/May/2025 12:55:46] "POST /api/ask HTTP/1.1" 200 -
2025-05-14 12:56:25,532 - vector_store - INFO - Question answered in 18.94 seconds
2025-05-14 12:56:25,532 - vector_store - INFO - Successfully answered question: what is the bitcoin data for 10 days back...
2025-05-14 12:56:25,532 - werkzeug - INFO - 10.172.72.99 - - [14/May/2025 12:56:25] "POST /api/ask HTTP/1.1" 200 -
2025-05-14 12:57:12,819 - __main__ - INFO - Running scheduled data update
2025-05-14 12:57:12,819 - __main__ - INFO - Updating cryptocurrency data for: bitcoin
2025-05-14 12:57:12,820 - data_processor - INFO - Starting data update for coins: bitcoin
2025-05-14 12:57:15,190 - api - INFO - Using cached historical data for bitcoin
2025-05-14 12:57:15,195 - api - INFO - Loaded 3892 records from cache, date range: 2014-09-17 00:00:00+00:00 to 2025-05-13 00:00:00+00:00
2025-05-14 12:57:15,195 - data_processor - INFO - Successfully retrieved historical data for bitcoin: 3892 records
2025-05-14 12:57:15,196 - data_processor - INFO - Historical data for bitcoin: 3892 records from 2014-09-17 00:00:00+00:00 to 2025-05-13 00:00:00+00:00
2025-05-14 12:57:15,196 - data_processor - INFO - Columns available: ['date', 'open', 'high', 'low', 'close', 'volume', 'price']
2025-05-14 12:57:15,197 - data_processor - INFO - Building date-price lookup for bitcoin from 2014-09-17 00:00:00+00:00 to 2025-05-13 00:00:00+00:00
2025-05-14 12:57:15,391 - data_processor - INFO - Added 3892 date-price entries for bitcoin
2025-05-14 12:57:15,392 - data_processor - INFO - Built date-price lookup for 1 coins
2025-05-14 12:57:15,681 - api - INFO - Using cached market data for bitcoin
2025-05-14 12:57:15,682 - api - INFO - Successfully fetched market data for 1 coins
2025-05-14 12:57:15,695 - api - INFO - Using cached news data for bitcoin
2025-05-14 12:57:15,695 - data_processor - INFO - Performing sentiment analysis on 19 news articles
2025-05-14 12:57:15,707 - data_processor - INFO - Sentiment analysis complete: positive (0.07)
2025-05-14 12:57:15,708 - data_processor - INFO - Performing technical analysis for bitcoin
2025-05-14 12:57:15,741 - data_processor - ERROR - Error updating technical analysis: '<' not supported between instances of 'str' and 'int'
2025-05-14 12:57:15,742 - data_processor - INFO - All data updated at 2025-05-14 12:57:15.742785
2025-05-14 12:57:18,575 - vector_store - INFO - Question answered in 14.16 seconds
2025-05-14 12:57:18,575 - vector_store - INFO - Successfully answered question: what is the exact price for bitcoin for 10days bac...
2025-05-14 12:57:18,576 - werkzeug - INFO - 10.172.72.99 - - [14/May/2025 12:57:18] "POST /api/ask HTTP/1.1" 200 -
2025-05-14 12:58:19,099 - vector_store - INFO - Vector store updated with 28 documents at 2025-05-14 12:58:19
2025-05-14 12:58:19,100 - vector_store - INFO - Added 30 new chunks to the vector store
2025-05-14 12:58:19,104 - vector_store - INFO - Vector store saved to faiss_index
2025-05-14 12:58:19,104 - __main__ - INFO - Data update complete
2025-05-14 13:03:19,686 - __main__ - INFO - Running scheduled data update
2025-05-14 13:03:19,686 - __main__ - INFO - Updating cryptocurrency data for: bitcoin
2025-05-14 13:03:19,686 - data_processor - INFO - Starting data update for coins: bitcoin
2025-05-14 13:03:21,912 - api - INFO - Using cached historical data for bitcoin
2025-05-14 13:03:21,918 - api - INFO - Loaded 3892 records from cache, date range: 2014-09-17 00:00:00+00:00 to 2025-05-13 00:00:00+00:00
2025-05-14 13:03:21,919 - data_processor - INFO - Successfully retrieved historical data for bitcoin: 3892 records
2025-05-14 13:03:21,919 - data_processor - INFO - Historical data for bitcoin: 3892 records from 2014-09-17 00:00:00+00:00 to 2025-05-13 00:00:00+00:00
2025-05-14 13:03:21,919 - data_processor - INFO - Columns available: ['date', 'open', 'high', 'low', 'close', 'volume', 'price']
2025-05-14 13:03:21,920 - data_processor - INFO - Building date-price lookup for bitcoin from 2014-09-17 00:00:00+00:00 to 2025-05-13 00:00:00+00:00
2025-05-14 13:03:22,090 - data_processor - INFO - Added 3892 date-price entries for bitcoin
2025-05-14 13:03:22,090 - data_processor - INFO - Built date-price lookup for 1 coins
2025-05-14 13:03:22,312 - api - INFO - Using cached market data for bitcoin
2025-05-14 13:03:22,313 - api - INFO - Successfully fetched market data for 1 coins
2025-05-14 13:03:22,324 - api - INFO - Using cached news data for bitcoin
2025-05-14 13:03:22,324 - data_processor - INFO - Performing sentiment analysis on 19 news articles
2025-05-14 13:03:22,334 - data_processor - INFO - Sentiment analysis complete: positive (0.07)
2025-05-14 13:03:22,335 - data_processor - INFO - Performing technical analysis for bitcoin
2025-05-14 13:03:22,365 - data_processor - ERROR - Error updating technical analysis: '<' not supported between instances of 'str' and 'int'
2025-05-14 13:03:22,366 - data_processor - INFO - All data updated at 2025-05-14 13:03:22.365068
2025-05-14 13:04:26,516 - vector_store - INFO - Vector store updated with 28 documents at 2025-05-14 13:04:26
2025-05-14 13:04:26,516 - vector_store - INFO - Added 30 new chunks to the vector store
2025-05-14 13:04:26,520 - vector_store - INFO - Vector store saved to faiss_index
2025-05-14 13:04:26,520 - __main__ - INFO - Data update complete
2025-05-14 13:09:27,206 - __main__ - INFO - Running scheduled data update
2025-05-14 13:09:27,206 - __main__ - INFO - Updating cryptocurrency data for: bitcoin
2025-05-14 13:09:27,206 - data_processor - INFO - Starting data update for coins: bitcoin
2025-05-14 13:09:29,193 - api - INFO - Using cached historical data for bitcoin
2025-05-14 13:09:29,193 - api - INFO - Loaded 3892 records from cache, date range: 2014-09-17 00:00:00+00:00 to 2025-05-13 00:00:00+00:00
2025-05-14 13:09:29,193 - data_processor - INFO - Successfully retrieved historical data for bitcoin: 3892 records
2025-05-14 13:09:29,193 - data_processor - INFO - Historical data for bitcoin: 3892 records from 2014-09-17 00:00:00+00:00 to 2025-05-13 00:00:00+00:00
2025-05-14 13:09:29,193 - data_processor - INFO - Columns available: ['date', 'open', 'high', 'low', 'close', 'volume', 'price']
2025-05-14 13:09:29,200 - data_processor - INFO - Building date-price lookup for bitcoin from 2014-09-17 00:00:00+00:00 to 2025-05-13 00:00:00+00:00
2025-05-14 13:09:29,346 - data_processor - INFO - Added 3892 date-price entries for bitcoin
2025-05-14 13:09:29,347 - data_processor - INFO - Built date-price lookup for 1 coins
2025-05-14 13:09:29,559 - api - INFO - Using cached market data for bitcoin
2025-05-14 13:09:29,559 - api - INFO - Successfully fetched market data for 1 coins
2025-05-14 13:09:29,570 - api - INFO - Using cached news data for bitcoin
2025-05-14 13:09:29,571 - data_processor - INFO - Performing sentiment analysis on 19 news articles
2025-05-14 13:09:29,580 - data_processor - INFO - Sentiment analysis complete: positive (0.07)
2025-05-14 13:09:29,580 - data_processor - INFO - Performing technical analysis for bitcoin
2025-05-14 13:09:29,605 - data_processor - ERROR - Error updating technical analysis: '<' not supported between instances of 'str' and 'int'
2025-05-14 13:09:29,605 - data_processor - INFO - All data updated at 2025-05-14 13:09:29.605920
2025-05-14 13:09:48,433 - utils - INFO - Created templates directory with enhanced index.html
2025-05-14 13:09:48,569 - __main__ - INFO - Initializing Crypto Assistant...
2025-05-14 13:09:48,637 - faiss.loader - INFO - Loading faiss with AVX2 support.
2025-05-14 13:09:48,654 - faiss.loader - INFO - Successfully loaded faiss with AVX2 support.
2025-05-14 13:09:48,687 - vector_store - INFO - Vector store loaded from faiss_index
2025-05-14 13:09:48,687 - vector_store - INFO - Enhanced QA chain initialized with multi-query retrieval and metadata filtering
2025-05-14 13:09:48,687 - __main__ - INFO - Fetching historical data during initialization...
2025-05-14 13:09:50,421 - api - INFO - Using cached historical data for bitcoin
2025-05-14 13:09:50,440 - api - INFO - Loaded 3892 records from cache, date range: 2014-09-17 00:00:00+00:00 to 2025-05-13 00:00:00+00:00
2025-05-14 13:09:50,440 - __main__ - INFO - Successfully retrieved historical data for bitcoin: 3892 records
2025-05-14 13:09:50,440 - api - INFO - Fetching data for ethereum using ticker ETH-USD
2025-05-14 13:09:50,848 - api - INFO - Retrieved 2743 records from 2017-11-09 00:00:00+00:00 to 2025-05-13 00:00:00+00:00
2025-05-14 13:09:50,916 - __main__ - INFO - Successfully retrieved historical data for ethereum: 2743 records
2025-05-14 13:09:50,916 - data_processor - INFO - Building date-price lookup for bitcoin from 2014-09-17 00:00:00+00:00 to 2025-05-13 00:00:00+00:00
2025-05-14 13:09:51,057 - data_processor - INFO - Added 3892 date-price entries for bitcoin
2025-05-14 13:09:51,057 - data_processor - INFO - Building date-price lookup for ethereum from 2017-11-09 00:00:00+00:00 to 2025-05-13 00:00:00+00:00
2025-05-14 13:09:51,161 - data_processor - INFO - Added 2743 date-price entries for ethereum
2025-05-14 13:09:51,161 - __main__ - INFO - Date-price lookup built from historical data
2025-05-14 13:09:51,161 - __main__ - INFO - Crypto Assistant initialized successfully
2025-05-14 13:09:51,162 - __main__ - INFO - Starting scheduled updates every 5 minutes
2025-05-14 13:09:51,162 - __main__ - INFO - Started scheduled updates every 5 minutes
2025-05-14 13:09:51,170 - werkzeug - INFO - [31m[1mWARNING: This is a development server. Do not use it in a production deployment. Use a production WSGI server instead.[0m
 * Running on all addresses (0.0.0.0)
 * Running on http://127.0.0.1:5000
 * Running on http://10.172.72.99:5000
2025-05-14 13:09:51,170 - werkzeug - INFO - [33mPress CTRL+C to quit[0m
2025-05-14 13:10:00,755 - werkzeug - INFO - 10.172.72.99 - - [14/May/2025 13:10:00] "GET / HTTP/1.1" 200 -
2025-05-14 13:10:00,838 - werkzeug - INFO - 10.172.72.99 - - [14/May/2025 13:10:00] "[33mGET /favicon.ico HTTP/1.1[0m" 404 -
2025-05-14 13:10:10,466 - vector_store - WARNING - Data might be outdated. Last update was: Never
2025-05-14 13:10:10,469 - werkzeug - INFO - 10.172.72.99 - - [14/May/2025 13:10:10] "POST /api/ask HTTP/1.1" 200 -
2025-05-14 13:10:21,963 - vector_store - WARNING - Data might be outdated. Last update was: Never
2025-05-14 13:10:33,471 - vector_store - INFO - Question answered in 11.50 seconds
2025-05-14 13:10:33,471 - vector_store - INFO - Successfully answered question: what is the bitcoin data for april 2018...
2025-05-14 13:10:33,471 - werkzeug - INFO - 10.172.72.99 - - [14/May/2025 13:10:33] "POST /api/ask HTTP/1.1" 200 -
2025-05-14 13:10:44,545 - vector_store - WARNING - Data might be outdated. Last update was: Never
2025-05-14 13:10:44,547 - werkzeug - INFO - 10.172.72.99 - - [14/May/2025 13:10:44] "POST /api/ask HTTP/1.1" 200 -
2025-05-14 13:10:57,961 - vector_store - WARNING - Data might be outdated. Last update was: Never
2025-05-14 13:11:09,269 - vector_store - INFO - Question answered in 11.31 seconds
2025-05-14 13:11:09,269 - vector_store - INFO - Successfully answered question: what is the bitcoin price for yesterday...
2025-05-14 13:11:09,269 - werkzeug - INFO - 10.172.72.99 - - [14/May/2025 13:11:09] "POST /api/ask HTTP/1.1" 200 -
2025-05-14 13:11:17,379 - vector_store - WARNING - Data might be outdated. Last update was: Never
2025-05-14 13:11:28,819 - vector_store - INFO - Question answered in 11.44 seconds
2025-05-14 13:11:28,819 - vector_store - INFO - Successfully answered question: what is the bitcoin price for 2 days back...
2025-05-14 13:11:28,819 - werkzeug - INFO - 10.172.72.99 - - [14/May/2025 13:11:28] "POST /api/ask HTTP/1.1" 200 -
2025-05-14 13:14:51,417 - __main__ - INFO - Running scheduled data update
2025-05-14 13:14:51,417 - __main__ - INFO - Updating cryptocurrency data for: bitcoin
2025-05-14 13:14:51,418 - data_processor - INFO - Starting data update for coins: bitcoin
2025-05-14 13:14:53,639 - api - INFO - Using cached historical data for bitcoin
2025-05-14 13:14:53,644 - api - INFO - Loaded 3892 records from cache, date range: 2014-09-17 00:00:00+00:00 to 2025-05-13 00:00:00+00:00
2025-05-14 13:14:53,645 - data_processor - INFO - Successfully retrieved historical data for bitcoin: 3892 records
2025-05-14 13:14:53,645 - data_processor - INFO - Historical data for bitcoin: 3892 records from 2014-09-17 00:00:00+00:00 to 2025-05-13 00:00:00+00:00
2025-05-14 13:14:53,645 - data_processor - INFO - Columns available: ['date', 'open', 'high', 'low', 'close', 'volume', 'price']
2025-05-14 13:14:53,646 - data_processor - INFO - Historical data for ethereum: 2743 records from 2017-11-09 00:00:00+00:00 to 2025-05-13 00:00:00+00:00
2025-05-14 13:14:53,646 - data_processor - INFO - Columns available: ['date', 'open', 'high', 'low', 'close', 'volume', 'price']
2025-05-14 13:14:53,647 - data_processor - INFO - Building date-price lookup for bitcoin from 2014-09-17 00:00:00+00:00 to 2025-05-13 00:00:00+00:00
2025-05-14 13:14:53,808 - data_processor - INFO - Added 3892 date-price entries for bitcoin
2025-05-14 13:14:53,809 - data_processor - INFO - Building date-price lookup for ethereum from 2017-11-09 00:00:00+00:00 to 2025-05-13 00:00:00+00:00
2025-05-14 13:14:53,923 - data_processor - INFO - Added 2743 date-price entries for ethereum
2025-05-14 13:14:53,923 - data_processor - INFO - Built date-price lookup for 1 coins
2025-05-14 13:14:54,146 - api - INFO - Using cached market data for bitcoin
2025-05-14 13:14:54,146 - api - INFO - Successfully fetched market data for 1 coins
2025-05-14 13:14:54,158 - api - INFO - Using cached news data for bitcoin
2025-05-14 13:14:54,158 - data_processor - INFO - Performing sentiment analysis on 19 news articles
2025-05-14 13:14:54,170 - data_processor - INFO - Sentiment analysis complete: positive (0.07)
2025-05-14 13:14:54,171 - data_processor - INFO - Performing technical analysis for bitcoin
2025-05-14 13:14:54,203 - data_processor - ERROR - Error updating technical analysis: '<' not supported between instances of 'str' and 'int'
2025-05-14 13:14:54,203 - data_processor - INFO - All data updated at 2025-05-14 13:14:54.203234
2025-05-14 13:16:10,208 - vector_store - INFO - Vector store updated with 33 documents at 2025-05-14 13:16:10
2025-05-14 13:16:10,210 - vector_store - INFO - Added 36 new chunks to the vector store
2025-05-14 13:16:10,214 - vector_store - INFO - Vector store saved to faiss_index
2025-05-14 13:16:10,215 - __main__ - INFO - Data update complete
2025-05-14 13:21:10,266 - __main__ - INFO - Running scheduled data update
2025-05-14 13:21:10,267 - __main__ - INFO - Updating cryptocurrency data for: bitcoin
2025-05-14 13:21:10,267 - data_processor - INFO - Starting data update for coins: bitcoin
2025-05-14 13:21:13,531 - api - INFO - Using cached historical data for bitcoin
2025-05-14 13:21:13,536 - api - INFO - Loaded 3892 records from cache, date range: 2014-09-17 00:00:00+00:00 to 2025-05-13 00:00:00+00:00
2025-05-14 13:21:13,536 - data_processor - INFO - Successfully retrieved historical data for bitcoin: 3892 records
2025-05-14 13:21:13,537 - data_processor - INFO - Historical data for bitcoin: 3892 records from 2014-09-17 00:00:00+00:00 to 2025-05-13 00:00:00+00:00
2025-05-14 13:21:13,537 - data_processor - INFO - Columns available: ['date', 'open', 'high', 'low', 'close', 'volume', 'price']
2025-05-14 13:21:13,538 - data_processor - INFO - Historical data for ethereum: 2743 records from 2017-11-09 00:00:00+00:00 to 2025-05-13 00:00:00+00:00
2025-05-14 13:21:13,538 - data_processor - INFO - Columns available: ['date', 'open', 'high', 'low', 'close', 'volume', 'price']
2025-05-14 13:21:13,538 - data_processor - INFO - Building date-price lookup for bitcoin from 2014-09-17 00:00:00+00:00 to 2025-05-13 00:00:00+00:00
2025-05-14 13:21:13,715 - data_processor - INFO - Added 3892 date-price entries for bitcoin
2025-05-14 13:21:13,716 - data_processor - INFO - Building date-price lookup for ethereum from 2017-11-09 00:00:00+00:00 to 2025-05-13 00:00:00+00:00
2025-05-14 13:21:13,833 - data_processor - INFO - Added 2743 date-price entries for ethereum
2025-05-14 13:21:13,834 - data_processor - INFO - Built date-price lookup for 1 coins
2025-05-14 13:21:20,148 - api - INFO - Successfully fetched market data for 1 coins
2025-05-14 13:21:20,600 - api - INFO - Successfully fetched 19 news articles
2025-05-14 13:21:20,603 - data_processor - INFO - Performing sentiment analysis on 19 news articles
2025-05-14 13:21:20,614 - data_processor - INFO - Sentiment analysis complete: positive (0.07)
2025-05-14 13:21:20,614 - data_processor - INFO - Performing technical analysis for bitcoin
2025-05-14 13:21:20,646 - data_processor - ERROR - Error updating technical analysis: '<' not supported between instances of 'str' and 'int'
2025-05-14 13:21:20,647 - data_processor - INFO - All data updated at 2025-05-14 13:21:20.647725
2025-05-14 13:22:36,745 - vector_store - INFO - Vector store updated with 33 documents at 2025-05-14 13:22:36
2025-05-14 13:22:36,746 - vector_store - INFO - Added 36 new chunks to the vector store
2025-05-14 13:22:36,751 - vector_store - INFO - Vector store saved to faiss_index
2025-05-14 13:22:36,751 - __main__ - INFO - Data update complete
2025-05-14 13:27:37,710 - __main__ - INFO - Running scheduled data update
2025-05-14 13:27:37,710 - __main__ - INFO - Updating cryptocurrency data for: bitcoin
2025-05-14 13:27:37,711 - data_processor - INFO - Starting data update for coins: bitcoin
2025-05-14 13:27:39,853 - api - INFO - Using cached historical data for bitcoin
2025-05-14 13:27:39,858 - api - INFO - Loaded 3892 records from cache, date range: 2014-09-17 00:00:00+00:00 to 2025-05-13 00:00:00+00:00
2025-05-14 13:27:39,859 - data_processor - INFO - Successfully retrieved historical data for bitcoin: 3892 records
2025-05-14 13:27:39,860 - data_processor - INFO - Historical data for bitcoin: 3892 records from 2014-09-17 00:00:00+00:00 to 2025-05-13 00:00:00+00:00
2025-05-14 13:27:39,860 - data_processor - INFO - Columns available: ['date', 'open', 'high', 'low', 'close', 'volume', 'price']
2025-05-14 13:27:39,860 - data_processor - INFO - Historical data for ethereum: 2743 records from 2017-11-09 00:00:00+00:00 to 2025-05-13 00:00:00+00:00
2025-05-14 13:27:39,861 - data_processor - INFO - Columns available: ['date', 'open', 'high', 'low', 'close', 'volume', 'price']
2025-05-14 13:27:39,861 - data_processor - INFO - Building date-price lookup for bitcoin from 2014-09-17 00:00:00+00:00 to 2025-05-13 00:00:00+00:00
2025-05-14 13:27:40,016 - data_processor - INFO - Added 3892 date-price entries for bitcoin
2025-05-14 13:27:40,017 - data_processor - INFO - Building date-price lookup for ethereum from 2017-11-09 00:00:00+00:00 to 2025-05-13 00:00:00+00:00
2025-05-14 13:27:40,126 - data_processor - INFO - Added 2743 date-price entries for ethereum
2025-05-14 13:27:40,126 - data_processor - INFO - Built date-price lookup for 1 coins
2025-05-14 13:27:40,366 - api - INFO - Using cached market data for bitcoin
2025-05-14 13:27:40,367 - api - INFO - Successfully fetched market data for 1 coins
2025-05-14 13:27:40,400 - api - INFO - Using cached news data for bitcoin
2025-05-14 13:27:40,401 - data_processor - INFO - Performing sentiment analysis on 19 news articles
2025-05-14 13:27:40,410 - data_processor - INFO - Sentiment analysis complete: positive (0.07)
2025-05-14 13:27:40,410 - data_processor - INFO - Performing technical analysis for bitcoin
2025-05-14 13:27:40,440 - data_processor - ERROR - Error updating technical analysis: '<' not supported between instances of 'str' and 'int'
2025-05-14 13:27:40,440 - data_processor - INFO - All data updated at 2025-05-14 13:27:40.440618
2025-05-14 13:28:56,793 - vector_store - INFO - Vector store updated with 33 documents at 2025-05-14 13:28:56
2025-05-14 13:28:56,793 - vector_store - INFO - Added 36 new chunks to the vector store
2025-05-14 13:28:56,798 - vector_store - INFO - Vector store saved to faiss_index
2025-05-14 13:28:56,798 - __main__ - INFO - Data update complete
2025-05-14 13:33:57,644 - __main__ - INFO - Running scheduled data update
2025-05-14 13:33:57,645 - __main__ - INFO - Updating cryptocurrency data for: bitcoin
2025-05-14 13:33:57,645 - data_processor - INFO - Starting data update for coins: bitcoin
2025-05-14 13:33:59,891 - api - INFO - Using cached historical data for bitcoin
2025-05-14 13:33:59,895 - api - INFO - Loaded 3892 records from cache, date range: 2014-09-17 00:00:00+00:00 to 2025-05-13 00:00:00+00:00
2025-05-14 13:33:59,896 - data_processor - INFO - Successfully retrieved historical data for bitcoin: 3892 records
2025-05-14 13:33:59,896 - data_processor - INFO - Historical data for bitcoin: 3892 records from 2014-09-17 00:00:00+00:00 to 2025-05-13 00:00:00+00:00
2025-05-14 13:33:59,896 - data_processor - INFO - Columns available: ['date', 'open', 'high', 'low', 'close', 'volume', 'price']
2025-05-14 13:33:59,897 - data_processor - INFO - Historical data for ethereum: 2743 records from 2017-11-09 00:00:00+00:00 to 2025-05-13 00:00:00+00:00
2025-05-14 13:33:59,897 - data_processor - INFO - Columns available: ['date', 'open', 'high', 'low', 'close', 'volume', 'price']
2025-05-14 13:33:59,897 - data_processor - INFO - Building date-price lookup for bitcoin from 2014-09-17 00:00:00+00:00 to 2025-05-13 00:00:00+00:00
2025-05-14 13:34:00,074 - data_processor - INFO - Added 3892 date-price entries for bitcoin
2025-05-14 13:34:00,074 - data_processor - INFO - Building date-price lookup for ethereum from 2017-11-09 00:00:00+00:00 to 2025-05-13 00:00:00+00:00
2025-05-14 13:34:00,189 - data_processor - INFO - Added 2743 date-price entries for ethereum
2025-05-14 13:34:00,190 - data_processor - INFO - Built date-price lookup for 1 coins
2025-05-14 13:34:00,430 - api - INFO - Using cached market data for bitcoin
2025-05-14 13:34:00,431 - api - INFO - Successfully fetched market data for 1 coins
2025-05-14 13:34:00,444 - api - INFO - Using cached news data for bitcoin
2025-05-14 13:34:00,444 - data_processor - INFO - Performing sentiment analysis on 19 news articles
2025-05-14 13:34:00,454 - data_processor - INFO - Sentiment analysis complete: positive (0.07)
2025-05-14 13:34:00,454 - data_processor - INFO - Performing technical analysis for bitcoin
2025-05-14 13:34:00,501 - data_processor - ERROR - Error updating technical analysis: '<' not supported between instances of 'str' and 'int'
2025-05-14 13:34:00,501 - data_processor - INFO - All data updated at 2025-05-14 13:34:00.501285
2025-05-14 13:35:17,106 - vector_store - INFO - Vector store updated with 33 documents at 2025-05-14 13:35:17
2025-05-14 13:35:17,106 - vector_store - INFO - Added 36 new chunks to the vector store
2025-05-14 13:35:17,110 - vector_store - INFO - Vector store saved to faiss_index
2025-05-14 13:35:17,111 - __main__ - INFO - Data update complete
2025-05-14 13:40:17,965 - __main__ - INFO - Running scheduled data update
2025-05-14 13:40:17,966 - __main__ - INFO - Updating cryptocurrency data for: bitcoin
2025-05-14 13:40:17,967 - data_processor - INFO - Starting data update for coins: bitcoin
2025-05-14 13:40:20,173 - api - INFO - Using cached historical data for bitcoin
2025-05-14 13:40:20,179 - api - INFO - Loaded 3892 records from cache, date range: 2014-09-17 00:00:00+00:00 to 2025-05-13 00:00:00+00:00
2025-05-14 13:40:20,180 - data_processor - INFO - Successfully retrieved historical data for bitcoin: 3892 records
2025-05-14 13:40:20,180 - data_processor - INFO - Historical data for bitcoin: 3892 records from 2014-09-17 00:00:00+00:00 to 2025-05-13 00:00:00+00:00
2025-05-14 13:40:20,180 - data_processor - INFO - Columns available: ['date', 'open', 'high', 'low', 'close', 'volume', 'price']
2025-05-14 13:40:20,181 - data_processor - INFO - Historical data for ethereum: 2743 records from 2017-11-09 00:00:00+00:00 to 2025-05-13 00:00:00+00:00
2025-05-14 13:40:20,181 - data_processor - INFO - Columns available: ['date', 'open', 'high', 'low', 'close', 'volume', 'price']
2025-05-14 13:40:20,182 - data_processor - INFO - Building date-price lookup for bitcoin from 2014-09-17 00:00:00+00:00 to 2025-05-13 00:00:00+00:00
2025-05-14 13:40:20,387 - data_processor - INFO - Added 3892 date-price entries for bitcoin
2025-05-14 13:40:20,387 - data_processor - INFO - Building date-price lookup for ethereum from 2017-11-09 00:00:00+00:00 to 2025-05-13 00:00:00+00:00
2025-05-14 13:40:20,517 - data_processor - INFO - Added 2743 date-price entries for ethereum
2025-05-14 13:40:20,517 - data_processor - INFO - Built date-price lookup for 1 coins
2025-05-14 13:40:20,752 - api - INFO - Using cached market data for bitcoin
2025-05-14 13:40:20,752 - api - INFO - Successfully fetched market data for 1 coins
2025-05-14 13:40:20,763 - api - INFO - Using cached news data for bitcoin
2025-05-14 13:40:20,763 - data_processor - INFO - Performing sentiment analysis on 19 news articles
2025-05-14 13:40:20,776 - data_processor - INFO - Sentiment analysis complete: positive (0.07)
2025-05-14 13:40:20,776 - data_processor - INFO - Performing technical analysis for bitcoin
2025-05-14 13:40:20,810 - data_processor - ERROR - Error updating technical analysis: '<' not supported between instances of 'str' and 'int'
2025-05-14 13:40:20,810 - data_processor - INFO - All data updated at 2025-05-14 13:40:20.810742
2025-05-14 13:41:37,464 - vector_store - INFO - Vector store updated with 33 documents at 2025-05-14 13:41:37
2025-05-14 13:41:37,464 - vector_store - INFO - Added 36 new chunks to the vector store
2025-05-14 13:41:37,469 - vector_store - INFO - Vector store saved to faiss_index
2025-05-14 13:41:37,470 - __main__ - INFO - Data update complete
2025-05-14 13:46:38,361 - __main__ - INFO - Running scheduled data update
2025-05-14 13:46:38,361 - __main__ - INFO - Updating cryptocurrency data for: bitcoin
2025-05-14 13:46:38,362 - data_processor - INFO - Starting data update for coins: bitcoin
2025-05-14 13:46:40,538 - api - INFO - Using cached historical data for bitcoin
2025-05-14 13:46:40,542 - api - INFO - Loaded 3892 records from cache, date range: 2014-09-17 00:00:00+00:00 to 2025-05-13 00:00:00+00:00
2025-05-14 13:46:40,543 - data_processor - INFO - Successfully retrieved historical data for bitcoin: 3892 records
2025-05-14 13:46:40,544 - data_processor - INFO - Historical data for bitcoin: 3892 records from 2014-09-17 00:00:00+00:00 to 2025-05-13 00:00:00+00:00
2025-05-14 13:46:40,544 - data_processor - INFO - Columns available: ['date', 'open', 'high', 'low', 'close', 'volume', 'price']
2025-05-14 13:46:40,544 - data_processor - INFO - Historical data for ethereum: 2743 records from 2017-11-09 00:00:00+00:00 to 2025-05-13 00:00:00+00:00
2025-05-14 13:46:40,545 - data_processor - INFO - Columns available: ['date', 'open', 'high', 'low', 'close', 'volume', 'price']
2025-05-14 13:46:40,546 - data_processor - INFO - Building date-price lookup for bitcoin from 2014-09-17 00:00:00+00:00 to 2025-05-13 00:00:00+00:00
2025-05-14 13:46:40,712 - data_processor - INFO - Added 3892 date-price entries for bitcoin
2025-05-14 13:46:40,713 - data_processor - INFO - Building date-price lookup for ethereum from 2017-11-09 00:00:00+00:00 to 2025-05-13 00:00:00+00:00
2025-05-14 13:46:40,826 - data_processor - INFO - Added 2743 date-price entries for ethereum
2025-05-14 13:46:40,826 - data_processor - INFO - Built date-price lookup for 1 coins
2025-05-14 13:46:41,055 - api - INFO - Using cached market data for bitcoin
2025-05-14 13:46:41,055 - api - INFO - Successfully fetched market data for 1 coins
2025-05-14 13:46:41,066 - api - INFO - Using cached news data for bitcoin
2025-05-14 13:46:41,066 - data_processor - INFO - Performing sentiment analysis on 19 news articles
2025-05-14 13:46:41,076 - data_processor - INFO - Sentiment analysis complete: positive (0.07)
2025-05-14 13:46:41,076 - data_processor - INFO - Performing technical analysis for bitcoin
2025-05-14 13:46:41,109 - data_processor - ERROR - Error updating technical analysis: '<' not supported between instances of 'str' and 'int'
2025-05-14 13:46:41,110 - data_processor - INFO - All data updated at 2025-05-14 13:46:41.110628
2025-05-14 13:47:57,328 - vector_store - INFO - Vector store updated with 33 documents at 2025-05-14 13:47:57
2025-05-14 13:47:57,328 - vector_store - INFO - Added 36 new chunks to the vector store
2025-05-14 13:47:57,334 - vector_store - INFO - Vector store saved to faiss_index
2025-05-14 13:47:57,335 - __main__ - INFO - Data update complete
2025-05-14 23:03:04,729 - utils - INFO - Created templates directory with enhanced index.html
2025-05-14 23:03:04,910 - __main__ - INFO - Initializing Crypto Assistant...
2025-05-14 23:03:05,005 - faiss.loader - INFO - Loading faiss with AVX2 support.
2025-05-14 23:03:05,043 - faiss.loader - INFO - Successfully loaded faiss with AVX2 support.
2025-05-14 23:03:05,043 - vector_store - ERROR - Error loading vector store: Error in __cdecl faiss::FileIOReader::FileIOReader(const char *) at D:\bld\faiss-split_1685210681346\work\faiss\impl\io.cpp:68: Error: 'f' failed: could not open faiss_index\index.faiss for reading: No such file or directory
2025-05-14 23:03:05,043 - __main__ - INFO - Fetching historical data during initialization...
2025-05-14 23:03:05,043 - api - INFO - Fetching data for bitcoin using ticker BTC-USD
2025-05-14 23:03:05,409 - api - INFO - Retrieved 3892 records from 2014-09-17 00:00:00+00:00 to 2025-05-13 00:00:00+00:00
2025-05-14 23:03:05,503 - __main__ - INFO - Successfully retrieved historical data for bitcoin: 3892 records
2025-05-14 23:03:05,503 - api - INFO - Fetching data for ethereum using ticker ETH-USD
2025-05-14 23:03:05,635 - api - INFO - Retrieved 2743 records from 2017-11-09 00:00:00+00:00 to 2025-05-13 00:00:00+00:00
2025-05-14 23:03:05,692 - __main__ - INFO - Successfully retrieved historical data for ethereum: 2743 records
2025-05-14 23:03:05,692 - data_processor - INFO - Building date-price lookup for bitcoin from 2014-09-17 00:00:00+00:00 to 2025-05-13 00:00:00+00:00
2025-05-14 23:03:05,842 - data_processor - INFO - Added 3892 date-price entries for bitcoin
2025-05-14 23:03:05,842 - data_processor - INFO - Building date-price lookup for ethereum from 2017-11-09 00:00:00+00:00 to 2025-05-13 00:00:00+00:00
2025-05-14 23:03:05,952 - data_processor - INFO - Added 2743 date-price entries for ethereum
2025-05-14 23:03:05,953 - __main__ - INFO - Date-price lookup built from historical data
2025-05-14 23:03:05,953 - __main__ - INFO - No existing vector store found. Creating new one...
2025-05-14 23:03:05,953 - data_processor - INFO - Starting data update for coins: bitcoin
2025-05-14 23:03:07,976 - api - INFO - Using cached historical data for bitcoin
2025-05-14 23:03:07,981 - api - INFO - Loaded 3892 records from cache, date range: 2014-09-17 00:00:00+00:00 to 2025-05-13 00:00:00+00:00
2025-05-14 23:03:07,983 - data_processor - INFO - Successfully retrieved historical data for bitcoin: 3892 records
2025-05-14 23:03:07,983 - data_processor - INFO - Historical data for bitcoin: 3892 records from 2014-09-17 00:00:00+00:00 to 2025-05-13 00:00:00+00:00
2025-05-14 23:03:07,983 - data_processor - INFO - Columns available: ['date', 'open', 'high', 'low', 'close', 'volume', 'price']
2025-05-14 23:03:07,985 - data_processor - INFO - Historical data for ethereum: 2743 records from 2017-11-09 00:00:00+00:00 to 2025-05-13 00:00:00+00:00
2025-05-14 23:03:07,985 - data_processor - INFO - Columns available: ['date', 'open', 'high', 'low', 'close', 'volume', 'price']
2025-05-14 23:03:07,985 - data_processor - INFO - Building date-price lookup for bitcoin from 2014-09-17 00:00:00+00:00 to 2025-05-13 00:00:00+00:00
2025-05-14 23:03:08,134 - data_processor - INFO - Added 3892 date-price entries for bitcoin
2025-05-14 23:03:08,134 - data_processor - INFO - Building date-price lookup for ethereum from 2017-11-09 00:00:00+00:00 to 2025-05-13 00:00:00+00:00
2025-05-14 23:03:08,229 - data_processor - INFO - Added 2743 date-price entries for ethereum
2025-05-14 23:03:08,229 - data_processor - INFO - Built date-price lookup for 1 coins
2025-05-14 23:03:14,306 - api - INFO - Successfully fetched market data for 1 coins
2025-05-14 23:03:14,445 - api - INFO - Successfully fetched 20 news articles
2025-05-14 23:03:14,445 - data_processor - INFO - Performing sentiment analysis on 20 news articles
2025-05-14 23:03:14,454 - data_processor - INFO - Sentiment analysis complete: positive (0.09)
2025-05-14 23:03:14,454 - data_processor - INFO - Performing technical analysis for bitcoin
2025-05-14 23:03:14,488 - data_processor - ERROR - Error updating technical analysis: '<' not supported between instances of 'str' and 'int'
2025-05-14 23:03:14,488 - data_processor - INFO - All data updated at 2025-05-14 23:03:14.488287
2025-05-14 23:03:14,508 - vector_store - INFO - Processing 34 documents for vectorization
2025-05-14 23:03:14,510 - vector_store - INFO - Processed batch 1/1 with 37 chunks
2025-05-14 23:03:14,510 - vector_store - INFO - Split 34 documents into 37 chunks
2025-05-14 23:03:18,530 - __main__ - ERROR - Error during initialization: Error raised by inference endpoint: HTTPConnectionPool(host='localhost', port=11434): Max retries exceeded with url: /api/embeddings (Caused by NewConnectionError('<urllib3.connection.HTTPConnection object at 0x000001D86AF94BE0>: Failed to establish a new connection: [WinError 10061] No connection could be made because the target machine actively refused it'))
2025-05-14 23:03:18,530 - __main__ - ERROR - Attempting recovery through forced data update...
2025-05-14 23:03:18,530 - data_processor - INFO - Starting data update for coins: bitcoin
2025-05-14 23:03:18,539 - api - INFO - Using cached price data for bitcoin
2025-05-14 23:03:20,271 - api - INFO - Using cached historical data for bitcoin
2025-05-14 23:03:20,271 - api - INFO - Loaded 3892 records from cache, date range: 2014-09-17 00:00:00+00:00 to 2025-05-13 00:00:00+00:00
2025-05-14 23:03:20,271 - data_processor - INFO - Successfully retrieved historical data for bitcoin: 3892 records
2025-05-14 23:03:20,271 - data_processor - INFO - Historical data for bitcoin: 3892 records from 2014-09-17 00:00:00+00:00 to 2025-05-13 00:00:00+00:00
2025-05-14 23:03:20,271 - data_processor - INFO - Columns available: ['date', 'open', 'high', 'low', 'close', 'volume', 'price']
2025-05-14 23:03:20,282 - data_processor - INFO - Historical data for ethereum: 2743 records from 2017-11-09 00:00:00+00:00 to 2025-05-13 00:00:00+00:00
2025-05-14 23:03:20,282 - data_processor - INFO - Columns available: ['date', 'open', 'high', 'low', 'close', 'volume', 'price']
2025-05-14 23:03:20,284 - data_processor - INFO - Building date-price lookup for bitcoin from 2014-09-17 00:00:00+00:00 to 2025-05-13 00:00:00+00:00
2025-05-14 23:03:20,427 - data_processor - INFO - Added 3892 date-price entries for bitcoin
2025-05-14 23:03:20,427 - data_processor - INFO - Building date-price lookup for ethereum from 2017-11-09 00:00:00+00:00 to 2025-05-13 00:00:00+00:00
2025-05-14 23:03:20,516 - data_processor - INFO - Added 2743 date-price entries for ethereum
2025-05-14 23:03:20,526 - data_processor - INFO - Built date-price lookup for 1 coins
2025-05-14 23:03:20,740 - api - INFO - Using cached market data for bitcoin
2025-05-14 23:03:20,740 - api - INFO - Successfully fetched market data for 1 coins
2025-05-14 23:03:20,770 - api - INFO - Using cached news data for bitcoin
2025-05-14 23:03:20,771 - data_processor - INFO - Performing sentiment analysis on 20 news articles
2025-05-14 23:03:20,781 - data_processor - INFO - Sentiment analysis complete: positive (0.09)
2025-05-14 23:03:20,781 - data_processor - INFO - Performing technical analysis for bitcoin
2025-05-14 23:03:20,819 - data_processor - ERROR - Error updating technical analysis: '<' not supported between instances of 'str' and 'int'
2025-05-14 23:03:20,820 - data_processor - INFO - All data updated at 2025-05-14 23:03:20.820690
2025-05-14 23:03:20,820 - data_processor - INFO - Building date-price lookup for bitcoin from 2014-09-17 00:00:00+00:00 to 2025-05-13 00:00:00+00:00
2025-05-14 23:03:20,978 - data_processor - INFO - Added 3892 date-price entries for bitcoin
2025-05-14 23:03:20,978 - data_processor - INFO - Building date-price lookup for ethereum from 2017-11-09 00:00:00+00:00 to 2025-05-13 00:00:00+00:00
2025-05-14 23:03:21,078 - data_processor - INFO - Added 2743 date-price entries for ethereum
2025-05-14 23:03:21,097 - vector_store - INFO - Processing 34 documents for vectorization
2025-05-14 23:03:21,098 - vector_store - INFO - Processed batch 1/1 with 37 chunks
2025-05-14 23:03:21,098 - vector_store - INFO - Split 34 documents into 37 chunks
2025-05-14 23:04:50,257 - utils - INFO - Created templates directory with enhanced index.html
2025-05-14 23:04:50,390 - __main__ - INFO - Initializing Crypto Assistant...
2025-05-14 23:04:50,461 - faiss.loader - INFO - Loading faiss with AVX2 support.
2025-05-14 23:04:50,465 - faiss.loader - INFO - Successfully loaded faiss with AVX2 support.
2025-05-14 23:04:50,481 - vector_store - ERROR - Error loading vector store: Error in __cdecl faiss::FileIOReader::FileIOReader(const char *) at D:\bld\faiss-split_1685210681346\work\faiss\impl\io.cpp:68: Error: 'f' failed: could not open faiss_index\index.faiss for reading: No such file or directory
2025-05-14 23:04:50,481 - __main__ - INFO - Fetching historical data during initialization...
2025-05-14 23:04:52,242 - api - INFO - Using cached historical data for bitcoin
2025-05-14 23:04:52,242 - api - INFO - Loaded 3892 records from cache, date range: 2014-09-17 00:00:00+00:00 to 2025-05-13 00:00:00+00:00
2025-05-14 23:04:52,242 - __main__ - INFO - Successfully retrieved historical data for bitcoin: 3892 records
2025-05-14 23:04:53,479 - api - INFO - Using cached historical data for ethereum
2025-05-14 23:04:53,479 - api - INFO - Loaded 2743 records from cache, date range: 2017-11-09 00:00:00+00:00 to 2025-05-13 00:00:00+00:00
2025-05-14 23:04:53,479 - __main__ - INFO - Successfully retrieved historical data for ethereum: 2743 records
2025-05-14 23:04:53,479 - data_processor - INFO - Building date-price lookup for bitcoin from 2014-09-17 00:00:00+00:00 to 2025-05-13 00:00:00+00:00
2025-05-14 23:04:53,625 - data_processor - INFO - Added 3892 date-price entries for bitcoin
2025-05-14 23:04:53,625 - data_processor - INFO - Building date-price lookup for ethereum from 2017-11-09 00:00:00+00:00 to 2025-05-13 00:00:00+00:00
2025-05-14 23:04:53,730 - data_processor - INFO - Added 2743 date-price entries for ethereum
2025-05-14 23:04:53,730 - __main__ - INFO - Date-price lookup built from historical data
2025-05-14 23:04:53,730 - __main__ - INFO - No existing vector store found. Creating new one...
2025-05-14 23:04:53,730 - data_processor - INFO - Starting data update for coins: bitcoin
2025-05-14 23:04:53,730 - api - INFO - Using cached price data for bitcoin
2025-05-14 23:04:55,576 - api - INFO - Using cached historical data for bitcoin
2025-05-14 23:04:55,580 - api - INFO - Loaded 3892 records from cache, date range: 2014-09-17 00:00:00+00:00 to 2025-05-13 00:00:00+00:00
2025-05-14 23:04:55,580 - data_processor - INFO - Successfully retrieved historical data for bitcoin: 3892 records
2025-05-14 23:04:55,581 - data_processor - INFO - Historical data for bitcoin: 3892 records from 2014-09-17 00:00:00+00:00 to 2025-05-13 00:00:00+00:00
2025-05-14 23:04:55,581 - data_processor - INFO - Columns available: ['date', 'open', 'high', 'low', 'close', 'volume', 'price']
2025-05-14 23:04:55,582 - data_processor - INFO - Historical data for ethereum: 2743 records from 2017-11-09 00:00:00+00:00 to 2025-05-13 00:00:00+00:00
2025-05-14 23:04:55,582 - data_processor - INFO - Columns available: ['date', 'open', 'high', 'low', 'close', 'volume', 'price']
2025-05-14 23:04:55,582 - data_processor - INFO - Building date-price lookup for bitcoin from 2014-09-17 00:00:00+00:00 to 2025-05-13 00:00:00+00:00
2025-05-14 23:04:55,725 - data_processor - INFO - Added 3892 date-price entries for bitcoin
2025-05-14 23:04:55,725 - data_processor - INFO - Building date-price lookup for ethereum from 2017-11-09 00:00:00+00:00 to 2025-05-13 00:00:00+00:00
2025-05-14 23:04:55,825 - data_processor - INFO - Added 2743 date-price entries for ethereum
2025-05-14 23:04:55,825 - data_processor - INFO - Built date-price lookup for 1 coins
2025-05-14 23:04:56,025 - api - INFO - Using cached market data for bitcoin
2025-05-14 23:04:56,025 - api - INFO - Successfully fetched market data for 1 coins
2025-05-14 23:04:56,025 - api - INFO - Using cached news data for bitcoin
2025-05-14 23:04:56,025 - data_processor - INFO - Performing sentiment analysis on 20 news articles
2025-05-14 23:04:56,047 - data_processor - INFO - Sentiment analysis complete: positive (0.09)
2025-05-14 23:04:56,048 - data_processor - INFO - Performing technical analysis for bitcoin
2025-05-14 23:04:56,076 - data_processor - ERROR - Error updating technical analysis: '<' not supported between instances of 'str' and 'int'
2025-05-14 23:04:56,076 - data_processor - INFO - All data updated at 2025-05-14 23:04:56.076840
2025-05-14 23:04:56,094 - vector_store - INFO - Processing 34 documents for vectorization
2025-05-14 23:04:56,095 - vector_store - INFO - Processed batch 1/1 with 37 chunks
2025-05-14 23:04:56,096 - vector_store - INFO - Split 34 documents into 37 chunks
2025-05-14 23:06:15,880 - vector_store - INFO - Vector store initialized successfully
2025-05-14 23:06:15,880 - vector_store - INFO - Enhanced QA chain initialized with multi-query retrieval and metadata filtering
2025-05-14 23:06:15,880 - vector_store - INFO - Vector store saved to faiss_index
2025-05-14 23:06:15,880 - vector_store - INFO - Vector store saved to faiss_index
2025-05-14 23:06:15,880 - vector_store - INFO - Vector store saved to faiss_index
2025-05-14 23:06:15,888 - __main__ - INFO - Crypto Assistant initialized successfully
2025-05-14 23:06:15,888 - __main__ - INFO - Starting scheduled updates every 5 minutes
2025-05-14 23:06:15,889 - __main__ - INFO - Started scheduled updates every 5 minutes
2025-05-14 23:06:15,901 - werkzeug - INFO - [31m[1mWARNING: This is a development server. Do not use it in a production deployment. Use a production WSGI server instead.[0m
 * Running on all addresses (0.0.0.0)
 * Running on http://127.0.0.1:5000
 * Running on http://10.172.72.99:5000
2025-05-14 23:06:15,902 - werkzeug - INFO - [33mPress CTRL+C to quit[0m
2025-05-14 23:06:27,496 - werkzeug - INFO - 10.172.72.99 - - [14/May/2025 23:06:27] "GET / HTTP/1.1" 200 -
2025-05-14 23:06:27,611 - werkzeug - INFO - 10.172.72.99 - - [14/May/2025 23:06:27] "[33mGET /favicon.ico HTTP/1.1[0m" 404 -
2025-05-14 23:06:39,111 - werkzeug - INFO - 10.172.72.99 - - [14/May/2025 23:06:39] "POST /api/ask HTTP/1.1" 200 -
2025-05-14 23:06:50,021 - werkzeug - INFO - 10.172.72.99 - - [14/May/2025 23:06:50] "POST /api/ask HTTP/1.1" 200 -
2025-05-14 23:07:15,415 - vector_store - INFO - Question answered in 12.95 seconds
2025-05-14 23:07:15,415 - vector_store - INFO - Successfully answered question: what is the bitcoin price for 2017 march 7...
2025-05-14 23:07:15,416 - werkzeug - INFO - 10.172.72.99 - - [14/May/2025 23:07:15] "POST /api/ask HTTP/1.1" 200 -
2025-05-14 23:07:46,790 - werkzeug - INFO - 10.172.72.99 - - [14/May/2025 23:07:46] "POST /api/ask HTTP/1.1" 200 -
2025-05-15 01:25:53,903 - utils - INFO - Created templates directory with enhanced index.html
2025-05-15 01:25:54,213 - __main__ - INFO - Initializing Crypto Assistant...
2025-05-15 01:25:54,318 - faiss.loader - INFO - Loading faiss with AVX2 support.
2025-05-15 01:25:54,379 - faiss.loader - INFO - Successfully loaded faiss with AVX2 support.
2025-05-15 01:25:54,420 - vector_store - INFO - Vector store loaded from faiss_index
2025-05-15 01:25:54,420 - vector_store - INFO - Enhanced QA chain initialized with multi-query retrieval and metadata filtering
2025-05-15 01:25:54,420 - __main__ - INFO - Fetching historical data during initialization...
2025-05-15 01:25:56,792 - api - INFO - Using cached historical data for bitcoin
2025-05-15 01:25:56,798 - api - INFO - Loaded 3892 records from cache, date range: 2014-09-17 00:00:00+00:00 to 2025-05-13 00:00:00+00:00
2025-05-15 01:25:56,798 - __main__ - INFO - Successfully retrieved historical data for bitcoin: 3892 records
2025-05-15 01:25:58,444 - api - INFO - Using cached historical data for ethereum
2025-05-15 01:25:58,448 - api - INFO - Loaded 2743 records from cache, date range: 2017-11-09 00:00:00+00:00 to 2025-05-13 00:00:00+00:00
2025-05-15 01:25:58,448 - __main__ - INFO - Successfully retrieved historical data for ethereum: 2743 records
2025-05-15 01:25:58,448 - data_processor - INFO - Building date-price lookup for bitcoin from 2014-09-17 00:00:00+00:00 to 2025-05-13 00:00:00+00:00
2025-05-15 01:25:58,610 - data_processor - INFO - Added 3892 date-price entries for bitcoin
2025-05-15 01:25:58,610 - data_processor - INFO - Building date-price lookup for ethereum from 2017-11-09 00:00:00+00:00 to 2025-05-13 00:00:00+00:00
2025-05-15 01:25:58,721 - data_processor - INFO - Added 2743 date-price entries for ethereum
2025-05-15 01:25:58,721 - __main__ - INFO - Date-price lookup built from historical data
2025-05-15 01:25:58,721 - __main__ - INFO - Crypto Assistant initialized successfully
2025-05-15 01:25:58,729 - __main__ - INFO - Starting scheduled updates every 5 minutes
2025-05-15 01:25:58,729 - __main__ - INFO - Started scheduled updates every 5 minutes
2025-05-15 01:25:58,738 - werkzeug - INFO - [31m[1mWARNING: This is a development server. Do not use it in a production deployment. Use a production WSGI server instead.[0m
 * Running on all addresses (0.0.0.0)
 * Running on http://127.0.0.1:5000
 * Running on http://10.172.72.99:5000
2025-05-15 01:25:58,738 - werkzeug - INFO - [33mPress CTRL+C to quit[0m
2025-05-15 01:26:13,727 - werkzeug - INFO - 10.172.72.99 - - [15/May/2025 01:26:13] "GET / HTTP/1.1" 200 -
2025-05-15 01:26:13,924 - werkzeug - INFO - 10.172.72.99 - - [15/May/2025 01:26:13] "[33mGET /favicon.ico HTTP/1.1[0m" 404 -
2025-05-15 01:26:21,717 - vector_store - WARNING - Data might be outdated. Last update was: Never
2025-05-15 01:26:34,045 - langchain.retrievers.multi_query - INFO - Generated queries: ['Here are three different versions of the original question "hi" to retrieve relevant documents from a vector database:', '', "What's the most common greeting used in text data?", 'How do people typically initiate conversations online?', 'Can you show me examples of casual hellos or greetings?', '', 'These alternative questions aim to capture different aspects and nuances of the original query, which can help overcome limitations of distance-based similarity search.']
2025-05-15 01:26:56,548 - vector_store - INFO - Question answered in 34.82 seconds
2025-05-15 01:26:56,548 - vector_store - INFO - Successfully answered question: hi...
2025-05-15 01:26:56,548 - werkzeug - INFO - 10.172.72.99 - - [15/May/2025 01:26:56] "POST /api/ask HTTP/1.1" 200 -
2025-05-17 09:40:23,435 - utils - INFO - Created templates directory with enhanced index.html
2025-05-17 09:40:23,591 - __main__ - INFO - Initializing Crypto Assistant...
2025-05-17 09:40:23,683 - faiss.loader - INFO - Loading faiss with AVX2 support.
2025-05-17 09:40:23,722 - faiss.loader - INFO - Successfully loaded faiss with AVX2 support.
2025-05-17 09:40:23,745 - vector_store - INFO - Vector store loaded from faiss_index
2025-05-17 09:40:23,745 - vector_store - INFO - Enhanced QA chain initialized with multi-query retrieval and metadata filtering
2025-05-17 09:40:23,745 - __main__ - INFO - Fetching historical data during initialization...
2025-05-17 09:40:23,745 - api - INFO - Fetching data for bitcoin using ticker BTC-USD
2025-05-17 09:40:25,763 - api - INFO - Retrieved 3895 records from 2014-09-17 00:00:00+00:00 to 2025-05-16 00:00:00+00:00
2025-05-17 09:40:25,858 - __main__ - INFO - Successfully retrieved historical data for bitcoin: 3895 records
2025-05-17 09:40:25,858 - api - INFO - Fetching data for ethereum using ticker ETH-USD
2025-05-17 09:40:26,281 - api - INFO - Retrieved 2746 records from 2017-11-09 00:00:00+00:00 to 2025-05-16 00:00:00+00:00
2025-05-17 09:40:26,350 - __main__ - INFO - Successfully retrieved historical data for ethereum: 2746 records
2025-05-17 09:40:26,350 - data_processor - INFO - Building date-price lookup for bitcoin from 2014-09-17 00:00:00+00:00 to 2025-05-16 00:00:00+00:00
2025-05-17 09:40:26,491 - data_processor - INFO - Added 3895 date-price entries for bitcoin
2025-05-17 09:40:26,491 - data_processor - INFO - Building date-price lookup for ethereum from 2017-11-09 00:00:00+00:00 to 2025-05-16 00:00:00+00:00
2025-05-17 09:40:26,577 - data_processor - INFO - Added 2746 date-price entries for ethereum
2025-05-17 09:40:26,577 - __main__ - INFO - Date-price lookup built from historical data
2025-05-17 09:40:26,577 - __main__ - INFO - Crypto Assistant initialized successfully
2025-05-17 09:40:26,577 - __main__ - INFO - Starting scheduled updates every 5 minutes
2025-05-17 09:40:26,577 - __main__ - INFO - Started scheduled updates every 5 minutes
2025-05-17 09:40:26,601 - werkzeug - INFO - [31m[1mWARNING: This is a development server. Do not use it in a production deployment. Use a production WSGI server instead.[0m
 * Running on all addresses (0.0.0.0)
 * Running on http://127.0.0.1:5000
 * Running on http://10.172.72.99:5000
2025-05-17 09:40:26,601 - werkzeug - INFO - [33mPress CTRL+C to quit[0m
2025-05-17 09:40:30,489 - werkzeug - INFO - 10.172.72.99 - - [17/May/2025 09:40:30] "GET / HTTP/1.1" 200 -
2025-05-17 09:40:30,577 - werkzeug - INFO - 10.172.72.99 - - [17/May/2025 09:40:30] "[33mGET /favicon.ico HTTP/1.1[0m" 404 -
2025-05-17 09:40:39,550 - vector_store - WARNING - Data might be outdated. Last update was: Never
2025-05-17 09:40:47,819 - vector_store - ERROR - Error with retriever: Error raised by inference endpoint: HTTPConnectionPool(host='ollama', port=11434): Max retries exceeded with url: /api/embeddings (Caused by NameResolutionError("<urllib3.connection.HTTPConnection object at 0x0000029401B197B0>: Failed to resolve 'ollama' ([Errno 11001] getaddrinfo failed)")). Falling back to default.
2025-05-17 09:40:50,520 - vector_store - ERROR - Error answering question: Error raised by inference endpoint: HTTPConnectionPool(host='ollama', port=11434): Max retries exceeded with url: /api/embeddings (Caused by NameResolutionError("<urllib3.connection.HTTPConnection object at 0x0000029401B1AAD0>: Failed to resolve 'ollama' ([Errno 11001] getaddrinfo failed)"))
2025-05-17 09:40:50,538 - vector_store - ERROR - Traceback (most recent call last):
  File "C:\Users\manoj\anaconda3\envs\bitcoin_env\lib\site-packages\urllib3\connection.py", line 198, in _new_conn
    sock = connection.create_connection(
  File "C:\Users\manoj\anaconda3\envs\bitcoin_env\lib\site-packages\urllib3\util\connection.py", line 60, in create_connection
    for res in socket.getaddrinfo(host, port, family, socket.SOCK_STREAM):
  File "C:\Users\manoj\anaconda3\envs\bitcoin_env\lib\socket.py", line 967, in getaddrinfo
    for res in _socket.getaddrinfo(host, port, family, type, proto, flags):
socket.gaierror: [Errno 11001] getaddrinfo failed

The above exception was the direct cause of the following exception:

Traceback (most recent call last):
  File "C:\Users\manoj\anaconda3\envs\bitcoin_env\lib\site-packages\urllib3\connectionpool.py", line 787, in urlopen
    response = self._make_request(
  File "C:\Users\manoj\anaconda3\envs\bitcoin_env\lib\site-packages\urllib3\connectionpool.py", line 493, in _make_request
    conn.request(
  File "C:\Users\manoj\anaconda3\envs\bitcoin_env\lib\site-packages\urllib3\connection.py", line 445, in request
    self.endheaders()
  File "C:\Users\manoj\anaconda3\envs\bitcoin_env\lib\http\client.py", line 1278, in endheaders
    self._send_output(message_body, encode_chunked=encode_chunked)
  File "C:\Users\manoj\anaconda3\envs\bitcoin_env\lib\http\client.py", line 1038, in _send_output
    self.send(msg)
  File "C:\Users\manoj\anaconda3\envs\bitcoin_env\lib\http\client.py", line 976, in send
    self.connect()
  File "C:\Users\manoj\anaconda3\envs\bitcoin_env\lib\site-packages\urllib3\connection.py", line 276, in connect
    self.sock = self._new_conn()
  File "C:\Users\manoj\anaconda3\envs\bitcoin_env\lib\site-packages\urllib3\connection.py", line 205, in _new_conn
    raise NameResolutionError(self.host, self, e) from e
urllib3.exceptions.NameResolutionError: <urllib3.connection.HTTPConnection object at 0x0000029401B197B0>: Failed to resolve 'ollama' ([Errno 11001] getaddrinfo failed)

The above exception was the direct cause of the following exception:

Traceback (most recent call last):
  File "C:\Users\manoj\anaconda3\envs\bitcoin_env\lib\site-packages\requests\adapters.py", line 486, in send
    resp = conn.urlopen(
  File "C:\Users\manoj\anaconda3\envs\bitcoin_env\lib\site-packages\urllib3\connectionpool.py", line 841, in urlopen
    retries = retries.increment(
  File "C:\Users\manoj\anaconda3\envs\bitcoin_env\lib\site-packages\urllib3\util\retry.py", line 519, in increment
    raise MaxRetryError(_pool, url, reason) from reason  # type: ignore[arg-type]
urllib3.exceptions.MaxRetryError: HTTPConnectionPool(host='ollama', port=11434): Max retries exceeded with url: /api/embeddings (Caused by NameResolutionError("<urllib3.connection.HTTPConnection object at 0x0000029401B197B0>: Failed to resolve 'ollama' ([Errno 11001] getaddrinfo failed)"))

During handling of the above exception, another exception occurred:

Traceback (most recent call last):
  File "C:\Users\manoj\anaconda3\envs\bitcoin_env\lib\site-packages\langchain\embeddings\ollama.py", line 152, in _process_emb_response
    res = requests.post(
  File "C:\Users\manoj\anaconda3\envs\bitcoin_env\lib\site-packages\requests\api.py", line 115, in post
    return request("post", url, data=data, json=json, **kwargs)
  File "C:\Users\manoj\anaconda3\envs\bitcoin_env\lib\site-packages\requests\api.py", line 59, in request
    return session.request(method=method, url=url, **kwargs)
  File "C:\Users\manoj\anaconda3\envs\bitcoin_env\lib\site-packages\requests\sessions.py", line 589, in request
    resp = self.send(prep, **send_kwargs)
  File "C:\Users\manoj\anaconda3\envs\bitcoin_env\lib\site-packages\requests\sessions.py", line 703, in send
    r = adapter.send(request, **kwargs)
  File "C:\Users\manoj\anaconda3\envs\bitcoin_env\lib\site-packages\requests\adapters.py", line 519, in send
    raise ConnectionError(e, request=request)
requests.exceptions.ConnectionError: HTTPConnectionPool(host='ollama', port=11434): Max retries exceeded with url: /api/embeddings (Caused by NameResolutionError("<urllib3.connection.HTTPConnection object at 0x0000029401B197B0>: Failed to resolve 'ollama' ([Errno 11001] getaddrinfo failed)"))

During handling of the above exception, another exception occurred:

Traceback (most recent call last):
  File "C:\Users\manoj\files7\tutorials\DATA605\Spring2025\projects\TutorTask143_Spring2025_Custom_Bitcoin_Chatbot_with_Ollama_Python\vector_store.py", line 827, in answer_question
    result = self.qa_chain({
  File "C:\Users\manoj\anaconda3\envs\bitcoin_env\lib\site-packages\langchain\chains\base.py", line 306, in __call__
    raise e
  File "C:\Users\manoj\anaconda3\envs\bitcoin_env\lib\site-packages\langchain\chains\base.py", line 300, in __call__
    self._call(inputs, run_manager=run_manager)
  File "C:\Users\manoj\anaconda3\envs\bitcoin_env\lib\site-packages\langchain\chains\conversational_retrieval\base.py", line 134, in _call
    docs = self._get_docs(new_question, inputs, run_manager=_run_manager)
  File "C:\Users\manoj\anaconda3\envs\bitcoin_env\lib\site-packages\langchain\chains\conversational_retrieval\base.py", line 286, in _get_docs
    docs = self.retriever.get_relevant_documents(
  File "C:\Users\manoj\anaconda3\envs\bitcoin_env\lib\site-packages\langchain\schema\retriever.py", line 211, in get_relevant_documents
    raise e
  File "C:\Users\manoj\anaconda3\envs\bitcoin_env\lib\site-packages\langchain\schema\retriever.py", line 204, in get_relevant_documents
    result = self._get_relevant_documents(
  File "C:\Users\manoj\anaconda3\envs\bitcoin_env\lib\site-packages\langchain\schema\vectorstore.py", line 594, in _get_relevant_documents
    docs = self.vectorstore.max_marginal_relevance_search(
  File "C:\Users\manoj\anaconda3\envs\bitcoin_env\lib\site-packages\langchain\vectorstores\faiss.py", line 468, in max_marginal_relevance_search
    embedding = self.embedding_function(query)
  File "C:\Users\manoj\anaconda3\envs\bitcoin_env\lib\site-packages\langchain\embeddings\ollama.py", line 204, in embed_query
    embedding = self._embed([instruction_pair])[0]
  File "C:\Users\manoj\anaconda3\envs\bitcoin_env\lib\site-packages\langchain\embeddings\ollama.py", line 176, in _embed
    embeddings = self._process_emb_response(prompt)
  File "C:\Users\manoj\anaconda3\envs\bitcoin_env\lib\site-packages\langchain\embeddings\ollama.py", line 158, in _process_emb_response
    raise ValueError(f"Error raised by inference endpoint: {e}")
ValueError: Error raised by inference endpoint: HTTPConnectionPool(host='ollama', port=11434): Max retries exceeded with url: /api/embeddings (Caused by NameResolutionError("<urllib3.connection.HTTPConnection object at 0x0000029401B197B0>: Failed to resolve 'ollama' ([Errno 11001] getaddrinfo failed)"))

During handling of the above exception, another exception occurred:

Traceback (most recent call last):
  File "C:\Users\manoj\anaconda3\envs\bitcoin_env\lib\site-packages\urllib3\connection.py", line 198, in _new_conn
    sock = connection.create_connection(
  File "C:\Users\manoj\anaconda3\envs\bitcoin_env\lib\site-packages\urllib3\util\connection.py", line 60, in create_connection
    for res in socket.getaddrinfo(host, port, family, socket.SOCK_STREAM):
  File "C:\Users\manoj\anaconda3\envs\bitcoin_env\lib\socket.py", line 967, in getaddrinfo
    for res in _socket.getaddrinfo(host, port, family, type, proto, flags):
socket.gaierror: [Errno 11001] getaddrinfo failed

The above exception was the direct cause of the following exception:

Traceback (most recent call last):
  File "C:\Users\manoj\anaconda3\envs\bitcoin_env\lib\site-packages\urllib3\connectionpool.py", line 787, in urlopen
    response = self._make_request(
  File "C:\Users\manoj\anaconda3\envs\bitcoin_env\lib\site-packages\urllib3\connectionpool.py", line 493, in _make_request
    conn.request(
  File "C:\Users\manoj\anaconda3\envs\bitcoin_env\lib\site-packages\urllib3\connection.py", line 445, in request
    self.endheaders()
  File "C:\Users\manoj\anaconda3\envs\bitcoin_env\lib\http\client.py", line 1278, in endheaders
    self._send_output(message_body, encode_chunked=encode_chunked)
  File "C:\Users\manoj\anaconda3\envs\bitcoin_env\lib\http\client.py", line 1038, in _send_output
    self.send(msg)
  File "C:\Users\manoj\anaconda3\envs\bitcoin_env\lib\http\client.py", line 976, in send
    self.connect()
  File "C:\Users\manoj\anaconda3\envs\bitcoin_env\lib\site-packages\urllib3\connection.py", line 276, in connect
    self.sock = self._new_conn()
  File "C:\Users\manoj\anaconda3\envs\bitcoin_env\lib\site-packages\urllib3\connection.py", line 205, in _new_conn
    raise NameResolutionError(self.host, self, e) from e
urllib3.exceptions.NameResolutionError: <urllib3.connection.HTTPConnection object at 0x0000029401B1AAD0>: Failed to resolve 'ollama' ([Errno 11001] getaddrinfo failed)

The above exception was the direct cause of the following exception:

Traceback (most recent call last):
  File "C:\Users\manoj\anaconda3\envs\bitcoin_env\lib\site-packages\requests\adapters.py", line 486, in send
    resp = conn.urlopen(
  File "C:\Users\manoj\anaconda3\envs\bitcoin_env\lib\site-packages\urllib3\connectionpool.py", line 841, in urlopen
    retries = retries.increment(
  File "C:\Users\manoj\anaconda3\envs\bitcoin_env\lib\site-packages\urllib3\util\retry.py", line 519, in increment
    raise MaxRetryError(_pool, url, reason) from reason  # type: ignore[arg-type]
urllib3.exceptions.MaxRetryError: HTTPConnectionPool(host='ollama', port=11434): Max retries exceeded with url: /api/embeddings (Caused by NameResolutionError("<urllib3.connection.HTTPConnection object at 0x0000029401B1AAD0>: Failed to resolve 'ollama' ([Errno 11001] getaddrinfo failed)"))

During handling of the above exception, another exception occurred:

Traceback (most recent call last):
  File "C:\Users\manoj\anaconda3\envs\bitcoin_env\lib\site-packages\langchain\embeddings\ollama.py", line 152, in _process_emb_response
    res = requests.post(
  File "C:\Users\manoj\anaconda3\envs\bitcoin_env\lib\site-packages\requests\api.py", line 115, in post
    return request("post", url, data=data, json=json, **kwargs)
  File "C:\Users\manoj\anaconda3\envs\bitcoin_env\lib\site-packages\requests\api.py", line 59, in request
    return session.request(method=method, url=url, **kwargs)
  File "C:\Users\manoj\anaconda3\envs\bitcoin_env\lib\site-packages\requests\sessions.py", line 589, in request
    resp = self.send(prep, **send_kwargs)
  File "C:\Users\manoj\anaconda3\envs\bitcoin_env\lib\site-packages\requests\sessions.py", line 703, in send
    r = adapter.send(request, **kwargs)
  File "C:\Users\manoj\anaconda3\envs\bitcoin_env\lib\site-packages\requests\adapters.py", line 519, in send
    raise ConnectionError(e, request=request)
requests.exceptions.ConnectionError: HTTPConnectionPool(host='ollama', port=11434): Max retries exceeded with url: /api/embeddings (Caused by NameResolutionError("<urllib3.connection.HTTPConnection object at 0x0000029401B1AAD0>: Failed to resolve 'ollama' ([Errno 11001] getaddrinfo failed)"))

During handling of the above exception, another exception occurred:

Traceback (most recent call last):
  File "C:\Users\manoj\files7\tutorials\DATA605\Spring2025\projects\TutorTask143_Spring2025_Custom_Bitcoin_Chatbot_with_Ollama_Python\vector_store.py", line 850, in answer_question
    result = self.qa_chain({
  File "C:\Users\manoj\anaconda3\envs\bitcoin_env\lib\site-packages\langchain\chains\base.py", line 306, in __call__
    raise e
  File "C:\Users\manoj\anaconda3\envs\bitcoin_env\lib\site-packages\langchain\chains\base.py", line 300, in __call__
    self._call(inputs, run_manager=run_manager)
  File "C:\Users\manoj\anaconda3\envs\bitcoin_env\lib\site-packages\langchain\chains\conversational_retrieval\base.py", line 134, in _call
    docs = self._get_docs(new_question, inputs, run_manager=_run_manager)
  File "C:\Users\manoj\anaconda3\envs\bitcoin_env\lib\site-packages\langchain\chains\conversational_retrieval\base.py", line 286, in _get_docs
    docs = self.retriever.get_relevant_documents(
  File "C:\Users\manoj\anaconda3\envs\bitcoin_env\lib\site-packages\langchain\schema\retriever.py", line 211, in get_relevant_documents
    raise e
  File "C:\Users\manoj\anaconda3\envs\bitcoin_env\lib\site-packages\langchain\schema\retriever.py", line 204, in get_relevant_documents
    result = self._get_relevant_documents(
  File "C:\Users\manoj\anaconda3\envs\bitcoin_env\lib\site-packages\langchain\schema\vectorstore.py", line 594, in _get_relevant_documents
    docs = self.vectorstore.max_marginal_relevance_search(
  File "C:\Users\manoj\anaconda3\envs\bitcoin_env\lib\site-packages\langchain\vectorstores\faiss.py", line 468, in max_marginal_relevance_search
    embedding = self.embedding_function(query)
  File "C:\Users\manoj\anaconda3\envs\bitcoin_env\lib\site-packages\langchain\embeddings\ollama.py", line 204, in embed_query
    embedding = self._embed([instruction_pair])[0]
  File "C:\Users\manoj\anaconda3\envs\bitcoin_env\lib\site-packages\langchain\embeddings\ollama.py", line 176, in _embed
    embeddings = self._process_emb_response(prompt)
  File "C:\Users\manoj\anaconda3\envs\bitcoin_env\lib\site-packages\langchain\embeddings\ollama.py", line 158, in _process_emb_response
    raise ValueError(f"Error raised by inference endpoint: {e}")
ValueError: Error raised by inference endpoint: HTTPConnectionPool(host='ollama', port=11434): Max retries exceeded with url: /api/embeddings (Caused by NameResolutionError("<urllib3.connection.HTTPConnection object at 0x0000029401B1AAD0>: Failed to resolve 'ollama' ([Errno 11001] getaddrinfo failed)"))

2025-05-17 09:40:50,541 - werkzeug - INFO - 10.172.72.99 - - [17/May/2025 09:40:50] "POST /api/ask HTTP/1.1" 200 -
2025-05-17 10:47:05,503 - __main__ - INFO - Initializing Crypto Assistant...
2025-05-17 10:47:05,589 - faiss.loader - INFO - Loading faiss with AVX2 support.
2025-05-17 10:47:05,683 - faiss.loader - INFO - Successfully loaded faiss with AVX2 support.
2025-05-17 10:47:05,688 - vector_store - INFO - Vector store loaded from faiss_index
2025-05-17 10:47:05,688 - vector_store - INFO - Enhanced QA chain initialized with multi-query retrieval and metadata filtering
2025-05-17 10:47:05,697 - __main__ - INFO - Fetching historical data during initialization...
2025-05-17 10:47:07,471 - api - INFO - Using cached historical data for bitcoin
2025-05-17 10:47:07,477 - api - INFO - Loaded 3895 records from cache, date range: 2014-09-17 00:00:00+00:00 to 2025-05-16 00:00:00+00:00
2025-05-17 10:47:07,477 - __main__ - INFO - Successfully retrieved historical data for bitcoin: 3895 records
2025-05-17 10:47:08,726 - api - INFO - Using cached historical data for ethereum
2025-05-17 10:47:08,730 - api - INFO - Loaded 2746 records from cache, date range: 2017-11-09 00:00:00+00:00 to 2025-05-16 00:00:00+00:00
2025-05-17 10:47:08,730 - __main__ - INFO - Successfully retrieved historical data for ethereum: 2746 records
2025-05-17 10:47:08,731 - data_processor - INFO - Building date-price lookup for bitcoin from 2014-09-17 00:00:00+00:00 to 2025-05-16 00:00:00+00:00
2025-05-17 10:47:08,876 - data_processor - INFO - Added 3895 date-price entries for bitcoin
2025-05-17 10:47:08,876 - data_processor - INFO - Building date-price lookup for ethereum from 2017-11-09 00:00:00+00:00 to 2025-05-16 00:00:00+00:00
2025-05-17 10:47:08,975 - data_processor - INFO - Added 2746 date-price entries for ethereum
2025-05-17 10:47:08,975 - __main__ - INFO - Date-price lookup built from historical data
2025-05-17 10:47:08,975 - __main__ - INFO - Crypto Assistant initialized successfully
2025-05-17 10:47:08,975 - __main__ - INFO - Starting scheduled updates every 5 minutes
2025-05-17 10:47:08,975 - __main__ - INFO - Started scheduled updates every 5 minutes
2025-05-17 10:47:14,800 - vector_store - WARNING - Data might be outdated. Last update was: Never
2025-05-17 10:47:22,064 - vector_store - ERROR - Error with retriever: Error raised by inference endpoint: HTTPConnectionPool(host='ollama', port=11434): Max retries exceeded with url: /api/embeddings (Caused by NameResolutionError("<urllib3.connection.HTTPConnection object at 0x000002489B223370>: Failed to resolve 'ollama' ([Errno 11001] getaddrinfo failed)")). Falling back to default.
2025-05-17 10:47:24,754 - vector_store - ERROR - Error answering question: Error raised by inference endpoint: HTTPConnectionPool(host='ollama', port=11434): Max retries exceeded with url: /api/embeddings (Caused by NameResolutionError("<urllib3.connection.HTTPConnection object at 0x000002489B223EE0>: Failed to resolve 'ollama' ([Errno 11001] getaddrinfo failed)"))
2025-05-17 10:47:24,766 - vector_store - ERROR - Traceback (most recent call last):
  File "C:\Users\manoj\anaconda3\envs\bitcoin_env\lib\site-packages\urllib3\connection.py", line 198, in _new_conn
    sock = connection.create_connection(
  File "C:\Users\manoj\anaconda3\envs\bitcoin_env\lib\site-packages\urllib3\util\connection.py", line 60, in create_connection
    for res in socket.getaddrinfo(host, port, family, socket.SOCK_STREAM):
  File "C:\Users\manoj\anaconda3\envs\bitcoin_env\lib\socket.py", line 967, in getaddrinfo
    for res in _socket.getaddrinfo(host, port, family, type, proto, flags):
socket.gaierror: [Errno 11001] getaddrinfo failed

The above exception was the direct cause of the following exception:

Traceback (most recent call last):
  File "C:\Users\manoj\anaconda3\envs\bitcoin_env\lib\site-packages\urllib3\connectionpool.py", line 787, in urlopen
    response = self._make_request(
  File "C:\Users\manoj\anaconda3\envs\bitcoin_env\lib\site-packages\urllib3\connectionpool.py", line 493, in _make_request
    conn.request(
  File "C:\Users\manoj\anaconda3\envs\bitcoin_env\lib\site-packages\urllib3\connection.py", line 445, in request
    self.endheaders()
  File "C:\Users\manoj\anaconda3\envs\bitcoin_env\lib\http\client.py", line 1278, in endheaders
    self._send_output(message_body, encode_chunked=encode_chunked)
  File "C:\Users\manoj\anaconda3\envs\bitcoin_env\lib\http\client.py", line 1038, in _send_output
    self.send(msg)
  File "C:\Users\manoj\anaconda3\envs\bitcoin_env\lib\http\client.py", line 976, in send
    self.connect()
  File "C:\Users\manoj\anaconda3\envs\bitcoin_env\lib\site-packages\urllib3\connection.py", line 276, in connect
    self.sock = self._new_conn()
  File "C:\Users\manoj\anaconda3\envs\bitcoin_env\lib\site-packages\urllib3\connection.py", line 205, in _new_conn
    raise NameResolutionError(self.host, self, e) from e
urllib3.exceptions.NameResolutionError: <urllib3.connection.HTTPConnection object at 0x000002489B223370>: Failed to resolve 'ollama' ([Errno 11001] getaddrinfo failed)

The above exception was the direct cause of the following exception:

Traceback (most recent call last):
  File "C:\Users\manoj\anaconda3\envs\bitcoin_env\lib\site-packages\requests\adapters.py", line 486, in send
    resp = conn.urlopen(
  File "C:\Users\manoj\anaconda3\envs\bitcoin_env\lib\site-packages\urllib3\connectionpool.py", line 841, in urlopen
    retries = retries.increment(
  File "C:\Users\manoj\anaconda3\envs\bitcoin_env\lib\site-packages\urllib3\util\retry.py", line 519, in increment
    raise MaxRetryError(_pool, url, reason) from reason  # type: ignore[arg-type]
urllib3.exceptions.MaxRetryError: HTTPConnectionPool(host='ollama', port=11434): Max retries exceeded with url: /api/embeddings (Caused by NameResolutionError("<urllib3.connection.HTTPConnection object at 0x000002489B223370>: Failed to resolve 'ollama' ([Errno 11001] getaddrinfo failed)"))

During handling of the above exception, another exception occurred:

Traceback (most recent call last):
  File "C:\Users\manoj\anaconda3\envs\bitcoin_env\lib\site-packages\langchain\embeddings\ollama.py", line 152, in _process_emb_response
    res = requests.post(
  File "C:\Users\manoj\anaconda3\envs\bitcoin_env\lib\site-packages\requests\api.py", line 115, in post
    return request("post", url, data=data, json=json, **kwargs)
  File "C:\Users\manoj\anaconda3\envs\bitcoin_env\lib\site-packages\requests\api.py", line 59, in request
    return session.request(method=method, url=url, **kwargs)
  File "C:\Users\manoj\anaconda3\envs\bitcoin_env\lib\site-packages\requests\sessions.py", line 589, in request
    resp = self.send(prep, **send_kwargs)
  File "C:\Users\manoj\anaconda3\envs\bitcoin_env\lib\site-packages\requests\sessions.py", line 703, in send
    r = adapter.send(request, **kwargs)
  File "C:\Users\manoj\anaconda3\envs\bitcoin_env\lib\site-packages\requests\adapters.py", line 519, in send
    raise ConnectionError(e, request=request)
requests.exceptions.ConnectionError: HTTPConnectionPool(host='ollama', port=11434): Max retries exceeded with url: /api/embeddings (Caused by NameResolutionError("<urllib3.connection.HTTPConnection object at 0x000002489B223370>: Failed to resolve 'ollama' ([Errno 11001] getaddrinfo failed)"))

During handling of the above exception, another exception occurred:

Traceback (most recent call last):
  File "C:\Users\manoj\files7\tutorials\DATA605\Spring2025\projects\TutorTask143_Spring2025_Custom_Bitcoin_Chatbot_with_Ollama_Python\vector_store.py", line 827, in answer_question
    result = self.qa_chain({
  File "C:\Users\manoj\anaconda3\envs\bitcoin_env\lib\site-packages\langchain\chains\base.py", line 306, in __call__
    raise e
  File "C:\Users\manoj\anaconda3\envs\bitcoin_env\lib\site-packages\langchain\chains\base.py", line 300, in __call__
    self._call(inputs, run_manager=run_manager)
  File "C:\Users\manoj\anaconda3\envs\bitcoin_env\lib\site-packages\langchain\chains\conversational_retrieval\base.py", line 134, in _call
    docs = self._get_docs(new_question, inputs, run_manager=_run_manager)
  File "C:\Users\manoj\anaconda3\envs\bitcoin_env\lib\site-packages\langchain\chains\conversational_retrieval\base.py", line 286, in _get_docs
    docs = self.retriever.get_relevant_documents(
  File "C:\Users\manoj\anaconda3\envs\bitcoin_env\lib\site-packages\langchain\schema\retriever.py", line 211, in get_relevant_documents
    raise e
  File "C:\Users\manoj\anaconda3\envs\bitcoin_env\lib\site-packages\langchain\schema\retriever.py", line 204, in get_relevant_documents
    result = self._get_relevant_documents(
  File "C:\Users\manoj\anaconda3\envs\bitcoin_env\lib\site-packages\langchain\schema\vectorstore.py", line 594, in _get_relevant_documents
    docs = self.vectorstore.max_marginal_relevance_search(
  File "C:\Users\manoj\anaconda3\envs\bitcoin_env\lib\site-packages\langchain\vectorstores\faiss.py", line 468, in max_marginal_relevance_search
    embedding = self.embedding_function(query)
  File "C:\Users\manoj\anaconda3\envs\bitcoin_env\lib\site-packages\langchain\embeddings\ollama.py", line 204, in embed_query
    embedding = self._embed([instruction_pair])[0]
  File "C:\Users\manoj\anaconda3\envs\bitcoin_env\lib\site-packages\langchain\embeddings\ollama.py", line 176, in _embed
    embeddings = self._process_emb_response(prompt)
  File "C:\Users\manoj\anaconda3\envs\bitcoin_env\lib\site-packages\langchain\embeddings\ollama.py", line 158, in _process_emb_response
    raise ValueError(f"Error raised by inference endpoint: {e}")
ValueError: Error raised by inference endpoint: HTTPConnectionPool(host='ollama', port=11434): Max retries exceeded with url: /api/embeddings (Caused by NameResolutionError("<urllib3.connection.HTTPConnection object at 0x000002489B223370>: Failed to resolve 'ollama' ([Errno 11001] getaddrinfo failed)"))

During handling of the above exception, another exception occurred:

Traceback (most recent call last):
  File "C:\Users\manoj\anaconda3\envs\bitcoin_env\lib\site-packages\urllib3\connection.py", line 198, in _new_conn
    sock = connection.create_connection(
  File "C:\Users\manoj\anaconda3\envs\bitcoin_env\lib\site-packages\urllib3\util\connection.py", line 60, in create_connection
    for res in socket.getaddrinfo(host, port, family, socket.SOCK_STREAM):
  File "C:\Users\manoj\anaconda3\envs\bitcoin_env\lib\socket.py", line 967, in getaddrinfo
    for res in _socket.getaddrinfo(host, port, family, type, proto, flags):
socket.gaierror: [Errno 11001] getaddrinfo failed

The above exception was the direct cause of the following exception:

Traceback (most recent call last):
  File "C:\Users\manoj\anaconda3\envs\bitcoin_env\lib\site-packages\urllib3\connectionpool.py", line 787, in urlopen
    response = self._make_request(
  File "C:\Users\manoj\anaconda3\envs\bitcoin_env\lib\site-packages\urllib3\connectionpool.py", line 493, in _make_request
    conn.request(
  File "C:\Users\manoj\anaconda3\envs\bitcoin_env\lib\site-packages\urllib3\connection.py", line 445, in request
    self.endheaders()
  File "C:\Users\manoj\anaconda3\envs\bitcoin_env\lib\http\client.py", line 1278, in endheaders
    self._send_output(message_body, encode_chunked=encode_chunked)
  File "C:\Users\manoj\anaconda3\envs\bitcoin_env\lib\http\client.py", line 1038, in _send_output
    self.send(msg)
  File "C:\Users\manoj\anaconda3\envs\bitcoin_env\lib\http\client.py", line 976, in send
    self.connect()
  File "C:\Users\manoj\anaconda3\envs\bitcoin_env\lib\site-packages\urllib3\connection.py", line 276, in connect
    self.sock = self._new_conn()
  File "C:\Users\manoj\anaconda3\envs\bitcoin_env\lib\site-packages\urllib3\connection.py", line 205, in _new_conn
    raise NameResolutionError(self.host, self, e) from e
urllib3.exceptions.NameResolutionError: <urllib3.connection.HTTPConnection object at 0x000002489B223EE0>: Failed to resolve 'ollama' ([Errno 11001] getaddrinfo failed)

The above exception was the direct cause of the following exception:

Traceback (most recent call last):
  File "C:\Users\manoj\anaconda3\envs\bitcoin_env\lib\site-packages\requests\adapters.py", line 486, in send
    resp = conn.urlopen(
  File "C:\Users\manoj\anaconda3\envs\bitcoin_env\lib\site-packages\urllib3\connectionpool.py", line 841, in urlopen
    retries = retries.increment(
  File "C:\Users\manoj\anaconda3\envs\bitcoin_env\lib\site-packages\urllib3\util\retry.py", line 519, in increment
    raise MaxRetryError(_pool, url, reason) from reason  # type: ignore[arg-type]
urllib3.exceptions.MaxRetryError: HTTPConnectionPool(host='ollama', port=11434): Max retries exceeded with url: /api/embeddings (Caused by NameResolutionError("<urllib3.connection.HTTPConnection object at 0x000002489B223EE0>: Failed to resolve 'ollama' ([Errno 11001] getaddrinfo failed)"))

During handling of the above exception, another exception occurred:

Traceback (most recent call last):
  File "C:\Users\manoj\anaconda3\envs\bitcoin_env\lib\site-packages\langchain\embeddings\ollama.py", line 152, in _process_emb_response
    res = requests.post(
  File "C:\Users\manoj\anaconda3\envs\bitcoin_env\lib\site-packages\requests\api.py", line 115, in post
    return request("post", url, data=data, json=json, **kwargs)
  File "C:\Users\manoj\anaconda3\envs\bitcoin_env\lib\site-packages\requests\api.py", line 59, in request
    return session.request(method=method, url=url, **kwargs)
  File "C:\Users\manoj\anaconda3\envs\bitcoin_env\lib\site-packages\requests\sessions.py", line 589, in request
    resp = self.send(prep, **send_kwargs)
  File "C:\Users\manoj\anaconda3\envs\bitcoin_env\lib\site-packages\requests\sessions.py", line 703, in send
    r = adapter.send(request, **kwargs)
  File "C:\Users\manoj\anaconda3\envs\bitcoin_env\lib\site-packages\requests\adapters.py", line 519, in send
    raise ConnectionError(e, request=request)
requests.exceptions.ConnectionError: HTTPConnectionPool(host='ollama', port=11434): Max retries exceeded with url: /api/embeddings (Caused by NameResolutionError("<urllib3.connection.HTTPConnection object at 0x000002489B223EE0>: Failed to resolve 'ollama' ([Errno 11001] getaddrinfo failed)"))

During handling of the above exception, another exception occurred:

Traceback (most recent call last):
  File "C:\Users\manoj\files7\tutorials\DATA605\Spring2025\projects\TutorTask143_Spring2025_Custom_Bitcoin_Chatbot_with_Ollama_Python\vector_store.py", line 850, in answer_question
    result = self.qa_chain({
  File "C:\Users\manoj\anaconda3\envs\bitcoin_env\lib\site-packages\langchain\chains\base.py", line 306, in __call__
    raise e
  File "C:\Users\manoj\anaconda3\envs\bitcoin_env\lib\site-packages\langchain\chains\base.py", line 300, in __call__
    self._call(inputs, run_manager=run_manager)
  File "C:\Users\manoj\anaconda3\envs\bitcoin_env\lib\site-packages\langchain\chains\conversational_retrieval\base.py", line 134, in _call
    docs = self._get_docs(new_question, inputs, run_manager=_run_manager)
  File "C:\Users\manoj\anaconda3\envs\bitcoin_env\lib\site-packages\langchain\chains\conversational_retrieval\base.py", line 286, in _get_docs
    docs = self.retriever.get_relevant_documents(
  File "C:\Users\manoj\anaconda3\envs\bitcoin_env\lib\site-packages\langchain\schema\retriever.py", line 211, in get_relevant_documents
    raise e
  File "C:\Users\manoj\anaconda3\envs\bitcoin_env\lib\site-packages\langchain\schema\retriever.py", line 204, in get_relevant_documents
    result = self._get_relevant_documents(
  File "C:\Users\manoj\anaconda3\envs\bitcoin_env\lib\site-packages\langchain\schema\vectorstore.py", line 594, in _get_relevant_documents
    docs = self.vectorstore.max_marginal_relevance_search(
  File "C:\Users\manoj\anaconda3\envs\bitcoin_env\lib\site-packages\langchain\vectorstores\faiss.py", line 468, in max_marginal_relevance_search
    embedding = self.embedding_function(query)
  File "C:\Users\manoj\anaconda3\envs\bitcoin_env\lib\site-packages\langchain\embeddings\ollama.py", line 204, in embed_query
    embedding = self._embed([instruction_pair])[0]
  File "C:\Users\manoj\anaconda3\envs\bitcoin_env\lib\site-packages\langchain\embeddings\ollama.py", line 176, in _embed
    embeddings = self._process_emb_response(prompt)
  File "C:\Users\manoj\anaconda3\envs\bitcoin_env\lib\site-packages\langchain\embeddings\ollama.py", line 158, in _process_emb_response
    raise ValueError(f"Error raised by inference endpoint: {e}")
ValueError: Error raised by inference endpoint: HTTPConnectionPool(host='ollama', port=11434): Max retries exceeded with url: /api/embeddings (Caused by NameResolutionError("<urllib3.connection.HTTPConnection object at 0x000002489B223EE0>: Failed to resolve 'ollama' ([Errno 11001] getaddrinfo failed)"))

2025-05-17 10:47:37,187 - __main__ - INFO - Stopped scheduled updates
2025-05-17 10:47:49,783 - utils - INFO - Created templates directory with enhanced index.html
2025-05-17 10:47:49,951 - __main__ - INFO - Initializing Crypto Assistant...
2025-05-17 10:47:50,010 - faiss.loader - INFO - Loading faiss with AVX2 support.
2025-05-17 10:47:50,027 - faiss.loader - INFO - Successfully loaded faiss with AVX2 support.
2025-05-17 10:47:50,035 - vector_store - INFO - Vector store loaded from faiss_index
2025-05-17 10:47:50,036 - vector_store - INFO - Enhanced QA chain initialized with multi-query retrieval and metadata filtering
2025-05-17 10:47:50,036 - __main__ - INFO - Fetching historical data during initialization...
2025-05-17 10:47:51,759 - api - INFO - Using cached historical data for bitcoin
2025-05-17 10:47:51,764 - api - INFO - Loaded 3895 records from cache, date range: 2014-09-17 00:00:00+00:00 to 2025-05-16 00:00:00+00:00
2025-05-17 10:47:51,764 - __main__ - INFO - Successfully retrieved historical data for bitcoin: 3895 records
2025-05-17 10:47:53,007 - api - INFO - Using cached historical data for ethereum
2025-05-17 10:47:53,007 - api - INFO - Loaded 2746 records from cache, date range: 2017-11-09 00:00:00+00:00 to 2025-05-16 00:00:00+00:00
2025-05-17 10:47:53,007 - __main__ - INFO - Successfully retrieved historical data for ethereum: 2746 records
2025-05-17 10:47:53,007 - data_processor - INFO - Building date-price lookup for bitcoin from 2014-09-17 00:00:00+00:00 to 2025-05-16 00:00:00+00:00
2025-05-17 10:47:53,138 - data_processor - INFO - Added 3895 date-price entries for bitcoin
2025-05-17 10:47:53,138 - data_processor - INFO - Building date-price lookup for ethereum from 2017-11-09 00:00:00+00:00 to 2025-05-16 00:00:00+00:00
2025-05-17 10:47:53,237 - data_processor - INFO - Added 2746 date-price entries for ethereum
2025-05-17 10:47:53,237 - __main__ - INFO - Date-price lookup built from historical data
2025-05-17 10:47:53,237 - __main__ - INFO - Crypto Assistant initialized successfully
2025-05-17 10:47:53,252 - __main__ - INFO - Starting scheduled updates every 5 minutes
2025-05-17 10:47:53,252 - __main__ - INFO - Started scheduled updates every 5 minutes
2025-05-17 10:47:53,268 - werkzeug - INFO - [31m[1mWARNING: This is a development server. Do not use it in a production deployment. Use a production WSGI server instead.[0m
 * Running on all addresses (0.0.0.0)
 * Running on http://127.0.0.1:5000
 * Running on http://10.172.72.99:5000
2025-05-17 10:47:53,268 - werkzeug - INFO - [33mPress CTRL+C to quit[0m
2025-05-17 10:47:56,307 - werkzeug - INFO - 127.0.0.1 - - [17/May/2025 10:47:56] "GET / HTTP/1.1" 200 -
2025-05-17 10:48:08,265 - vector_store - WARNING - Data might be outdated. Last update was: Never
2025-05-17 10:48:08,268 - werkzeug - INFO - 127.0.0.1 - - [17/May/2025 10:48:08] "POST /api/ask HTTP/1.1" 200 -
2025-05-17 10:50:18,924 - vector_store - WARNING - Data might be outdated. Last update was: Never
2025-05-17 10:50:18,925 - werkzeug - INFO - 127.0.0.1 - - [17/May/2025 10:50:18] "POST /api/ask HTTP/1.1" 200 -
2025-05-17 10:50:34,426 - vector_store - WARNING - Data might be outdated. Last update was: Never
2025-05-17 10:50:41,670 - vector_store - ERROR - Error with retriever: Error raised by inference endpoint: HTTPConnectionPool(host='ollama', port=11434): Max retries exceeded with url: /api/embeddings (Caused by NameResolutionError("<urllib3.connection.HTTPConnection object at 0x000001EF3FD28370>: Failed to resolve 'ollama' ([Errno 11001] getaddrinfo failed)")). Falling back to default.
2025-05-17 10:50:44,362 - vector_store - ERROR - Error answering question: Error raised by inference endpoint: HTTPConnectionPool(host='ollama', port=11434): Max retries exceeded with url: /api/embeddings (Caused by NameResolutionError("<urllib3.connection.HTTPConnection object at 0x000001EF3FD28E20>: Failed to resolve 'ollama' ([Errno 11001] getaddrinfo failed)"))
2025-05-17 10:50:44,371 - vector_store - ERROR - Traceback (most recent call last):
  File "C:\Users\manoj\anaconda3\envs\bitcoin_env\lib\site-packages\urllib3\connection.py", line 198, in _new_conn
    sock = connection.create_connection(
  File "C:\Users\manoj\anaconda3\envs\bitcoin_env\lib\site-packages\urllib3\util\connection.py", line 60, in create_connection
    for res in socket.getaddrinfo(host, port, family, socket.SOCK_STREAM):
  File "C:\Users\manoj\anaconda3\envs\bitcoin_env\lib\socket.py", line 967, in getaddrinfo
    for res in _socket.getaddrinfo(host, port, family, type, proto, flags):
socket.gaierror: [Errno 11001] getaddrinfo failed

The above exception was the direct cause of the following exception:

Traceback (most recent call last):
  File "C:\Users\manoj\anaconda3\envs\bitcoin_env\lib\site-packages\urllib3\connectionpool.py", line 787, in urlopen
    response = self._make_request(
  File "C:\Users\manoj\anaconda3\envs\bitcoin_env\lib\site-packages\urllib3\connectionpool.py", line 493, in _make_request
    conn.request(
  File "C:\Users\manoj\anaconda3\envs\bitcoin_env\lib\site-packages\urllib3\connection.py", line 445, in request
    self.endheaders()
  File "C:\Users\manoj\anaconda3\envs\bitcoin_env\lib\http\client.py", line 1278, in endheaders
    self._send_output(message_body, encode_chunked=encode_chunked)
  File "C:\Users\manoj\anaconda3\envs\bitcoin_env\lib\http\client.py", line 1038, in _send_output
    self.send(msg)
  File "C:\Users\manoj\anaconda3\envs\bitcoin_env\lib\http\client.py", line 976, in send
    self.connect()
  File "C:\Users\manoj\anaconda3\envs\bitcoin_env\lib\site-packages\urllib3\connection.py", line 276, in connect
    self.sock = self._new_conn()
  File "C:\Users\manoj\anaconda3\envs\bitcoin_env\lib\site-packages\urllib3\connection.py", line 205, in _new_conn
    raise NameResolutionError(self.host, self, e) from e
urllib3.exceptions.NameResolutionError: <urllib3.connection.HTTPConnection object at 0x000001EF3FD28370>: Failed to resolve 'ollama' ([Errno 11001] getaddrinfo failed)

The above exception was the direct cause of the following exception:

Traceback (most recent call last):
  File "C:\Users\manoj\anaconda3\envs\bitcoin_env\lib\site-packages\requests\adapters.py", line 486, in send
    resp = conn.urlopen(
  File "C:\Users\manoj\anaconda3\envs\bitcoin_env\lib\site-packages\urllib3\connectionpool.py", line 841, in urlopen
    retries = retries.increment(
  File "C:\Users\manoj\anaconda3\envs\bitcoin_env\lib\site-packages\urllib3\util\retry.py", line 519, in increment
    raise MaxRetryError(_pool, url, reason) from reason  # type: ignore[arg-type]
urllib3.exceptions.MaxRetryError: HTTPConnectionPool(host='ollama', port=11434): Max retries exceeded with url: /api/embeddings (Caused by NameResolutionError("<urllib3.connection.HTTPConnection object at 0x000001EF3FD28370>: Failed to resolve 'ollama' ([Errno 11001] getaddrinfo failed)"))

During handling of the above exception, another exception occurred:

Traceback (most recent call last):
  File "C:\Users\manoj\anaconda3\envs\bitcoin_env\lib\site-packages\langchain\embeddings\ollama.py", line 152, in _process_emb_response
    res = requests.post(
  File "C:\Users\manoj\anaconda3\envs\bitcoin_env\lib\site-packages\requests\api.py", line 115, in post
    return request("post", url, data=data, json=json, **kwargs)
  File "C:\Users\manoj\anaconda3\envs\bitcoin_env\lib\site-packages\requests\api.py", line 59, in request
    return session.request(method=method, url=url, **kwargs)
  File "C:\Users\manoj\anaconda3\envs\bitcoin_env\lib\site-packages\requests\sessions.py", line 589, in request
    resp = self.send(prep, **send_kwargs)
  File "C:\Users\manoj\anaconda3\envs\bitcoin_env\lib\site-packages\requests\sessions.py", line 703, in send
    r = adapter.send(request, **kwargs)
  File "C:\Users\manoj\anaconda3\envs\bitcoin_env\lib\site-packages\requests\adapters.py", line 519, in send
    raise ConnectionError(e, request=request)
requests.exceptions.ConnectionError: HTTPConnectionPool(host='ollama', port=11434): Max retries exceeded with url: /api/embeddings (Caused by NameResolutionError("<urllib3.connection.HTTPConnection object at 0x000001EF3FD28370>: Failed to resolve 'ollama' ([Errno 11001] getaddrinfo failed)"))

During handling of the above exception, another exception occurred:

Traceback (most recent call last):
  File "C:\Users\manoj\files7\tutorials\DATA605\Spring2025\projects\TutorTask143_Spring2025_Custom_Bitcoin_Chatbot_with_Ollama_Python\vector_store.py", line 827, in answer_question
    result = self.qa_chain({
  File "C:\Users\manoj\anaconda3\envs\bitcoin_env\lib\site-packages\langchain\chains\base.py", line 306, in __call__
    raise e
  File "C:\Users\manoj\anaconda3\envs\bitcoin_env\lib\site-packages\langchain\chains\base.py", line 300, in __call__
    self._call(inputs, run_manager=run_manager)
  File "C:\Users\manoj\anaconda3\envs\bitcoin_env\lib\site-packages\langchain\chains\conversational_retrieval\base.py", line 134, in _call
    docs = self._get_docs(new_question, inputs, run_manager=_run_manager)
  File "C:\Users\manoj\anaconda3\envs\bitcoin_env\lib\site-packages\langchain\chains\conversational_retrieval\base.py", line 286, in _get_docs
    docs = self.retriever.get_relevant_documents(
  File "C:\Users\manoj\anaconda3\envs\bitcoin_env\lib\site-packages\langchain\schema\retriever.py", line 211, in get_relevant_documents
    raise e
  File "C:\Users\manoj\anaconda3\envs\bitcoin_env\lib\site-packages\langchain\schema\retriever.py", line 204, in get_relevant_documents
    result = self._get_relevant_documents(
  File "C:\Users\manoj\anaconda3\envs\bitcoin_env\lib\site-packages\langchain\schema\vectorstore.py", line 594, in _get_relevant_documents
    docs = self.vectorstore.max_marginal_relevance_search(
  File "C:\Users\manoj\anaconda3\envs\bitcoin_env\lib\site-packages\langchain\vectorstores\faiss.py", line 468, in max_marginal_relevance_search
    embedding = self.embedding_function(query)
  File "C:\Users\manoj\anaconda3\envs\bitcoin_env\lib\site-packages\langchain\embeddings\ollama.py", line 204, in embed_query
    embedding = self._embed([instruction_pair])[0]
  File "C:\Users\manoj\anaconda3\envs\bitcoin_env\lib\site-packages\langchain\embeddings\ollama.py", line 176, in _embed
    embeddings = self._process_emb_response(prompt)
  File "C:\Users\manoj\anaconda3\envs\bitcoin_env\lib\site-packages\langchain\embeddings\ollama.py", line 158, in _process_emb_response
    raise ValueError(f"Error raised by inference endpoint: {e}")
ValueError: Error raised by inference endpoint: HTTPConnectionPool(host='ollama', port=11434): Max retries exceeded with url: /api/embeddings (Caused by NameResolutionError("<urllib3.connection.HTTPConnection object at 0x000001EF3FD28370>: Failed to resolve 'ollama' ([Errno 11001] getaddrinfo failed)"))

During handling of the above exception, another exception occurred:

Traceback (most recent call last):
  File "C:\Users\manoj\anaconda3\envs\bitcoin_env\lib\site-packages\urllib3\connection.py", line 198, in _new_conn
    sock = connection.create_connection(
  File "C:\Users\manoj\anaconda3\envs\bitcoin_env\lib\site-packages\urllib3\util\connection.py", line 60, in create_connection
    for res in socket.getaddrinfo(host, port, family, socket.SOCK_STREAM):
  File "C:\Users\manoj\anaconda3\envs\bitcoin_env\lib\socket.py", line 967, in getaddrinfo
    for res in _socket.getaddrinfo(host, port, family, type, proto, flags):
socket.gaierror: [Errno 11001] getaddrinfo failed

The above exception was the direct cause of the following exception:

Traceback (most recent call last):
  File "C:\Users\manoj\anaconda3\envs\bitcoin_env\lib\site-packages\urllib3\connectionpool.py", line 787, in urlopen
    response = self._make_request(
  File "C:\Users\manoj\anaconda3\envs\bitcoin_env\lib\site-packages\urllib3\connectionpool.py", line 493, in _make_request
    conn.request(
  File "C:\Users\manoj\anaconda3\envs\bitcoin_env\lib\site-packages\urllib3\connection.py", line 445, in request
    self.endheaders()
  File "C:\Users\manoj\anaconda3\envs\bitcoin_env\lib\http\client.py", line 1278, in endheaders
    self._send_output(message_body, encode_chunked=encode_chunked)
  File "C:\Users\manoj\anaconda3\envs\bitcoin_env\lib\http\client.py", line 1038, in _send_output
    self.send(msg)
  File "C:\Users\manoj\anaconda3\envs\bitcoin_env\lib\http\client.py", line 976, in send
    self.connect()
  File "C:\Users\manoj\anaconda3\envs\bitcoin_env\lib\site-packages\urllib3\connection.py", line 276, in connect
    self.sock = self._new_conn()
  File "C:\Users\manoj\anaconda3\envs\bitcoin_env\lib\site-packages\urllib3\connection.py", line 205, in _new_conn
    raise NameResolutionError(self.host, self, e) from e
urllib3.exceptions.NameResolutionError: <urllib3.connection.HTTPConnection object at 0x000001EF3FD28E20>: Failed to resolve 'ollama' ([Errno 11001] getaddrinfo failed)

The above exception was the direct cause of the following exception:

Traceback (most recent call last):
  File "C:\Users\manoj\anaconda3\envs\bitcoin_env\lib\site-packages\requests\adapters.py", line 486, in send
    resp = conn.urlopen(
  File "C:\Users\manoj\anaconda3\envs\bitcoin_env\lib\site-packages\urllib3\connectionpool.py", line 841, in urlopen
    retries = retries.increment(
  File "C:\Users\manoj\anaconda3\envs\bitcoin_env\lib\site-packages\urllib3\util\retry.py", line 519, in increment
    raise MaxRetryError(_pool, url, reason) from reason  # type: ignore[arg-type]
urllib3.exceptions.MaxRetryError: HTTPConnectionPool(host='ollama', port=11434): Max retries exceeded with url: /api/embeddings (Caused by NameResolutionError("<urllib3.connection.HTTPConnection object at 0x000001EF3FD28E20>: Failed to resolve 'ollama' ([Errno 11001] getaddrinfo failed)"))

During handling of the above exception, another exception occurred:

Traceback (most recent call last):
  File "C:\Users\manoj\anaconda3\envs\bitcoin_env\lib\site-packages\langchain\embeddings\ollama.py", line 152, in _process_emb_response
    res = requests.post(
  File "C:\Users\manoj\anaconda3\envs\bitcoin_env\lib\site-packages\requests\api.py", line 115, in post
    return request("post", url, data=data, json=json, **kwargs)
  File "C:\Users\manoj\anaconda3\envs\bitcoin_env\lib\site-packages\requests\api.py", line 59, in request
    return session.request(method=method, url=url, **kwargs)
  File "C:\Users\manoj\anaconda3\envs\bitcoin_env\lib\site-packages\requests\sessions.py", line 589, in request
    resp = self.send(prep, **send_kwargs)
  File "C:\Users\manoj\anaconda3\envs\bitcoin_env\lib\site-packages\requests\sessions.py", line 703, in send
    r = adapter.send(request, **kwargs)
  File "C:\Users\manoj\anaconda3\envs\bitcoin_env\lib\site-packages\requests\adapters.py", line 519, in send
    raise ConnectionError(e, request=request)
requests.exceptions.ConnectionError: HTTPConnectionPool(host='ollama', port=11434): Max retries exceeded with url: /api/embeddings (Caused by NameResolutionError("<urllib3.connection.HTTPConnection object at 0x000001EF3FD28E20>: Failed to resolve 'ollama' ([Errno 11001] getaddrinfo failed)"))

During handling of the above exception, another exception occurred:

Traceback (most recent call last):
  File "C:\Users\manoj\files7\tutorials\DATA605\Spring2025\projects\TutorTask143_Spring2025_Custom_Bitcoin_Chatbot_with_Ollama_Python\vector_store.py", line 850, in answer_question
    result = self.qa_chain({
  File "C:\Users\manoj\anaconda3\envs\bitcoin_env\lib\site-packages\langchain\chains\base.py", line 306, in __call__
    raise e
  File "C:\Users\manoj\anaconda3\envs\bitcoin_env\lib\site-packages\langchain\chains\base.py", line 300, in __call__
    self._call(inputs, run_manager=run_manager)
  File "C:\Users\manoj\anaconda3\envs\bitcoin_env\lib\site-packages\langchain\chains\conversational_retrieval\base.py", line 134, in _call
    docs = self._get_docs(new_question, inputs, run_manager=_run_manager)
  File "C:\Users\manoj\anaconda3\envs\bitcoin_env\lib\site-packages\langchain\chains\conversational_retrieval\base.py", line 286, in _get_docs
    docs = self.retriever.get_relevant_documents(
  File "C:\Users\manoj\anaconda3\envs\bitcoin_env\lib\site-packages\langchain\schema\retriever.py", line 211, in get_relevant_documents
    raise e
  File "C:\Users\manoj\anaconda3\envs\bitcoin_env\lib\site-packages\langchain\schema\retriever.py", line 204, in get_relevant_documents
    result = self._get_relevant_documents(
  File "C:\Users\manoj\anaconda3\envs\bitcoin_env\lib\site-packages\langchain\schema\vectorstore.py", line 594, in _get_relevant_documents
    docs = self.vectorstore.max_marginal_relevance_search(
  File "C:\Users\manoj\anaconda3\envs\bitcoin_env\lib\site-packages\langchain\vectorstores\faiss.py", line 468, in max_marginal_relevance_search
    embedding = self.embedding_function(query)
  File "C:\Users\manoj\anaconda3\envs\bitcoin_env\lib\site-packages\langchain\embeddings\ollama.py", line 204, in embed_query
    embedding = self._embed([instruction_pair])[0]
  File "C:\Users\manoj\anaconda3\envs\bitcoin_env\lib\site-packages\langchain\embeddings\ollama.py", line 176, in _embed
    embeddings = self._process_emb_response(prompt)
  File "C:\Users\manoj\anaconda3\envs\bitcoin_env\lib\site-packages\langchain\embeddings\ollama.py", line 158, in _process_emb_response
    raise ValueError(f"Error raised by inference endpoint: {e}")
ValueError: Error raised by inference endpoint: HTTPConnectionPool(host='ollama', port=11434): Max retries exceeded with url: /api/embeddings (Caused by NameResolutionError("<urllib3.connection.HTTPConnection object at 0x000001EF3FD28E20>: Failed to resolve 'ollama' ([Errno 11001] getaddrinfo failed)"))

2025-05-17 10:50:44,374 - werkzeug - INFO - 127.0.0.1 - - [17/May/2025 10:50:44] "POST /api/ask HTTP/1.1" 200 -
2025-05-17 10:52:53,360 - __main__ - INFO - Running scheduled data update
2025-05-17 10:52:53,361 - __main__ - INFO - Updating cryptocurrency data for: bitcoin
2025-05-17 10:52:53,361 - data_processor - INFO - Starting data update for coins: bitcoin
2025-05-17 10:52:55,817 - api - INFO - Using cached historical data for bitcoin
2025-05-17 10:52:55,823 - api - INFO - Loaded 3895 records from cache, date range: 2014-09-17 00:00:00+00:00 to 2025-05-16 00:00:00+00:00
2025-05-17 10:52:55,824 - data_processor - INFO - Successfully retrieved historical data for bitcoin: 3895 records
2025-05-17 10:52:55,824 - data_processor - INFO - Historical data for bitcoin: 3895 records from 2014-09-17 00:00:00+00:00 to 2025-05-16 00:00:00+00:00
2025-05-17 10:52:55,824 - data_processor - INFO - Columns available: ['date', 'open', 'high', 'low', 'close', 'volume', 'price']
2025-05-17 10:52:55,826 - data_processor - INFO - Historical data for ethereum: 2746 records from 2017-11-09 00:00:00+00:00 to 2025-05-16 00:00:00+00:00
2025-05-17 10:52:55,826 - data_processor - INFO - Columns available: ['date', 'open', 'high', 'low', 'close', 'volume', 'price']
2025-05-17 10:52:55,827 - data_processor - INFO - Building date-price lookup for bitcoin from 2014-09-17 00:00:00+00:00 to 2025-05-16 00:00:00+00:00
2025-05-17 10:52:56,035 - data_processor - INFO - Added 3895 date-price entries for bitcoin
2025-05-17 10:52:56,035 - data_processor - INFO - Building date-price lookup for ethereum from 2017-11-09 00:00:00+00:00 to 2025-05-16 00:00:00+00:00
2025-05-17 10:52:56,160 - data_processor - INFO - Added 2746 date-price entries for ethereum
2025-05-17 10:52:56,160 - data_processor - INFO - Built date-price lookup for 1 coins
2025-05-17 10:52:56,420 - api - INFO - Using cached market data for bitcoin
2025-05-17 10:52:56,420 - api - INFO - Successfully fetched market data for 1 coins
2025-05-17 10:52:56,434 - api - INFO - Using cached news data for bitcoin
2025-05-17 10:52:56,435 - data_processor - INFO - Performing sentiment analysis on 20 news articles
2025-05-17 10:52:56,448 - data_processor - INFO - Sentiment analysis complete: neutral (0.04)
2025-05-17 10:52:56,449 - data_processor - INFO - Performing technical analysis for bitcoin
2025-05-17 10:52:56,502 - data_processor - ERROR - Error updating technical analysis: '<' not supported between instances of 'str' and 'int'
2025-05-17 10:52:56,503 - data_processor - INFO - All data updated at 2025-05-17 10:52:56.503524
2025-05-17 10:53:03,794 - __main__ - ERROR - Error in scheduled update: Error raised by inference endpoint: HTTPConnectionPool(host='ollama', port=11434): Max retries exceeded with url: /api/embeddings (Caused by NameResolutionError("<urllib3.connection.HTTPConnection object at 0x000001EF3FD28F70>: Failed to resolve 'ollama' ([Errno 11001] getaddrinfo failed)"))
2025-05-17 10:57:01,755 - vector_store - ERROR - Error with retriever: Error raised by inference endpoint: HTTPConnectionPool(host='ollama', port=11434): Max retries exceeded with url: /api/embeddings (Caused by NameResolutionError("<urllib3.connection.HTTPConnection object at 0x000001EF3FD28C70>: Failed to resolve 'ollama' ([Errno 11001] getaddrinfo failed)")). Falling back to default.
2025-05-17 10:57:04,436 - vector_store - ERROR - Error answering question: Error raised by inference endpoint: HTTPConnectionPool(host='ollama', port=11434): Max retries exceeded with url: /api/embeddings (Caused by NameResolutionError("<urllib3.connection.HTTPConnection object at 0x000001EF3FD2A470>: Failed to resolve 'ollama' ([Errno 11001] getaddrinfo failed)"))
2025-05-17 10:57:04,439 - vector_store - ERROR - Traceback (most recent call last):
  File "C:\Users\manoj\anaconda3\envs\bitcoin_env\lib\site-packages\urllib3\connection.py", line 198, in _new_conn
    sock = connection.create_connection(
  File "C:\Users\manoj\anaconda3\envs\bitcoin_env\lib\site-packages\urllib3\util\connection.py", line 60, in create_connection
    for res in socket.getaddrinfo(host, port, family, socket.SOCK_STREAM):
  File "C:\Users\manoj\anaconda3\envs\bitcoin_env\lib\socket.py", line 967, in getaddrinfo
    for res in _socket.getaddrinfo(host, port, family, type, proto, flags):
socket.gaierror: [Errno 11001] getaddrinfo failed

The above exception was the direct cause of the following exception:

Traceback (most recent call last):
  File "C:\Users\manoj\anaconda3\envs\bitcoin_env\lib\site-packages\urllib3\connectionpool.py", line 787, in urlopen
    response = self._make_request(
  File "C:\Users\manoj\anaconda3\envs\bitcoin_env\lib\site-packages\urllib3\connectionpool.py", line 493, in _make_request
    conn.request(
  File "C:\Users\manoj\anaconda3\envs\bitcoin_env\lib\site-packages\urllib3\connection.py", line 445, in request
    self.endheaders()
  File "C:\Users\manoj\anaconda3\envs\bitcoin_env\lib\http\client.py", line 1278, in endheaders
    self._send_output(message_body, encode_chunked=encode_chunked)
  File "C:\Users\manoj\anaconda3\envs\bitcoin_env\lib\http\client.py", line 1038, in _send_output
    self.send(msg)
  File "C:\Users\manoj\anaconda3\envs\bitcoin_env\lib\http\client.py", line 976, in send
    self.connect()
  File "C:\Users\manoj\anaconda3\envs\bitcoin_env\lib\site-packages\urllib3\connection.py", line 276, in connect
    self.sock = self._new_conn()
  File "C:\Users\manoj\anaconda3\envs\bitcoin_env\lib\site-packages\urllib3\connection.py", line 205, in _new_conn
    raise NameResolutionError(self.host, self, e) from e
urllib3.exceptions.NameResolutionError: <urllib3.connection.HTTPConnection object at 0x000001EF3FD28C70>: Failed to resolve 'ollama' ([Errno 11001] getaddrinfo failed)

The above exception was the direct cause of the following exception:

Traceback (most recent call last):
  File "C:\Users\manoj\anaconda3\envs\bitcoin_env\lib\site-packages\requests\adapters.py", line 486, in send
    resp = conn.urlopen(
  File "C:\Users\manoj\anaconda3\envs\bitcoin_env\lib\site-packages\urllib3\connectionpool.py", line 841, in urlopen
    retries = retries.increment(
  File "C:\Users\manoj\anaconda3\envs\bitcoin_env\lib\site-packages\urllib3\util\retry.py", line 519, in increment
    raise MaxRetryError(_pool, url, reason) from reason  # type: ignore[arg-type]
urllib3.exceptions.MaxRetryError: HTTPConnectionPool(host='ollama', port=11434): Max retries exceeded with url: /api/embeddings (Caused by NameResolutionError("<urllib3.connection.HTTPConnection object at 0x000001EF3FD28C70>: Failed to resolve 'ollama' ([Errno 11001] getaddrinfo failed)"))

During handling of the above exception, another exception occurred:

Traceback (most recent call last):
  File "C:\Users\manoj\anaconda3\envs\bitcoin_env\lib\site-packages\langchain\embeddings\ollama.py", line 152, in _process_emb_response
    res = requests.post(
  File "C:\Users\manoj\anaconda3\envs\bitcoin_env\lib\site-packages\requests\api.py", line 115, in post
    return request("post", url, data=data, json=json, **kwargs)
  File "C:\Users\manoj\anaconda3\envs\bitcoin_env\lib\site-packages\requests\api.py", line 59, in request
    return session.request(method=method, url=url, **kwargs)
  File "C:\Users\manoj\anaconda3\envs\bitcoin_env\lib\site-packages\requests\sessions.py", line 589, in request
    resp = self.send(prep, **send_kwargs)
  File "C:\Users\manoj\anaconda3\envs\bitcoin_env\lib\site-packages\requests\sessions.py", line 703, in send
    r = adapter.send(request, **kwargs)
  File "C:\Users\manoj\anaconda3\envs\bitcoin_env\lib\site-packages\requests\adapters.py", line 519, in send
    raise ConnectionError(e, request=request)
requests.exceptions.ConnectionError: HTTPConnectionPool(host='ollama', port=11434): Max retries exceeded with url: /api/embeddings (Caused by NameResolutionError("<urllib3.connection.HTTPConnection object at 0x000001EF3FD28C70>: Failed to resolve 'ollama' ([Errno 11001] getaddrinfo failed)"))

During handling of the above exception, another exception occurred:

Traceback (most recent call last):
  File "C:\Users\manoj\files7\tutorials\DATA605\Spring2025\projects\TutorTask143_Spring2025_Custom_Bitcoin_Chatbot_with_Ollama_Python\vector_store.py", line 827, in answer_question
    result = self.qa_chain({
  File "C:\Users\manoj\anaconda3\envs\bitcoin_env\lib\site-packages\langchain\chains\base.py", line 306, in __call__
    raise e
  File "C:\Users\manoj\anaconda3\envs\bitcoin_env\lib\site-packages\langchain\chains\base.py", line 300, in __call__
    self._call(inputs, run_manager=run_manager)
  File "C:\Users\manoj\anaconda3\envs\bitcoin_env\lib\site-packages\langchain\chains\conversational_retrieval\base.py", line 134, in _call
    docs = self._get_docs(new_question, inputs, run_manager=_run_manager)
  File "C:\Users\manoj\anaconda3\envs\bitcoin_env\lib\site-packages\langchain\chains\conversational_retrieval\base.py", line 286, in _get_docs
    docs = self.retriever.get_relevant_documents(
  File "C:\Users\manoj\anaconda3\envs\bitcoin_env\lib\site-packages\langchain\schema\retriever.py", line 211, in get_relevant_documents
    raise e
  File "C:\Users\manoj\anaconda3\envs\bitcoin_env\lib\site-packages\langchain\schema\retriever.py", line 204, in get_relevant_documents
    result = self._get_relevant_documents(
  File "C:\Users\manoj\anaconda3\envs\bitcoin_env\lib\site-packages\langchain\schema\vectorstore.py", line 594, in _get_relevant_documents
    docs = self.vectorstore.max_marginal_relevance_search(
  File "C:\Users\manoj\anaconda3\envs\bitcoin_env\lib\site-packages\langchain\vectorstores\faiss.py", line 468, in max_marginal_relevance_search
    embedding = self.embedding_function(query)
  File "C:\Users\manoj\anaconda3\envs\bitcoin_env\lib\site-packages\langchain\embeddings\ollama.py", line 204, in embed_query
    embedding = self._embed([instruction_pair])[0]
  File "C:\Users\manoj\anaconda3\envs\bitcoin_env\lib\site-packages\langchain\embeddings\ollama.py", line 176, in _embed
    embeddings = self._process_emb_response(prompt)
  File "C:\Users\manoj\anaconda3\envs\bitcoin_env\lib\site-packages\langchain\embeddings\ollama.py", line 158, in _process_emb_response
    raise ValueError(f"Error raised by inference endpoint: {e}")
ValueError: Error raised by inference endpoint: HTTPConnectionPool(host='ollama', port=11434): Max retries exceeded with url: /api/embeddings (Caused by NameResolutionError("<urllib3.connection.HTTPConnection object at 0x000001EF3FD28C70>: Failed to resolve 'ollama' ([Errno 11001] getaddrinfo failed)"))

During handling of the above exception, another exception occurred:

Traceback (most recent call last):
  File "C:\Users\manoj\anaconda3\envs\bitcoin_env\lib\site-packages\urllib3\connection.py", line 198, in _new_conn
    sock = connection.create_connection(
  File "C:\Users\manoj\anaconda3\envs\bitcoin_env\lib\site-packages\urllib3\util\connection.py", line 60, in create_connection
    for res in socket.getaddrinfo(host, port, family, socket.SOCK_STREAM):
  File "C:\Users\manoj\anaconda3\envs\bitcoin_env\lib\socket.py", line 967, in getaddrinfo
    for res in _socket.getaddrinfo(host, port, family, type, proto, flags):
socket.gaierror: [Errno 11001] getaddrinfo failed

The above exception was the direct cause of the following exception:

Traceback (most recent call last):
  File "C:\Users\manoj\anaconda3\envs\bitcoin_env\lib\site-packages\urllib3\connectionpool.py", line 787, in urlopen
    response = self._make_request(
  File "C:\Users\manoj\anaconda3\envs\bitcoin_env\lib\site-packages\urllib3\connectionpool.py", line 493, in _make_request
    conn.request(
  File "C:\Users\manoj\anaconda3\envs\bitcoin_env\lib\site-packages\urllib3\connection.py", line 445, in request
    self.endheaders()
  File "C:\Users\manoj\anaconda3\envs\bitcoin_env\lib\http\client.py", line 1278, in endheaders
    self._send_output(message_body, encode_chunked=encode_chunked)
  File "C:\Users\manoj\anaconda3\envs\bitcoin_env\lib\http\client.py", line 1038, in _send_output
    self.send(msg)
  File "C:\Users\manoj\anaconda3\envs\bitcoin_env\lib\http\client.py", line 976, in send
    self.connect()
  File "C:\Users\manoj\anaconda3\envs\bitcoin_env\lib\site-packages\urllib3\connection.py", line 276, in connect
    self.sock = self._new_conn()
  File "C:\Users\manoj\anaconda3\envs\bitcoin_env\lib\site-packages\urllib3\connection.py", line 205, in _new_conn
    raise NameResolutionError(self.host, self, e) from e
urllib3.exceptions.NameResolutionError: <urllib3.connection.HTTPConnection object at 0x000001EF3FD2A470>: Failed to resolve 'ollama' ([Errno 11001] getaddrinfo failed)

The above exception was the direct cause of the following exception:

Traceback (most recent call last):
  File "C:\Users\manoj\anaconda3\envs\bitcoin_env\lib\site-packages\requests\adapters.py", line 486, in send
    resp = conn.urlopen(
  File "C:\Users\manoj\anaconda3\envs\bitcoin_env\lib\site-packages\urllib3\connectionpool.py", line 841, in urlopen
    retries = retries.increment(
  File "C:\Users\manoj\anaconda3\envs\bitcoin_env\lib\site-packages\urllib3\util\retry.py", line 519, in increment
    raise MaxRetryError(_pool, url, reason) from reason  # type: ignore[arg-type]
urllib3.exceptions.MaxRetryError: HTTPConnectionPool(host='ollama', port=11434): Max retries exceeded with url: /api/embeddings (Caused by NameResolutionError("<urllib3.connection.HTTPConnection object at 0x000001EF3FD2A470>: Failed to resolve 'ollama' ([Errno 11001] getaddrinfo failed)"))

During handling of the above exception, another exception occurred:

Traceback (most recent call last):
  File "C:\Users\manoj\anaconda3\envs\bitcoin_env\lib\site-packages\langchain\embeddings\ollama.py", line 152, in _process_emb_response
    res = requests.post(
  File "C:\Users\manoj\anaconda3\envs\bitcoin_env\lib\site-packages\requests\api.py", line 115, in post
    return request("post", url, data=data, json=json, **kwargs)
  File "C:\Users\manoj\anaconda3\envs\bitcoin_env\lib\site-packages\requests\api.py", line 59, in request
    return session.request(method=method, url=url, **kwargs)
  File "C:\Users\manoj\anaconda3\envs\bitcoin_env\lib\site-packages\requests\sessions.py", line 589, in request
    resp = self.send(prep, **send_kwargs)
  File "C:\Users\manoj\anaconda3\envs\bitcoin_env\lib\site-packages\requests\sessions.py", line 703, in send
    r = adapter.send(request, **kwargs)
  File "C:\Users\manoj\anaconda3\envs\bitcoin_env\lib\site-packages\requests\adapters.py", line 519, in send
    raise ConnectionError(e, request=request)
requests.exceptions.ConnectionError: HTTPConnectionPool(host='ollama', port=11434): Max retries exceeded with url: /api/embeddings (Caused by NameResolutionError("<urllib3.connection.HTTPConnection object at 0x000001EF3FD2A470>: Failed to resolve 'ollama' ([Errno 11001] getaddrinfo failed)"))

During handling of the above exception, another exception occurred:

Traceback (most recent call last):
  File "C:\Users\manoj\files7\tutorials\DATA605\Spring2025\projects\TutorTask143_Spring2025_Custom_Bitcoin_Chatbot_with_Ollama_Python\vector_store.py", line 850, in answer_question
    result = self.qa_chain({
  File "C:\Users\manoj\anaconda3\envs\bitcoin_env\lib\site-packages\langchain\chains\base.py", line 306, in __call__
    raise e
  File "C:\Users\manoj\anaconda3\envs\bitcoin_env\lib\site-packages\langchain\chains\base.py", line 300, in __call__
    self._call(inputs, run_manager=run_manager)
  File "C:\Users\manoj\anaconda3\envs\bitcoin_env\lib\site-packages\langchain\chains\conversational_retrieval\base.py", line 134, in _call
    docs = self._get_docs(new_question, inputs, run_manager=_run_manager)
  File "C:\Users\manoj\anaconda3\envs\bitcoin_env\lib\site-packages\langchain\chains\conversational_retrieval\base.py", line 286, in _get_docs
    docs = self.retriever.get_relevant_documents(
  File "C:\Users\manoj\anaconda3\envs\bitcoin_env\lib\site-packages\langchain\schema\retriever.py", line 211, in get_relevant_documents
    raise e
  File "C:\Users\manoj\anaconda3\envs\bitcoin_env\lib\site-packages\langchain\schema\retriever.py", line 204, in get_relevant_documents
    result = self._get_relevant_documents(
  File "C:\Users\manoj\anaconda3\envs\bitcoin_env\lib\site-packages\langchain\schema\vectorstore.py", line 594, in _get_relevant_documents
    docs = self.vectorstore.max_marginal_relevance_search(
  File "C:\Users\manoj\anaconda3\envs\bitcoin_env\lib\site-packages\langchain\vectorstores\faiss.py", line 468, in max_marginal_relevance_search
    embedding = self.embedding_function(query)
  File "C:\Users\manoj\anaconda3\envs\bitcoin_env\lib\site-packages\langchain\embeddings\ollama.py", line 204, in embed_query
    embedding = self._embed([instruction_pair])[0]
  File "C:\Users\manoj\anaconda3\envs\bitcoin_env\lib\site-packages\langchain\embeddings\ollama.py", line 176, in _embed
    embeddings = self._process_emb_response(prompt)
  File "C:\Users\manoj\anaconda3\envs\bitcoin_env\lib\site-packages\langchain\embeddings\ollama.py", line 158, in _process_emb_response
    raise ValueError(f"Error raised by inference endpoint: {e}")
ValueError: Error raised by inference endpoint: HTTPConnectionPool(host='ollama', port=11434): Max retries exceeded with url: /api/embeddings (Caused by NameResolutionError("<urllib3.connection.HTTPConnection object at 0x000001EF3FD2A470>: Failed to resolve 'ollama' ([Errno 11001] getaddrinfo failed)"))

2025-05-17 10:57:04,442 - werkzeug - INFO - 127.0.0.1 - - [17/May/2025 10:57:04] "POST /api/ask HTTP/1.1" 200 -
2025-05-17 10:58:03,917 - __main__ - INFO - Running scheduled data update
2025-05-17 10:58:03,917 - __main__ - INFO - Updating cryptocurrency data for: bitcoin
2025-05-17 10:58:03,917 - data_processor - INFO - Starting data update for coins: bitcoin
2025-05-17 10:58:06,156 - api - INFO - Using cached historical data for bitcoin
2025-05-17 10:58:06,162 - api - INFO - Loaded 3895 records from cache, date range: 2014-09-17 00:00:00+00:00 to 2025-05-16 00:00:00+00:00
2025-05-17 10:58:06,163 - data_processor - INFO - Successfully retrieved historical data for bitcoin: 3895 records
2025-05-17 10:58:06,163 - data_processor - INFO - Historical data for bitcoin: 3895 records from 2014-09-17 00:00:00+00:00 to 2025-05-16 00:00:00+00:00
2025-05-17 10:58:06,164 - data_processor - INFO - Columns available: ['date', 'open', 'high', 'low', 'close', 'volume', 'price']
2025-05-17 10:58:06,164 - data_processor - INFO - Historical data for ethereum: 2746 records from 2017-11-09 00:00:00+00:00 to 2025-05-16 00:00:00+00:00
2025-05-17 10:58:06,164 - data_processor - INFO - Columns available: ['date', 'open', 'high', 'low', 'close', 'volume', 'price']
2025-05-17 10:58:06,165 - data_processor - INFO - Building date-price lookup for bitcoin from 2014-09-17 00:00:00+00:00 to 2025-05-16 00:00:00+00:00
2025-05-17 10:58:06,354 - data_processor - INFO - Added 3895 date-price entries for bitcoin
2025-05-17 10:58:06,355 - data_processor - INFO - Building date-price lookup for ethereum from 2017-11-09 00:00:00+00:00 to 2025-05-16 00:00:00+00:00
2025-05-17 10:58:06,486 - data_processor - INFO - Added 2746 date-price entries for ethereum
2025-05-17 10:58:06,487 - data_processor - INFO - Built date-price lookup for 1 coins
2025-05-17 10:58:06,732 - api - INFO - Using cached market data for bitcoin
2025-05-17 10:58:06,732 - api - INFO - Successfully fetched market data for 1 coins
2025-05-17 10:58:06,743 - api - INFO - Using cached news data for bitcoin
2025-05-17 10:58:06,743 - data_processor - INFO - Performing sentiment analysis on 20 news articles
2025-05-17 10:58:06,756 - data_processor - INFO - Sentiment analysis complete: neutral (0.04)
2025-05-17 10:58:06,756 - data_processor - INFO - Performing technical analysis for bitcoin
2025-05-17 10:58:06,790 - data_processor - ERROR - Error updating technical analysis: '<' not supported between instances of 'str' and 'int'
2025-05-17 10:58:06,791 - data_processor - INFO - All data updated at 2025-05-17 10:58:06.791712
2025-05-17 10:58:14,060 - __main__ - ERROR - Error in scheduled update: Error raised by inference endpoint: HTTPConnectionPool(host='ollama', port=11434): Max retries exceeded with url: /api/embeddings (Caused by NameResolutionError("<urllib3.connection.HTTPConnection object at 0x000001EF3FD2A470>: Failed to resolve 'ollama' ([Errno 11001] getaddrinfo failed)"))
2025-05-17 11:18:20,750 - utils - INFO - Created templates directory with enhanced index.html
2025-05-17 11:18:20,909 - __main__ - INFO - Initializing Crypto Assistant...
2025-05-17 11:18:20,976 - faiss.loader - INFO - Loading faiss with AVX2 support.
2025-05-17 11:18:20,993 - faiss.loader - INFO - Successfully loaded faiss with AVX2 support.
2025-05-17 11:18:21,001 - vector_store - INFO - Vector store loaded from faiss_index
2025-05-17 11:18:21,001 - vector_store - INFO - Enhanced QA chain initialized with multi-query retrieval and metadata filtering
2025-05-17 11:18:21,003 - __main__ - INFO - Fetching historical data during initialization...
2025-05-17 11:18:22,968 - api - INFO - Using cached historical data for bitcoin
2025-05-17 11:18:22,973 - api - INFO - Loaded 3895 records from cache, date range: 2014-09-17 00:00:00+00:00 to 2025-05-16 00:00:00+00:00
2025-05-17 11:18:22,973 - __main__ - INFO - Successfully retrieved historical data for bitcoin: 3895 records
2025-05-17 11:18:24,336 - api - INFO - Using cached historical data for ethereum
2025-05-17 11:18:24,339 - api - INFO - Loaded 2746 records from cache, date range: 2017-11-09 00:00:00+00:00 to 2025-05-16 00:00:00+00:00
2025-05-17 11:18:24,339 - __main__ - INFO - Successfully retrieved historical data for ethereum: 2746 records
2025-05-17 11:18:24,339 - data_processor - INFO - Building date-price lookup for bitcoin from 2014-09-17 00:00:00+00:00 to 2025-05-16 00:00:00+00:00
2025-05-17 11:18:24,482 - data_processor - INFO - Added 3895 date-price entries for bitcoin
2025-05-17 11:18:24,482 - data_processor - INFO - Building date-price lookup for ethereum from 2017-11-09 00:00:00+00:00 to 2025-05-16 00:00:00+00:00
2025-05-17 11:18:24,581 - data_processor - INFO - Added 2746 date-price entries for ethereum
2025-05-17 11:18:24,581 - __main__ - INFO - Date-price lookup built from historical data
2025-05-17 11:18:24,581 - __main__ - INFO - Crypto Assistant initialized successfully
2025-05-17 11:18:24,581 - __main__ - INFO - Starting scheduled updates every 5 minutes
2025-05-17 11:18:24,581 - __main__ - INFO - Started scheduled updates every 5 minutes
2025-05-17 11:18:24,595 - werkzeug - INFO - [31m[1mWARNING: This is a development server. Do not use it in a production deployment. Use a production WSGI server instead.[0m
 * Running on all addresses (0.0.0.0)
 * Running on http://127.0.0.1:5000
 * Running on http://10.172.72.99:5000
2025-05-17 11:18:24,595 - werkzeug - INFO - [33mPress CTRL+C to quit[0m
2025-05-17 11:18:27,422 - werkzeug - INFO - 127.0.0.1 - - [17/May/2025 11:18:27] "GET / HTTP/1.1" 200 -
2025-05-17 11:18:27,583 - werkzeug - INFO - 127.0.0.1 - - [17/May/2025 11:18:27] "[33mGET /favicon.ico HTTP/1.1[0m" 404 -
2025-05-17 11:21:01,110 - werkzeug - INFO - 127.0.0.1 - - [17/May/2025 11:21:01] "GET / HTTP/1.1" 200 -
2025-05-17 11:21:01,158 - werkzeug - INFO - 127.0.0.1 - - [17/May/2025 11:21:01] "[33mGET /favicon.ico HTTP/1.1[0m" 404 -
2025-05-17 11:21:25,069 - vector_store - WARNING - Data might be outdated. Last update was: Never
2025-05-17 11:21:33,323 - vector_store - ERROR - Error with retriever: Error raised by inference endpoint: HTTPConnectionPool(host='ollama', port=11434): Max retries exceeded with url: /api/embeddings (Caused by NameResolutionError("<urllib3.connection.HTTPConnection object at 0x000001C6643D0700>: Failed to resolve 'ollama' ([Errno 11001] getaddrinfo failed)")). Falling back to default.
2025-05-17 11:21:36,005 - vector_store - ERROR - Error answering question: Error raised by inference endpoint: HTTPConnectionPool(host='ollama', port=11434): Max retries exceeded with url: /api/embeddings (Caused by NameResolutionError("<urllib3.connection.HTTPConnection object at 0x000001C6643D1150>: Failed to resolve 'ollama' ([Errno 11001] getaddrinfo failed)"))
2025-05-17 11:21:36,013 - vector_store - ERROR - Traceback (most recent call last):
  File "C:\Users\manoj\anaconda3\envs\bitcoin_env\lib\site-packages\urllib3\connection.py", line 198, in _new_conn
    sock = connection.create_connection(
  File "C:\Users\manoj\anaconda3\envs\bitcoin_env\lib\site-packages\urllib3\util\connection.py", line 60, in create_connection
    for res in socket.getaddrinfo(host, port, family, socket.SOCK_STREAM):
  File "C:\Users\manoj\anaconda3\envs\bitcoin_env\lib\socket.py", line 967, in getaddrinfo
    for res in _socket.getaddrinfo(host, port, family, type, proto, flags):
socket.gaierror: [Errno 11001] getaddrinfo failed

The above exception was the direct cause of the following exception:

Traceback (most recent call last):
  File "C:\Users\manoj\anaconda3\envs\bitcoin_env\lib\site-packages\urllib3\connectionpool.py", line 787, in urlopen
    response = self._make_request(
  File "C:\Users\manoj\anaconda3\envs\bitcoin_env\lib\site-packages\urllib3\connectionpool.py", line 493, in _make_request
    conn.request(
  File "C:\Users\manoj\anaconda3\envs\bitcoin_env\lib\site-packages\urllib3\connection.py", line 445, in request
    self.endheaders()
  File "C:\Users\manoj\anaconda3\envs\bitcoin_env\lib\http\client.py", line 1278, in endheaders
    self._send_output(message_body, encode_chunked=encode_chunked)
  File "C:\Users\manoj\anaconda3\envs\bitcoin_env\lib\http\client.py", line 1038, in _send_output
    self.send(msg)
  File "C:\Users\manoj\anaconda3\envs\bitcoin_env\lib\http\client.py", line 976, in send
    self.connect()
  File "C:\Users\manoj\anaconda3\envs\bitcoin_env\lib\site-packages\urllib3\connection.py", line 276, in connect
    self.sock = self._new_conn()
  File "C:\Users\manoj\anaconda3\envs\bitcoin_env\lib\site-packages\urllib3\connection.py", line 205, in _new_conn
    raise NameResolutionError(self.host, self, e) from e
urllib3.exceptions.NameResolutionError: <urllib3.connection.HTTPConnection object at 0x000001C6643D0700>: Failed to resolve 'ollama' ([Errno 11001] getaddrinfo failed)

The above exception was the direct cause of the following exception:

Traceback (most recent call last):
  File "C:\Users\manoj\anaconda3\envs\bitcoin_env\lib\site-packages\requests\adapters.py", line 486, in send
    resp = conn.urlopen(
  File "C:\Users\manoj\anaconda3\envs\bitcoin_env\lib\site-packages\urllib3\connectionpool.py", line 841, in urlopen
    retries = retries.increment(
  File "C:\Users\manoj\anaconda3\envs\bitcoin_env\lib\site-packages\urllib3\util\retry.py", line 519, in increment
    raise MaxRetryError(_pool, url, reason) from reason  # type: ignore[arg-type]
urllib3.exceptions.MaxRetryError: HTTPConnectionPool(host='ollama', port=11434): Max retries exceeded with url: /api/embeddings (Caused by NameResolutionError("<urllib3.connection.HTTPConnection object at 0x000001C6643D0700>: Failed to resolve 'ollama' ([Errno 11001] getaddrinfo failed)"))

During handling of the above exception, another exception occurred:

Traceback (most recent call last):
  File "C:\Users\manoj\anaconda3\envs\bitcoin_env\lib\site-packages\langchain\embeddings\ollama.py", line 152, in _process_emb_response
    res = requests.post(
  File "C:\Users\manoj\anaconda3\envs\bitcoin_env\lib\site-packages\requests\api.py", line 115, in post
    return request("post", url, data=data, json=json, **kwargs)
  File "C:\Users\manoj\anaconda3\envs\bitcoin_env\lib\site-packages\requests\api.py", line 59, in request
    return session.request(method=method, url=url, **kwargs)
  File "C:\Users\manoj\anaconda3\envs\bitcoin_env\lib\site-packages\requests\sessions.py", line 589, in request
    resp = self.send(prep, **send_kwargs)
  File "C:\Users\manoj\anaconda3\envs\bitcoin_env\lib\site-packages\requests\sessions.py", line 703, in send
    r = adapter.send(request, **kwargs)
  File "C:\Users\manoj\anaconda3\envs\bitcoin_env\lib\site-packages\requests\adapters.py", line 519, in send
    raise ConnectionError(e, request=request)
requests.exceptions.ConnectionError: HTTPConnectionPool(host='ollama', port=11434): Max retries exceeded with url: /api/embeddings (Caused by NameResolutionError("<urllib3.connection.HTTPConnection object at 0x000001C6643D0700>: Failed to resolve 'ollama' ([Errno 11001] getaddrinfo failed)"))

During handling of the above exception, another exception occurred:

Traceback (most recent call last):
  File "C:\Users\manoj\files7\tutorials\DATA605\Spring2025\projects\TutorTask143_Spring2025_Custom_Bitcoin_Chatbot_with_Ollama_Python\vector_store.py", line 827, in answer_question
    result = self.qa_chain({
  File "C:\Users\manoj\anaconda3\envs\bitcoin_env\lib\site-packages\langchain\chains\base.py", line 306, in __call__
    raise e
  File "C:\Users\manoj\anaconda3\envs\bitcoin_env\lib\site-packages\langchain\chains\base.py", line 300, in __call__
    self._call(inputs, run_manager=run_manager)
  File "C:\Users\manoj\anaconda3\envs\bitcoin_env\lib\site-packages\langchain\chains\conversational_retrieval\base.py", line 134, in _call
    docs = self._get_docs(new_question, inputs, run_manager=_run_manager)
  File "C:\Users\manoj\anaconda3\envs\bitcoin_env\lib\site-packages\langchain\chains\conversational_retrieval\base.py", line 286, in _get_docs
    docs = self.retriever.get_relevant_documents(
  File "C:\Users\manoj\anaconda3\envs\bitcoin_env\lib\site-packages\langchain\schema\retriever.py", line 211, in get_relevant_documents
    raise e
  File "C:\Users\manoj\anaconda3\envs\bitcoin_env\lib\site-packages\langchain\schema\retriever.py", line 204, in get_relevant_documents
    result = self._get_relevant_documents(
  File "C:\Users\manoj\anaconda3\envs\bitcoin_env\lib\site-packages\langchain\schema\vectorstore.py", line 594, in _get_relevant_documents
    docs = self.vectorstore.max_marginal_relevance_search(
  File "C:\Users\manoj\anaconda3\envs\bitcoin_env\lib\site-packages\langchain\vectorstores\faiss.py", line 468, in max_marginal_relevance_search
    embedding = self.embedding_function(query)
  File "C:\Users\manoj\anaconda3\envs\bitcoin_env\lib\site-packages\langchain\embeddings\ollama.py", line 204, in embed_query
    embedding = self._embed([instruction_pair])[0]
  File "C:\Users\manoj\anaconda3\envs\bitcoin_env\lib\site-packages\langchain\embeddings\ollama.py", line 176, in _embed
    embeddings = self._process_emb_response(prompt)
  File "C:\Users\manoj\anaconda3\envs\bitcoin_env\lib\site-packages\langchain\embeddings\ollama.py", line 158, in _process_emb_response
    raise ValueError(f"Error raised by inference endpoint: {e}")
ValueError: Error raised by inference endpoint: HTTPConnectionPool(host='ollama', port=11434): Max retries exceeded with url: /api/embeddings (Caused by NameResolutionError("<urllib3.connection.HTTPConnection object at 0x000001C6643D0700>: Failed to resolve 'ollama' ([Errno 11001] getaddrinfo failed)"))

During handling of the above exception, another exception occurred:

Traceback (most recent call last):
  File "C:\Users\manoj\anaconda3\envs\bitcoin_env\lib\site-packages\urllib3\connection.py", line 198, in _new_conn
    sock = connection.create_connection(
  File "C:\Users\manoj\anaconda3\envs\bitcoin_env\lib\site-packages\urllib3\util\connection.py", line 60, in create_connection
    for res in socket.getaddrinfo(host, port, family, socket.SOCK_STREAM):
  File "C:\Users\manoj\anaconda3\envs\bitcoin_env\lib\socket.py", line 967, in getaddrinfo
    for res in _socket.getaddrinfo(host, port, family, type, proto, flags):
socket.gaierror: [Errno 11001] getaddrinfo failed

The above exception was the direct cause of the following exception:

Traceback (most recent call last):
  File "C:\Users\manoj\anaconda3\envs\bitcoin_env\lib\site-packages\urllib3\connectionpool.py", line 787, in urlopen
    response = self._make_request(
  File "C:\Users\manoj\anaconda3\envs\bitcoin_env\lib\site-packages\urllib3\connectionpool.py", line 493, in _make_request
    conn.request(
  File "C:\Users\manoj\anaconda3\envs\bitcoin_env\lib\site-packages\urllib3\connection.py", line 445, in request
    self.endheaders()
  File "C:\Users\manoj\anaconda3\envs\bitcoin_env\lib\http\client.py", line 1278, in endheaders
    self._send_output(message_body, encode_chunked=encode_chunked)
  File "C:\Users\manoj\anaconda3\envs\bitcoin_env\lib\http\client.py", line 1038, in _send_output
    self.send(msg)
  File "C:\Users\manoj\anaconda3\envs\bitcoin_env\lib\http\client.py", line 976, in send
    self.connect()
  File "C:\Users\manoj\anaconda3\envs\bitcoin_env\lib\site-packages\urllib3\connection.py", line 276, in connect
    self.sock = self._new_conn()
  File "C:\Users\manoj\anaconda3\envs\bitcoin_env\lib\site-packages\urllib3\connection.py", line 205, in _new_conn
    raise NameResolutionError(self.host, self, e) from e
urllib3.exceptions.NameResolutionError: <urllib3.connection.HTTPConnection object at 0x000001C6643D1150>: Failed to resolve 'ollama' ([Errno 11001] getaddrinfo failed)

The above exception was the direct cause of the following exception:

Traceback (most recent call last):
  File "C:\Users\manoj\anaconda3\envs\bitcoin_env\lib\site-packages\requests\adapters.py", line 486, in send
    resp = conn.urlopen(
  File "C:\Users\manoj\anaconda3\envs\bitcoin_env\lib\site-packages\urllib3\connectionpool.py", line 841, in urlopen
    retries = retries.increment(
  File "C:\Users\manoj\anaconda3\envs\bitcoin_env\lib\site-packages\urllib3\util\retry.py", line 519, in increment
    raise MaxRetryError(_pool, url, reason) from reason  # type: ignore[arg-type]
urllib3.exceptions.MaxRetryError: HTTPConnectionPool(host='ollama', port=11434): Max retries exceeded with url: /api/embeddings (Caused by NameResolutionError("<urllib3.connection.HTTPConnection object at 0x000001C6643D1150>: Failed to resolve 'ollama' ([Errno 11001] getaddrinfo failed)"))

During handling of the above exception, another exception occurred:

Traceback (most recent call last):
  File "C:\Users\manoj\anaconda3\envs\bitcoin_env\lib\site-packages\langchain\embeddings\ollama.py", line 152, in _process_emb_response
    res = requests.post(
  File "C:\Users\manoj\anaconda3\envs\bitcoin_env\lib\site-packages\requests\api.py", line 115, in post
    return request("post", url, data=data, json=json, **kwargs)
  File "C:\Users\manoj\anaconda3\envs\bitcoin_env\lib\site-packages\requests\api.py", line 59, in request
    return session.request(method=method, url=url, **kwargs)
  File "C:\Users\manoj\anaconda3\envs\bitcoin_env\lib\site-packages\requests\sessions.py", line 589, in request
    resp = self.send(prep, **send_kwargs)
  File "C:\Users\manoj\anaconda3\envs\bitcoin_env\lib\site-packages\requests\sessions.py", line 703, in send
    r = adapter.send(request, **kwargs)
  File "C:\Users\manoj\anaconda3\envs\bitcoin_env\lib\site-packages\requests\adapters.py", line 519, in send
    raise ConnectionError(e, request=request)
requests.exceptions.ConnectionError: HTTPConnectionPool(host='ollama', port=11434): Max retries exceeded with url: /api/embeddings (Caused by NameResolutionError("<urllib3.connection.HTTPConnection object at 0x000001C6643D1150>: Failed to resolve 'ollama' ([Errno 11001] getaddrinfo failed)"))

During handling of the above exception, another exception occurred:

Traceback (most recent call last):
  File "C:\Users\manoj\files7\tutorials\DATA605\Spring2025\projects\TutorTask143_Spring2025_Custom_Bitcoin_Chatbot_with_Ollama_Python\vector_store.py", line 850, in answer_question
    result = self.qa_chain({
  File "C:\Users\manoj\anaconda3\envs\bitcoin_env\lib\site-packages\langchain\chains\base.py", line 306, in __call__
    raise e
  File "C:\Users\manoj\anaconda3\envs\bitcoin_env\lib\site-packages\langchain\chains\base.py", line 300, in __call__
    self._call(inputs, run_manager=run_manager)
  File "C:\Users\manoj\anaconda3\envs\bitcoin_env\lib\site-packages\langchain\chains\conversational_retrieval\base.py", line 134, in _call
    docs = self._get_docs(new_question, inputs, run_manager=_run_manager)
  File "C:\Users\manoj\anaconda3\envs\bitcoin_env\lib\site-packages\langchain\chains\conversational_retrieval\base.py", line 286, in _get_docs
    docs = self.retriever.get_relevant_documents(
  File "C:\Users\manoj\anaconda3\envs\bitcoin_env\lib\site-packages\langchain\schema\retriever.py", line 211, in get_relevant_documents
    raise e
  File "C:\Users\manoj\anaconda3\envs\bitcoin_env\lib\site-packages\langchain\schema\retriever.py", line 204, in get_relevant_documents
    result = self._get_relevant_documents(
  File "C:\Users\manoj\anaconda3\envs\bitcoin_env\lib\site-packages\langchain\schema\vectorstore.py", line 594, in _get_relevant_documents
    docs = self.vectorstore.max_marginal_relevance_search(
  File "C:\Users\manoj\anaconda3\envs\bitcoin_env\lib\site-packages\langchain\vectorstores\faiss.py", line 468, in max_marginal_relevance_search
    embedding = self.embedding_function(query)
  File "C:\Users\manoj\anaconda3\envs\bitcoin_env\lib\site-packages\langchain\embeddings\ollama.py", line 204, in embed_query
    embedding = self._embed([instruction_pair])[0]
  File "C:\Users\manoj\anaconda3\envs\bitcoin_env\lib\site-packages\langchain\embeddings\ollama.py", line 176, in _embed
    embeddings = self._process_emb_response(prompt)
  File "C:\Users\manoj\anaconda3\envs\bitcoin_env\lib\site-packages\langchain\embeddings\ollama.py", line 158, in _process_emb_response
    raise ValueError(f"Error raised by inference endpoint: {e}")
ValueError: Error raised by inference endpoint: HTTPConnectionPool(host='ollama', port=11434): Max retries exceeded with url: /api/embeddings (Caused by NameResolutionError("<urllib3.connection.HTTPConnection object at 0x000001C6643D1150>: Failed to resolve 'ollama' ([Errno 11001] getaddrinfo failed)"))

2025-05-17 11:21:36,017 - werkzeug - INFO - 127.0.0.1 - - [17/May/2025 11:21:36] "POST /api/ask HTTP/1.1" 200 -
2025-05-17 17:58:41,874 - bitcoinchatbot - INFO - Initializing Crypto Assistant...
2025-05-17 17:58:41,878 - faiss.loader - INFO - Loading faiss with AVX2 support.
2025-05-17 17:58:41,901 - faiss.loader - INFO - Successfully loaded faiss with AVX2 support.
2025-05-17 17:58:41,941 - vector_store - INFO - Vector store loaded from faiss_index
2025-05-17 17:58:41,943 - vector_store - INFO - Enhanced QA chain initialized with multi-query retrieval and metadata filtering
2025-05-17 17:58:41,943 - bitcoinchatbot - INFO - Fetching historical data during initialization...
2025-05-17 17:58:42,083 - api - INFO - Using cached historical data for bitcoin
2025-05-17 17:58:42,093 - api - INFO - Loaded 3895 records from cache, date range: 2014-09-17 00:00:00+00:00 to 2025-05-16 00:00:00+00:00
2025-05-17 17:58:42,093 - bitcoinchatbot - INFO - Successfully retrieved historical data for bitcoin: 3895 records
2025-05-17 17:58:42,189 - api - INFO - Using cached historical data for ethereum
2025-05-17 17:58:42,193 - api - INFO - Loaded 2746 records from cache, date range: 2017-11-09 00:00:00+00:00 to 2025-05-16 00:00:00+00:00
2025-05-17 17:58:42,194 - bitcoinchatbot - INFO - Successfully retrieved historical data for ethereum: 2746 records
2025-05-17 17:58:42,195 - data_processor - INFO - Building date-price lookup for bitcoin from 2014-09-17 00:00:00+00:00 to 2025-05-16 00:00:00+00:00
2025-05-17 17:58:42,317 - data_processor - INFO - Added 3895 date-price entries for bitcoin
2025-05-17 17:58:42,318 - data_processor - INFO - Building date-price lookup for ethereum from 2017-11-09 00:00:00+00:00 to 2025-05-16 00:00:00+00:00
2025-05-17 17:58:42,403 - data_processor - INFO - Added 2746 date-price entries for ethereum
2025-05-17 17:58:42,404 - bitcoinchatbot - INFO - Date-price lookup built from historical data
2025-05-17 17:58:42,404 - bitcoinchatbot - INFO - Crypto Assistant initialized successfully
2025-05-17 17:58:42,405 - price_predictor - WARNING - No pre-trained model found at models/bitcoin_lstm.h5
2025-05-17 17:58:42,405 - bitcoinchatbot - INFO - Training price prediction model...
2025-05-17 17:58:42,406 - price_predictor - INFO - Training LSTM model on 3895 records
2025-05-17 18:03:19,168 - price_predictor - INFO - Model saved to models/bitcoin_lstm.h5
2025-05-17 18:03:19,172 - price_predictor - INFO - Scaler saved to models/bitcoin_lstm_scaler.pkl
2025-05-17 18:03:19,173 - bitcoinchatbot - INFO - Price prediction model trained successfully
2025-05-17 18:03:19,173 - bitcoinchatbot - INFO - Starting scheduled updates every 5 minutes
2025-05-17 18:03:19,174 - bitcoinchatbot - INFO - Started scheduled updates every 5 minutes
2025-05-17 18:03:19,701 - price_predictor - INFO - Loaded pre-trained model from models/bitcoin_lstm.h5
2025-05-17 18:03:19,705 - price_predictor - INFO - Loaded scaler from models/bitcoin_lstm_scaler.pkl
2025-05-17 18:06:47,432 - bitcoinchatbot - INFO - Initializing Crypto Assistant...
2025-05-17 18:06:47,434 - faiss.loader - INFO - Loading faiss with AVX2 support.
2025-05-17 18:06:47,453 - faiss.loader - INFO - Successfully loaded faiss with AVX2 support.
2025-05-17 18:06:47,486 - vector_store - INFO - Vector store loaded from faiss_index
2025-05-17 18:06:47,487 - vector_store - INFO - Enhanced QA chain initialized with multi-query retrieval and metadata filtering
2025-05-17 18:06:47,488 - bitcoinchatbot - INFO - Fetching historical data during initialization...
2025-05-17 18:06:47,620 - api - INFO - Using cached historical data for bitcoin
2025-05-17 18:06:47,626 - api - INFO - Loaded 3895 records from cache, date range: 2014-09-17 00:00:00+00:00 to 2025-05-16 00:00:00+00:00
2025-05-17 18:06:47,627 - bitcoinchatbot - INFO - Successfully retrieved historical data for bitcoin: 3895 records
2025-05-17 18:06:47,718 - api - INFO - Using cached historical data for ethereum
2025-05-17 18:06:47,722 - api - INFO - Loaded 2746 records from cache, date range: 2017-11-09 00:00:00+00:00 to 2025-05-16 00:00:00+00:00
2025-05-17 18:06:47,723 - bitcoinchatbot - INFO - Successfully retrieved historical data for ethereum: 2746 records
2025-05-17 18:06:47,724 - data_processor - INFO - Building date-price lookup for bitcoin from 2014-09-17 00:00:00+00:00 to 2025-05-16 00:00:00+00:00
2025-05-17 18:06:47,836 - data_processor - INFO - Added 3895 date-price entries for bitcoin
2025-05-17 18:06:47,837 - data_processor - INFO - Building date-price lookup for ethereum from 2017-11-09 00:00:00+00:00 to 2025-05-16 00:00:00+00:00
2025-05-17 18:06:47,918 - data_processor - INFO - Added 2746 date-price entries for ethereum
2025-05-17 18:06:47,919 - bitcoinchatbot - INFO - Date-price lookup built from historical data
2025-05-17 18:06:47,920 - bitcoinchatbot - INFO - Crypto Assistant initialized successfully
2025-05-17 18:06:48,581 - price_predictor - INFO - Loaded pre-trained model from models/bitcoin_lstm.h5
2025-05-17 18:06:48,584 - price_predictor - INFO - Loaded scaler from models/bitcoin_lstm_scaler.pkl
2025-05-17 18:06:48,584 - bitcoinchatbot - INFO - Loaded existing price prediction model
2025-05-17 18:06:48,585 - bitcoinchatbot - INFO - Starting scheduled updates every 5 minutes
2025-05-17 18:06:48,585 - bitcoinchatbot - INFO - Started scheduled updates every 5 minutes
2025-05-17 18:06:49,095 - price_predictor - INFO - Loaded pre-trained model from models/bitcoin_lstm.h5
2025-05-17 18:06:49,098 - price_predictor - INFO - Loaded scaler from models/bitcoin_lstm_scaler.pkl
2025-05-17 18:07:11,704 - vector_store - WARNING - Data might be outdated. Last update was: Never
2025-05-17 18:07:36,275 - vector_store - WARNING - Data might be outdated. Last update was: Never
2025-05-17 18:09:24,930 - vector_store - INFO - Question answered in 108.65 seconds
2025-05-17 18:09:24,931 - vector_store - INFO - Successfully answered question: what is the bit coin price for march 25 2019...
2025-05-17 18:09:48,528 - vector_store - WARNING - Data might be outdated. Last update was: Never
2025-05-17 18:09:56,283 - vector_store - WARNING - Data might be outdated. Last update was: Never
2025-05-17 18:10:14,273 - vector_store - WARNING - Data might be outdated. Last update was: Never
2025-05-17 18:10:47,438 - price_predictor - INFO - Predicting Bitcoin price 7 days ahead
2025-05-17 18:11:00,760 - price_predictor - INFO - Predicting Bitcoin price 3 days ahead
2025-05-17 18:11:27,555 - vector_store - WARNING - Data might be outdated. Last update was: Never
2025-05-17 18:11:49,151 - bitcoinchatbot - INFO - Running scheduled data update
2025-05-17 18:11:49,252 - bitcoinchatbot - INFO - Updating cryptocurrency data for: bitcoin
2025-05-17 18:11:49,260 - data_processor - INFO - Starting data update for coins: bitcoin
2025-05-17 18:11:49,703 - api - INFO - Using cached historical data for bitcoin
2025-05-17 18:11:49,713 - api - INFO - Loaded 3895 records from cache, date range: 2014-09-17 00:00:00+00:00 to 2025-05-16 00:00:00+00:00
2025-05-17 18:11:49,714 - data_processor - INFO - Successfully retrieved historical data for bitcoin: 3895 records
2025-05-17 18:11:49,716 - data_processor - INFO - Historical data for bitcoin: 3895 records from 2014-09-17 00:00:00+00:00 to 2025-05-16 00:00:00+00:00
2025-05-17 18:11:49,717 - data_processor - INFO - Columns available: ['date', 'open', 'high', 'low', 'close', 'volume', 'price']
2025-05-17 18:11:49,717 - data_processor - INFO - Historical data for ethereum: 2746 records from 2017-11-09 00:00:00+00:00 to 2025-05-16 00:00:00+00:00
2025-05-17 18:11:49,718 - data_processor - INFO - Columns available: ['date', 'open', 'high', 'low', 'close', 'volume', 'price']
2025-05-17 18:11:49,720 - data_processor - INFO - Building date-price lookup for bitcoin from 2014-09-17 00:00:00+00:00 to 2025-05-16 00:00:00+00:00
2025-05-17 18:11:49,912 - data_processor - INFO - Added 3895 date-price entries for bitcoin
2025-05-17 18:11:49,916 - data_processor - INFO - Building date-price lookup for ethereum from 2017-11-09 00:00:00+00:00 to 2025-05-16 00:00:00+00:00
2025-05-17 18:11:50,041 - data_processor - INFO - Added 2746 date-price entries for ethereum
2025-05-17 18:11:50,042 - data_processor - INFO - Built date-price lookup for 1 coins
2025-05-17 18:11:56,139 - api - INFO - Successfully fetched market data for 1 coins
2025-05-17 18:11:56,342 - api - INFO - Successfully fetched 20 news articles
2025-05-17 18:11:56,344 - data_processor - INFO - Performing sentiment analysis on 20 news articles
2025-05-17 18:11:56,363 - data_processor - INFO - Sentiment analysis complete: neutral (0.04)
2025-05-17 18:11:56,365 - data_processor - INFO - Performing technical analysis for bitcoin
2025-05-17 18:11:56,442 - data_processor - ERROR - Error updating technical analysis: '<' not supported between instances of 'str' and 'int'
2025-05-17 18:11:56,442 - data_processor - INFO - All data updated at 2025-05-17 18:11:56.442922
2025-05-17 18:14:20,273 - vector_store - INFO - Vector store updated with 34 documents at 2025-05-17 18:14:20
2025-05-17 18:14:20,274 - vector_store - INFO - Added 61 new chunks to the vector store
2025-05-17 18:14:20,320 - vector_store - INFO - Vector store saved to faiss_index
2025-05-17 18:14:20,321 - bitcoinchatbot - INFO - Data update complete
2025-05-17 18:15:27,098 - vector_store - INFO - Question answered in 239.54 seconds
2025-05-17 18:15:27,098 - vector_store - INFO - Successfully answered question: what is the bitcoin trend for last week ...
2025-05-17 18:16:29,963 - langchain.retrievers.multi_query - INFO - Generated queries: ['1. Can you find the most recent updates on Bitcoin prices or market trends from CoinGecko?', "2. I'm looking for the latest Bitcoin-related news published by CoinGecko, when was this information last updated?", '3. What is the current status of Bitcoin (price, market cap, etc.) as reported by CoinGecko in their most recent update?']
2025-05-17 18:18:29,304 - vector_store - INFO - Question answered in 155.51 seconds
2025-05-17 18:18:29,304 - vector_store - INFO - Successfully answered question: what is the bit coin news ...
2025-05-17 18:19:20,550 - bitcoinchatbot - INFO - Running scheduled data update
2025-05-17 18:19:20,550 - bitcoinchatbot - INFO - Updating cryptocurrency data for: bitcoin
2025-05-17 18:19:20,551 - data_processor - INFO - Starting data update for coins: bitcoin
2025-05-17 18:19:20,916 - api - INFO - Using cached historical data for bitcoin
2025-05-17 18:19:20,923 - api - INFO - Loaded 3895 records from cache, date range: 2014-09-17 00:00:00+00:00 to 2025-05-16 00:00:00+00:00
2025-05-17 18:19:20,924 - data_processor - INFO - Successfully retrieved historical data for bitcoin: 3895 records
2025-05-17 18:19:20,925 - data_processor - INFO - Historical data for bitcoin: 3895 records from 2014-09-17 00:00:00+00:00 to 2025-05-16 00:00:00+00:00
2025-05-17 18:19:20,925 - data_processor - INFO - Columns available: ['date', 'open', 'high', 'low', 'close', 'volume', 'price']
2025-05-17 18:19:20,926 - data_processor - INFO - Historical data for ethereum: 2746 records from 2017-11-09 00:00:00+00:00 to 2025-05-16 00:00:00+00:00
2025-05-17 18:19:20,926 - data_processor - INFO - Columns available: ['date', 'open', 'high', 'low', 'close', 'volume', 'price']
2025-05-17 18:19:20,927 - data_processor - INFO - Building date-price lookup for bitcoin from 2014-09-17 00:00:00+00:00 to 2025-05-16 00:00:00+00:00
2025-05-17 18:19:21,045 - data_processor - INFO - Added 3895 date-price entries for bitcoin
2025-05-17 18:19:21,046 - data_processor - INFO - Building date-price lookup for ethereum from 2017-11-09 00:00:00+00:00 to 2025-05-16 00:00:00+00:00
2025-05-17 18:19:21,127 - data_processor - INFO - Added 2746 date-price entries for ethereum
2025-05-17 18:19:21,128 - data_processor - INFO - Built date-price lookup for 1 coins
2025-05-17 18:19:21,147 - api - INFO - Using cached market data for bitcoin
2025-05-17 18:19:21,148 - api - INFO - Successfully fetched market data for 1 coins
2025-05-17 18:19:21,155 - api - INFO - Using cached news data for bitcoin
2025-05-17 18:19:21,156 - data_processor - INFO - Performing sentiment analysis on 20 news articles
2025-05-17 18:19:21,168 - data_processor - INFO - Sentiment analysis complete: neutral (0.04)
2025-05-17 18:19:21,169 - data_processor - INFO - Performing technical analysis for bitcoin
2025-05-17 18:19:21,205 - data_processor - ERROR - Error updating technical analysis: '<' not supported between instances of 'str' and 'int'
2025-05-17 18:19:21,206 - data_processor - INFO - All data updated at 2025-05-17 18:19:21.205984
2025-05-17 18:19:26,737 - vector_store - INFO - Vector store updated with 34 documents at 2025-05-17 18:19:26
2025-05-17 18:19:26,738 - vector_store - INFO - Added 61 new chunks to the vector store
2025-05-17 18:19:26,769 - vector_store - INFO - Vector store saved to faiss_index
2025-05-17 18:19:26,769 - bitcoinchatbot - INFO - Data update complete
2025-05-17 18:24:26,976 - bitcoinchatbot - INFO - Running scheduled data update
2025-05-17 18:24:26,977 - bitcoinchatbot - INFO - Updating cryptocurrency data for: bitcoin
2025-05-17 18:24:26,978 - data_processor - INFO - Starting data update for coins: bitcoin
2025-05-17 18:24:27,259 - api - INFO - Using cached historical data for bitcoin
2025-05-17 18:24:27,267 - api - INFO - Loaded 3895 records from cache, date range: 2014-09-17 00:00:00+00:00 to 2025-05-16 00:00:00+00:00
2025-05-17 18:24:27,268 - data_processor - INFO - Successfully retrieved historical data for bitcoin: 3895 records
2025-05-17 18:24:27,269 - data_processor - INFO - Historical data for bitcoin: 3895 records from 2014-09-17 00:00:00+00:00 to 2025-05-16 00:00:00+00:00
2025-05-17 18:24:27,270 - data_processor - INFO - Columns available: ['date', 'open', 'high', 'low', 'close', 'volume', 'price']
2025-05-17 18:24:27,271 - data_processor - INFO - Historical data for ethereum: 2746 records from 2017-11-09 00:00:00+00:00 to 2025-05-16 00:00:00+00:00
2025-05-17 18:24:27,272 - data_processor - INFO - Columns available: ['date', 'open', 'high', 'low', 'close', 'volume', 'price']
2025-05-17 18:24:27,273 - data_processor - INFO - Building date-price lookup for bitcoin from 2014-09-17 00:00:00+00:00 to 2025-05-16 00:00:00+00:00
2025-05-17 18:24:27,395 - data_processor - INFO - Added 3895 date-price entries for bitcoin
2025-05-17 18:24:27,397 - data_processor - INFO - Building date-price lookup for ethereum from 2017-11-09 00:00:00+00:00 to 2025-05-16 00:00:00+00:00
2025-05-17 18:24:27,476 - data_processor - INFO - Added 2746 date-price entries for ethereum
2025-05-17 18:24:27,477 - data_processor - INFO - Built date-price lookup for 1 coins
2025-05-17 18:24:27,498 - api - INFO - Using cached market data for bitcoin
2025-05-17 18:24:27,498 - api - INFO - Successfully fetched market data for 1 coins
2025-05-17 18:24:27,506 - api - INFO - Using cached news data for bitcoin
2025-05-17 18:24:27,506 - data_processor - INFO - Performing sentiment analysis on 20 news articles
2025-05-17 18:24:27,519 - data_processor - INFO - Sentiment analysis complete: neutral (0.04)
2025-05-17 18:24:27,520 - data_processor - INFO - Performing technical analysis for bitcoin
2025-05-17 18:24:27,567 - data_processor - ERROR - Error updating technical analysis: '<' not supported between instances of 'str' and 'int'
2025-05-17 18:24:27,568 - data_processor - INFO - All data updated at 2025-05-17 18:24:27.568310
2025-05-17 18:24:33,202 - vector_store - INFO - Vector store updated with 34 documents at 2025-05-17 18:24:33
2025-05-17 18:24:33,203 - vector_store - INFO - Added 61 new chunks to the vector store
2025-05-17 18:24:33,234 - vector_store - INFO - Vector store saved to faiss_index
2025-05-17 18:24:33,235 - bitcoinchatbot - INFO - Data update complete
2025-05-17 18:29:33,445 - bitcoinchatbot - INFO - Running scheduled data update
2025-05-17 18:29:33,446 - bitcoinchatbot - INFO - Updating cryptocurrency data for: bitcoin
2025-05-17 18:29:33,446 - data_processor - INFO - Starting data update for coins: bitcoin
2025-05-17 18:29:33,691 - api - INFO - Using cached historical data for bitcoin
2025-05-17 18:29:33,697 - api - INFO - Loaded 3895 records from cache, date range: 2014-09-17 00:00:00+00:00 to 2025-05-16 00:00:00+00:00
2025-05-17 18:29:33,699 - data_processor - INFO - Successfully retrieved historical data for bitcoin: 3895 records
2025-05-17 18:29:33,700 - data_processor - INFO - Historical data for bitcoin: 3895 records from 2014-09-17 00:00:00+00:00 to 2025-05-16 00:00:00+00:00
2025-05-17 18:29:33,700 - data_processor - INFO - Columns available: ['date', 'open', 'high', 'low', 'close', 'volume', 'price']
2025-05-17 18:29:33,702 - data_processor - INFO - Historical data for ethereum: 2746 records from 2017-11-09 00:00:00+00:00 to 2025-05-16 00:00:00+00:00
2025-05-17 18:29:33,702 - data_processor - INFO - Columns available: ['date', 'open', 'high', 'low', 'close', 'volume', 'price']
2025-05-17 18:29:33,704 - data_processor - INFO - Building date-price lookup for bitcoin from 2014-09-17 00:00:00+00:00 to 2025-05-16 00:00:00+00:00
2025-05-17 18:29:33,828 - data_processor - INFO - Added 3895 date-price entries for bitcoin
2025-05-17 18:29:33,830 - data_processor - INFO - Building date-price lookup for ethereum from 2017-11-09 00:00:00+00:00 to 2025-05-16 00:00:00+00:00
2025-05-17 18:29:33,934 - data_processor - INFO - Added 2746 date-price entries for ethereum
2025-05-17 18:29:33,935 - data_processor - INFO - Built date-price lookup for 1 coins
2025-05-17 18:29:33,955 - api - INFO - Using cached market data for bitcoin
2025-05-17 18:29:33,955 - api - INFO - Successfully fetched market data for 1 coins
2025-05-17 18:29:33,964 - api - INFO - Using cached news data for bitcoin
2025-05-17 18:29:33,964 - data_processor - INFO - Performing sentiment analysis on 20 news articles
2025-05-17 18:29:33,977 - data_processor - INFO - Sentiment analysis complete: neutral (0.04)
2025-05-17 18:29:33,978 - data_processor - INFO - Performing technical analysis for bitcoin
2025-05-17 18:29:34,021 - data_processor - ERROR - Error updating technical analysis: '<' not supported between instances of 'str' and 'int'
2025-05-17 18:29:34,022 - data_processor - INFO - All data updated at 2025-05-17 18:29:34.022476
2025-05-17 18:29:39,661 - vector_store - INFO - Vector store updated with 34 documents at 2025-05-17 18:29:39
2025-05-17 18:29:39,662 - vector_store - INFO - Added 61 new chunks to the vector store
2025-05-17 18:29:39,698 - vector_store - INFO - Vector store saved to faiss_index
2025-05-17 18:29:39,698 - bitcoinchatbot - INFO - Data update complete
2025-05-17 18:34:39,918 - bitcoinchatbot - INFO - Running scheduled data update
2025-05-17 18:34:39,919 - bitcoinchatbot - INFO - Updating cryptocurrency data for: bitcoin
2025-05-17 18:34:39,920 - data_processor - INFO - Starting data update for coins: bitcoin
2025-05-17 18:34:40,213 - api - INFO - Using cached historical data for bitcoin
2025-05-17 18:34:40,221 - api - INFO - Loaded 3895 records from cache, date range: 2014-09-17 00:00:00+00:00 to 2025-05-16 00:00:00+00:00
2025-05-17 18:34:40,222 - data_processor - INFO - Successfully retrieved historical data for bitcoin: 3895 records
2025-05-17 18:34:40,223 - data_processor - INFO - Historical data for bitcoin: 3895 records from 2014-09-17 00:00:00+00:00 to 2025-05-16 00:00:00+00:00
2025-05-17 18:34:40,224 - data_processor - INFO - Columns available: ['date', 'open', 'high', 'low', 'close', 'volume', 'price']
2025-05-17 18:34:40,225 - data_processor - INFO - Historical data for ethereum: 2746 records from 2017-11-09 00:00:00+00:00 to 2025-05-16 00:00:00+00:00
2025-05-17 18:34:40,225 - data_processor - INFO - Columns available: ['date', 'open', 'high', 'low', 'close', 'volume', 'price']
2025-05-17 18:34:40,227 - data_processor - INFO - Building date-price lookup for bitcoin from 2014-09-17 00:00:00+00:00 to 2025-05-16 00:00:00+00:00
2025-05-17 18:34:40,366 - data_processor - INFO - Added 3895 date-price entries for bitcoin
2025-05-17 18:34:40,367 - data_processor - INFO - Building date-price lookup for ethereum from 2017-11-09 00:00:00+00:00 to 2025-05-16 00:00:00+00:00
2025-05-17 18:34:40,481 - data_processor - INFO - Added 2746 date-price entries for ethereum
2025-05-17 18:34:40,483 - data_processor - INFO - Built date-price lookup for 1 coins
2025-05-17 18:34:40,504 - api - INFO - Using cached market data for bitcoin
2025-05-17 18:34:40,505 - api - INFO - Successfully fetched market data for 1 coins
2025-05-17 18:34:40,511 - api - INFO - Using cached news data for bitcoin
2025-05-17 18:34:40,512 - data_processor - INFO - Performing sentiment analysis on 20 news articles
2025-05-17 18:34:40,528 - data_processor - INFO - Sentiment analysis complete: neutral (0.04)
2025-05-17 18:34:40,529 - data_processor - INFO - Performing technical analysis for bitcoin
2025-05-17 18:34:40,586 - data_processor - ERROR - Error updating technical analysis: '<' not supported between instances of 'str' and 'int'
2025-05-17 18:34:40,587 - data_processor - INFO - All data updated at 2025-05-17 18:34:40.587823
2025-05-17 18:34:50,057 - vector_store - INFO - Vector store updated with 34 documents at 2025-05-17 18:34:50
2025-05-17 18:34:50,057 - vector_store - INFO - Added 61 new chunks to the vector store
2025-05-17 18:34:50,102 - vector_store - INFO - Vector store saved to faiss_index
2025-05-17 18:34:50,102 - bitcoinchatbot - INFO - Data update complete
2025-05-17 18:39:40,745 - bitcoinchatbot - INFO - Initializing Crypto Assistant...
2025-05-17 18:39:40,748 - faiss.loader - INFO - Loading faiss with AVX2 support.
2025-05-17 18:39:40,761 - faiss.loader - INFO - Successfully loaded faiss with AVX2 support.
2025-05-17 18:39:40,803 - vector_store - INFO - Vector store loaded from faiss_index
2025-05-17 18:39:40,806 - vector_store - INFO - Enhanced QA chain initialized with multi-query retrieval and metadata filtering
2025-05-17 18:39:40,807 - bitcoinchatbot - INFO - Fetching historical data during initialization...
2025-05-17 18:39:40,950 - api - INFO - Using cached historical data for bitcoin
2025-05-17 18:39:40,957 - api - INFO - Loaded 3895 records from cache, date range: 2014-09-17 00:00:00+00:00 to 2025-05-16 00:00:00+00:00
2025-05-17 18:39:40,958 - bitcoinchatbot - INFO - Successfully retrieved historical data for bitcoin: 3895 records
2025-05-17 18:39:40,959 - data_processor - INFO - Building date-price lookup for bitcoin from 2014-09-17 00:00:00+00:00 to 2025-05-16 00:00:00+00:00
2025-05-17 18:39:41,080 - data_processor - INFO - Added 3895 date-price entries for bitcoin
2025-05-17 18:39:41,082 - bitcoinchatbot - INFO - Date-price lookup built from historical data
2025-05-17 18:39:41,082 - bitcoinchatbot - INFO - Crypto Assistant initialized successfully
2025-05-17 18:39:41,734 - price_predictor - INFO - Loaded pre-trained model from models/bitcoin_lstm.h5
2025-05-17 18:39:41,737 - price_predictor - INFO - Loaded scaler from models/bitcoin_lstm_scaler.pkl
2025-05-17 18:39:41,738 - bitcoinchatbot - INFO - Loaded existing price prediction model
2025-05-17 18:39:41,739 - bitcoinchatbot - INFO - Starting scheduled updates every 5 minutes
2025-05-17 18:39:41,739 - bitcoinchatbot - INFO - Started scheduled updates every 5 minutes
2025-05-17 18:39:42,273 - price_predictor - INFO - Loaded pre-trained model from models/bitcoin_lstm.h5
2025-05-17 18:39:42,277 - price_predictor - INFO - Loaded scaler from models/bitcoin_lstm_scaler.pkl
2025-05-17 18:40:03,841 - vector_store - WARNING - Data might be outdated. Last update was: Never
2025-05-17 18:41:52,687 - vector_store - INFO - Question answered in 108.83 seconds
2025-05-17 18:41:52,689 - vector_store - INFO - Successfully answered question: what is the bitcoin price for yesterday ...
2025-05-17 18:42:46,132 - vector_store - WARNING - Data might be outdated. Last update was: Never
2025-05-17 18:44:41,949 - bitcoinchatbot - INFO - Running scheduled data update
2025-05-17 18:44:41,950 - bitcoinchatbot - INFO - Updating cryptocurrency data for: bitcoin
2025-05-17 18:44:41,951 - data_processor - INFO - Starting data update for coins: bitcoin
2025-05-17 18:44:42,250 - api - INFO - Using cached historical data for bitcoin
2025-05-17 18:44:42,256 - api - INFO - Loaded 3895 records from cache, date range: 2014-09-17 00:00:00+00:00 to 2025-05-16 00:00:00+00:00
2025-05-17 18:44:42,257 - data_processor - INFO - Successfully retrieved historical data for bitcoin: 3895 records
2025-05-17 18:44:42,258 - data_processor - INFO - Historical data for bitcoin: 3895 records from 2014-09-17 00:00:00+00:00 to 2025-05-16 00:00:00+00:00
2025-05-17 18:44:42,259 - data_processor - INFO - Columns available: ['date', 'open', 'high', 'low', 'close', 'volume', 'price']
2025-05-17 18:44:42,260 - data_processor - INFO - Building date-price lookup for bitcoin from 2014-09-17 00:00:00+00:00 to 2025-05-16 00:00:00+00:00
2025-05-17 18:44:42,392 - data_processor - INFO - Added 3895 date-price entries for bitcoin
2025-05-17 18:44:42,394 - data_processor - INFO - Built date-price lookup for 1 coins
2025-05-17 18:44:51,832 - api - INFO - Successfully fetched market data for 1 coins
2025-05-17 18:44:51,988 - api - INFO - Successfully fetched 20 news articles
2025-05-17 18:44:51,990 - data_processor - INFO - Performing sentiment analysis on 20 news articles
2025-05-17 18:44:52,001 - data_processor - INFO - Sentiment analysis complete: neutral (0.04)
2025-05-17 18:44:52,002 - data_processor - INFO - Performing technical analysis for bitcoin
2025-05-17 18:44:52,045 - data_processor - ERROR - Error updating technical analysis: '<' not supported between instances of 'str' and 'int'
2025-05-17 18:44:52,046 - data_processor - INFO - All data updated at 2025-05-17 18:44:52.046617
2025-05-17 18:44:56,776 - vector_store - INFO - Vector store updated with 29 documents at 2025-05-17 18:44:56
2025-05-17 18:44:56,777 - vector_store - INFO - Added 54 new chunks to the vector store
2025-05-17 18:44:56,810 - vector_store - INFO - Vector store saved to faiss_index
2025-05-17 18:44:56,810 - bitcoinchatbot - INFO - Data update complete
2025-05-17 18:49:57,167 - bitcoinchatbot - INFO - Running scheduled data update
2025-05-17 18:49:57,168 - bitcoinchatbot - INFO - Updating cryptocurrency data for: bitcoin
2025-05-17 18:49:57,168 - data_processor - INFO - Starting data update for coins: bitcoin
2025-05-17 18:49:57,442 - api - INFO - Using cached historical data for bitcoin
2025-05-17 18:49:57,448 - api - INFO - Loaded 3895 records from cache, date range: 2014-09-17 00:00:00+00:00 to 2025-05-16 00:00:00+00:00
2025-05-17 18:49:57,449 - data_processor - INFO - Successfully retrieved historical data for bitcoin: 3895 records
2025-05-17 18:49:57,450 - data_processor - INFO - Historical data for bitcoin: 3895 records from 2014-09-17 00:00:00+00:00 to 2025-05-16 00:00:00+00:00
2025-05-17 18:49:57,450 - data_processor - INFO - Columns available: ['date', 'open', 'high', 'low', 'close', 'volume', 'price']
2025-05-17 18:49:57,451 - data_processor - INFO - Building date-price lookup for bitcoin from 2014-09-17 00:00:00+00:00 to 2025-05-16 00:00:00+00:00
2025-05-17 18:49:57,575 - data_processor - INFO - Added 3895 date-price entries for bitcoin
2025-05-17 18:49:57,576 - data_processor - INFO - Built date-price lookup for 1 coins
2025-05-17 18:49:57,598 - api - INFO - Using cached market data for bitcoin
2025-05-17 18:49:57,599 - api - INFO - Successfully fetched market data for 1 coins
2025-05-17 18:49:57,606 - api - INFO - Using cached news data for bitcoin
2025-05-17 18:49:57,607 - data_processor - INFO - Performing sentiment analysis on 20 news articles
2025-05-17 18:49:57,620 - data_processor - INFO - Sentiment analysis complete: neutral (0.04)
2025-05-17 18:49:57,621 - data_processor - INFO - Performing technical analysis for bitcoin
2025-05-17 18:49:57,666 - data_processor - ERROR - Error updating technical analysis: '<' not supported between instances of 'str' and 'int'
2025-05-17 18:49:57,668 - data_processor - INFO - All data updated at 2025-05-17 18:49:57.668117
2025-05-17 18:50:02,744 - price_predictor - INFO - Predicting Bitcoin price 1 days ahead
2025-05-17 18:50:04,192 - vector_store - INFO - Vector store updated with 29 documents at 2025-05-17 18:50:04
2025-05-17 18:50:04,193 - vector_store - INFO - Added 54 new chunks to the vector store
2025-05-17 18:50:04,242 - vector_store - INFO - Vector store saved to faiss_index
2025-05-17 18:50:04,243 - bitcoinchatbot - INFO - Data update complete
2025-05-17 18:52:01,125 - langchain.retrievers.multi_query - INFO - Generated queries: ['1. Can you provide me with the most recent updates regarding Bitcoin?', '2. What are the current headlines about the price, trends, or developments in Bitcoin?', '3. Are there any fresh news articles available on the latest happenings of Bitcoin?']
2025-05-17 18:54:30,960 - vector_store - INFO - Question answered in 176.23 seconds
2025-05-17 18:54:30,961 - vector_store - INFO - Successfully answered question: tell me the bit coin news ...
2025-05-17 18:55:04,599 - bitcoinchatbot - INFO - Running scheduled data update
2025-05-17 18:55:04,600 - bitcoinchatbot - INFO - Updating cryptocurrency data for: bitcoin
2025-05-17 18:55:04,601 - data_processor - INFO - Starting data update for coins: bitcoin
2025-05-17 18:55:06,344 - api - INFO - Using cached historical data for bitcoin
2025-05-17 18:55:06,353 - api - INFO - Loaded 3895 records from cache, date range: 2014-09-17 00:00:00+00:00 to 2025-05-16 00:00:00+00:00
2025-05-17 18:55:06,355 - data_processor - INFO - Successfully retrieved historical data for bitcoin: 3895 records
2025-05-17 18:55:06,356 - data_processor - INFO - Historical data for bitcoin: 3895 records from 2014-09-17 00:00:00+00:00 to 2025-05-16 00:00:00+00:00
2025-05-17 18:55:06,357 - data_processor - INFO - Columns available: ['date', 'open', 'high', 'low', 'close', 'volume', 'price']
2025-05-17 18:55:06,358 - data_processor - INFO - Building date-price lookup for bitcoin from 2014-09-17 00:00:00+00:00 to 2025-05-16 00:00:00+00:00
2025-05-17 18:55:06,517 - data_processor - INFO - Added 3895 date-price entries for bitcoin
2025-05-17 18:55:06,518 - data_processor - INFO - Built date-price lookup for 1 coins
2025-05-17 18:55:06,541 - api - INFO - Using cached market data for bitcoin
2025-05-17 18:55:06,542 - api - INFO - Successfully fetched market data for 1 coins
2025-05-17 18:55:06,552 - api - INFO - Using cached news data for bitcoin
2025-05-17 18:55:06,553 - data_processor - INFO - Performing sentiment analysis on 20 news articles
2025-05-17 18:55:06,565 - data_processor - INFO - Sentiment analysis complete: neutral (0.04)
2025-05-17 18:55:06,567 - data_processor - INFO - Performing technical analysis for bitcoin
2025-05-17 18:55:06,624 - data_processor - ERROR - Error updating technical analysis: '<' not supported between instances of 'str' and 'int'
2025-05-17 18:55:06,625 - data_processor - INFO - All data updated at 2025-05-17 18:55:06.625718
2025-05-17 18:55:12,182 - vector_store - INFO - Vector store updated with 29 documents at 2025-05-17 18:55:12
2025-05-17 18:55:12,183 - vector_store - INFO - Added 54 new chunks to the vector store
2025-05-17 18:55:12,229 - vector_store - INFO - Vector store saved to faiss_index
2025-05-17 18:55:12,230 - bitcoinchatbot - INFO - Data update complete
2025-05-17 19:00:12,421 - bitcoinchatbot - INFO - Running scheduled data update
2025-05-17 19:00:12,422 - bitcoinchatbot - INFO - Updating cryptocurrency data for: bitcoin
2025-05-17 19:00:12,423 - data_processor - INFO - Starting data update for coins: bitcoin
2025-05-17 19:00:12,694 - api - INFO - Using cached historical data for bitcoin
2025-05-17 19:00:12,702 - api - INFO - Loaded 3895 records from cache, date range: 2014-09-17 00:00:00+00:00 to 2025-05-16 00:00:00+00:00
2025-05-17 19:00:12,703 - data_processor - INFO - Successfully retrieved historical data for bitcoin: 3895 records
2025-05-17 19:00:12,705 - data_processor - INFO - Historical data for bitcoin: 3895 records from 2014-09-17 00:00:00+00:00 to 2025-05-16 00:00:00+00:00
2025-05-17 19:00:12,706 - data_processor - INFO - Columns available: ['date', 'open', 'high', 'low', 'close', 'volume', 'price']
2025-05-17 19:00:12,707 - data_processor - INFO - Building date-price lookup for bitcoin from 2014-09-17 00:00:00+00:00 to 2025-05-16 00:00:00+00:00
2025-05-17 19:00:12,837 - data_processor - INFO - Added 3895 date-price entries for bitcoin
2025-05-17 19:00:12,838 - data_processor - INFO - Built date-price lookup for 1 coins
2025-05-17 19:00:12,864 - api - INFO - Using cached market data for bitcoin
2025-05-17 19:00:12,864 - api - INFO - Successfully fetched market data for 1 coins
2025-05-17 19:00:12,871 - api - INFO - Using cached news data for bitcoin
2025-05-17 19:00:12,871 - data_processor - INFO - Performing sentiment analysis on 20 news articles
2025-05-17 19:00:12,884 - data_processor - INFO - Sentiment analysis complete: neutral (0.04)
2025-05-17 19:00:12,885 - data_processor - INFO - Performing technical analysis for bitcoin
2025-05-17 19:00:12,931 - data_processor - ERROR - Error updating technical analysis: '<' not supported between instances of 'str' and 'int'
2025-05-17 19:00:12,931 - data_processor - INFO - All data updated at 2025-05-17 19:00:12.931848
2025-05-17 19:00:21,502 - vector_store - INFO - Vector store updated with 29 documents at 2025-05-17 19:00:21
2025-05-17 19:00:21,503 - vector_store - INFO - Added 54 new chunks to the vector store
2025-05-17 19:00:21,552 - vector_store - INFO - Vector store saved to faiss_index
2025-05-17 19:00:21,552 - bitcoinchatbot - INFO - Data update complete
2025-05-17 19:01:31,609 - bitcoinchatbot - INFO - Initializing Crypto Assistant...
2025-05-17 19:01:31,612 - faiss.loader - INFO - Loading faiss with AVX2 support.
2025-05-17 19:01:31,631 - faiss.loader - INFO - Successfully loaded faiss with AVX2 support.
2025-05-17 19:01:31,678 - vector_store - INFO - Vector store loaded from faiss_index
2025-05-17 19:01:31,679 - vector_store - INFO - Enhanced QA chain initialized with multi-query retrieval and metadata filtering
2025-05-17 19:01:31,680 - bitcoinchatbot - INFO - Fetching historical data during initialization...
2025-05-17 19:01:31,828 - api - INFO - Using cached historical data for bitcoin
2025-05-17 19:01:31,835 - api - INFO - Loaded 3895 records from cache, date range: 2014-09-17 00:00:00+00:00 to 2025-05-16 00:00:00+00:00
2025-05-17 19:01:31,836 - bitcoinchatbot - INFO - Successfully retrieved historical data for bitcoin: 3895 records
2025-05-17 19:01:31,837 - data_processor - INFO - Building date-price lookup for bitcoin from 2014-09-17 00:00:00+00:00 to 2025-05-16 00:00:00+00:00
2025-05-17 19:01:31,965 - data_processor - INFO - Added 3895 date-price entries for bitcoin
2025-05-17 19:01:31,966 - bitcoinchatbot - INFO - Date-price lookup built from historical data
2025-05-17 19:01:31,967 - bitcoinchatbot - INFO - Crypto Assistant initialized successfully
2025-05-17 19:01:32,628 - price_predictor - INFO - Loaded pre-trained model from models/bitcoin_lstm.h5
2025-05-17 19:01:32,632 - price_predictor - INFO - Loaded scaler from models/bitcoin_lstm_scaler.pkl
2025-05-17 19:01:32,632 - bitcoinchatbot - INFO - Loaded existing price prediction model
2025-05-17 19:01:32,633 - bitcoinchatbot - INFO - Starting scheduled updates every 5 minutes
2025-05-17 19:01:32,633 - bitcoinchatbot - INFO - Started scheduled updates every 5 minutes
2025-05-17 19:01:33,195 - price_predictor - INFO - Loaded pre-trained model from models/bitcoin_lstm.h5
2025-05-17 19:01:33,198 - price_predictor - INFO - Loaded scaler from models/bitcoin_lstm_scaler.pkl
2025-05-17 19:01:44,313 - vector_store - WARNING - Data might be outdated. Last update was: Never
2025-05-17 19:02:09,147 - vector_store - WARNING - Data might be outdated. Last update was: Never
2025-05-17 19:03:28,952 - vector_store - WARNING - Data might be outdated. Last update was: Never
2025-05-17 19:05:41,011 - vector_store - INFO - Question answered in 132.05 seconds
2025-05-17 19:05:41,012 - vector_store - INFO - Successfully answered question: can you bulild a graph for last week bitcoin data ...
2025-05-17 19:06:33,372 - bitcoinchatbot - INFO - Running scheduled data update
2025-05-17 19:06:33,373 - bitcoinchatbot - INFO - Updating cryptocurrency data for: bitcoin
2025-05-17 19:06:33,374 - data_processor - INFO - Starting data update for coins: bitcoin
2025-05-17 19:06:33,700 - api - INFO - Using cached historical data for bitcoin
2025-05-17 19:06:33,707 - api - INFO - Loaded 3895 records from cache, date range: 2014-09-17 00:00:00+00:00 to 2025-05-16 00:00:00+00:00
2025-05-17 19:06:33,708 - data_processor - INFO - Successfully retrieved historical data for bitcoin: 3895 records
2025-05-17 19:06:33,710 - data_processor - INFO - Historical data for bitcoin: 3895 records from 2014-09-17 00:00:00+00:00 to 2025-05-16 00:00:00+00:00
2025-05-17 19:06:33,711 - data_processor - INFO - Columns available: ['date', 'open', 'high', 'low', 'close', 'volume', 'price']
2025-05-17 19:06:33,712 - data_processor - INFO - Building date-price lookup for bitcoin from 2014-09-17 00:00:00+00:00 to 2025-05-16 00:00:00+00:00
2025-05-17 19:06:33,849 - data_processor - INFO - Added 3895 date-price entries for bitcoin
2025-05-17 19:06:33,850 - data_processor - INFO - Built date-price lookup for 1 coins
2025-05-17 19:06:33,870 - api - INFO - Using cached market data for bitcoin
2025-05-17 19:06:33,871 - api - INFO - Successfully fetched market data for 1 coins
2025-05-17 19:06:33,877 - api - INFO - Using cached news data for bitcoin
2025-05-17 19:06:33,878 - data_processor - INFO - Performing sentiment analysis on 20 news articles
2025-05-17 19:06:33,889 - data_processor - INFO - Sentiment analysis complete: neutral (0.04)
2025-05-17 19:06:33,890 - data_processor - INFO - Performing technical analysis for bitcoin
2025-05-17 19:06:33,945 - data_processor - ERROR - Error updating technical analysis: '<' not supported between instances of 'str' and 'int'
2025-05-17 19:06:33,946 - data_processor - INFO - All data updated at 2025-05-17 19:06:33.946499
2025-05-17 19:06:39,281 - vector_store - INFO - Vector store updated with 29 documents at 2025-05-17 19:06:39
2025-05-17 19:06:39,282 - vector_store - INFO - Added 54 new chunks to the vector store
2025-05-17 19:06:39,330 - vector_store - INFO - Vector store saved to faiss_index
2025-05-17 19:06:39,331 - bitcoinchatbot - INFO - Data update complete
2025-05-17 19:11:40,086 - bitcoinchatbot - INFO - Running scheduled data update
2025-05-17 19:11:40,087 - bitcoinchatbot - INFO - Updating cryptocurrency data for: bitcoin
2025-05-17 19:11:40,089 - data_processor - INFO - Starting data update for coins: bitcoin
2025-05-17 19:11:40,519 - api - INFO - Using cached historical data for bitcoin
2025-05-17 19:11:40,531 - api - INFO - Loaded 3895 records from cache, date range: 2014-09-17 00:00:00+00:00 to 2025-05-16 00:00:00+00:00
2025-05-17 19:11:40,533 - data_processor - INFO - Successfully retrieved historical data for bitcoin: 3895 records
2025-05-17 19:11:40,536 - data_processor - INFO - Historical data for bitcoin: 3895 records from 2014-09-17 00:00:00+00:00 to 2025-05-16 00:00:00+00:00
2025-05-17 19:11:40,537 - data_processor - INFO - Columns available: ['date', 'open', 'high', 'low', 'close', 'volume', 'price']
2025-05-17 19:11:40,540 - data_processor - INFO - Building date-price lookup for bitcoin from 2014-09-17 00:00:00+00:00 to 2025-05-16 00:00:00+00:00
2025-05-17 19:11:40,803 - data_processor - INFO - Added 3895 date-price entries for bitcoin
2025-05-17 19:11:40,809 - data_processor - INFO - Built date-price lookup for 1 coins
2025-05-17 19:11:40,860 - api - INFO - Using cached market data for bitcoin
2025-05-17 19:11:40,862 - api - INFO - Successfully fetched market data for 1 coins
2025-05-17 19:11:40,874 - api - INFO - Using cached news data for bitcoin
2025-05-17 19:11:40,875 - data_processor - INFO - Performing sentiment analysis on 20 news articles
2025-05-17 19:11:40,893 - data_processor - INFO - Sentiment analysis complete: neutral (0.04)
2025-05-17 19:11:40,894 - data_processor - INFO - Performing technical analysis for bitcoin
2025-05-17 19:11:40,965 - data_processor - ERROR - Error updating technical analysis: '<' not supported between instances of 'str' and 'int'
2025-05-17 19:11:40,966 - data_processor - INFO - All data updated at 2025-05-17 19:11:40.966073
2025-05-17 19:12:22,445 - vector_store - INFO - Vector store updated with 29 documents at 2025-05-17 19:12:22
2025-05-17 19:12:22,446 - vector_store - INFO - Added 54 new chunks to the vector store
2025-05-17 19:12:22,517 - vector_store - INFO - Vector store saved to faiss_index
2025-05-17 19:12:22,518 - bitcoinchatbot - INFO - Data update complete
2025-05-17 19:13:18,785 - vector_store - INFO - Question answered in 166.86 seconds
2025-05-17 19:13:18,786 - vector_store - INFO - Successfully answered question: Compare Bitcoin's volatility to its historical ave...
2025-05-17 19:17:22,618 - bitcoinchatbot - INFO - Running scheduled data update
2025-05-17 19:17:22,619 - bitcoinchatbot - INFO - Updating cryptocurrency data for: bitcoin
2025-05-17 19:17:22,620 - data_processor - INFO - Starting data update for coins: bitcoin
2025-05-17 19:17:22,905 - api - INFO - Using cached historical data for bitcoin
2025-05-17 19:17:22,919 - api - INFO - Loaded 3895 records from cache, date range: 2014-09-17 00:00:00+00:00 to 2025-05-16 00:00:00+00:00
2025-05-17 19:17:22,921 - data_processor - INFO - Successfully retrieved historical data for bitcoin: 3895 records
2025-05-17 19:17:22,922 - data_processor - INFO - Historical data for bitcoin: 3895 records from 2014-09-17 00:00:00+00:00 to 2025-05-16 00:00:00+00:00
2025-05-17 19:17:22,924 - data_processor - INFO - Columns available: ['date', 'open', 'high', 'low', 'close', 'volume', 'price']
2025-05-17 19:17:22,925 - data_processor - INFO - Building date-price lookup for bitcoin from 2014-09-17 00:00:00+00:00 to 2025-05-16 00:00:00+00:00
2025-05-17 19:17:23,055 - data_processor - INFO - Added 3895 date-price entries for bitcoin
2025-05-17 19:17:23,056 - data_processor - INFO - Built date-price lookup for 1 coins
2025-05-17 19:17:29,206 - api - INFO - Successfully fetched market data for 1 coins
2025-05-17 19:17:29,383 - api - INFO - Successfully fetched 20 news articles
2025-05-17 19:17:29,385 - data_processor - INFO - Performing sentiment analysis on 20 news articles
2025-05-17 19:17:29,398 - data_processor - INFO - Sentiment analysis complete: neutral (0.04)
2025-05-17 19:17:29,399 - data_processor - INFO - Performing technical analysis for bitcoin
2025-05-17 19:17:29,446 - data_processor - ERROR - Error updating technical analysis: '<' not supported between instances of 'str' and 'int'
2025-05-17 19:17:29,446 - data_processor - INFO - All data updated at 2025-05-17 19:17:29.446832
2025-05-17 19:17:35,466 - vector_store - INFO - Vector store updated with 29 documents at 2025-05-17 19:17:35
2025-05-17 19:17:35,467 - vector_store - INFO - Added 54 new chunks to the vector store
2025-05-17 19:17:35,512 - vector_store - INFO - Vector store saved to faiss_index
2025-05-17 19:17:35,513 - bitcoinchatbot - INFO - Data update complete
2025-05-17 19:22:36,510 - bitcoinchatbot - INFO - Running scheduled data update
2025-05-17 19:22:36,511 - bitcoinchatbot - INFO - Updating cryptocurrency data for: bitcoin
2025-05-17 19:22:36,512 - data_processor - INFO - Starting data update for coins: bitcoin
2025-05-17 19:22:36,813 - api - INFO - Using cached historical data for bitcoin
2025-05-17 19:22:36,820 - api - INFO - Loaded 3895 records from cache, date range: 2014-09-17 00:00:00+00:00 to 2025-05-16 00:00:00+00:00
2025-05-17 19:22:36,821 - data_processor - INFO - Successfully retrieved historical data for bitcoin: 3895 records
2025-05-17 19:22:36,822 - data_processor - INFO - Historical data for bitcoin: 3895 records from 2014-09-17 00:00:00+00:00 to 2025-05-16 00:00:00+00:00
2025-05-17 19:22:36,822 - data_processor - INFO - Columns available: ['date', 'open', 'high', 'low', 'close', 'volume', 'price']
2025-05-17 19:22:36,823 - data_processor - INFO - Building date-price lookup for bitcoin from 2014-09-17 00:00:00+00:00 to 2025-05-16 00:00:00+00:00
2025-05-17 19:22:36,950 - data_processor - INFO - Added 3895 date-price entries for bitcoin
2025-05-17 19:22:36,952 - data_processor - INFO - Built date-price lookup for 1 coins
2025-05-17 19:22:36,974 - api - INFO - Using cached market data for bitcoin
2025-05-17 19:22:36,974 - api - INFO - Successfully fetched market data for 1 coins
2025-05-17 19:22:36,981 - api - INFO - Using cached news data for bitcoin
2025-05-17 19:22:36,982 - data_processor - INFO - Performing sentiment analysis on 20 news articles
2025-05-17 19:22:36,994 - data_processor - INFO - Sentiment analysis complete: neutral (0.04)
2025-05-17 19:22:36,995 - data_processor - INFO - Performing technical analysis for bitcoin
2025-05-17 19:22:37,036 - data_processor - ERROR - Error updating technical analysis: '<' not supported between instances of 'str' and 'int'
2025-05-17 19:22:37,037 - data_processor - INFO - All data updated at 2025-05-17 19:22:37.037481
2025-05-17 19:22:42,727 - vector_store - INFO - Vector store updated with 29 documents at 2025-05-17 19:22:42
2025-05-17 19:22:42,727 - vector_store - INFO - Added 54 new chunks to the vector store
2025-05-17 19:22:42,779 - vector_store - INFO - Vector store saved to faiss_index
2025-05-17 19:22:42,780 - bitcoinchatbot - INFO - Data update complete
2025-05-17 19:27:43,330 - bitcoinchatbot - INFO - Running scheduled data update
2025-05-17 19:27:43,331 - bitcoinchatbot - INFO - Updating cryptocurrency data for: bitcoin
2025-05-17 19:27:43,332 - data_processor - INFO - Starting data update for coins: bitcoin
2025-05-17 19:27:43,677 - api - INFO - Using cached historical data for bitcoin
2025-05-17 19:27:43,691 - api - INFO - Loaded 3895 records from cache, date range: 2014-09-17 00:00:00+00:00 to 2025-05-16 00:00:00+00:00
2025-05-17 19:27:43,694 - data_processor - INFO - Successfully retrieved historical data for bitcoin: 3895 records
2025-05-17 19:27:43,699 - data_processor - INFO - Historical data for bitcoin: 3895 records from 2014-09-17 00:00:00+00:00 to 2025-05-16 00:00:00+00:00
2025-05-17 19:27:43,701 - data_processor - INFO - Columns available: ['date', 'open', 'high', 'low', 'close', 'volume', 'price']
2025-05-17 19:27:43,703 - data_processor - INFO - Building date-price lookup for bitcoin from 2014-09-17 00:00:00+00:00 to 2025-05-16 00:00:00+00:00
2025-05-17 19:27:43,855 - data_processor - INFO - Added 3895 date-price entries for bitcoin
2025-05-17 19:27:43,856 - data_processor - INFO - Built date-price lookup for 1 coins
2025-05-17 19:27:43,879 - api - INFO - Using cached market data for bitcoin
2025-05-17 19:27:43,879 - api - INFO - Successfully fetched market data for 1 coins
2025-05-17 19:27:43,887 - api - INFO - Using cached news data for bitcoin
2025-05-17 19:27:43,888 - data_processor - INFO - Performing sentiment analysis on 20 news articles
2025-05-17 19:27:43,900 - data_processor - INFO - Sentiment analysis complete: neutral (0.04)
2025-05-17 19:27:43,902 - data_processor - INFO - Performing technical analysis for bitcoin
2025-05-17 19:27:43,945 - data_processor - ERROR - Error updating technical analysis: '<' not supported between instances of 'str' and 'int'
2025-05-17 19:27:43,947 - data_processor - INFO - All data updated at 2025-05-17 19:27:43.947057
2025-05-17 19:27:49,619 - vector_store - INFO - Vector store updated with 29 documents at 2025-05-17 19:27:49
2025-05-17 19:27:49,619 - vector_store - INFO - Added 54 new chunks to the vector store
2025-05-17 19:27:49,677 - vector_store - INFO - Vector store saved to faiss_index
2025-05-17 19:27:49,678 - bitcoinchatbot - INFO - Data update complete
2025-05-17 19:32:50,306 - bitcoinchatbot - INFO - Running scheduled data update
2025-05-17 19:32:50,307 - bitcoinchatbot - INFO - Updating cryptocurrency data for: bitcoin
2025-05-17 19:32:50,308 - data_processor - INFO - Starting data update for coins: bitcoin
2025-05-17 19:32:50,656 - api - INFO - Using cached historical data for bitcoin
2025-05-17 19:32:50,663 - api - INFO - Loaded 3895 records from cache, date range: 2014-09-17 00:00:00+00:00 to 2025-05-16 00:00:00+00:00
2025-05-17 19:32:50,664 - data_processor - INFO - Successfully retrieved historical data for bitcoin: 3895 records
2025-05-17 19:32:50,666 - data_processor - INFO - Historical data for bitcoin: 3895 records from 2014-09-17 00:00:00+00:00 to 2025-05-16 00:00:00+00:00
2025-05-17 19:32:50,667 - data_processor - INFO - Columns available: ['date', 'open', 'high', 'low', 'close', 'volume', 'price']
2025-05-17 19:32:50,668 - data_processor - INFO - Building date-price lookup for bitcoin from 2014-09-17 00:00:00+00:00 to 2025-05-16 00:00:00+00:00
2025-05-17 19:32:50,817 - data_processor - INFO - Added 3895 date-price entries for bitcoin
2025-05-17 19:32:50,819 - data_processor - INFO - Built date-price lookup for 1 coins
2025-05-17 19:32:50,845 - api - INFO - Using cached market data for bitcoin
2025-05-17 19:32:50,846 - api - INFO - Successfully fetched market data for 1 coins
2025-05-17 19:32:50,856 - api - INFO - Using cached news data for bitcoin
2025-05-17 19:32:50,856 - data_processor - INFO - Performing sentiment analysis on 20 news articles
2025-05-17 19:32:50,873 - data_processor - INFO - Sentiment analysis complete: neutral (0.04)
2025-05-17 19:32:50,874 - data_processor - INFO - Performing technical analysis for bitcoin
2025-05-17 19:32:50,939 - data_processor - ERROR - Error updating technical analysis: '<' not supported between instances of 'str' and 'int'
2025-05-17 19:32:50,941 - data_processor - INFO - All data updated at 2025-05-17 19:32:50.941150
2025-05-17 19:32:57,469 - vector_store - INFO - Vector store updated with 29 documents at 2025-05-17 19:32:57
2025-05-17 19:32:57,470 - vector_store - INFO - Added 54 new chunks to the vector store
2025-05-17 19:32:57,520 - vector_store - INFO - Vector store saved to faiss_index
2025-05-17 19:32:57,521 - bitcoinchatbot - INFO - Data update complete
2025-05-17 19:33:34,810 - bitcoinchatbot - INFO - Initializing Crypto Assistant...
2025-05-17 19:33:34,872 - vector_store - INFO - Vector store loaded from faiss_index
2025-05-17 19:33:34,874 - vector_store - INFO - Enhanced QA chain initialized with multi-query retrieval and metadata filtering
2025-05-17 19:33:34,874 - bitcoinchatbot - INFO - Fetching historical data during initialization...
2025-05-17 19:33:35,026 - api - INFO - Using cached historical data for bitcoin
2025-05-17 19:33:35,033 - api - INFO - Loaded 3895 records from cache, date range: 2014-09-17 00:00:00+00:00 to 2025-05-16 00:00:00+00:00
2025-05-17 19:33:35,034 - bitcoinchatbot - INFO - Successfully retrieved historical data for bitcoin: 3895 records
2025-05-17 19:33:35,036 - data_processor - INFO - Building date-price lookup for bitcoin from 2014-09-17 00:00:00+00:00 to 2025-05-16 00:00:00+00:00
2025-05-17 19:33:35,166 - data_processor - INFO - Added 3895 date-price entries for bitcoin
2025-05-17 19:33:35,167 - bitcoinchatbot - INFO - Date-price lookup built from historical data
2025-05-17 19:33:35,168 - bitcoinchatbot - INFO - Crypto Assistant initialized successfully
2025-05-17 19:33:35,851 - price_predictor - INFO - Loaded pre-trained model from models/bitcoin_lstm.h5
2025-05-17 19:33:35,855 - price_predictor - INFO - Loaded scaler from models/bitcoin_lstm_scaler.pkl
2025-05-17 19:33:35,855 - bitcoinchatbot - INFO - Loaded existing price prediction model
2025-05-17 19:33:35,856 - bitcoinchatbot - INFO - Starting scheduled updates every 5 minutes
2025-05-17 19:33:35,856 - bitcoinchatbot - INFO - Started scheduled updates every 5 minutes
2025-05-17 19:33:36,367 - price_predictor - INFO - Loaded pre-trained model from models/bitcoin_lstm.h5
2025-05-17 19:33:36,370 - price_predictor - INFO - Loaded scaler from models/bitcoin_lstm_scaler.pkl
2025-05-17 19:57:43,077 - bitcoinchatbot - INFO - Initializing Crypto Assistant...
2025-05-17 19:57:43,080 - faiss.loader - INFO - Loading faiss with AVX2 support.
2025-05-17 19:57:43,104 - faiss.loader - INFO - Successfully loaded faiss with AVX2 support.
2025-05-17 19:57:43,161 - vector_store - INFO - Vector store loaded from faiss_index
2025-05-17 19:57:43,162 - vector_store - INFO - Enhanced QA chain initialized with multi-query retrieval and metadata filtering
2025-05-17 19:57:43,163 - bitcoinchatbot - INFO - Fetching historical data during initialization...
2025-05-17 19:57:43,309 - api - INFO - Using cached historical data for bitcoin
2025-05-17 19:57:43,320 - api - INFO - Loaded 3895 records from cache, date range: 2014-09-17 00:00:00+00:00 to 2025-05-16 00:00:00+00:00
2025-05-17 19:57:43,321 - bitcoinchatbot - INFO - Successfully retrieved historical data for bitcoin: 3895 records
2025-05-17 19:57:43,323 - data_processor - INFO - Building date-price lookup for bitcoin from 2014-09-17 00:00:00+00:00 to 2025-05-16 00:00:00+00:00
2025-05-17 19:57:43,450 - data_processor - INFO - Added 3895 date-price entries for bitcoin
2025-05-17 19:57:43,451 - bitcoinchatbot - INFO - Date-price lookup built from historical data
2025-05-17 19:57:43,452 - bitcoinchatbot - INFO - Crypto Assistant initialized successfully
2025-05-17 19:57:44,222 - price_predictor - INFO - Loaded pre-trained model from models/bitcoin_lstm.h5
2025-05-17 19:57:44,225 - price_predictor - INFO - Loaded scaler from models/bitcoin_lstm_scaler.pkl
2025-05-17 19:57:44,226 - bitcoinchatbot - INFO - Loaded existing price prediction model
2025-05-17 19:57:44,227 - bitcoinchatbot - INFO - Starting scheduled updates every 5 minutes
2025-05-17 19:57:44,227 - bitcoinchatbot - INFO - Started scheduled updates every 5 minutes
2025-05-17 19:57:44,838 - price_predictor - INFO - Loaded pre-trained model from models/bitcoin_lstm.h5
2025-05-17 19:57:44,841 - price_predictor - INFO - Loaded scaler from models/bitcoin_lstm_scaler.pkl
2025-05-17 19:57:58,963 - price_predictor - INFO - Predicting Bitcoin price 7 days ahead
2025-05-17 20:00:39,031 - vector_store - WARNING - Data might be outdated. Last update was: Never
2025-05-17 20:02:44,246 - bitcoinchatbot - INFO - Running scheduled data update
2025-05-17 20:02:44,246 - bitcoinchatbot - INFO - Updating cryptocurrency data for: bitcoin
2025-05-17 20:02:44,247 - data_processor - INFO - Starting data update for coins: bitcoin
2025-05-17 20:02:44,509 - api - INFO - Using cached historical data for bitcoin
2025-05-17 20:02:44,516 - api - INFO - Loaded 3895 records from cache, date range: 2014-09-17 00:00:00+00:00 to 2025-05-16 00:00:00+00:00
2025-05-17 20:02:44,517 - data_processor - INFO - Successfully retrieved historical data for bitcoin: 3895 records
2025-05-17 20:02:44,518 - data_processor - INFO - Historical data for bitcoin: 3895 records from 2014-09-17 00:00:00+00:00 to 2025-05-16 00:00:00+00:00
2025-05-17 20:02:44,518 - data_processor - INFO - Columns available: ['date', 'open', 'high', 'low', 'close', 'volume', 'price']
2025-05-17 20:02:44,520 - data_processor - INFO - Building date-price lookup for bitcoin from 2014-09-17 00:00:00+00:00 to 2025-05-16 00:00:00+00:00
2025-05-17 20:02:44,663 - data_processor - INFO - Added 3895 date-price entries for bitcoin
2025-05-17 20:02:44,664 - data_processor - INFO - Built date-price lookup for 1 coins
2025-05-17 20:02:50,790 - api - INFO - Successfully fetched market data for 1 coins
2025-05-17 20:02:50,951 - api - INFO - Successfully fetched 20 news articles
2025-05-17 20:02:50,952 - data_processor - INFO - Performing sentiment analysis on 20 news articles
2025-05-17 20:02:50,969 - data_processor - INFO - Sentiment analysis complete: neutral (0.04)
2025-05-17 20:02:50,970 - data_processor - INFO - Performing technical analysis for bitcoin
2025-05-17 20:02:51,073 - data_processor - ERROR - Error updating technical analysis: '<' not supported between instances of 'str' and 'int'
2025-05-17 20:02:51,074 - data_processor - INFO - All data updated at 2025-05-17 20:02:51.074434
2025-05-17 20:02:58,570 - vector_store - INFO - Vector store updated with 29 documents at 2025-05-17 20:02:58
2025-05-17 20:02:58,571 - vector_store - INFO - Added 54 new chunks to the vector store
2025-05-17 20:02:58,633 - vector_store - INFO - Vector store saved to faiss_index
2025-05-17 20:02:58,633 - bitcoinchatbot - INFO - Data update complete
2025-05-17 20:07:59,197 - bitcoinchatbot - INFO - Running scheduled data update
2025-05-17 20:07:59,199 - bitcoinchatbot - INFO - Updating cryptocurrency data for: bitcoin
2025-05-17 20:07:59,200 - data_processor - INFO - Starting data update for coins: bitcoin
2025-05-17 20:07:59,522 - api - INFO - Using cached historical data for bitcoin
2025-05-17 20:07:59,530 - api - INFO - Loaded 3895 records from cache, date range: 2014-09-17 00:00:00+00:00 to 2025-05-16 00:00:00+00:00
2025-05-17 20:07:59,531 - data_processor - INFO - Successfully retrieved historical data for bitcoin: 3895 records
2025-05-17 20:07:59,532 - data_processor - INFO - Historical data for bitcoin: 3895 records from 2014-09-17 00:00:00+00:00 to 2025-05-16 00:00:00+00:00
2025-05-17 20:07:59,533 - data_processor - INFO - Columns available: ['date', 'open', 'high', 'low', 'close', 'volume', 'price']
2025-05-17 20:07:59,534 - data_processor - INFO - Building date-price lookup for bitcoin from 2014-09-17 00:00:00+00:00 to 2025-05-16 00:00:00+00:00
2025-05-17 20:07:59,688 - data_processor - INFO - Added 3895 date-price entries for bitcoin
2025-05-17 20:07:59,690 - data_processor - INFO - Built date-price lookup for 1 coins
2025-05-17 20:07:59,719 - api - INFO - Using cached market data for bitcoin
2025-05-17 20:07:59,720 - api - INFO - Successfully fetched market data for 1 coins
2025-05-17 20:07:59,730 - api - INFO - Using cached news data for bitcoin
2025-05-17 20:07:59,731 - data_processor - INFO - Performing sentiment analysis on 20 news articles
2025-05-17 20:07:59,750 - data_processor - INFO - Sentiment analysis complete: neutral (0.04)
2025-05-17 20:07:59,752 - data_processor - INFO - Performing technical analysis for bitcoin
2025-05-17 20:07:59,811 - data_processor - ERROR - Error updating technical analysis: '<' not supported between instances of 'str' and 'int'
2025-05-17 20:07:59,812 - data_processor - INFO - All data updated at 2025-05-17 20:07:59.812619
2025-05-17 20:08:06,111 - vector_store - INFO - Vector store updated with 29 documents at 2025-05-17 20:08:06
2025-05-17 20:08:06,111 - vector_store - INFO - Added 54 new chunks to the vector store
2025-05-17 20:08:06,169 - vector_store - INFO - Vector store saved to faiss_index
2025-05-17 20:08:06,170 - bitcoinchatbot - INFO - Data update complete
2025-05-17 20:13:06,379 - bitcoinchatbot - INFO - Running scheduled data update
2025-05-17 20:13:06,380 - bitcoinchatbot - INFO - Updating cryptocurrency data for: bitcoin
2025-05-17 20:13:06,381 - data_processor - INFO - Starting data update for coins: bitcoin
2025-05-17 20:13:06,702 - api - INFO - Using cached historical data for bitcoin
2025-05-17 20:13:06,710 - api - INFO - Loaded 3895 records from cache, date range: 2014-09-17 00:00:00+00:00 to 2025-05-16 00:00:00+00:00
2025-05-17 20:13:06,711 - data_processor - INFO - Successfully retrieved historical data for bitcoin: 3895 records
2025-05-17 20:13:06,712 - data_processor - INFO - Historical data for bitcoin: 3895 records from 2014-09-17 00:00:00+00:00 to 2025-05-16 00:00:00+00:00
2025-05-17 20:13:06,712 - data_processor - INFO - Columns available: ['date', 'open', 'high', 'low', 'close', 'volume', 'price']
2025-05-17 20:13:06,714 - data_processor - INFO - Building date-price lookup for bitcoin from 2014-09-17 00:00:00+00:00 to 2025-05-16 00:00:00+00:00
2025-05-17 20:13:06,843 - data_processor - INFO - Added 3895 date-price entries for bitcoin
2025-05-17 20:13:06,844 - data_processor - INFO - Built date-price lookup for 1 coins
2025-05-17 20:13:06,867 - api - INFO - Using cached market data for bitcoin
2025-05-17 20:13:06,868 - api - INFO - Successfully fetched market data for 1 coins
2025-05-17 20:13:06,876 - api - INFO - Using cached news data for bitcoin
2025-05-17 20:13:06,877 - data_processor - INFO - Performing sentiment analysis on 20 news articles
2025-05-17 20:13:06,890 - data_processor - INFO - Sentiment analysis complete: neutral (0.04)
2025-05-17 20:13:06,891 - data_processor - INFO - Performing technical analysis for bitcoin
2025-05-17 20:13:06,943 - data_processor - ERROR - Error updating technical analysis: '<' not supported between instances of 'str' and 'int'
2025-05-17 20:13:06,944 - data_processor - INFO - All data updated at 2025-05-17 20:13:06.944567
2025-05-17 20:13:12,954 - vector_store - INFO - Vector store updated with 29 documents at 2025-05-17 20:13:12
2025-05-17 20:13:12,954 - vector_store - INFO - Added 54 new chunks to the vector store
2025-05-17 20:13:13,016 - vector_store - INFO - Vector store saved to faiss_index
2025-05-17 20:13:13,016 - bitcoinchatbot - INFO - Data update complete
2025-05-17 20:18:13,665 - bitcoinchatbot - INFO - Running scheduled data update
2025-05-17 20:18:13,666 - bitcoinchatbot - INFO - Updating cryptocurrency data for: bitcoin
2025-05-17 20:18:13,666 - data_processor - INFO - Starting data update for coins: bitcoin
2025-05-17 20:18:14,153 - api - INFO - Using cached historical data for bitcoin
2025-05-17 20:18:14,161 - api - INFO - Loaded 3895 records from cache, date range: 2014-09-17 00:00:00+00:00 to 2025-05-16 00:00:00+00:00
2025-05-17 20:18:14,163 - data_processor - INFO - Successfully retrieved historical data for bitcoin: 3895 records
2025-05-17 20:18:14,164 - data_processor - INFO - Historical data for bitcoin: 3895 records from 2014-09-17 00:00:00+00:00 to 2025-05-16 00:00:00+00:00
2025-05-17 20:18:14,165 - data_processor - INFO - Columns available: ['date', 'open', 'high', 'low', 'close', 'volume', 'price']
2025-05-17 20:18:14,166 - data_processor - INFO - Building date-price lookup for bitcoin from 2014-09-17 00:00:00+00:00 to 2025-05-16 00:00:00+00:00
2025-05-17 20:18:14,293 - data_processor - INFO - Added 3895 date-price entries for bitcoin
2025-05-17 20:18:14,294 - data_processor - INFO - Built date-price lookup for 1 coins
2025-05-17 20:18:14,318 - api - INFO - Using cached market data for bitcoin
2025-05-17 20:18:14,318 - api - INFO - Successfully fetched market data for 1 coins
2025-05-17 20:18:14,326 - api - INFO - Using cached news data for bitcoin
2025-05-17 20:18:14,326 - data_processor - INFO - Performing sentiment analysis on 20 news articles
2025-05-17 20:18:14,340 - data_processor - INFO - Sentiment analysis complete: neutral (0.04)
2025-05-17 20:18:14,341 - data_processor - INFO - Performing technical analysis for bitcoin
2025-05-17 20:18:14,390 - data_processor - ERROR - Error updating technical analysis: '<' not supported between instances of 'str' and 'int'
2025-05-17 20:18:14,391 - data_processor - INFO - All data updated at 2025-05-17 20:18:14.391364
2025-05-17 20:18:19,895 - vector_store - INFO - Vector store updated with 29 documents at 2025-05-17 20:18:19
2025-05-17 20:18:19,896 - vector_store - INFO - Added 54 new chunks to the vector store
2025-05-17 20:18:19,954 - vector_store - INFO - Vector store saved to faiss_index
2025-05-17 20:18:19,955 - bitcoinchatbot - INFO - Data update complete
2025-05-17 20:23:20,546 - bitcoinchatbot - INFO - Running scheduled data update
2025-05-17 20:23:20,547 - bitcoinchatbot - INFO - Updating cryptocurrency data for: bitcoin
2025-05-17 20:23:20,547 - data_processor - INFO - Starting data update for coins: bitcoin
2025-05-17 20:23:21,590 - api - INFO - Using cached historical data for bitcoin
2025-05-17 20:23:21,597 - api - INFO - Loaded 3895 records from cache, date range: 2014-09-17 00:00:00+00:00 to 2025-05-16 00:00:00+00:00
2025-05-17 20:23:21,598 - data_processor - INFO - Successfully retrieved historical data for bitcoin: 3895 records
2025-05-17 20:23:21,602 - data_processor - INFO - Historical data for bitcoin: 3895 records from 2014-09-17 00:00:00+00:00 to 2025-05-16 00:00:00+00:00
2025-05-17 20:23:21,603 - data_processor - INFO - Columns available: ['date', 'open', 'high', 'low', 'close', 'volume', 'price']
2025-05-17 20:23:21,605 - data_processor - INFO - Building date-price lookup for bitcoin from 2014-09-17 00:00:00+00:00 to 2025-05-16 00:00:00+00:00
2025-05-17 20:23:21,730 - data_processor - INFO - Added 3895 date-price entries for bitcoin
2025-05-17 20:23:21,731 - data_processor - INFO - Built date-price lookup for 1 coins
2025-05-17 20:23:21,755 - api - INFO - Using cached market data for bitcoin
2025-05-17 20:23:21,756 - api - INFO - Successfully fetched market data for 1 coins
2025-05-17 20:23:21,763 - api - INFO - Using cached news data for bitcoin
2025-05-17 20:23:21,764 - data_processor - INFO - Performing sentiment analysis on 20 news articles
2025-05-17 20:23:21,776 - data_processor - INFO - Sentiment analysis complete: neutral (0.04)
2025-05-17 20:23:21,777 - data_processor - INFO - Performing technical analysis for bitcoin
2025-05-17 20:23:21,826 - data_processor - ERROR - Error updating technical analysis: '<' not supported between instances of 'str' and 'int'
2025-05-17 20:23:21,827 - data_processor - INFO - All data updated at 2025-05-17 20:23:21.827688
2025-05-17 20:23:27,728 - vector_store - INFO - Vector store updated with 29 documents at 2025-05-17 20:23:27
2025-05-17 20:23:27,729 - vector_store - INFO - Added 54 new chunks to the vector store
2025-05-17 20:23:27,796 - vector_store - INFO - Vector store saved to faiss_index
2025-05-17 20:23:27,797 - bitcoinchatbot - INFO - Data update complete
2025-05-17 20:28:28,405 - bitcoinchatbot - INFO - Running scheduled data update
2025-05-17 20:28:28,405 - bitcoinchatbot - INFO - Updating cryptocurrency data for: bitcoin
2025-05-17 20:28:28,406 - data_processor - INFO - Starting data update for coins: bitcoin
2025-05-17 20:28:28,747 - api - INFO - Using cached historical data for bitcoin
2025-05-17 20:28:28,754 - api - INFO - Loaded 3895 records from cache, date range: 2014-09-17 00:00:00+00:00 to 2025-05-16 00:00:00+00:00
2025-05-17 20:28:28,755 - data_processor - INFO - Successfully retrieved historical data for bitcoin: 3895 records
2025-05-17 20:28:28,756 - data_processor - INFO - Historical data for bitcoin: 3895 records from 2014-09-17 00:00:00+00:00 to 2025-05-16 00:00:00+00:00
2025-05-17 20:28:28,757 - data_processor - INFO - Columns available: ['date', 'open', 'high', 'low', 'close', 'volume', 'price']
2025-05-17 20:28:28,758 - data_processor - INFO - Building date-price lookup for bitcoin from 2014-09-17 00:00:00+00:00 to 2025-05-16 00:00:00+00:00
2025-05-17 20:28:28,900 - data_processor - INFO - Added 3895 date-price entries for bitcoin
2025-05-17 20:28:28,900 - data_processor - INFO - Built date-price lookup for 1 coins
2025-05-17 20:28:28,922 - api - INFO - Using cached market data for bitcoin
2025-05-17 20:28:28,923 - api - INFO - Successfully fetched market data for 1 coins
2025-05-17 20:28:28,930 - api - INFO - Using cached news data for bitcoin
2025-05-17 20:28:28,931 - data_processor - INFO - Performing sentiment analysis on 20 news articles
2025-05-17 20:28:28,943 - data_processor - INFO - Sentiment analysis complete: neutral (0.04)
2025-05-17 20:28:28,944 - data_processor - INFO - Performing technical analysis for bitcoin
2025-05-17 20:28:28,983 - data_processor - ERROR - Error updating technical analysis: '<' not supported between instances of 'str' and 'int'
2025-05-17 20:28:28,984 - data_processor - INFO - All data updated at 2025-05-17 20:28:28.984688
2025-05-17 20:28:34,592 - vector_store - INFO - Vector store updated with 29 documents at 2025-05-17 20:28:34
2025-05-17 20:28:34,593 - vector_store - INFO - Added 54 new chunks to the vector store
2025-05-17 20:28:34,659 - vector_store - INFO - Vector store saved to faiss_index
2025-05-17 20:28:34,660 - bitcoinchatbot - INFO - Data update complete
2025-05-17 20:33:35,368 - bitcoinchatbot - INFO - Running scheduled data update
2025-05-17 20:33:35,370 - bitcoinchatbot - INFO - Updating cryptocurrency data for: bitcoin
2025-05-17 20:33:35,370 - data_processor - INFO - Starting data update for coins: bitcoin
2025-05-17 20:33:35,682 - api - INFO - Using cached historical data for bitcoin
2025-05-17 20:33:35,690 - api - INFO - Loaded 3895 records from cache, date range: 2014-09-17 00:00:00+00:00 to 2025-05-16 00:00:00+00:00
2025-05-17 20:33:35,691 - data_processor - INFO - Successfully retrieved historical data for bitcoin: 3895 records
2025-05-17 20:33:35,692 - data_processor - INFO - Historical data for bitcoin: 3895 records from 2014-09-17 00:00:00+00:00 to 2025-05-16 00:00:00+00:00
2025-05-17 20:33:35,692 - data_processor - INFO - Columns available: ['date', 'open', 'high', 'low', 'close', 'volume', 'price']
2025-05-17 20:33:35,694 - data_processor - INFO - Building date-price lookup for bitcoin from 2014-09-17 00:00:00+00:00 to 2025-05-16 00:00:00+00:00
2025-05-17 20:33:35,829 - data_processor - INFO - Added 3895 date-price entries for bitcoin
2025-05-17 20:33:35,831 - data_processor - INFO - Built date-price lookup for 1 coins
2025-05-17 20:33:41,918 - api - INFO - Successfully fetched market data for 1 coins
2025-05-17 20:33:42,077 - api - INFO - Successfully fetched 20 news articles
2025-05-17 20:33:42,079 - data_processor - INFO - Performing sentiment analysis on 20 news articles
2025-05-17 20:33:42,091 - data_processor - INFO - Sentiment analysis complete: neutral (0.04)
2025-05-17 20:33:42,092 - data_processor - INFO - Performing technical analysis for bitcoin
2025-05-17 20:33:42,128 - data_processor - ERROR - Error updating technical analysis: '<' not supported between instances of 'str' and 'int'
2025-05-17 20:33:42,130 - data_processor - INFO - All data updated at 2025-05-17 20:33:42.130220
2025-05-17 20:33:47,582 - vector_store - INFO - Vector store updated with 29 documents at 2025-05-17 20:33:47
2025-05-17 20:33:47,582 - vector_store - INFO - Added 54 new chunks to the vector store
2025-05-17 20:33:47,639 - vector_store - INFO - Vector store saved to faiss_index
2025-05-17 20:33:47,640 - bitcoinchatbot - INFO - Data update complete
2025-05-17 20:38:48,385 - bitcoinchatbot - INFO - Running scheduled data update
2025-05-17 20:38:48,386 - bitcoinchatbot - INFO - Updating cryptocurrency data for: bitcoin
2025-05-17 20:38:48,386 - data_processor - INFO - Starting data update for coins: bitcoin
2025-05-17 20:38:48,650 - api - INFO - Using cached historical data for bitcoin
2025-05-17 20:38:48,658 - api - INFO - Loaded 3895 records from cache, date range: 2014-09-17 00:00:00+00:00 to 2025-05-16 00:00:00+00:00
2025-05-17 20:38:48,659 - data_processor - INFO - Successfully retrieved historical data for bitcoin: 3895 records
2025-05-17 20:38:48,661 - data_processor - INFO - Historical data for bitcoin: 3895 records from 2014-09-17 00:00:00+00:00 to 2025-05-16 00:00:00+00:00
2025-05-17 20:38:48,662 - data_processor - INFO - Columns available: ['date', 'open', 'high', 'low', 'close', 'volume', 'price']
2025-05-17 20:38:48,663 - data_processor - INFO - Building date-price lookup for bitcoin from 2014-09-17 00:00:00+00:00 to 2025-05-16 00:00:00+00:00
2025-05-17 20:38:48,800 - data_processor - INFO - Added 3895 date-price entries for bitcoin
2025-05-17 20:38:48,801 - data_processor - INFO - Built date-price lookup for 1 coins
2025-05-17 20:38:48,823 - api - INFO - Using cached market data for bitcoin
2025-05-17 20:38:48,824 - api - INFO - Successfully fetched market data for 1 coins
2025-05-17 20:38:48,831 - api - INFO - Using cached news data for bitcoin
2025-05-17 20:38:48,832 - data_processor - INFO - Performing sentiment analysis on 20 news articles
2025-05-17 20:38:48,851 - data_processor - INFO - Sentiment analysis complete: neutral (0.04)
2025-05-17 20:38:48,852 - data_processor - INFO - Performing technical analysis for bitcoin
2025-05-17 20:38:48,896 - data_processor - ERROR - Error updating technical analysis: '<' not supported between instances of 'str' and 'int'
2025-05-17 20:38:48,897 - data_processor - INFO - All data updated at 2025-05-17 20:38:48.897227
2025-05-17 20:38:54,348 - vector_store - INFO - Vector store updated with 29 documents at 2025-05-17 20:38:54
2025-05-17 20:38:54,350 - vector_store - INFO - Added 54 new chunks to the vector store
2025-05-17 20:38:54,421 - vector_store - INFO - Vector store saved to faiss_index
2025-05-17 20:38:54,422 - bitcoinchatbot - INFO - Data update complete
2025-05-17 20:43:55,281 - bitcoinchatbot - INFO - Running scheduled data update
2025-05-17 20:43:55,282 - bitcoinchatbot - INFO - Updating cryptocurrency data for: bitcoin
2025-05-17 20:43:55,283 - data_processor - INFO - Starting data update for coins: bitcoin
2025-05-17 20:43:55,585 - api - INFO - Using cached historical data for bitcoin
2025-05-17 20:43:55,591 - api - INFO - Loaded 3895 records from cache, date range: 2014-09-17 00:00:00+00:00 to 2025-05-16 00:00:00+00:00
2025-05-17 20:43:55,592 - data_processor - INFO - Successfully retrieved historical data for bitcoin: 3895 records
2025-05-17 20:43:55,594 - data_processor - INFO - Historical data for bitcoin: 3895 records from 2014-09-17 00:00:00+00:00 to 2025-05-16 00:00:00+00:00
2025-05-17 20:43:55,594 - data_processor - INFO - Columns available: ['date', 'open', 'high', 'low', 'close', 'volume', 'price']
2025-05-17 20:43:55,596 - data_processor - INFO - Building date-price lookup for bitcoin from 2014-09-17 00:00:00+00:00 to 2025-05-16 00:00:00+00:00
2025-05-17 20:43:55,730 - data_processor - INFO - Added 3895 date-price entries for bitcoin
2025-05-17 20:43:55,731 - data_processor - INFO - Built date-price lookup for 1 coins
2025-05-17 20:43:55,753 - api - INFO - Using cached market data for bitcoin
2025-05-17 20:43:55,754 - api - INFO - Successfully fetched market data for 1 coins
2025-05-17 20:43:55,762 - api - INFO - Using cached news data for bitcoin
2025-05-17 20:43:55,763 - data_processor - INFO - Performing sentiment analysis on 20 news articles
2025-05-17 20:43:55,775 - data_processor - INFO - Sentiment analysis complete: neutral (0.04)
2025-05-17 20:43:55,776 - data_processor - INFO - Performing technical analysis for bitcoin
2025-05-17 20:43:55,828 - data_processor - ERROR - Error updating technical analysis: '<' not supported between instances of 'str' and 'int'
2025-05-17 20:43:55,829 - data_processor - INFO - All data updated at 2025-05-17 20:43:55.829078
2025-05-17 20:44:01,942 - vector_store - INFO - Vector store updated with 29 documents at 2025-05-17 20:44:01
2025-05-17 20:44:01,943 - vector_store - INFO - Added 54 new chunks to the vector store
2025-05-17 20:44:02,011 - vector_store - INFO - Vector store saved to faiss_index
2025-05-17 20:44:02,011 - bitcoinchatbot - INFO - Data update complete
2025-05-17 20:49:02,844 - bitcoinchatbot - INFO - Running scheduled data update
2025-05-17 20:49:02,846 - bitcoinchatbot - INFO - Updating cryptocurrency data for: bitcoin
2025-05-17 20:49:02,846 - data_processor - INFO - Starting data update for coins: bitcoin
2025-05-17 20:49:03,947 - api - INFO - Using cached historical data for bitcoin
2025-05-17 20:49:03,956 - api - INFO - Loaded 3895 records from cache, date range: 2014-09-17 00:00:00+00:00 to 2025-05-16 00:00:00+00:00
2025-05-17 20:49:03,957 - data_processor - INFO - Successfully retrieved historical data for bitcoin: 3895 records
2025-05-17 20:49:03,958 - data_processor - INFO - Historical data for bitcoin: 3895 records from 2014-09-17 00:00:00+00:00 to 2025-05-16 00:00:00+00:00
2025-05-17 20:49:03,959 - data_processor - INFO - Columns available: ['date', 'open', 'high', 'low', 'close', 'volume', 'price']
2025-05-17 20:49:03,960 - data_processor - INFO - Building date-price lookup for bitcoin from 2014-09-17 00:00:00+00:00 to 2025-05-16 00:00:00+00:00
2025-05-17 20:49:04,111 - data_processor - INFO - Added 3895 date-price entries for bitcoin
2025-05-17 20:49:04,113 - data_processor - INFO - Built date-price lookup for 1 coins
2025-05-17 20:49:04,142 - api - INFO - Using cached market data for bitcoin
2025-05-17 20:49:04,143 - api - INFO - Successfully fetched market data for 1 coins
2025-05-17 20:49:04,153 - api - INFO - Using cached news data for bitcoin
2025-05-17 20:49:04,153 - data_processor - INFO - Performing sentiment analysis on 20 news articles
2025-05-17 20:49:04,166 - data_processor - INFO - Sentiment analysis complete: neutral (0.04)
2025-05-17 20:49:04,167 - data_processor - INFO - Performing technical analysis for bitcoin
2025-05-17 20:49:04,214 - data_processor - ERROR - Error updating technical analysis: '<' not supported between instances of 'str' and 'int'
2025-05-17 20:49:04,215 - data_processor - INFO - All data updated at 2025-05-17 20:49:04.215888
2025-05-17 20:49:10,507 - vector_store - INFO - Vector store updated with 29 documents at 2025-05-17 20:49:10
2025-05-17 20:49:10,508 - vector_store - INFO - Added 54 new chunks to the vector store
2025-05-17 20:49:10,583 - vector_store - INFO - Vector store saved to faiss_index
2025-05-17 20:49:10,584 - bitcoinchatbot - INFO - Data update complete
2025-05-17 20:54:11,446 - bitcoinchatbot - INFO - Running scheduled data update
2025-05-17 20:54:11,447 - bitcoinchatbot - INFO - Updating cryptocurrency data for: bitcoin
2025-05-17 20:54:11,448 - data_processor - INFO - Starting data update for coins: bitcoin
2025-05-17 20:54:11,742 - api - INFO - Using cached historical data for bitcoin
2025-05-17 20:54:11,749 - api - INFO - Loaded 3895 records from cache, date range: 2014-09-17 00:00:00+00:00 to 2025-05-16 00:00:00+00:00
2025-05-17 20:54:11,751 - data_processor - INFO - Successfully retrieved historical data for bitcoin: 3895 records
2025-05-17 20:54:11,753 - data_processor - INFO - Historical data for bitcoin: 3895 records from 2014-09-17 00:00:00+00:00 to 2025-05-16 00:00:00+00:00
2025-05-17 20:54:11,753 - data_processor - INFO - Columns available: ['date', 'open', 'high', 'low', 'close', 'volume', 'price']
2025-05-17 20:54:11,754 - data_processor - INFO - Building date-price lookup for bitcoin from 2014-09-17 00:00:00+00:00 to 2025-05-16 00:00:00+00:00
2025-05-17 20:54:11,891 - data_processor - INFO - Added 3895 date-price entries for bitcoin
2025-05-17 20:54:11,892 - data_processor - INFO - Built date-price lookup for 1 coins
2025-05-17 20:54:11,915 - api - INFO - Using cached market data for bitcoin
2025-05-17 20:54:11,916 - api - INFO - Successfully fetched market data for 1 coins
2025-05-17 20:54:11,923 - api - INFO - Using cached news data for bitcoin
2025-05-17 20:54:11,924 - data_processor - INFO - Performing sentiment analysis on 20 news articles
2025-05-17 20:54:11,935 - data_processor - INFO - Sentiment analysis complete: neutral (0.04)
2025-05-17 20:54:11,936 - data_processor - INFO - Performing technical analysis for bitcoin
2025-05-17 20:54:11,983 - data_processor - ERROR - Error updating technical analysis: '<' not supported between instances of 'str' and 'int'
2025-05-17 20:54:11,984 - data_processor - INFO - All data updated at 2025-05-17 20:54:11.984690
2025-05-17 20:54:17,521 - vector_store - INFO - Vector store updated with 29 documents at 2025-05-17 20:54:17
2025-05-17 20:54:17,522 - vector_store - INFO - Added 54 new chunks to the vector store
2025-05-17 20:54:17,593 - vector_store - INFO - Vector store saved to faiss_index
2025-05-17 20:54:17,594 - bitcoinchatbot - INFO - Data update complete
2025-05-17 20:59:18,549 - bitcoinchatbot - INFO - Running scheduled data update
2025-05-17 20:59:18,550 - bitcoinchatbot - INFO - Updating cryptocurrency data for: bitcoin
2025-05-17 20:59:18,551 - data_processor - INFO - Starting data update for coins: bitcoin
2025-05-17 20:59:19,781 - api - INFO - Using cached historical data for bitcoin
2025-05-17 20:59:19,793 - api - INFO - Loaded 3895 records from cache, date range: 2014-09-17 00:00:00+00:00 to 2025-05-16 00:00:00+00:00
2025-05-17 20:59:19,794 - data_processor - INFO - Successfully retrieved historical data for bitcoin: 3895 records
2025-05-17 20:59:19,796 - data_processor - INFO - Historical data for bitcoin: 3895 records from 2014-09-17 00:00:00+00:00 to 2025-05-16 00:00:00+00:00
2025-05-17 20:59:19,797 - data_processor - INFO - Columns available: ['date', 'open', 'high', 'low', 'close', 'volume', 'price']
2025-05-17 20:59:19,799 - data_processor - INFO - Building date-price lookup for bitcoin from 2014-09-17 00:00:00+00:00 to 2025-05-16 00:00:00+00:00
2025-05-17 20:59:20,049 - data_processor - INFO - Added 3895 date-price entries for bitcoin
2025-05-17 20:59:20,052 - data_processor - INFO - Built date-price lookup for 1 coins
2025-05-17 20:59:20,098 - api - INFO - Using cached market data for bitcoin
2025-05-17 20:59:20,098 - api - INFO - Successfully fetched market data for 1 coins
2025-05-17 20:59:20,113 - api - INFO - Using cached news data for bitcoin
2025-05-17 20:59:20,113 - data_processor - INFO - Performing sentiment analysis on 20 news articles
2025-05-17 20:59:20,131 - data_processor - INFO - Sentiment analysis complete: neutral (0.04)
2025-05-17 20:59:20,133 - data_processor - INFO - Performing technical analysis for bitcoin
2025-05-17 20:59:20,217 - data_processor - ERROR - Error updating technical analysis: '<' not supported between instances of 'str' and 'int'
2025-05-17 20:59:20,219 - data_processor - INFO - All data updated at 2025-05-17 20:59:20.219500
2025-05-17 21:00:28,113 - vector_store - INFO - Vector store updated with 29 documents at 2025-05-17 21:00:28
2025-05-17 21:00:28,114 - vector_store - INFO - Added 54 new chunks to the vector store
2025-05-17 21:00:28,195 - vector_store - INFO - Vector store saved to faiss_index
2025-05-17 21:00:28,196 - bitcoinchatbot - INFO - Data update complete
2025-05-17 21:01:25,805 - vector_store - INFO - Question answered in 182.38 seconds
2025-05-17 21:01:25,806 - vector_store - INFO - Successfully answered question: what is the bitcoin price last week ...
2025-05-17 21:04:11,635 - vector_store - INFO - Question answered in 145.00 seconds
2025-05-17 21:04:11,636 - vector_store - INFO - Successfully answered question: what is the bitcoin news ...
2025-05-17 21:05:28,227 - bitcoinchatbot - INFO - Running scheduled data update
2025-05-17 21:05:28,228 - bitcoinchatbot - INFO - Updating cryptocurrency data for: bitcoin
2025-05-17 21:05:28,229 - data_processor - INFO - Starting data update for coins: bitcoin
2025-05-17 21:05:28,479 - api - INFO - Using cached historical data for bitcoin
2025-05-17 21:05:28,487 - api - INFO - Loaded 3895 records from cache, date range: 2014-09-17 00:00:00+00:00 to 2025-05-16 00:00:00+00:00
2025-05-17 21:05:28,488 - data_processor - INFO - Successfully retrieved historical data for bitcoin: 3895 records
2025-05-17 21:05:28,489 - data_processor - INFO - Historical data for bitcoin: 3895 records from 2014-09-17 00:00:00+00:00 to 2025-05-16 00:00:00+00:00
2025-05-17 21:05:28,490 - data_processor - INFO - Columns available: ['date', 'open', 'high', 'low', 'close', 'volume', 'price']
2025-05-17 21:05:28,491 - data_processor - INFO - Building date-price lookup for bitcoin from 2014-09-17 00:00:00+00:00 to 2025-05-16 00:00:00+00:00
2025-05-17 21:05:28,622 - data_processor - INFO - Added 3895 date-price entries for bitcoin
2025-05-17 21:05:28,623 - data_processor - INFO - Built date-price lookup for 1 coins
2025-05-17 21:05:34,715 - api - INFO - Successfully fetched market data for 1 coins
2025-05-17 21:05:34,939 - api - INFO - Successfully fetched 20 news articles
2025-05-17 21:05:34,941 - data_processor - INFO - Performing sentiment analysis on 20 news articles
2025-05-17 21:05:34,954 - data_processor - INFO - Sentiment analysis complete: neutral (0.04)
2025-05-17 21:05:34,955 - data_processor - INFO - Performing technical analysis for bitcoin
2025-05-17 21:05:34,996 - data_processor - ERROR - Error updating technical analysis: '<' not supported between instances of 'str' and 'int'
2025-05-17 21:05:34,997 - data_processor - INFO - All data updated at 2025-05-17 21:05:34.997348
2025-05-17 21:05:40,148 - vector_store - INFO - Vector store updated with 29 documents at 2025-05-17 21:05:40
2025-05-17 21:05:40,149 - vector_store - INFO - Added 54 new chunks to the vector store
2025-05-17 21:05:40,226 - vector_store - INFO - Vector store saved to faiss_index
2025-05-17 21:05:40,226 - bitcoinchatbot - INFO - Data update complete
2025-05-17 21:10:41,032 - bitcoinchatbot - INFO - Running scheduled data update
2025-05-17 21:10:41,033 - bitcoinchatbot - INFO - Updating cryptocurrency data for: bitcoin
2025-05-17 21:10:41,034 - data_processor - INFO - Starting data update for coins: bitcoin
2025-05-17 21:10:41,269 - api - INFO - Using cached historical data for bitcoin
2025-05-17 21:10:41,276 - api - INFO - Loaded 3895 records from cache, date range: 2014-09-17 00:00:00+00:00 to 2025-05-16 00:00:00+00:00
2025-05-17 21:10:41,277 - data_processor - INFO - Successfully retrieved historical data for bitcoin: 3895 records
2025-05-17 21:10:41,280 - data_processor - INFO - Historical data for bitcoin: 3895 records from 2014-09-17 00:00:00+00:00 to 2025-05-16 00:00:00+00:00
2025-05-17 21:10:41,281 - data_processor - INFO - Columns available: ['date', 'open', 'high', 'low', 'close', 'volume', 'price']
2025-05-17 21:10:41,283 - data_processor - INFO - Building date-price lookup for bitcoin from 2014-09-17 00:00:00+00:00 to 2025-05-16 00:00:00+00:00
2025-05-17 21:10:41,412 - data_processor - INFO - Added 3895 date-price entries for bitcoin
2025-05-17 21:10:41,413 - data_processor - INFO - Built date-price lookup for 1 coins
2025-05-17 21:10:41,437 - api - INFO - Using cached market data for bitcoin
2025-05-17 21:10:41,438 - api - INFO - Successfully fetched market data for 1 coins
2025-05-17 21:10:41,445 - api - INFO - Using cached news data for bitcoin
2025-05-17 21:10:41,445 - data_processor - INFO - Performing sentiment analysis on 20 news articles
2025-05-17 21:10:41,458 - data_processor - INFO - Sentiment analysis complete: neutral (0.04)
2025-05-17 21:10:41,458 - data_processor - INFO - Performing technical analysis for bitcoin
2025-05-17 21:10:41,497 - data_processor - ERROR - Error updating technical analysis: '<' not supported between instances of 'str' and 'int'
2025-05-17 21:10:41,498 - data_processor - INFO - All data updated at 2025-05-17 21:10:41.498745
2025-05-17 21:10:47,057 - vector_store - INFO - Vector store updated with 29 documents at 2025-05-17 21:10:47
2025-05-17 21:10:47,058 - vector_store - INFO - Added 54 new chunks to the vector store
2025-05-17 21:10:47,136 - vector_store - INFO - Vector store saved to faiss_index
2025-05-17 21:10:47,137 - bitcoinchatbot - INFO - Data update complete
2025-05-17 21:15:48,099 - bitcoinchatbot - INFO - Running scheduled data update
2025-05-17 21:15:48,100 - bitcoinchatbot - INFO - Updating cryptocurrency data for: bitcoin
2025-05-17 21:15:48,101 - data_processor - INFO - Starting data update for coins: bitcoin
2025-05-17 21:15:48,378 - api - INFO - Using cached historical data for bitcoin
2025-05-17 21:15:48,385 - api - INFO - Loaded 3895 records from cache, date range: 2014-09-17 00:00:00+00:00 to 2025-05-16 00:00:00+00:00
2025-05-17 21:15:48,387 - data_processor - INFO - Successfully retrieved historical data for bitcoin: 3895 records
2025-05-17 21:15:48,388 - data_processor - INFO - Historical data for bitcoin: 3895 records from 2014-09-17 00:00:00+00:00 to 2025-05-16 00:00:00+00:00
2025-05-17 21:15:48,389 - data_processor - INFO - Columns available: ['date', 'open', 'high', 'low', 'close', 'volume', 'price']
2025-05-17 21:15:48,390 - data_processor - INFO - Building date-price lookup for bitcoin from 2014-09-17 00:00:00+00:00 to 2025-05-16 00:00:00+00:00
2025-05-17 21:15:48,524 - data_processor - INFO - Added 3895 date-price entries for bitcoin
2025-05-17 21:15:48,525 - data_processor - INFO - Built date-price lookup for 1 coins
2025-05-17 21:15:48,550 - api - INFO - Using cached market data for bitcoin
2025-05-17 21:15:48,551 - api - INFO - Successfully fetched market data for 1 coins
2025-05-17 21:15:48,558 - api - INFO - Using cached news data for bitcoin
2025-05-17 21:15:48,558 - data_processor - INFO - Performing sentiment analysis on 20 news articles
2025-05-17 21:15:48,572 - data_processor - INFO - Sentiment analysis complete: neutral (0.04)
2025-05-17 21:15:48,574 - data_processor - INFO - Performing technical analysis for bitcoin
2025-05-17 21:15:48,617 - data_processor - ERROR - Error updating technical analysis: '<' not supported between instances of 'str' and 'int'
2025-05-17 21:15:48,618 - data_processor - INFO - All data updated at 2025-05-17 21:15:48.618798
2025-05-17 21:15:54,296 - vector_store - INFO - Vector store updated with 29 documents at 2025-05-17 21:15:54
2025-05-17 21:15:54,297 - vector_store - INFO - Added 54 new chunks to the vector store
2025-05-17 21:15:54,374 - vector_store - INFO - Vector store saved to faiss_index
2025-05-17 21:15:54,374 - bitcoinchatbot - INFO - Data update complete
2025-05-17 21:43:28,974 - bitcoinchatbot - INFO - Initializing Crypto Assistant...
2025-05-17 21:43:28,978 - faiss.loader - INFO - Loading faiss with AVX2 support.
2025-05-17 21:43:29,003 - faiss.loader - INFO - Successfully loaded faiss with AVX2 support.
2025-05-17 21:43:29,093 - vector_store - INFO - Vector store loaded from /app/faiss_index
2025-05-17 21:43:29,094 - vector_store - INFO - Enhanced QA chain initialized with multi-query retrieval and metadata filtering
2025-05-17 21:43:29,095 - bitcoinchatbot - INFO - Fetching historical data during initialization...
2025-05-17 21:43:29,243 - api - INFO - Using cached historical data for bitcoin
2025-05-17 21:43:29,257 - api - INFO - Loaded 3895 records from cache, date range: 2014-09-17 00:00:00+00:00 to 2025-05-16 00:00:00+00:00
2025-05-17 21:43:29,258 - bitcoinchatbot - INFO - Successfully retrieved historical data for bitcoin: 3895 records
2025-05-17 21:43:29,259 - data_processor - INFO - Building date-price lookup for bitcoin from 2014-09-17 00:00:00+00:00 to 2025-05-16 00:00:00+00:00
2025-05-17 21:43:29,392 - data_processor - INFO - Added 3895 date-price entries for bitcoin
2025-05-17 21:43:29,393 - bitcoinchatbot - INFO - Date-price lookup built from historical data
2025-05-17 21:43:29,394 - bitcoinchatbot - INFO - Crypto Assistant initialized successfully
2025-05-17 21:43:30,205 - price_predictor - INFO - Loaded pre-trained model from models/bitcoin_lstm.h5
2025-05-17 21:43:30,211 - price_predictor - INFO - Loaded scaler from models/bitcoin_lstm_scaler.pkl
2025-05-17 21:43:30,211 - bitcoinchatbot - INFO - Loaded existing price prediction model
2025-05-17 21:43:30,212 - bitcoinchatbot - INFO - Starting scheduled updates every 15 minutes
2025-05-17 21:43:30,212 - bitcoinchatbot - INFO - Started scheduled updates every 15 minutes
2025-05-17 21:43:30,774 - price_predictor - INFO - Loaded pre-trained model from models/bitcoin_lstm.h5
2025-05-17 21:43:30,778 - price_predictor - INFO - Loaded scaler from models/bitcoin_lstm_scaler.pkl
2025-05-17 21:47:48,310 - vector_store - WARNING - Data might be outdated. Last update was: Never
2025-05-17 21:49:39,433 - vector_store - INFO - Question answered in 111.11 seconds
2025-05-17 21:49:39,434 - vector_store - INFO - Successfully answered question: what is the current bitcoin price ...
2025-05-17 21:50:21,546 - bitcoinchatbot - INFO - Initializing Crypto Assistant...
2025-05-17 21:50:21,620 - vector_store - INFO - Vector store loaded from /app/faiss_index
2025-05-17 21:50:21,621 - vector_store - INFO - Enhanced QA chain initialized with multi-query retrieval and metadata filtering
2025-05-17 21:50:21,622 - bitcoinchatbot - INFO - Fetching historical data during initialization...
2025-05-17 21:50:21,766 - api - INFO - Using cached historical data for bitcoin
2025-05-17 21:50:21,774 - api - INFO - Loaded 3895 records from cache, date range: 2014-09-17 00:00:00+00:00 to 2025-05-16 00:00:00+00:00
2025-05-17 21:50:21,775 - bitcoinchatbot - INFO - Successfully retrieved historical data for bitcoin: 3895 records
2025-05-17 21:50:21,777 - data_processor - INFO - Building date-price lookup for bitcoin from 2014-09-17 00:00:00+00:00 to 2025-05-16 00:00:00+00:00
2025-05-17 21:50:21,934 - data_processor - INFO - Added 3895 date-price entries for bitcoin
2025-05-17 21:50:21,935 - bitcoinchatbot - INFO - Date-price lookup built from historical data
2025-05-17 21:50:21,936 - bitcoinchatbot - INFO - Crypto Assistant initialized successfully
2025-05-17 21:50:22,634 - price_predictor - INFO - Loaded pre-trained model from models/bitcoin_lstm.h5
2025-05-17 21:50:22,637 - price_predictor - INFO - Loaded scaler from models/bitcoin_lstm_scaler.pkl
2025-05-17 21:50:22,638 - bitcoinchatbot - INFO - Loaded existing price prediction model
2025-05-17 21:50:22,639 - bitcoinchatbot - INFO - Starting scheduled updates every 15 minutes
2025-05-17 21:50:22,639 - bitcoinchatbot - INFO - Started scheduled updates every 15 minutes
2025-05-17 21:50:23,156 - price_predictor - INFO - Loaded pre-trained model from models/bitcoin_lstm.h5
2025-05-17 21:50:23,159 - price_predictor - INFO - Loaded scaler from models/bitcoin_lstm_scaler.pkl
2025-05-17 21:50:42,830 - vector_store - WARNING - Data might be outdated. Last update was: Never
2025-05-17 21:51:04,994 - vector_store - WARNING - Data might be outdated. Last update was: Never
2025-05-17 21:51:13,222 - vector_store - WARNING - Data might be outdated. Last update was: Never
2025-05-17 21:51:22,887 - vector_store - WARNING - Data might be outdated. Last update was: Never
2025-05-17 21:51:46,322 - vector_store - WARNING - Data might be outdated. Last update was: Never
2025-05-17 21:53:54,504 - vector_store - INFO - Question answered in 128.18 seconds
2025-05-17 21:53:54,506 - vector_store - INFO - Successfully answered question: what is the bitcoin trend for april 2025...
2025-05-17 21:54:17,565 - vector_store - WARNING - Data might be outdated. Last update was: Never
2025-05-17 21:56:27,450 - vector_store - INFO - Question answered in 129.88 seconds
2025-05-17 21:56:27,451 - vector_store - INFO - Successfully answered question: what is the bitcon trend for last  2024...
2025-05-17 21:56:56,202 - bitcoinchatbot - INFO - Initializing Crypto Assistant...
2025-05-17 21:56:56,265 - vector_store - INFO - Vector store loaded from /app/faiss_index
2025-05-17 21:56:56,266 - vector_store - INFO - Enhanced QA chain initialized with multi-query retrieval and metadata filtering
2025-05-17 21:56:56,267 - bitcoinchatbot - INFO - Fetching historical data during initialization...
2025-05-17 21:56:56,406 - api - INFO - Using cached historical data for bitcoin
2025-05-17 21:56:56,412 - api - INFO - Loaded 3895 records from cache, date range: 2014-09-17 00:00:00+00:00 to 2025-05-16 00:00:00+00:00
2025-05-17 21:56:56,414 - bitcoinchatbot - INFO - Successfully retrieved historical data for bitcoin: 3895 records
2025-05-17 21:56:56,415 - data_processor - INFO - Building date-price lookup for bitcoin from 2014-09-17 00:00:00+00:00 to 2025-05-16 00:00:00+00:00
2025-05-17 21:56:56,549 - data_processor - INFO - Added 3895 date-price entries for bitcoin
2025-05-17 21:56:56,551 - bitcoinchatbot - INFO - Date-price lookup built from historical data
2025-05-17 21:56:56,551 - bitcoinchatbot - INFO - Crypto Assistant initialized successfully
2025-05-17 21:56:57,145 - price_predictor - INFO - Loaded pre-trained model from models/bitcoin_lstm.h5
2025-05-17 21:56:57,148 - price_predictor - INFO - Loaded scaler from models/bitcoin_lstm_scaler.pkl
2025-05-17 21:56:57,148 - bitcoinchatbot - INFO - Loaded existing price prediction model
2025-05-17 21:56:57,149 - bitcoinchatbot - INFO - Starting scheduled updates every 15 minutes
2025-05-17 21:56:57,149 - bitcoinchatbot - INFO - Started scheduled updates every 15 minutes
2025-05-17 21:56:57,671 - price_predictor - INFO - Loaded pre-trained model from models/bitcoin_lstm.h5
2025-05-17 21:56:57,674 - price_predictor - INFO - Loaded scaler from models/bitcoin_lstm_scaler.pkl
2025-05-17 21:57:14,427 - vector_store - WARNING - Data might be outdated. Last update was: Never
2025-05-17 21:57:22,540 - vector_store - WARNING - Data might be outdated. Last update was: Never
2025-05-17 21:57:29,195 - vector_store - WARNING - Data might be outdated. Last update was: Never
2025-05-17 21:58:30,417 - bitcoinchatbot - INFO - Running scheduled data update
2025-05-17 21:58:30,418 - bitcoinchatbot - INFO - Updating cryptocurrency data for: bitcoin
2025-05-17 21:58:30,419 - data_processor - INFO - Starting data update for coins: bitcoin
2025-05-17 21:58:30,767 - bitcoinchatbot - INFO - Running scheduled data update
2025-05-17 21:58:30,783 - bitcoinchatbot - INFO - Updating cryptocurrency data for: bitcoin
2025-05-17 21:58:30,815 - data_processor - INFO - Starting data update for coins: bitcoin
2025-05-17 21:58:30,829 - api - INFO - Using cached historical data for bitcoin
2025-05-17 21:58:30,844 - api - INFO - Loaded 3895 records from cache, date range: 2014-09-17 00:00:00+00:00 to 2025-05-16 00:00:00+00:00
2025-05-17 21:58:30,849 - data_processor - INFO - Successfully retrieved historical data for bitcoin: 3895 records
2025-05-17 21:58:30,851 - data_processor - INFO - Historical data for bitcoin: 3895 records from 2014-09-17 00:00:00+00:00 to 2025-05-16 00:00:00+00:00
2025-05-17 21:58:30,853 - data_processor - INFO - Columns available: ['date', 'open', 'high', 'low', 'close', 'volume', 'price']
2025-05-17 21:58:30,853 - api - INFO - Using cached price data for bitcoin
2025-05-17 21:58:30,856 - data_processor - INFO - Building date-price lookup for bitcoin from 2014-09-17 00:00:00+00:00 to 2025-05-16 00:00:00+00:00
2025-05-17 21:58:31,066 - bitcoinchatbot - INFO - Running scheduled data update
2025-05-17 21:58:31,098 - bitcoinchatbot - INFO - Updating cryptocurrency data for: bitcoin
2025-05-17 21:58:31,115 - data_processor - INFO - Starting data update for coins: bitcoin
2025-05-17 21:58:31,248 - api - INFO - Using cached price data for bitcoin
2025-05-17 21:58:31,352 - data_processor - INFO - Added 3895 date-price entries for bitcoin
2025-05-17 21:58:31,364 - data_processor - INFO - Built date-price lookup for 1 coins
2025-05-17 21:58:31,460 - api - INFO - Using cached historical data for bitcoin
2025-05-17 21:58:31,537 - api - INFO - Loaded 3895 records from cache, date range: 2014-09-17 00:00:00+00:00 to 2025-05-16 00:00:00+00:00
2025-05-17 21:58:31,549 - data_processor - INFO - Successfully retrieved historical data for bitcoin: 3895 records
2025-05-17 21:58:31,572 - data_processor - INFO - Historical data for bitcoin: 3895 records from 2014-09-17 00:00:00+00:00 to 2025-05-16 00:00:00+00:00
2025-05-17 21:58:31,592 - data_processor - INFO - Columns available: ['date', 'open', 'high', 'low', 'close', 'volume', 'price']
2025-05-17 21:58:31,607 - data_processor - INFO - Building date-price lookup for bitcoin from 2014-09-17 00:00:00+00:00 to 2025-05-16 00:00:00+00:00
2025-05-17 21:58:31,862 - api - INFO - Using cached historical data for bitcoin
2025-05-17 21:58:31,949 - api - INFO - Loaded 3895 records from cache, date range: 2014-09-17 00:00:00+00:00 to 2025-05-16 00:00:00+00:00
2025-05-17 21:58:31,961 - data_processor - INFO - Successfully retrieved historical data for bitcoin: 3895 records
2025-05-17 21:58:31,979 - data_processor - INFO - Historical data for bitcoin: 3895 records from 2014-09-17 00:00:00+00:00 to 2025-05-16 00:00:00+00:00
2025-05-17 21:58:32,001 - data_processor - INFO - Added 3895 date-price entries for bitcoin
2025-05-17 21:58:32,002 - data_processor - INFO - Columns available: ['date', 'open', 'high', 'low', 'close', 'volume', 'price']
2025-05-17 21:58:32,004 - data_processor - INFO - Built date-price lookup for 1 coins
2025-05-17 21:58:32,007 - data_processor - INFO - Building date-price lookup for bitcoin from 2014-09-17 00:00:00+00:00 to 2025-05-16 00:00:00+00:00
2025-05-17 21:58:32,136 - api - INFO - Using cached market data for bitcoin
2025-05-17 21:58:32,147 - api - INFO - Successfully fetched market data for 1 coins
2025-05-17 21:58:32,314 - data_processor - INFO - Added 3895 date-price entries for bitcoin
2025-05-17 21:58:32,316 - data_processor - INFO - Built date-price lookup for 1 coins
2025-05-17 21:58:32,376 - api - INFO - Using cached market data for bitcoin
2025-05-17 21:58:32,377 - api - INFO - Successfully fetched market data for 1 coins
2025-05-17 21:58:32,475 - api - INFO - Successfully fetched 20 news articles
2025-05-17 21:58:32,477 - data_processor - INFO - Performing sentiment analysis on 20 news articles
2025-05-17 21:58:32,503 - data_processor - INFO - Sentiment analysis complete: neutral (0.04)
2025-05-17 21:58:32,504 - data_processor - INFO - Performing technical analysis for bitcoin
2025-05-17 21:58:32,590 - api - INFO - Successfully fetched 20 news articles
2025-05-17 21:58:32,592 - data_processor - INFO - Performing sentiment analysis on 20 news articles
2025-05-17 21:58:32,625 - data_processor - INFO - Sentiment analysis complete: neutral (0.04)
2025-05-17 21:58:32,628 - data_processor - INFO - Performing technical analysis for bitcoin
2025-05-17 21:58:32,692 - data_processor - ERROR - Error updating technical analysis: '<' not supported between instances of 'str' and 'int'
2025-05-17 21:58:32,696 - data_processor - INFO - All data updated at 2025-05-17 21:58:32.696303
2025-05-17 21:58:32,735 - data_processor - ERROR - Error updating technical analysis: '<' not supported between instances of 'str' and 'int'
2025-05-17 21:58:32,737 - data_processor - INFO - All data updated at 2025-05-17 21:58:32.736995
2025-05-17 21:58:38,160 - api - INFO - Successfully fetched market data for 1 coins
2025-05-17 21:58:38,174 - api - INFO - Using cached news data for bitcoin
2025-05-17 21:58:38,175 - data_processor - INFO - Performing sentiment analysis on 20 news articles
2025-05-17 21:58:38,223 - data_processor - INFO - Sentiment analysis complete: neutral (0.04)
2025-05-17 21:58:38,232 - data_processor - INFO - Performing technical analysis for bitcoin
2025-05-17 21:58:38,283 - data_processor - ERROR - Error updating technical analysis: '<' not supported between instances of 'str' and 'int'
2025-05-17 21:58:38,286 - data_processor - INFO - All data updated at 2025-05-17 21:58:38.286894
2025-05-17 22:02:42,109 - vector_store - INFO - Vector store updated with 29 documents at 2025-05-17 22:02:42
2025-05-17 22:02:42,110 - vector_store - INFO - Added 54 new chunks to the vector store
2025-05-17 22:02:42,414 - vector_store - INFO - Vector store saved to /app/faiss_index
2025-05-17 22:02:42,415 - bitcoinchatbot - INFO - Data update complete
2025-05-17 22:02:45,274 - vector_store - INFO - Vector store updated with 29 documents at 2025-05-17 22:02:45
2025-05-17 22:02:45,276 - vector_store - INFO - Added 54 new chunks to the vector store
2025-05-17 22:02:45,423 - vector_store - INFO - Vector store saved to /app/faiss_index
2025-05-17 22:02:45,424 - bitcoinchatbot - INFO - Data update complete
2025-05-17 22:02:46,969 - vector_store - INFO - Vector store updated with 29 documents at 2025-05-17 22:02:46
2025-05-17 22:02:46,970 - vector_store - INFO - Added 54 new chunks to the vector store
2025-05-17 22:02:47,113 - vector_store - INFO - Vector store saved to /app/faiss_index
2025-05-17 22:02:47,114 - bitcoinchatbot - INFO - Data update complete
2025-05-17 22:02:54,865 - vector_store - INFO - Question answered in 325.67 seconds
2025-05-17 22:02:54,866 - vector_store - INFO - Successfully answered question: what is the bitcoin price lastweek...
2025-05-17 22:03:18,105 - bitcoinchatbot - INFO - Initializing Crypto Assistant...
2025-05-17 22:03:18,190 - vector_store - INFO - Vector store loaded from /app/faiss_index
2025-05-17 22:03:18,191 - vector_store - INFO - Enhanced QA chain initialized with multi-query retrieval and metadata filtering
2025-05-17 22:03:18,192 - bitcoinchatbot - INFO - Fetching historical data during initialization...
2025-05-17 22:03:18,356 - api - INFO - Using cached historical data for bitcoin
2025-05-17 22:03:18,364 - api - INFO - Loaded 3895 records from cache, date range: 2014-09-17 00:00:00+00:00 to 2025-05-16 00:00:00+00:00
2025-05-17 22:03:18,366 - bitcoinchatbot - INFO - Successfully retrieved historical data for bitcoin: 3895 records
2025-05-17 22:03:18,367 - data_processor - INFO - Building date-price lookup for bitcoin from 2014-09-17 00:00:00+00:00 to 2025-05-16 00:00:00+00:00
2025-05-17 22:03:18,513 - data_processor - INFO - Added 3895 date-price entries for bitcoin
2025-05-17 22:03:18,514 - bitcoinchatbot - INFO - Date-price lookup built from historical data
2025-05-17 22:03:18,515 - bitcoinchatbot - INFO - Crypto Assistant initialized successfully
2025-05-17 22:03:19,265 - price_predictor - INFO - Loaded pre-trained model from models/bitcoin_lstm.h5
2025-05-17 22:03:19,269 - price_predictor - INFO - Loaded scaler from models/bitcoin_lstm_scaler.pkl
2025-05-17 22:03:19,270 - bitcoinchatbot - INFO - Loaded existing price prediction model
2025-05-17 22:03:19,270 - bitcoinchatbot - INFO - Starting scheduled updates every 15 minutes
2025-05-17 22:03:19,271 - bitcoinchatbot - INFO - Started scheduled updates every 15 minutes
2025-05-17 22:03:19,862 - price_predictor - INFO - Loaded pre-trained model from models/bitcoin_lstm.h5
2025-05-17 22:03:19,866 - price_predictor - INFO - Loaded scaler from models/bitcoin_lstm_scaler.pkl
2025-05-17 22:09:07,006 - bitcoinchatbot - INFO - Initializing Crypto Assistant...
2025-05-17 22:09:07,011 - faiss.loader - INFO - Loading faiss with AVX2 support.
2025-05-17 22:09:07,040 - faiss.loader - INFO - Successfully loaded faiss with AVX2 support.
2025-05-17 22:09:07,125 - vector_store - INFO - Vector store loaded from /app/faiss_index
2025-05-17 22:09:07,135 - vector_store - INFO - Enhanced QA chain initialized with multi-query retrieval and metadata filtering
2025-05-17 22:09:07,136 - bitcoinchatbot - INFO - Fetching historical data during initialization...
2025-05-17 22:09:07,287 - api - INFO - Using cached historical data for bitcoin
2025-05-17 22:09:07,295 - api - INFO - Loaded 3895 records from cache, date range: 2014-09-17 00:00:00+00:00 to 2025-05-16 00:00:00+00:00
2025-05-17 22:09:07,295 - bitcoinchatbot - INFO - Successfully retrieved historical data for bitcoin: 3895 records
2025-05-17 22:09:07,296 - data_processor - INFO - Building date-price lookup for bitcoin from 2014-09-17 00:00:00+00:00 to 2025-05-16 00:00:00+00:00
2025-05-17 22:09:07,423 - data_processor - INFO - Added 3895 date-price entries for bitcoin
2025-05-17 22:09:07,424 - bitcoinchatbot - INFO - Date-price lookup built from historical data
2025-05-17 22:09:07,425 - bitcoinchatbot - INFO - Crypto Assistant initialized successfully
2025-05-17 22:09:08,176 - price_predictor - INFO - Loaded pre-trained model from models/bitcoin_lstm.h5
2025-05-17 22:09:08,180 - price_predictor - INFO - Loaded scaler from models/bitcoin_lstm_scaler.pkl
2025-05-17 22:09:08,180 - bitcoinchatbot - INFO - Loaded existing price prediction model
2025-05-17 22:09:08,181 - bitcoinchatbot - INFO - Starting scheduled updates every 15 minutes
2025-05-17 22:09:08,181 - bitcoinchatbot - INFO - Started scheduled updates every 15 minutes
2025-05-17 22:09:08,776 - price_predictor - INFO - Loaded pre-trained model from models/bitcoin_lstm.h5
2025-05-17 22:09:08,780 - price_predictor - INFO - Loaded scaler from models/bitcoin_lstm_scaler.pkl
2025-05-17 22:09:27,650 - vector_store - WARNING - Data might be outdated. Last update was: Never
2025-05-17 22:09:40,391 - vector_store - WARNING - Data might be outdated. Last update was: Never
2025-05-17 22:10:01,224 - vector_store - WARNING - Data might be outdated. Last update was: Never
2025-05-17 22:10:18,981 - vector_store - WARNING - Data might be outdated. Last update was: Never
2025-05-17 22:10:36,967 - vector_store - WARNING - Data might be outdated. Last update was: Never
2025-05-17 22:10:58,116 - vector_store - WARNING - Data might be outdated. Last update was: Never
2025-05-17 22:13:29,078 - vector_store - INFO - Question answered in 150.95 seconds
2025-05-17 22:13:29,079 - vector_store - INFO - Successfully answered question: what is the bitcoin trend for 2024 year ...
2025-05-17 22:14:27,315 - vector_store - WARNING - Data might be outdated. Last update was: Never
2025-05-17 22:17:01,118 - vector_store - INFO - Question answered in 153.80 seconds
2025-05-17 22:17:01,119 - vector_store - INFO - Successfully answered question: what is the bitcoin trend for march 2025...
2025-05-17 22:20:32,392 - bitcoinchatbot - INFO - Initializing Crypto Assistant...
2025-05-17 22:20:32,396 - faiss.loader - INFO - Loading faiss with AVX2 support.
2025-05-17 22:20:32,414 - faiss.loader - INFO - Successfully loaded faiss with AVX2 support.
2025-05-17 22:20:32,502 - vector_store - INFO - Vector store loaded from /app/faiss_index
2025-05-17 22:20:32,503 - vector_store - INFO - Enhanced QA chain initialized with multi-query retrieval and metadata filtering
2025-05-17 22:20:32,503 - bitcoinchatbot - INFO - Fetching historical data during initialization...
2025-05-17 22:20:32,669 - api - INFO - Using cached historical data for bitcoin
2025-05-17 22:20:32,678 - api - INFO - Loaded 3895 records from cache, date range: 2014-09-17 00:00:00+00:00 to 2025-05-16 00:00:00+00:00
2025-05-17 22:20:32,679 - bitcoinchatbot - INFO - Successfully retrieved historical data for bitcoin: 3895 records
2025-05-17 22:20:32,680 - data_processor - INFO - Building date-price lookup for bitcoin from 2014-09-17 00:00:00+00:00 to 2025-05-16 00:00:00+00:00
2025-05-17 22:20:32,806 - data_processor - INFO - Added 3895 date-price entries for bitcoin
2025-05-17 22:20:32,807 - bitcoinchatbot - INFO - Date-price lookup built from historical data
2025-05-17 22:20:32,808 - bitcoinchatbot - INFO - Crypto Assistant initialized successfully
2025-05-17 22:20:33,721 - price_predictor - INFO - Loaded pre-trained model from models/bitcoin_lstm.h5
2025-05-17 22:20:33,726 - price_predictor - INFO - Loaded scaler from models/bitcoin_lstm_scaler.pkl
2025-05-17 22:20:33,727 - bitcoinchatbot - INFO - Loaded existing price prediction model
2025-05-17 22:20:33,727 - bitcoinchatbot - INFO - Starting scheduled updates every 15 minutes
2025-05-17 22:20:33,728 - bitcoinchatbot - INFO - Started scheduled updates every 15 minutes
2025-05-17 22:20:34,298 - price_predictor - INFO - Loaded pre-trained model from models/bitcoin_lstm.h5
2025-05-17 22:20:34,302 - price_predictor - INFO - Loaded scaler from models/bitcoin_lstm_scaler.pkl
2025-05-17 22:20:52,908 - vector_store - WARNING - Data might be outdated. Last update was: Never
2025-05-17 22:20:59,814 - vector_store - WARNING - Data might be outdated. Last update was: Never
2025-05-17 22:21:09,918 - vector_store - WARNING - Data might be outdated. Last update was: Never
2025-05-17 22:21:25,790 - vector_store - WARNING - Data might be outdated. Last update was: Never
2025-05-17 22:21:40,956 - vector_store - WARNING - Data might be outdated. Last update was: Never
2025-05-17 23:02:52,892 - bitcoinchatbot - INFO - Initializing Crypto Assistant...
2025-05-17 23:02:52,895 - faiss.loader - INFO - Loading faiss with AVX2 support.
2025-05-17 23:02:52,918 - faiss.loader - INFO - Successfully loaded faiss with AVX2 support.
2025-05-17 23:02:53,010 - vector_store - INFO - Vector store loaded from faiss_index
2025-05-17 23:02:53,012 - vector_store - INFO - Enhanced QA chain initialized with multi-query retrieval and metadata filtering
2025-05-17 23:02:53,014 - bitcoinchatbot - INFO - Fetching historical data during initialization...
2025-05-17 23:02:53,199 - api - INFO - Using cached historical data for bitcoin
2025-05-17 23:02:53,208 - api - INFO - Loaded 3895 records from cache, date range: 2014-09-17 00:00:00+00:00 to 2025-05-16 00:00:00+00:00
2025-05-17 23:02:53,209 - bitcoinchatbot - INFO - Successfully retrieved historical data for bitcoin: 3895 records
2025-05-17 23:02:53,211 - data_processor - INFO - Building date-price lookup for bitcoin from 2014-09-17 00:00:00+00:00 to 2025-05-16 00:00:00+00:00
2025-05-17 23:02:53,364 - data_processor - INFO - Added 3895 date-price entries for bitcoin
2025-05-17 23:02:53,366 - bitcoinchatbot - INFO - Date-price lookup built from historical data
2025-05-17 23:02:53,366 - bitcoinchatbot - INFO - Crypto Assistant initialized successfully
2025-05-17 23:02:54,269 - price_predictor - INFO - Loaded pre-trained model from models/bitcoin_lstm.h5
2025-05-17 23:02:54,273 - price_predictor - INFO - Loaded scaler from models/bitcoin_lstm_scaler.pkl
2025-05-17 23:02:54,274 - bitcoinchatbot - INFO - Loaded existing price prediction model
2025-05-17 23:02:54,275 - bitcoinchatbot - INFO - Starting scheduled updates every 3 minutes
2025-05-17 23:02:54,275 - bitcoinchatbot - INFO - Started scheduled updates every 3 minutes
2025-05-17 23:02:54,834 - price_predictor - INFO - Loaded pre-trained model from models/bitcoin_lstm.h5
2025-05-17 23:02:54,837 - price_predictor - INFO - Loaded scaler from models/bitcoin_lstm_scaler.pkl
2025-05-17 23:03:29,331 - vector_store - WARNING - Data might be outdated. Last update was: Never
2025-05-17 23:05:27,922 - vector_store - INFO - Question answered in 118.58 seconds
2025-05-17 23:05:27,923 - vector_store - INFO - Successfully answered question: what  the bit coin price to today ...
2025-05-17 23:05:54,366 - bitcoinchatbot - INFO - Running scheduled data update
2025-05-17 23:05:54,367 - bitcoinchatbot - INFO - Updating cryptocurrency data for: bitcoin
2025-05-17 23:05:54,368 - data_processor - INFO - Starting data update for coins: bitcoin
2025-05-17 23:06:02,387 - data_processor - ERROR - Error updating data: RetryError[<Future at 0x7f8810145210 state=finished raised MissingSchema>]
2025-05-17 23:06:02,398 - data_processor - ERROR - Traceback (most recent call last):
  File "/usr/local/lib/python3.10/site-packages/tenacity/__init__.py", line 478, in __call__
    result = fn(*args, **kwargs)
  File "/app/api.py", line 118, in fetch_realtime_data
    response = requests.get(
  File "/usr/local/lib/python3.10/site-packages/requests/api.py", line 73, in get
    return request("get", url, params=params, **kwargs)
  File "/usr/local/lib/python3.10/site-packages/requests/api.py", line 59, in request
    return session.request(method=method, url=url, **kwargs)
  File "/usr/local/lib/python3.10/site-packages/requests/sessions.py", line 575, in request
    prep = self.prepare_request(req)
  File "/usr/local/lib/python3.10/site-packages/requests/sessions.py", line 486, in prepare_request
    p.prepare(
  File "/usr/local/lib/python3.10/site-packages/requests/models.py", line 368, in prepare
    self.prepare_url(url, params)
  File "/usr/local/lib/python3.10/site-packages/requests/models.py", line 439, in prepare_url
    raise MissingSchema(
requests.exceptions.MissingSchema: Invalid URL 'None/simple/price?ids=bitcoin&vs_currencies=usd&include_market_cap=true&include_24hr_change=true': No scheme supplied. Perhaps you meant https://None/simple/price?ids=bitcoin&vs_currencies=usd&include_market_cap=true&include_24hr_change=true?

The above exception was the direct cause of the following exception:

Traceback (most recent call last):
  File "/app/data_processor.py", line 92, in update_all_data
    self.price_data = self.coingecko_api.fetch_crypto_prices(normalized_coins)
  File "/app/api.py", line 202, in fetch_crypto_prices
    return instance.fetch_realtime_data(coins)
  File "/usr/local/lib/python3.10/site-packages/tenacity/__init__.py", line 336, in wrapped_f
    return copy(f, *args, **kw)
  File "/usr/local/lib/python3.10/site-packages/tenacity/__init__.py", line 475, in __call__
    do = self.iter(retry_state=retry_state)
  File "/usr/local/lib/python3.10/site-packages/tenacity/__init__.py", line 376, in iter
    result = action(retry_state)
  File "/usr/local/lib/python3.10/site-packages/tenacity/__init__.py", line 419, in exc_check
    raise retry_exc from fut.exception()
tenacity.RetryError: RetryError[<Future at 0x7f8810145210 state=finished raised MissingSchema>]

2025-05-17 23:06:03,593 - vector_store - INFO - Vector store updated with 6 documents at 2025-05-17 23:06:03
2025-05-17 23:06:03,594 - vector_store - INFO - Added 9 new chunks to the vector store
2025-05-17 23:06:03,669 - vector_store - INFO - Vector store saved to faiss_index
2025-05-17 23:06:03,669 - bitcoinchatbot - INFO - Data update complete
2025-05-17 23:09:04,657 - bitcoinchatbot - INFO - Running scheduled data update
2025-05-17 23:09:04,661 - bitcoinchatbot - INFO - Updating cryptocurrency data for: bitcoin
2025-05-17 23:09:04,663 - data_processor - INFO - Starting data update for coins: bitcoin
2025-05-17 23:09:12,688 - data_processor - ERROR - Error updating data: RetryError[<Future at 0x7f89021ef520 state=finished raised MissingSchema>]
2025-05-17 23:09:12,693 - data_processor - ERROR - Traceback (most recent call last):
  File "/usr/local/lib/python3.10/site-packages/tenacity/__init__.py", line 478, in __call__
    result = fn(*args, **kwargs)
  File "/app/api.py", line 118, in fetch_realtime_data
    response = requests.get(
  File "/usr/local/lib/python3.10/site-packages/requests/api.py", line 73, in get
    return request("get", url, params=params, **kwargs)
  File "/usr/local/lib/python3.10/site-packages/requests/api.py", line 59, in request
    return session.request(method=method, url=url, **kwargs)
  File "/usr/local/lib/python3.10/site-packages/requests/sessions.py", line 575, in request
    prep = self.prepare_request(req)
  File "/usr/local/lib/python3.10/site-packages/requests/sessions.py", line 486, in prepare_request
    p.prepare(
  File "/usr/local/lib/python3.10/site-packages/requests/models.py", line 368, in prepare
    self.prepare_url(url, params)
  File "/usr/local/lib/python3.10/site-packages/requests/models.py", line 439, in prepare_url
    raise MissingSchema(
requests.exceptions.MissingSchema: Invalid URL 'None/simple/price?ids=bitcoin&vs_currencies=usd&include_market_cap=true&include_24hr_change=true': No scheme supplied. Perhaps you meant https://None/simple/price?ids=bitcoin&vs_currencies=usd&include_market_cap=true&include_24hr_change=true?

The above exception was the direct cause of the following exception:

Traceback (most recent call last):
  File "/app/data_processor.py", line 92, in update_all_data
    self.price_data = self.coingecko_api.fetch_crypto_prices(normalized_coins)
  File "/app/api.py", line 202, in fetch_crypto_prices
    return instance.fetch_realtime_data(coins)
  File "/usr/local/lib/python3.10/site-packages/tenacity/__init__.py", line 336, in wrapped_f
    return copy(f, *args, **kw)
  File "/usr/local/lib/python3.10/site-packages/tenacity/__init__.py", line 475, in __call__
    do = self.iter(retry_state=retry_state)
  File "/usr/local/lib/python3.10/site-packages/tenacity/__init__.py", line 376, in iter
    result = action(retry_state)
  File "/usr/local/lib/python3.10/site-packages/tenacity/__init__.py", line 419, in exc_check
    raise retry_exc from fut.exception()
tenacity.RetryError: RetryError[<Future at 0x7f89021ef520 state=finished raised MissingSchema>]

2025-05-17 23:09:19,294 - vector_store - INFO - Vector store updated with 6 documents at 2025-05-17 23:09:19
2025-05-17 23:09:19,295 - vector_store - INFO - Added 9 new chunks to the vector store
2025-05-17 23:09:19,422 - vector_store - INFO - Vector store saved to faiss_index
2025-05-17 23:09:19,423 - bitcoinchatbot - INFO - Data update complete
2025-05-17 23:09:30,122 - vector_store - INFO - Question answered in 142.35 seconds
2025-05-17 23:09:30,122 - vector_store - INFO - Successfully answered question: what is the bitcoin trend for april month 2025...
2025-05-17 23:12:06,470 - vector_store - INFO - Question answered in 136.68 seconds
2025-05-17 23:12:06,471 - vector_store - INFO - Successfully answered question: what is the bit coin trend for 2024 year ...
2025-05-17 23:12:19,556 - bitcoinchatbot - INFO - Running scheduled data update
2025-05-17 23:12:19,557 - bitcoinchatbot - INFO - Updating cryptocurrency data for: bitcoin
2025-05-17 23:12:19,557 - data_processor - INFO - Starting data update for coins: bitcoin
2025-05-17 23:12:27,578 - data_processor - ERROR - Error updating data: RetryError[<Future at 0x7f8810262e00 state=finished raised MissingSchema>]
2025-05-17 23:12:27,582 - data_processor - ERROR - Traceback (most recent call last):
  File "/usr/local/lib/python3.10/site-packages/tenacity/__init__.py", line 478, in __call__
    result = fn(*args, **kwargs)
  File "/app/api.py", line 118, in fetch_realtime_data
    response = requests.get(
  File "/usr/local/lib/python3.10/site-packages/requests/api.py", line 73, in get
    return request("get", url, params=params, **kwargs)
  File "/usr/local/lib/python3.10/site-packages/requests/api.py", line 59, in request
    return session.request(method=method, url=url, **kwargs)
  File "/usr/local/lib/python3.10/site-packages/requests/sessions.py", line 575, in request
    prep = self.prepare_request(req)
  File "/usr/local/lib/python3.10/site-packages/requests/sessions.py", line 486, in prepare_request
    p.prepare(
  File "/usr/local/lib/python3.10/site-packages/requests/models.py", line 368, in prepare
    self.prepare_url(url, params)
  File "/usr/local/lib/python3.10/site-packages/requests/models.py", line 439, in prepare_url
    raise MissingSchema(
requests.exceptions.MissingSchema: Invalid URL 'None/simple/price?ids=bitcoin&vs_currencies=usd&include_market_cap=true&include_24hr_change=true': No scheme supplied. Perhaps you meant https://None/simple/price?ids=bitcoin&vs_currencies=usd&include_market_cap=true&include_24hr_change=true?

The above exception was the direct cause of the following exception:

Traceback (most recent call last):
  File "/app/data_processor.py", line 92, in update_all_data
    self.price_data = self.coingecko_api.fetch_crypto_prices(normalized_coins)
  File "/app/api.py", line 202, in fetch_crypto_prices
    return instance.fetch_realtime_data(coins)
  File "/usr/local/lib/python3.10/site-packages/tenacity/__init__.py", line 336, in wrapped_f
    return copy(f, *args, **kw)
  File "/usr/local/lib/python3.10/site-packages/tenacity/__init__.py", line 475, in __call__
    do = self.iter(retry_state=retry_state)
  File "/usr/local/lib/python3.10/site-packages/tenacity/__init__.py", line 376, in iter
    result = action(retry_state)
  File "/usr/local/lib/python3.10/site-packages/tenacity/__init__.py", line 419, in exc_check
    raise retry_exc from fut.exception()
tenacity.RetryError: RetryError[<Future at 0x7f8810262e00 state=finished raised MissingSchema>]

2025-05-17 23:12:28,710 - price_predictor - INFO - Predicting Bitcoin price 7 days ahead
2025-05-17 23:12:29,158 - vector_store - INFO - Vector store updated with 6 documents at 2025-05-17 23:12:29
2025-05-17 23:12:29,160 - vector_store - INFO - Added 9 new chunks to the vector store
2025-05-17 23:12:29,280 - vector_store - INFO - Vector store saved to faiss_index
2025-05-17 23:12:29,282 - bitcoinchatbot - INFO - Data update complete
2025-05-17 23:12:35,406 - price_predictor - INFO - Predicting Bitcoin price 12 days ahead
2025-05-17 23:15:29,554 - bitcoinchatbot - INFO - Running scheduled data update
2025-05-17 23:15:29,555 - bitcoinchatbot - INFO - Updating cryptocurrency data for: bitcoin
2025-05-17 23:15:29,556 - data_processor - INFO - Starting data update for coins: bitcoin
2025-05-17 23:15:37,579 - data_processor - ERROR - Error updating data: RetryError[<Future at 0x7f881015c7f0 state=finished raised MissingSchema>]
2025-05-17 23:15:37,585 - data_processor - ERROR - Traceback (most recent call last):
  File "/usr/local/lib/python3.10/site-packages/tenacity/__init__.py", line 478, in __call__
    result = fn(*args, **kwargs)
  File "/app/api.py", line 118, in fetch_realtime_data
    response = requests.get(
  File "/usr/local/lib/python3.10/site-packages/requests/api.py", line 73, in get
    return request("get", url, params=params, **kwargs)
  File "/usr/local/lib/python3.10/site-packages/requests/api.py", line 59, in request
    return session.request(method=method, url=url, **kwargs)
  File "/usr/local/lib/python3.10/site-packages/requests/sessions.py", line 575, in request
    prep = self.prepare_request(req)
  File "/usr/local/lib/python3.10/site-packages/requests/sessions.py", line 486, in prepare_request
    p.prepare(
  File "/usr/local/lib/python3.10/site-packages/requests/models.py", line 368, in prepare
    self.prepare_url(url, params)
  File "/usr/local/lib/python3.10/site-packages/requests/models.py", line 439, in prepare_url
    raise MissingSchema(
requests.exceptions.MissingSchema: Invalid URL 'None/simple/price?ids=bitcoin&vs_currencies=usd&include_market_cap=true&include_24hr_change=true': No scheme supplied. Perhaps you meant https://None/simple/price?ids=bitcoin&vs_currencies=usd&include_market_cap=true&include_24hr_change=true?

The above exception was the direct cause of the following exception:

Traceback (most recent call last):
  File "/app/data_processor.py", line 92, in update_all_data
    self.price_data = self.coingecko_api.fetch_crypto_prices(normalized_coins)
  File "/app/api.py", line 202, in fetch_crypto_prices
    return instance.fetch_realtime_data(coins)
  File "/usr/local/lib/python3.10/site-packages/tenacity/__init__.py", line 336, in wrapped_f
    return copy(f, *args, **kw)
  File "/usr/local/lib/python3.10/site-packages/tenacity/__init__.py", line 475, in __call__
    do = self.iter(retry_state=retry_state)
  File "/usr/local/lib/python3.10/site-packages/tenacity/__init__.py", line 376, in iter
    result = action(retry_state)
  File "/usr/local/lib/python3.10/site-packages/tenacity/__init__.py", line 419, in exc_check
    raise retry_exc from fut.exception()
tenacity.RetryError: RetryError[<Future at 0x7f881015c7f0 state=finished raised MissingSchema>]

2025-05-17 23:15:54,650 - vector_store - INFO - Vector store updated with 6 documents at 2025-05-17 23:15:54
2025-05-17 23:15:54,651 - vector_store - INFO - Added 9 new chunks to the vector store
2025-05-17 23:15:54,820 - vector_store - INFO - Vector store saved to faiss_index
2025-05-17 23:15:54,821 - bitcoinchatbot - INFO - Data update complete
2025-05-17 23:18:12,001 - vector_store - INFO - Question answered in 180.23 seconds
2025-05-17 23:18:12,002 - vector_store - INFO - Successfully answered question: give me the news about bitcoin ...
2025-05-17 23:18:55,780 - bitcoinchatbot - INFO - Running scheduled data update
2025-05-17 23:18:55,780 - bitcoinchatbot - INFO - Updating cryptocurrency data for: bitcoin
2025-05-17 23:18:55,781 - data_processor - INFO - Starting data update for coins: bitcoin
2025-05-17 23:19:03,803 - data_processor - ERROR - Error updating data: RetryError[<Future at 0x7f890223f2b0 state=finished raised MissingSchema>]
2025-05-17 23:19:03,807 - data_processor - ERROR - Traceback (most recent call last):
  File "/usr/local/lib/python3.10/site-packages/tenacity/__init__.py", line 478, in __call__
    result = fn(*args, **kwargs)
  File "/app/api.py", line 118, in fetch_realtime_data
    response = requests.get(
  File "/usr/local/lib/python3.10/site-packages/requests/api.py", line 73, in get
    return request("get", url, params=params, **kwargs)
  File "/usr/local/lib/python3.10/site-packages/requests/api.py", line 59, in request
    return session.request(method=method, url=url, **kwargs)
  File "/usr/local/lib/python3.10/site-packages/requests/sessions.py", line 575, in request
    prep = self.prepare_request(req)
  File "/usr/local/lib/python3.10/site-packages/requests/sessions.py", line 486, in prepare_request
    p.prepare(
  File "/usr/local/lib/python3.10/site-packages/requests/models.py", line 368, in prepare
    self.prepare_url(url, params)
  File "/usr/local/lib/python3.10/site-packages/requests/models.py", line 439, in prepare_url
    raise MissingSchema(
requests.exceptions.MissingSchema: Invalid URL 'None/simple/price?ids=bitcoin&vs_currencies=usd&include_market_cap=true&include_24hr_change=true': No scheme supplied. Perhaps you meant https://None/simple/price?ids=bitcoin&vs_currencies=usd&include_market_cap=true&include_24hr_change=true?

The above exception was the direct cause of the following exception:

Traceback (most recent call last):
  File "/app/data_processor.py", line 92, in update_all_data
    self.price_data = self.coingecko_api.fetch_crypto_prices(normalized_coins)
  File "/app/api.py", line 202, in fetch_crypto_prices
    return instance.fetch_realtime_data(coins)
  File "/usr/local/lib/python3.10/site-packages/tenacity/__init__.py", line 336, in wrapped_f
    return copy(f, *args, **kw)
  File "/usr/local/lib/python3.10/site-packages/tenacity/__init__.py", line 475, in __call__
    do = self.iter(retry_state=retry_state)
  File "/usr/local/lib/python3.10/site-packages/tenacity/__init__.py", line 376, in iter
    result = action(retry_state)
  File "/usr/local/lib/python3.10/site-packages/tenacity/__init__.py", line 419, in exc_check
    raise retry_exc from fut.exception()
tenacity.RetryError: RetryError[<Future at 0x7f890223f2b0 state=finished raised MissingSchema>]

2025-05-17 23:19:05,235 - vector_store - INFO - Vector store updated with 6 documents at 2025-05-17 23:19:05
2025-05-17 23:19:05,235 - vector_store - INFO - Added 9 new chunks to the vector store
2025-05-17 23:19:05,331 - vector_store - INFO - Vector store saved to faiss_index
2025-05-17 23:19:05,331 - bitcoinchatbot - INFO - Data update complete
2025-05-17 23:22:04,444 - vector_store - INFO - Question answered in 164.99 seconds
2025-05-17 23:22:04,445 - vector_store - INFO - Successfully answered question: What do the RSI and MACD indicators currently sugg...
2025-05-17 23:22:06,281 - bitcoinchatbot - INFO - Running scheduled data update
2025-05-17 23:22:06,282 - bitcoinchatbot - INFO - Updating cryptocurrency data for: bitcoin
2025-05-17 23:22:06,283 - data_processor - INFO - Starting data update for coins: bitcoin
2025-05-17 23:22:14,305 - data_processor - ERROR - Error updating data: RetryError[<Future at 0x7f8810147580 state=finished raised MissingSchema>]
2025-05-17 23:22:14,309 - data_processor - ERROR - Traceback (most recent call last):
  File "/usr/local/lib/python3.10/site-packages/tenacity/__init__.py", line 478, in __call__
    result = fn(*args, **kwargs)
  File "/app/api.py", line 118, in fetch_realtime_data
    response = requests.get(
  File "/usr/local/lib/python3.10/site-packages/requests/api.py", line 73, in get
    return request("get", url, params=params, **kwargs)
  File "/usr/local/lib/python3.10/site-packages/requests/api.py", line 59, in request
    return session.request(method=method, url=url, **kwargs)
  File "/usr/local/lib/python3.10/site-packages/requests/sessions.py", line 575, in request
    prep = self.prepare_request(req)
  File "/usr/local/lib/python3.10/site-packages/requests/sessions.py", line 486, in prepare_request
    p.prepare(
  File "/usr/local/lib/python3.10/site-packages/requests/models.py", line 368, in prepare
    self.prepare_url(url, params)
  File "/usr/local/lib/python3.10/site-packages/requests/models.py", line 439, in prepare_url
    raise MissingSchema(
requests.exceptions.MissingSchema: Invalid URL 'None/simple/price?ids=bitcoin&vs_currencies=usd&include_market_cap=true&include_24hr_change=true': No scheme supplied. Perhaps you meant https://None/simple/price?ids=bitcoin&vs_currencies=usd&include_market_cap=true&include_24hr_change=true?

The above exception was the direct cause of the following exception:

Traceback (most recent call last):
  File "/app/data_processor.py", line 92, in update_all_data
    self.price_data = self.coingecko_api.fetch_crypto_prices(normalized_coins)
  File "/app/api.py", line 202, in fetch_crypto_prices
    return instance.fetch_realtime_data(coins)
  File "/usr/local/lib/python3.10/site-packages/tenacity/__init__.py", line 336, in wrapped_f
    return copy(f, *args, **kw)
  File "/usr/local/lib/python3.10/site-packages/tenacity/__init__.py", line 475, in __call__
    do = self.iter(retry_state=retry_state)
  File "/usr/local/lib/python3.10/site-packages/tenacity/__init__.py", line 376, in iter
    result = action(retry_state)
  File "/usr/local/lib/python3.10/site-packages/tenacity/__init__.py", line 419, in exc_check
    raise retry_exc from fut.exception()
tenacity.RetryError: RetryError[<Future at 0x7f8810147580 state=finished raised MissingSchema>]

2025-05-17 23:22:15,558 - vector_store - INFO - Vector store updated with 6 documents at 2025-05-17 23:22:15
2025-05-17 23:22:15,558 - vector_store - INFO - Added 9 new chunks to the vector store
2025-05-17 23:22:15,643 - vector_store - INFO - Vector store saved to faiss_index
2025-05-17 23:22:15,644 - bitcoinchatbot - INFO - Data update complete
2025-05-17 23:31:10,433 - bitcoinchatbot - INFO - Initializing Crypto Assistant...
2025-05-17 23:31:10,436 - faiss.loader - INFO - Loading faiss with AVX2 support.
2025-05-17 23:31:10,451 - faiss.loader - INFO - Successfully loaded faiss with AVX2 support.
2025-05-17 23:31:10,551 - vector_store - INFO - Vector store loaded from faiss_index
2025-05-17 23:31:10,552 - vector_store - INFO - Enhanced QA chain initialized with multi-query retrieval and metadata filtering
2025-05-17 23:31:10,553 - bitcoinchatbot - INFO - Fetching historical data during initialization...
2025-05-17 23:31:10,715 - api - INFO - Using cached historical data for bitcoin
2025-05-17 23:31:10,722 - api - INFO - Loaded 3895 records from cache, date range: 2014-09-17 00:00:00+00:00 to 2025-05-16 00:00:00+00:00
2025-05-17 23:31:10,723 - bitcoinchatbot - INFO - Successfully retrieved historical data for bitcoin: 3895 records
2025-05-17 23:31:10,724 - data_processor - INFO - Building date-price lookup for bitcoin from 2014-09-17 00:00:00+00:00 to 2025-05-16 00:00:00+00:00
2025-05-17 23:31:10,872 - data_processor - INFO - Added 3895 date-price entries for bitcoin
2025-05-17 23:31:10,873 - bitcoinchatbot - INFO - Date-price lookup built from historical data
2025-05-17 23:31:10,874 - bitcoinchatbot - INFO - Crypto Assistant initialized successfully
2025-05-17 23:31:11,690 - price_predictor - INFO - Loaded pre-trained model from models/bitcoin_lstm.h5
2025-05-17 23:31:11,693 - price_predictor - INFO - Loaded scaler from models/bitcoin_lstm_scaler.pkl
2025-05-17 23:31:11,693 - bitcoinchatbot - INFO - Loaded existing price prediction model
2025-05-17 23:31:11,694 - bitcoinchatbot - INFO - Starting scheduled updates every 5 minutes
2025-05-17 23:31:11,694 - bitcoinchatbot - INFO - Started scheduled updates every 5 minutes
2025-05-17 23:31:12,296 - price_predictor - INFO - Loaded pre-trained model from models/bitcoin_lstm.h5
2025-05-17 23:31:12,300 - price_predictor - INFO - Loaded scaler from models/bitcoin_lstm_scaler.pkl
2025-05-17 23:31:28,600 - bitcoinchatbot - INFO - Initializing Crypto Assistant...
2025-05-17 23:31:28,678 - vector_store - INFO - Vector store loaded from faiss_index
2025-05-17 23:31:28,679 - vector_store - INFO - Enhanced QA chain initialized with multi-query retrieval and metadata filtering
2025-05-17 23:31:28,680 - bitcoinchatbot - INFO - Fetching historical data during initialization...
2025-05-17 23:31:28,818 - api - INFO - Using cached historical data for bitcoin
2025-05-17 23:31:28,825 - api - INFO - Loaded 3895 records from cache, date range: 2014-09-17 00:00:00+00:00 to 2025-05-16 00:00:00+00:00
2025-05-17 23:31:28,826 - bitcoinchatbot - INFO - Successfully retrieved historical data for bitcoin: 3895 records
2025-05-17 23:31:28,827 - data_processor - INFO - Building date-price lookup for bitcoin from 2014-09-17 00:00:00+00:00 to 2025-05-16 00:00:00+00:00
2025-05-17 23:31:28,950 - data_processor - INFO - Added 3895 date-price entries for bitcoin
2025-05-17 23:31:28,951 - bitcoinchatbot - INFO - Date-price lookup built from historical data
2025-05-17 23:31:28,952 - bitcoinchatbot - INFO - Crypto Assistant initialized successfully
2025-05-17 23:31:29,656 - price_predictor - INFO - Loaded pre-trained model from models/bitcoin_lstm.h5
2025-05-17 23:31:29,660 - price_predictor - INFO - Loaded scaler from models/bitcoin_lstm_scaler.pkl
2025-05-17 23:31:29,660 - bitcoinchatbot - INFO - Loaded existing price prediction model
2025-05-17 23:31:29,661 - bitcoinchatbot - INFO - Starting scheduled updates every 5 minutes
2025-05-17 23:31:29,661 - bitcoinchatbot - INFO - Started scheduled updates every 5 minutes
2025-05-17 23:31:30,218 - price_predictor - INFO - Loaded pre-trained model from models/bitcoin_lstm.h5
2025-05-17 23:31:30,221 - price_predictor - INFO - Loaded scaler from models/bitcoin_lstm_scaler.pkl
2025-05-17 23:31:36,714 - vector_store - WARNING - Data might be outdated. Last update was: Never
2025-05-17 23:31:47,469 - vector_store - WARNING - Data might be outdated. Last update was: Never
2025-05-17 23:31:58,685 - vector_store - WARNING - Data might be outdated. Last update was: Never
2025-05-17 23:32:11,932 - vector_store - WARNING - Data might be outdated. Last update was: Never
2025-05-17 23:34:14,721 - vector_store - INFO - Question answered in 122.78 seconds
2025-05-17 23:34:14,722 - vector_store - INFO - Successfully answered question: what is the bit coin price for may 17 2025...
2025-05-17 23:34:24,028 - vector_store - WARNING - Data might be outdated. Last update was: Never
2025-05-17 23:36:11,790 - bitcoinchatbot - INFO - Running scheduled data update
2025-05-17 23:36:11,791 - bitcoinchatbot - INFO - Updating cryptocurrency data for: bitcoin
2025-05-17 23:36:11,792 - data_processor - INFO - Starting data update for coins: bitcoin
2025-05-17 23:36:12,230 - bitcoinchatbot - INFO - Running scheduled data update
2025-05-17 23:36:12,231 - bitcoinchatbot - INFO - Updating cryptocurrency data for: bitcoin
2025-05-17 23:36:12,232 - data_processor - INFO - Starting data update for coins: bitcoin
2025-05-17 23:36:19,813 - data_processor - ERROR - Error updating data: RetryError[<Future at 0x7fc0a8415c00 state=finished raised MissingSchema>]
2025-05-17 23:36:19,827 - data_processor - ERROR - Traceback (most recent call last):
  File "/usr/local/lib/python3.10/site-packages/tenacity/__init__.py", line 478, in __call__
    result = fn(*args, **kwargs)
  File "/app/api.py", line 118, in fetch_realtime_data
    response = requests.get(
  File "/usr/local/lib/python3.10/site-packages/requests/api.py", line 73, in get
    return request("get", url, params=params, **kwargs)
  File "/usr/local/lib/python3.10/site-packages/requests/api.py", line 59, in request
    return session.request(method=method, url=url, **kwargs)
  File "/usr/local/lib/python3.10/site-packages/requests/sessions.py", line 575, in request
    prep = self.prepare_request(req)
  File "/usr/local/lib/python3.10/site-packages/requests/sessions.py", line 486, in prepare_request
    p.prepare(
  File "/usr/local/lib/python3.10/site-packages/requests/models.py", line 368, in prepare
    self.prepare_url(url, params)
  File "/usr/local/lib/python3.10/site-packages/requests/models.py", line 439, in prepare_url
    raise MissingSchema(
requests.exceptions.MissingSchema: Invalid URL 'None/simple/price?ids=bitcoin&vs_currencies=usd&include_market_cap=true&include_24hr_change=true': No scheme supplied. Perhaps you meant https://None/simple/price?ids=bitcoin&vs_currencies=usd&include_market_cap=true&include_24hr_change=true?

The above exception was the direct cause of the following exception:

Traceback (most recent call last):
  File "/app/data_processor.py", line 92, in update_all_data
    self.price_data = self.coingecko_api.fetch_crypto_prices(normalized_coins)
  File "/app/api.py", line 202, in fetch_crypto_prices
    return instance.fetch_realtime_data(coins)
  File "/usr/local/lib/python3.10/site-packages/tenacity/__init__.py", line 336, in wrapped_f
    return copy(f, *args, **kw)
  File "/usr/local/lib/python3.10/site-packages/tenacity/__init__.py", line 475, in __call__
    do = self.iter(retry_state=retry_state)
  File "/usr/local/lib/python3.10/site-packages/tenacity/__init__.py", line 376, in iter
    result = action(retry_state)
  File "/usr/local/lib/python3.10/site-packages/tenacity/__init__.py", line 419, in exc_check
    raise retry_exc from fut.exception()
tenacity.RetryError: RetryError[<Future at 0x7fc0a8415c00 state=finished raised MissingSchema>]

2025-05-17 23:36:20,259 - data_processor - ERROR - Error updating data: RetryError[<Future at 0x7fc0b05d04f0 state=finished raised MissingSchema>]
2025-05-17 23:36:20,267 - data_processor - ERROR - Traceback (most recent call last):
  File "/usr/local/lib/python3.10/site-packages/tenacity/__init__.py", line 478, in __call__
    result = fn(*args, **kwargs)
  File "/app/api.py", line 118, in fetch_realtime_data
    response = requests.get(
  File "/usr/local/lib/python3.10/site-packages/requests/api.py", line 73, in get
    return request("get", url, params=params, **kwargs)
  File "/usr/local/lib/python3.10/site-packages/requests/api.py", line 59, in request
    return session.request(method=method, url=url, **kwargs)
  File "/usr/local/lib/python3.10/site-packages/requests/sessions.py", line 575, in request
    prep = self.prepare_request(req)
  File "/usr/local/lib/python3.10/site-packages/requests/sessions.py", line 486, in prepare_request
    p.prepare(
  File "/usr/local/lib/python3.10/site-packages/requests/models.py", line 368, in prepare
    self.prepare_url(url, params)
  File "/usr/local/lib/python3.10/site-packages/requests/models.py", line 439, in prepare_url
    raise MissingSchema(
requests.exceptions.MissingSchema: Invalid URL 'None/simple/price?ids=bitcoin&vs_currencies=usd&include_market_cap=true&include_24hr_change=true': No scheme supplied. Perhaps you meant https://None/simple/price?ids=bitcoin&vs_currencies=usd&include_market_cap=true&include_24hr_change=true?

The above exception was the direct cause of the following exception:

Traceback (most recent call last):
  File "/app/data_processor.py", line 92, in update_all_data
    self.price_data = self.coingecko_api.fetch_crypto_prices(normalized_coins)
  File "/app/api.py", line 202, in fetch_crypto_prices
    return instance.fetch_realtime_data(coins)
  File "/usr/local/lib/python3.10/site-packages/tenacity/__init__.py", line 336, in wrapped_f
    return copy(f, *args, **kw)
  File "/usr/local/lib/python3.10/site-packages/tenacity/__init__.py", line 475, in __call__
    do = self.iter(retry_state=retry_state)
  File "/usr/local/lib/python3.10/site-packages/tenacity/__init__.py", line 376, in iter
    result = action(retry_state)
  File "/usr/local/lib/python3.10/site-packages/tenacity/__init__.py", line 419, in exc_check
    raise retry_exc from fut.exception()
tenacity.RetryError: RetryError[<Future at 0x7fc0b05d04f0 state=finished raised MissingSchema>]

2025-05-17 23:36:42,485 - vector_store - INFO - Vector store updated with 6 documents at 2025-05-17 23:36:42
2025-05-17 23:36:42,496 - vector_store - INFO - Added 9 new chunks to the vector store
2025-05-17 23:36:42,800 - vector_store - INFO - Vector store saved to faiss_index
2025-05-17 23:36:42,801 - bitcoinchatbot - INFO - Data update complete
2025-05-17 23:36:42,909 - vector_store - INFO - Question answered in 138.88 seconds
2025-05-17 23:36:42,910 - vector_store - INFO - Successfully answered question: what is the bitcoin trend for march 2024...
2025-05-17 23:36:43,280 - vector_store - INFO - Vector store updated with 6 documents at 2025-05-17 23:36:43
2025-05-17 23:36:43,282 - vector_store - INFO - Added 9 new chunks to the vector store
2025-05-17 23:36:43,377 - vector_store - INFO - Vector store saved to faiss_index
2025-05-17 23:36:43,379 - bitcoinchatbot - INFO - Data update complete
2025-05-17 23:36:43,802 - bitcoinchatbot - INFO - Running scheduled data update
2025-05-17 23:36:43,803 - bitcoinchatbot - INFO - Updating cryptocurrency data for: bitcoin
2025-05-17 23:36:43,804 - data_processor - INFO - Starting data update for coins: bitcoin
2025-05-17 23:36:44,380 - bitcoinchatbot - INFO - Running scheduled data update
2025-05-17 23:36:44,381 - bitcoinchatbot - INFO - Updating cryptocurrency data for: bitcoin
2025-05-17 23:36:44,382 - data_processor - INFO - Starting data update for coins: bitcoin
2025-05-17 23:36:51,827 - data_processor - ERROR - Error updating data: RetryError[<Future at 0x7fc0b05e5c60 state=finished raised MissingSchema>]
2025-05-17 23:36:51,830 - data_processor - ERROR - Traceback (most recent call last):
  File "/usr/local/lib/python3.10/site-packages/tenacity/__init__.py", line 478, in __call__
    result = fn(*args, **kwargs)
  File "/app/api.py", line 118, in fetch_realtime_data
    response = requests.get(
  File "/usr/local/lib/python3.10/site-packages/requests/api.py", line 73, in get
    return request("get", url, params=params, **kwargs)
  File "/usr/local/lib/python3.10/site-packages/requests/api.py", line 59, in request
    return session.request(method=method, url=url, **kwargs)
  File "/usr/local/lib/python3.10/site-packages/requests/sessions.py", line 575, in request
    prep = self.prepare_request(req)
  File "/usr/local/lib/python3.10/site-packages/requests/sessions.py", line 486, in prepare_request
    p.prepare(
  File "/usr/local/lib/python3.10/site-packages/requests/models.py", line 368, in prepare
    self.prepare_url(url, params)
  File "/usr/local/lib/python3.10/site-packages/requests/models.py", line 439, in prepare_url
    raise MissingSchema(
requests.exceptions.MissingSchema: Invalid URL 'None/simple/price?ids=bitcoin&vs_currencies=usd&include_market_cap=true&include_24hr_change=true': No scheme supplied. Perhaps you meant https://None/simple/price?ids=bitcoin&vs_currencies=usd&include_market_cap=true&include_24hr_change=true?

The above exception was the direct cause of the following exception:

Traceback (most recent call last):
  File "/app/data_processor.py", line 92, in update_all_data
    self.price_data = self.coingecko_api.fetch_crypto_prices(normalized_coins)
  File "/app/api.py", line 202, in fetch_crypto_prices
    return instance.fetch_realtime_data(coins)
  File "/usr/local/lib/python3.10/site-packages/tenacity/__init__.py", line 336, in wrapped_f
    return copy(f, *args, **kw)
  File "/usr/local/lib/python3.10/site-packages/tenacity/__init__.py", line 475, in __call__
    do = self.iter(retry_state=retry_state)
  File "/usr/local/lib/python3.10/site-packages/tenacity/__init__.py", line 376, in iter
    result = action(retry_state)
  File "/usr/local/lib/python3.10/site-packages/tenacity/__init__.py", line 419, in exc_check
    raise retry_exc from fut.exception()
tenacity.RetryError: RetryError[<Future at 0x7fc0b05e5c60 state=finished raised MissingSchema>]

2025-05-17 23:36:52,408 - data_processor - ERROR - Error updating data: RetryError[<Future at 0x7fc0b05e4bb0 state=finished raised MissingSchema>]
2025-05-17 23:36:52,412 - data_processor - ERROR - Traceback (most recent call last):
  File "/usr/local/lib/python3.10/site-packages/tenacity/__init__.py", line 478, in __call__
    result = fn(*args, **kwargs)
  File "/app/api.py", line 118, in fetch_realtime_data
    response = requests.get(
  File "/usr/local/lib/python3.10/site-packages/requests/api.py", line 73, in get
    return request("get", url, params=params, **kwargs)
  File "/usr/local/lib/python3.10/site-packages/requests/api.py", line 59, in request
    return session.request(method=method, url=url, **kwargs)
  File "/usr/local/lib/python3.10/site-packages/requests/sessions.py", line 575, in request
    prep = self.prepare_request(req)
  File "/usr/local/lib/python3.10/site-packages/requests/sessions.py", line 486, in prepare_request
    p.prepare(
  File "/usr/local/lib/python3.10/site-packages/requests/models.py", line 368, in prepare
    self.prepare_url(url, params)
  File "/usr/local/lib/python3.10/site-packages/requests/models.py", line 439, in prepare_url
    raise MissingSchema(
requests.exceptions.MissingSchema: Invalid URL 'None/simple/price?ids=bitcoin&vs_currencies=usd&include_market_cap=true&include_24hr_change=true': No scheme supplied. Perhaps you meant https://None/simple/price?ids=bitcoin&vs_currencies=usd&include_market_cap=true&include_24hr_change=true?

The above exception was the direct cause of the following exception:

Traceback (most recent call last):
  File "/app/data_processor.py", line 92, in update_all_data
    self.price_data = self.coingecko_api.fetch_crypto_prices(normalized_coins)
  File "/app/api.py", line 202, in fetch_crypto_prices
    return instance.fetch_realtime_data(coins)
  File "/usr/local/lib/python3.10/site-packages/tenacity/__init__.py", line 336, in wrapped_f
    return copy(f, *args, **kw)
  File "/usr/local/lib/python3.10/site-packages/tenacity/__init__.py", line 475, in __call__
    do = self.iter(retry_state=retry_state)
  File "/usr/local/lib/python3.10/site-packages/tenacity/__init__.py", line 376, in iter
    result = action(retry_state)
  File "/usr/local/lib/python3.10/site-packages/tenacity/__init__.py", line 419, in exc_check
    raise retry_exc from fut.exception()
tenacity.RetryError: RetryError[<Future at 0x7fc0b05e4bb0 state=finished raised MissingSchema>]

2025-05-17 23:36:53,990 - vector_store - INFO - Vector store updated with 6 documents at 2025-05-17 23:36:53
2025-05-17 23:36:53,991 - vector_store - INFO - Added 9 new chunks to the vector store
2025-05-17 23:36:54,126 - vector_store - INFO - Vector store saved to faiss_index
2025-05-17 23:36:54,127 - bitcoinchatbot - INFO - Data update complete
2025-05-17 23:36:54,493 - vector_store - INFO - Vector store updated with 6 documents at 2025-05-17 23:36:54
2025-05-17 23:36:54,494 - vector_store - INFO - Added 9 new chunks to the vector store
2025-05-17 23:36:54,591 - vector_store - INFO - Vector store saved to faiss_index
2025-05-17 23:36:54,592 - bitcoinchatbot - INFO - Data update complete
2025-05-17 23:40:08,295 - price_predictor - INFO - Predicting Bitcoin price 7 days ahead
2025-05-17 23:41:43,610 - bitcoinchatbot - INFO - Running scheduled data update
2025-05-17 23:41:43,610 - bitcoinchatbot - INFO - Updating cryptocurrency data for: bitcoin
2025-05-17 23:41:43,610 - data_processor - INFO - Starting data update for coins: bitcoin
2025-05-17 23:41:44,364 - bitcoinchatbot - INFO - Running scheduled data update
2025-05-17 23:41:44,365 - bitcoinchatbot - INFO - Updating cryptocurrency data for: bitcoin
2025-05-17 23:41:44,365 - data_processor - INFO - Starting data update for coins: bitcoin
2025-05-17 23:41:51,632 - data_processor - ERROR - Error updating data: RetryError[<Future at 0x7fc0cfc42740 state=finished raised MissingSchema>]
2025-05-17 23:41:51,637 - data_processor - ERROR - Traceback (most recent call last):
  File "/usr/local/lib/python3.10/site-packages/tenacity/__init__.py", line 478, in __call__
    result = fn(*args, **kwargs)
  File "/app/api.py", line 118, in fetch_realtime_data
    response = requests.get(
  File "/usr/local/lib/python3.10/site-packages/requests/api.py", line 73, in get
    return request("get", url, params=params, **kwargs)
  File "/usr/local/lib/python3.10/site-packages/requests/api.py", line 59, in request
    return session.request(method=method, url=url, **kwargs)
  File "/usr/local/lib/python3.10/site-packages/requests/sessions.py", line 575, in request
    prep = self.prepare_request(req)
  File "/usr/local/lib/python3.10/site-packages/requests/sessions.py", line 486, in prepare_request
    p.prepare(
  File "/usr/local/lib/python3.10/site-packages/requests/models.py", line 368, in prepare
    self.prepare_url(url, params)
  File "/usr/local/lib/python3.10/site-packages/requests/models.py", line 439, in prepare_url
    raise MissingSchema(
requests.exceptions.MissingSchema: Invalid URL 'None/simple/price?ids=bitcoin&vs_currencies=usd&include_market_cap=true&include_24hr_change=true': No scheme supplied. Perhaps you meant https://None/simple/price?ids=bitcoin&vs_currencies=usd&include_market_cap=true&include_24hr_change=true?

The above exception was the direct cause of the following exception:

Traceback (most recent call last):
  File "/app/data_processor.py", line 92, in update_all_data
    self.price_data = self.coingecko_api.fetch_crypto_prices(normalized_coins)
  File "/app/api.py", line 202, in fetch_crypto_prices
    return instance.fetch_realtime_data(coins)
  File "/usr/local/lib/python3.10/site-packages/tenacity/__init__.py", line 336, in wrapped_f
    return copy(f, *args, **kw)
  File "/usr/local/lib/python3.10/site-packages/tenacity/__init__.py", line 475, in __call__
    do = self.iter(retry_state=retry_state)
  File "/usr/local/lib/python3.10/site-packages/tenacity/__init__.py", line 376, in iter
    result = action(retry_state)
  File "/usr/local/lib/python3.10/site-packages/tenacity/__init__.py", line 419, in exc_check
    raise retry_exc from fut.exception()
tenacity.RetryError: RetryError[<Future at 0x7fc0cfc42740 state=finished raised MissingSchema>]

2025-05-17 23:41:52,386 - data_processor - ERROR - Error updating data: RetryError[<Future at 0x7fc0b0374b80 state=finished raised MissingSchema>]
2025-05-17 23:41:52,392 - data_processor - ERROR - Traceback (most recent call last):
  File "/usr/local/lib/python3.10/site-packages/tenacity/__init__.py", line 478, in __call__
    result = fn(*args, **kwargs)
  File "/app/api.py", line 118, in fetch_realtime_data
    response = requests.get(
  File "/usr/local/lib/python3.10/site-packages/requests/api.py", line 73, in get
    return request("get", url, params=params, **kwargs)
  File "/usr/local/lib/python3.10/site-packages/requests/api.py", line 59, in request
    return session.request(method=method, url=url, **kwargs)
  File "/usr/local/lib/python3.10/site-packages/requests/sessions.py", line 575, in request
    prep = self.prepare_request(req)
  File "/usr/local/lib/python3.10/site-packages/requests/sessions.py", line 486, in prepare_request
    p.prepare(
  File "/usr/local/lib/python3.10/site-packages/requests/models.py", line 368, in prepare
    self.prepare_url(url, params)
  File "/usr/local/lib/python3.10/site-packages/requests/models.py", line 439, in prepare_url
    raise MissingSchema(
requests.exceptions.MissingSchema: Invalid URL 'None/simple/price?ids=bitcoin&vs_currencies=usd&include_market_cap=true&include_24hr_change=true': No scheme supplied. Perhaps you meant https://None/simple/price?ids=bitcoin&vs_currencies=usd&include_market_cap=true&include_24hr_change=true?

The above exception was the direct cause of the following exception:

Traceback (most recent call last):
  File "/app/data_processor.py", line 92, in update_all_data
    self.price_data = self.coingecko_api.fetch_crypto_prices(normalized_coins)
  File "/app/api.py", line 202, in fetch_crypto_prices
    return instance.fetch_realtime_data(coins)
  File "/usr/local/lib/python3.10/site-packages/tenacity/__init__.py", line 336, in wrapped_f
    return copy(f, *args, **kw)
  File "/usr/local/lib/python3.10/site-packages/tenacity/__init__.py", line 475, in __call__
    do = self.iter(retry_state=retry_state)
  File "/usr/local/lib/python3.10/site-packages/tenacity/__init__.py", line 376, in iter
    result = action(retry_state)
  File "/usr/local/lib/python3.10/site-packages/tenacity/__init__.py", line 419, in exc_check
    raise retry_exc from fut.exception()
tenacity.RetryError: RetryError[<Future at 0x7fc0b0374b80 state=finished raised MissingSchema>]

2025-05-17 23:41:53,461 - vector_store - INFO - Vector store updated with 6 documents at 2025-05-17 23:41:53
2025-05-17 23:41:53,463 - vector_store - INFO - Added 9 new chunks to the vector store
2025-05-17 23:41:53,560 - vector_store - INFO - Vector store saved to faiss_index
2025-05-17 23:41:53,560 - bitcoinchatbot - INFO - Data update complete
2025-05-17 23:41:54,312 - vector_store - INFO - Vector store updated with 6 documents at 2025-05-17 23:41:54
2025-05-17 23:41:54,313 - vector_store - INFO - Added 9 new chunks to the vector store
2025-05-17 23:41:54,407 - vector_store - INFO - Vector store saved to faiss_index
2025-05-17 23:41:54,408 - bitcoinchatbot - INFO - Data update complete
2025-05-17 23:41:54,676 - bitcoinchatbot - INFO - Running scheduled data update
2025-05-17 23:41:54,677 - bitcoinchatbot - INFO - Updating cryptocurrency data for: bitcoin
2025-05-17 23:41:54,678 - data_processor - INFO - Starting data update for coins: bitcoin
2025-05-17 23:41:55,414 - bitcoinchatbot - INFO - Running scheduled data update
2025-05-17 23:41:55,414 - bitcoinchatbot - INFO - Updating cryptocurrency data for: bitcoin
2025-05-17 23:41:55,415 - data_processor - INFO - Starting data update for coins: bitcoin
2025-05-17 23:42:02,703 - data_processor - ERROR - Error updating data: RetryError[<Future at 0x7fc090672c80 state=finished raised MissingSchema>]
2025-05-17 23:42:02,707 - data_processor - ERROR - Traceback (most recent call last):
  File "/usr/local/lib/python3.10/site-packages/tenacity/__init__.py", line 478, in __call__
    result = fn(*args, **kwargs)
  File "/app/api.py", line 118, in fetch_realtime_data
    response = requests.get(
  File "/usr/local/lib/python3.10/site-packages/requests/api.py", line 73, in get
    return request("get", url, params=params, **kwargs)
  File "/usr/local/lib/python3.10/site-packages/requests/api.py", line 59, in request
    return session.request(method=method, url=url, **kwargs)
  File "/usr/local/lib/python3.10/site-packages/requests/sessions.py", line 575, in request
    prep = self.prepare_request(req)
  File "/usr/local/lib/python3.10/site-packages/requests/sessions.py", line 486, in prepare_request
    p.prepare(
  File "/usr/local/lib/python3.10/site-packages/requests/models.py", line 368, in prepare
    self.prepare_url(url, params)
  File "/usr/local/lib/python3.10/site-packages/requests/models.py", line 439, in prepare_url
    raise MissingSchema(
requests.exceptions.MissingSchema: Invalid URL 'None/simple/price?ids=bitcoin&vs_currencies=usd&include_market_cap=true&include_24hr_change=true': No scheme supplied. Perhaps you meant https://None/simple/price?ids=bitcoin&vs_currencies=usd&include_market_cap=true&include_24hr_change=true?

The above exception was the direct cause of the following exception:

Traceback (most recent call last):
  File "/app/data_processor.py", line 92, in update_all_data
    self.price_data = self.coingecko_api.fetch_crypto_prices(normalized_coins)
  File "/app/api.py", line 202, in fetch_crypto_prices
    return instance.fetch_realtime_data(coins)
  File "/usr/local/lib/python3.10/site-packages/tenacity/__init__.py", line 336, in wrapped_f
    return copy(f, *args, **kw)
  File "/usr/local/lib/python3.10/site-packages/tenacity/__init__.py", line 475, in __call__
    do = self.iter(retry_state=retry_state)
  File "/usr/local/lib/python3.10/site-packages/tenacity/__init__.py", line 376, in iter
    result = action(retry_state)
  File "/usr/local/lib/python3.10/site-packages/tenacity/__init__.py", line 419, in exc_check
    raise retry_exc from fut.exception()
tenacity.RetryError: RetryError[<Future at 0x7fc090672c80 state=finished raised MissingSchema>]

2025-05-17 23:42:03,461 - data_processor - ERROR - Error updating data: RetryError[<Future at 0x7fc0cfca2c20 state=finished raised MissingSchema>]
2025-05-17 23:42:03,465 - data_processor - ERROR - Traceback (most recent call last):
  File "/usr/local/lib/python3.10/site-packages/tenacity/__init__.py", line 478, in __call__
    result = fn(*args, **kwargs)
  File "/app/api.py", line 118, in fetch_realtime_data
    response = requests.get(
  File "/usr/local/lib/python3.10/site-packages/requests/api.py", line 73, in get
    return request("get", url, params=params, **kwargs)
  File "/usr/local/lib/python3.10/site-packages/requests/api.py", line 59, in request
    return session.request(method=method, url=url, **kwargs)
  File "/usr/local/lib/python3.10/site-packages/requests/sessions.py", line 575, in request
    prep = self.prepare_request(req)
  File "/usr/local/lib/python3.10/site-packages/requests/sessions.py", line 486, in prepare_request
    p.prepare(
  File "/usr/local/lib/python3.10/site-packages/requests/models.py", line 368, in prepare
    self.prepare_url(url, params)
  File "/usr/local/lib/python3.10/site-packages/requests/models.py", line 439, in prepare_url
    raise MissingSchema(
requests.exceptions.MissingSchema: Invalid URL 'None/simple/price?ids=bitcoin&vs_currencies=usd&include_market_cap=true&include_24hr_change=true': No scheme supplied. Perhaps you meant https://None/simple/price?ids=bitcoin&vs_currencies=usd&include_market_cap=true&include_24hr_change=true?

The above exception was the direct cause of the following exception:

Traceback (most recent call last):
  File "/app/data_processor.py", line 92, in update_all_data
    self.price_data = self.coingecko_api.fetch_crypto_prices(normalized_coins)
  File "/app/api.py", line 202, in fetch_crypto_prices
    return instance.fetch_realtime_data(coins)
  File "/usr/local/lib/python3.10/site-packages/tenacity/__init__.py", line 336, in wrapped_f
    return copy(f, *args, **kw)
  File "/usr/local/lib/python3.10/site-packages/tenacity/__init__.py", line 475, in __call__
    do = self.iter(retry_state=retry_state)
  File "/usr/local/lib/python3.10/site-packages/tenacity/__init__.py", line 376, in iter
    result = action(retry_state)
  File "/usr/local/lib/python3.10/site-packages/tenacity/__init__.py", line 419, in exc_check
    raise retry_exc from fut.exception()
tenacity.RetryError: RetryError[<Future at 0x7fc0cfca2c20 state=finished raised MissingSchema>]

2025-05-17 23:42:04,027 - vector_store - INFO - Vector store updated with 6 documents at 2025-05-17 23:42:04
2025-05-17 23:42:04,028 - vector_store - INFO - Added 9 new chunks to the vector store
2025-05-17 23:42:04,137 - vector_store - INFO - Vector store saved to faiss_index
2025-05-17 23:42:04,138 - bitcoinchatbot - INFO - Data update complete
2025-05-17 23:42:04,876 - vector_store - INFO - Vector store updated with 6 documents at 2025-05-17 23:42:04
2025-05-17 23:42:04,877 - vector_store - INFO - Added 9 new chunks to the vector store
2025-05-17 23:42:04,956 - vector_store - INFO - Vector store saved to faiss_index
2025-05-17 23:42:04,957 - bitcoinchatbot - INFO - Data update complete
2025-05-17 23:46:54,774 - bitcoinchatbot - INFO - Running scheduled data update
2025-05-17 23:46:54,775 - bitcoinchatbot - INFO - Updating cryptocurrency data for: bitcoin
2025-05-17 23:46:54,776 - data_processor - INFO - Starting data update for coins: bitcoin
2025-05-17 23:46:54,803 - bitcoinchatbot - INFO - Running scheduled data update
2025-05-17 23:46:54,804 - bitcoinchatbot - INFO - Updating cryptocurrency data for: bitcoin
2025-05-17 23:46:54,805 - data_processor - INFO - Starting data update for coins: bitcoin
2025-05-17 23:47:02,926 - data_processor - ERROR - Error updating data: RetryError[<Future at 0x7fc0b05d0ee0 state=finished raised MissingSchema>]
2025-05-17 23:47:02,929 - data_processor - ERROR - Traceback (most recent call last):
  File "/usr/local/lib/python3.10/site-packages/tenacity/__init__.py", line 478, in __call__
    result = fn(*args, **kwargs)
  File "/app/api.py", line 118, in fetch_realtime_data
    response = requests.get(
  File "/usr/local/lib/python3.10/site-packages/requests/api.py", line 73, in get
    return request("get", url, params=params, **kwargs)
  File "/usr/local/lib/python3.10/site-packages/requests/api.py", line 59, in request
    return session.request(method=method, url=url, **kwargs)
  File "/usr/local/lib/python3.10/site-packages/requests/sessions.py", line 575, in request
    prep = self.prepare_request(req)
  File "/usr/local/lib/python3.10/site-packages/requests/sessions.py", line 486, in prepare_request
    p.prepare(
  File "/usr/local/lib/python3.10/site-packages/requests/models.py", line 368, in prepare
    self.prepare_url(url, params)
  File "/usr/local/lib/python3.10/site-packages/requests/models.py", line 439, in prepare_url
    raise MissingSchema(
requests.exceptions.MissingSchema: Invalid URL 'None/simple/price?ids=bitcoin&vs_currencies=usd&include_market_cap=true&include_24hr_change=true': No scheme supplied. Perhaps you meant https://None/simple/price?ids=bitcoin&vs_currencies=usd&include_market_cap=true&include_24hr_change=true?

The above exception was the direct cause of the following exception:

Traceback (most recent call last):
  File "/app/data_processor.py", line 92, in update_all_data
    self.price_data = self.coingecko_api.fetch_crypto_prices(normalized_coins)
  File "/app/api.py", line 202, in fetch_crypto_prices
    return instance.fetch_realtime_data(coins)
  File "/usr/local/lib/python3.10/site-packages/tenacity/__init__.py", line 336, in wrapped_f
    return copy(f, *args, **kw)
  File "/usr/local/lib/python3.10/site-packages/tenacity/__init__.py", line 475, in __call__
    do = self.iter(retry_state=retry_state)
  File "/usr/local/lib/python3.10/site-packages/tenacity/__init__.py", line 376, in iter
    result = action(retry_state)
  File "/usr/local/lib/python3.10/site-packages/tenacity/__init__.py", line 419, in exc_check
    raise retry_exc from fut.exception()
tenacity.RetryError: RetryError[<Future at 0x7fc0b05d0ee0 state=finished raised MissingSchema>]

2025-05-17 23:47:03,014 - data_processor - ERROR - Error updating data: RetryError[<Future at 0x7fc0a83d99f0 state=finished raised MissingSchema>]
2025-05-17 23:47:03,026 - data_processor - ERROR - Traceback (most recent call last):
  File "/usr/local/lib/python3.10/site-packages/tenacity/__init__.py", line 478, in __call__
    result = fn(*args, **kwargs)
  File "/app/api.py", line 118, in fetch_realtime_data
    response = requests.get(
  File "/usr/local/lib/python3.10/site-packages/requests/api.py", line 73, in get
    return request("get", url, params=params, **kwargs)
  File "/usr/local/lib/python3.10/site-packages/requests/api.py", line 59, in request
    return session.request(method=method, url=url, **kwargs)
  File "/usr/local/lib/python3.10/site-packages/requests/sessions.py", line 575, in request
    prep = self.prepare_request(req)
  File "/usr/local/lib/python3.10/site-packages/requests/sessions.py", line 486, in prepare_request
    p.prepare(
  File "/usr/local/lib/python3.10/site-packages/requests/models.py", line 368, in prepare
    self.prepare_url(url, params)
  File "/usr/local/lib/python3.10/site-packages/requests/models.py", line 439, in prepare_url
    raise MissingSchema(
requests.exceptions.MissingSchema: Invalid URL 'None/simple/price?ids=bitcoin&vs_currencies=usd&include_market_cap=true&include_24hr_change=true': No scheme supplied. Perhaps you meant https://None/simple/price?ids=bitcoin&vs_currencies=usd&include_market_cap=true&include_24hr_change=true?

The above exception was the direct cause of the following exception:

Traceback (most recent call last):
  File "/app/data_processor.py", line 92, in update_all_data
    self.price_data = self.coingecko_api.fetch_crypto_prices(normalized_coins)
  File "/app/api.py", line 202, in fetch_crypto_prices
    return instance.fetch_realtime_data(coins)
  File "/usr/local/lib/python3.10/site-packages/tenacity/__init__.py", line 336, in wrapped_f
    return copy(f, *args, **kw)
  File "/usr/local/lib/python3.10/site-packages/tenacity/__init__.py", line 475, in __call__
    do = self.iter(retry_state=retry_state)
  File "/usr/local/lib/python3.10/site-packages/tenacity/__init__.py", line 376, in iter
    result = action(retry_state)
  File "/usr/local/lib/python3.10/site-packages/tenacity/__init__.py", line 419, in exc_check
    raise retry_exc from fut.exception()
tenacity.RetryError: RetryError[<Future at 0x7fc0a83d99f0 state=finished raised MissingSchema>]

2025-05-17 23:47:04,866 - vector_store - INFO - Vector store updated with 6 documents at 2025-05-17 23:47:04
2025-05-17 23:47:04,866 - vector_store - INFO - Added 9 new chunks to the vector store
2025-05-17 23:47:04,955 - vector_store - INFO - Vector store saved to faiss_index
2025-05-17 23:47:04,956 - bitcoinchatbot - INFO - Data update complete
2025-05-17 23:47:04,996 - vector_store - INFO - Vector store updated with 6 documents at 2025-05-17 23:47:04
2025-05-17 23:47:04,997 - vector_store - INFO - Added 9 new chunks to the vector store
2025-05-17 23:47:05,073 - vector_store - INFO - Vector store saved to faiss_index
2025-05-17 23:47:05,074 - bitcoinchatbot - INFO - Data update complete
2025-05-17 23:47:05,957 - bitcoinchatbot - INFO - Running scheduled data update
2025-05-17 23:47:05,958 - bitcoinchatbot - INFO - Updating cryptocurrency data for: bitcoin
2025-05-17 23:47:05,959 - data_processor - INFO - Starting data update for coins: bitcoin
2025-05-17 23:47:06,075 - bitcoinchatbot - INFO - Running scheduled data update
2025-05-17 23:47:06,076 - bitcoinchatbot - INFO - Updating cryptocurrency data for: bitcoin
2025-05-17 23:47:06,076 - data_processor - INFO - Starting data update for coins: bitcoin
2025-05-17 23:47:13,980 - data_processor - ERROR - Error updating data: RetryError[<Future at 0x7fc0cfd5ba30 state=finished raised MissingSchema>]
2025-05-17 23:47:13,984 - data_processor - ERROR - Traceback (most recent call last):
  File "/usr/local/lib/python3.10/site-packages/tenacity/__init__.py", line 478, in __call__
    result = fn(*args, **kwargs)
  File "/app/api.py", line 118, in fetch_realtime_data
    response = requests.get(
  File "/usr/local/lib/python3.10/site-packages/requests/api.py", line 73, in get
    return request("get", url, params=params, **kwargs)
  File "/usr/local/lib/python3.10/site-packages/requests/api.py", line 59, in request
    return session.request(method=method, url=url, **kwargs)
  File "/usr/local/lib/python3.10/site-packages/requests/sessions.py", line 575, in request
    prep = self.prepare_request(req)
  File "/usr/local/lib/python3.10/site-packages/requests/sessions.py", line 486, in prepare_request
    p.prepare(
  File "/usr/local/lib/python3.10/site-packages/requests/models.py", line 368, in prepare
    self.prepare_url(url, params)
  File "/usr/local/lib/python3.10/site-packages/requests/models.py", line 439, in prepare_url
    raise MissingSchema(
requests.exceptions.MissingSchema: Invalid URL 'None/simple/price?ids=bitcoin&vs_currencies=usd&include_market_cap=true&include_24hr_change=true': No scheme supplied. Perhaps you meant https://None/simple/price?ids=bitcoin&vs_currencies=usd&include_market_cap=true&include_24hr_change=true?

The above exception was the direct cause of the following exception:

Traceback (most recent call last):
  File "/app/data_processor.py", line 92, in update_all_data
    self.price_data = self.coingecko_api.fetch_crypto_prices(normalized_coins)
  File "/app/api.py", line 202, in fetch_crypto_prices
    return instance.fetch_realtime_data(coins)
  File "/usr/local/lib/python3.10/site-packages/tenacity/__init__.py", line 336, in wrapped_f
    return copy(f, *args, **kw)
  File "/usr/local/lib/python3.10/site-packages/tenacity/__init__.py", line 475, in __call__
    do = self.iter(retry_state=retry_state)
  File "/usr/local/lib/python3.10/site-packages/tenacity/__init__.py", line 376, in iter
    result = action(retry_state)
  File "/usr/local/lib/python3.10/site-packages/tenacity/__init__.py", line 419, in exc_check
    raise retry_exc from fut.exception()
tenacity.RetryError: RetryError[<Future at 0x7fc0cfd5ba30 state=finished raised MissingSchema>]

2025-05-17 23:47:14,096 - data_processor - ERROR - Error updating data: RetryError[<Future at 0x7fc0cfca1ae0 state=finished raised MissingSchema>]
2025-05-17 23:47:14,106 - data_processor - ERROR - Traceback (most recent call last):
  File "/usr/local/lib/python3.10/site-packages/tenacity/__init__.py", line 478, in __call__
    result = fn(*args, **kwargs)
  File "/app/api.py", line 118, in fetch_realtime_data
    response = requests.get(
  File "/usr/local/lib/python3.10/site-packages/requests/api.py", line 73, in get
    return request("get", url, params=params, **kwargs)
  File "/usr/local/lib/python3.10/site-packages/requests/api.py", line 59, in request
    return session.request(method=method, url=url, **kwargs)
  File "/usr/local/lib/python3.10/site-packages/requests/sessions.py", line 575, in request
    prep = self.prepare_request(req)
  File "/usr/local/lib/python3.10/site-packages/requests/sessions.py", line 486, in prepare_request
    p.prepare(
  File "/usr/local/lib/python3.10/site-packages/requests/models.py", line 368, in prepare
    self.prepare_url(url, params)
  File "/usr/local/lib/python3.10/site-packages/requests/models.py", line 439, in prepare_url
    raise MissingSchema(
requests.exceptions.MissingSchema: Invalid URL 'None/simple/price?ids=bitcoin&vs_currencies=usd&include_market_cap=true&include_24hr_change=true': No scheme supplied. Perhaps you meant https://None/simple/price?ids=bitcoin&vs_currencies=usd&include_market_cap=true&include_24hr_change=true?

The above exception was the direct cause of the following exception:

Traceback (most recent call last):
  File "/app/data_processor.py", line 92, in update_all_data
    self.price_data = self.coingecko_api.fetch_crypto_prices(normalized_coins)
  File "/app/api.py", line 202, in fetch_crypto_prices
    return instance.fetch_realtime_data(coins)
  File "/usr/local/lib/python3.10/site-packages/tenacity/__init__.py", line 336, in wrapped_f
    return copy(f, *args, **kw)
  File "/usr/local/lib/python3.10/site-packages/tenacity/__init__.py", line 475, in __call__
    do = self.iter(retry_state=retry_state)
  File "/usr/local/lib/python3.10/site-packages/tenacity/__init__.py", line 376, in iter
    result = action(retry_state)
  File "/usr/local/lib/python3.10/site-packages/tenacity/__init__.py", line 419, in exc_check
    raise retry_exc from fut.exception()
tenacity.RetryError: RetryError[<Future at 0x7fc0cfca1ae0 state=finished raised MissingSchema>]

2025-05-17 23:47:15,853 - vector_store - INFO - Vector store updated with 6 documents at 2025-05-17 23:47:15
2025-05-17 23:47:15,854 - vector_store - INFO - Added 9 new chunks to the vector store
2025-05-17 23:47:15,962 - vector_store - INFO - Vector store saved to faiss_index
2025-05-17 23:47:15,962 - bitcoinchatbot - INFO - Data update complete
2025-05-17 23:47:15,986 - vector_store - INFO - Vector store updated with 6 documents at 2025-05-17 23:47:15
2025-05-17 23:47:15,987 - vector_store - INFO - Added 9 new chunks to the vector store
2025-05-17 23:47:16,068 - vector_store - INFO - Vector store saved to faiss_index
2025-05-17 23:47:16,069 - bitcoinchatbot - INFO - Data update complete
2025-05-17 23:52:05,094 - bitcoinchatbot - INFO - Running scheduled data update
2025-05-17 23:52:05,095 - bitcoinchatbot - INFO - Updating cryptocurrency data for: bitcoin
2025-05-17 23:52:05,096 - data_processor - INFO - Starting data update for coins: bitcoin
2025-05-17 23:52:05,825 - bitcoinchatbot - INFO - Running scheduled data update
2025-05-17 23:52:05,826 - bitcoinchatbot - INFO - Updating cryptocurrency data for: bitcoin
2025-05-17 23:52:05,827 - data_processor - INFO - Starting data update for coins: bitcoin
2025-05-17 23:52:13,117 - data_processor - ERROR - Error updating data: RetryError[<Future at 0x7fc0b05ba8c0 state=finished raised MissingSchema>]
2025-05-17 23:52:13,121 - data_processor - ERROR - Traceback (most recent call last):
  File "/usr/local/lib/python3.10/site-packages/tenacity/__init__.py", line 478, in __call__
    result = fn(*args, **kwargs)
  File "/app/api.py", line 118, in fetch_realtime_data
    response = requests.get(
  File "/usr/local/lib/python3.10/site-packages/requests/api.py", line 73, in get
    return request("get", url, params=params, **kwargs)
  File "/usr/local/lib/python3.10/site-packages/requests/api.py", line 59, in request
    return session.request(method=method, url=url, **kwargs)
  File "/usr/local/lib/python3.10/site-packages/requests/sessions.py", line 575, in request
    prep = self.prepare_request(req)
  File "/usr/local/lib/python3.10/site-packages/requests/sessions.py", line 486, in prepare_request
    p.prepare(
  File "/usr/local/lib/python3.10/site-packages/requests/models.py", line 368, in prepare
    self.prepare_url(url, params)
  File "/usr/local/lib/python3.10/site-packages/requests/models.py", line 439, in prepare_url
    raise MissingSchema(
requests.exceptions.MissingSchema: Invalid URL 'None/simple/price?ids=bitcoin&vs_currencies=usd&include_market_cap=true&include_24hr_change=true': No scheme supplied. Perhaps you meant https://None/simple/price?ids=bitcoin&vs_currencies=usd&include_market_cap=true&include_24hr_change=true?

The above exception was the direct cause of the following exception:

Traceback (most recent call last):
  File "/app/data_processor.py", line 92, in update_all_data
    self.price_data = self.coingecko_api.fetch_crypto_prices(normalized_coins)
  File "/app/api.py", line 202, in fetch_crypto_prices
    return instance.fetch_realtime_data(coins)
  File "/usr/local/lib/python3.10/site-packages/tenacity/__init__.py", line 336, in wrapped_f
    return copy(f, *args, **kw)
  File "/usr/local/lib/python3.10/site-packages/tenacity/__init__.py", line 475, in __call__
    do = self.iter(retry_state=retry_state)
  File "/usr/local/lib/python3.10/site-packages/tenacity/__init__.py", line 376, in iter
    result = action(retry_state)
  File "/usr/local/lib/python3.10/site-packages/tenacity/__init__.py", line 419, in exc_check
    raise retry_exc from fut.exception()
tenacity.RetryError: RetryError[<Future at 0x7fc0b05ba8c0 state=finished raised MissingSchema>]

2025-05-17 23:52:13,841 - data_processor - ERROR - Error updating data: RetryError[<Future at 0x7fc0b0598250 state=finished raised MissingSchema>]
2025-05-17 23:52:13,848 - data_processor - ERROR - Traceback (most recent call last):
  File "/usr/local/lib/python3.10/site-packages/tenacity/__init__.py", line 478, in __call__
    result = fn(*args, **kwargs)
  File "/app/api.py", line 118, in fetch_realtime_data
    response = requests.get(
  File "/usr/local/lib/python3.10/site-packages/requests/api.py", line 73, in get
    return request("get", url, params=params, **kwargs)
  File "/usr/local/lib/python3.10/site-packages/requests/api.py", line 59, in request
    return session.request(method=method, url=url, **kwargs)
  File "/usr/local/lib/python3.10/site-packages/requests/sessions.py", line 575, in request
    prep = self.prepare_request(req)
  File "/usr/local/lib/python3.10/site-packages/requests/sessions.py", line 486, in prepare_request
    p.prepare(
  File "/usr/local/lib/python3.10/site-packages/requests/models.py", line 368, in prepare
    self.prepare_url(url, params)
  File "/usr/local/lib/python3.10/site-packages/requests/models.py", line 439, in prepare_url
    raise MissingSchema(
requests.exceptions.MissingSchema: Invalid URL 'None/simple/price?ids=bitcoin&vs_currencies=usd&include_market_cap=true&include_24hr_change=true': No scheme supplied. Perhaps you meant https://None/simple/price?ids=bitcoin&vs_currencies=usd&include_market_cap=true&include_24hr_change=true?

The above exception was the direct cause of the following exception:

Traceback (most recent call last):
  File "/app/data_processor.py", line 92, in update_all_data
    self.price_data = self.coingecko_api.fetch_crypto_prices(normalized_coins)
  File "/app/api.py", line 202, in fetch_crypto_prices
    return instance.fetch_realtime_data(coins)
  File "/usr/local/lib/python3.10/site-packages/tenacity/__init__.py", line 336, in wrapped_f
    return copy(f, *args, **kw)
  File "/usr/local/lib/python3.10/site-packages/tenacity/__init__.py", line 475, in __call__
    do = self.iter(retry_state=retry_state)
  File "/usr/local/lib/python3.10/site-packages/tenacity/__init__.py", line 376, in iter
    result = action(retry_state)
  File "/usr/local/lib/python3.10/site-packages/tenacity/__init__.py", line 419, in exc_check
    raise retry_exc from fut.exception()
tenacity.RetryError: RetryError[<Future at 0x7fc0b0598250 state=finished raised MissingSchema>]

2025-05-17 23:52:14,637 - vector_store - INFO - Vector store updated with 6 documents at 2025-05-17 23:52:14
2025-05-17 23:52:14,638 - vector_store - INFO - Added 9 new chunks to the vector store
2025-05-17 23:52:14,753 - vector_store - INFO - Vector store saved to faiss_index
2025-05-17 23:52:14,754 - bitcoinchatbot - INFO - Data update complete
2025-05-17 23:52:15,367 - vector_store - INFO - Vector store updated with 6 documents at 2025-05-17 23:52:15
2025-05-17 23:52:15,368 - vector_store - INFO - Added 9 new chunks to the vector store
2025-05-17 23:52:15,459 - vector_store - INFO - Vector store saved to faiss_index
2025-05-17 23:52:15,459 - bitcoinchatbot - INFO - Data update complete
2025-05-17 23:52:16,461 - bitcoinchatbot - INFO - Running scheduled data update
2025-05-17 23:52:16,462 - bitcoinchatbot - INFO - Updating cryptocurrency data for: bitcoin
2025-05-17 23:52:16,463 - data_processor - INFO - Starting data update for coins: bitcoin
2025-05-17 23:52:16,755 - bitcoinchatbot - INFO - Running scheduled data update
2025-05-17 23:52:16,756 - bitcoinchatbot - INFO - Updating cryptocurrency data for: bitcoin
2025-05-17 23:52:16,756 - data_processor - INFO - Starting data update for coins: bitcoin
2025-05-17 23:52:24,481 - data_processor - ERROR - Error updating data: RetryError[<Future at 0x7fc0b03752a0 state=finished raised MissingSchema>]
2025-05-17 23:52:24,484 - data_processor - ERROR - Traceback (most recent call last):
  File "/usr/local/lib/python3.10/site-packages/tenacity/__init__.py", line 478, in __call__
    result = fn(*args, **kwargs)
  File "/app/api.py", line 118, in fetch_realtime_data
    response = requests.get(
  File "/usr/local/lib/python3.10/site-packages/requests/api.py", line 73, in get
    return request("get", url, params=params, **kwargs)
  File "/usr/local/lib/python3.10/site-packages/requests/api.py", line 59, in request
    return session.request(method=method, url=url, **kwargs)
  File "/usr/local/lib/python3.10/site-packages/requests/sessions.py", line 575, in request
    prep = self.prepare_request(req)
  File "/usr/local/lib/python3.10/site-packages/requests/sessions.py", line 486, in prepare_request
    p.prepare(
  File "/usr/local/lib/python3.10/site-packages/requests/models.py", line 368, in prepare
    self.prepare_url(url, params)
  File "/usr/local/lib/python3.10/site-packages/requests/models.py", line 439, in prepare_url
    raise MissingSchema(
requests.exceptions.MissingSchema: Invalid URL 'None/simple/price?ids=bitcoin&vs_currencies=usd&include_market_cap=true&include_24hr_change=true': No scheme supplied. Perhaps you meant https://None/simple/price?ids=bitcoin&vs_currencies=usd&include_market_cap=true&include_24hr_change=true?

The above exception was the direct cause of the following exception:

Traceback (most recent call last):
  File "/app/data_processor.py", line 92, in update_all_data
    self.price_data = self.coingecko_api.fetch_crypto_prices(normalized_coins)
  File "/app/api.py", line 202, in fetch_crypto_prices
    return instance.fetch_realtime_data(coins)
  File "/usr/local/lib/python3.10/site-packages/tenacity/__init__.py", line 336, in wrapped_f
    return copy(f, *args, **kw)
  File "/usr/local/lib/python3.10/site-packages/tenacity/__init__.py", line 475, in __call__
    do = self.iter(retry_state=retry_state)
  File "/usr/local/lib/python3.10/site-packages/tenacity/__init__.py", line 376, in iter
    result = action(retry_state)
  File "/usr/local/lib/python3.10/site-packages/tenacity/__init__.py", line 419, in exc_check
    raise retry_exc from fut.exception()
tenacity.RetryError: RetryError[<Future at 0x7fc0b03752a0 state=finished raised MissingSchema>]

2025-05-17 23:52:24,777 - data_processor - ERROR - Error updating data: RetryError[<Future at 0x7fc0b03b7010 state=finished raised MissingSchema>]
2025-05-17 23:52:24,783 - data_processor - ERROR - Traceback (most recent call last):
  File "/usr/local/lib/python3.10/site-packages/tenacity/__init__.py", line 478, in __call__
    result = fn(*args, **kwargs)
  File "/app/api.py", line 118, in fetch_realtime_data
    response = requests.get(
  File "/usr/local/lib/python3.10/site-packages/requests/api.py", line 73, in get
    return request("get", url, params=params, **kwargs)
  File "/usr/local/lib/python3.10/site-packages/requests/api.py", line 59, in request
    return session.request(method=method, url=url, **kwargs)
  File "/usr/local/lib/python3.10/site-packages/requests/sessions.py", line 575, in request
    prep = self.prepare_request(req)
  File "/usr/local/lib/python3.10/site-packages/requests/sessions.py", line 486, in prepare_request
    p.prepare(
  File "/usr/local/lib/python3.10/site-packages/requests/models.py", line 368, in prepare
    self.prepare_url(url, params)
  File "/usr/local/lib/python3.10/site-packages/requests/models.py", line 439, in prepare_url
    raise MissingSchema(
requests.exceptions.MissingSchema: Invalid URL 'None/simple/price?ids=bitcoin&vs_currencies=usd&include_market_cap=true&include_24hr_change=true': No scheme supplied. Perhaps you meant https://None/simple/price?ids=bitcoin&vs_currencies=usd&include_market_cap=true&include_24hr_change=true?

The above exception was the direct cause of the following exception:

Traceback (most recent call last):
  File "/app/data_processor.py", line 92, in update_all_data
    self.price_data = self.coingecko_api.fetch_crypto_prices(normalized_coins)
  File "/app/api.py", line 202, in fetch_crypto_prices
    return instance.fetch_realtime_data(coins)
  File "/usr/local/lib/python3.10/site-packages/tenacity/__init__.py", line 336, in wrapped_f
    return copy(f, *args, **kw)
  File "/usr/local/lib/python3.10/site-packages/tenacity/__init__.py", line 475, in __call__
    do = self.iter(retry_state=retry_state)
  File "/usr/local/lib/python3.10/site-packages/tenacity/__init__.py", line 376, in iter
    result = action(retry_state)
  File "/usr/local/lib/python3.10/site-packages/tenacity/__init__.py", line 419, in exc_check
    raise retry_exc from fut.exception()
tenacity.RetryError: RetryError[<Future at 0x7fc0b03b7010 state=finished raised MissingSchema>]

2025-05-17 23:52:26,415 - vector_store - INFO - Vector store updated with 6 documents at 2025-05-17 23:52:26
2025-05-17 23:52:26,416 - vector_store - INFO - Added 9 new chunks to the vector store
2025-05-17 23:52:26,684 - vector_store - INFO - Vector store saved to faiss_index
2025-05-17 23:52:26,684 - bitcoinchatbot - INFO - Data update complete
2025-05-17 23:52:26,977 - vector_store - INFO - Vector store updated with 6 documents at 2025-05-17 23:52:26
2025-05-17 23:52:26,978 - vector_store - INFO - Added 9 new chunks to the vector store
2025-05-17 23:52:27,067 - vector_store - INFO - Vector store saved to faiss_index
2025-05-17 23:52:27,067 - bitcoinchatbot - INFO - Data update complete
2025-05-17 23:57:15,888 - bitcoinchatbot - INFO - Running scheduled data update
2025-05-17 23:57:15,890 - bitcoinchatbot - INFO - Updating cryptocurrency data for: bitcoin
2025-05-17 23:57:15,890 - data_processor - INFO - Starting data update for coins: bitcoin
2025-05-17 23:57:16,400 - bitcoinchatbot - INFO - Running scheduled data update
2025-05-17 23:57:16,401 - bitcoinchatbot - INFO - Updating cryptocurrency data for: bitcoin
2025-05-17 23:57:16,402 - data_processor - INFO - Starting data update for coins: bitcoin
2025-05-17 23:57:23,903 - data_processor - ERROR - Error updating data: RetryError[<Future at 0x7fc0b05ba7a0 state=finished raised MissingSchema>]
2025-05-17 23:57:23,907 - data_processor - ERROR - Traceback (most recent call last):
  File "/usr/local/lib/python3.10/site-packages/tenacity/__init__.py", line 478, in __call__
    result = fn(*args, **kwargs)
  File "/app/api.py", line 118, in fetch_realtime_data
    response = requests.get(
  File "/usr/local/lib/python3.10/site-packages/requests/api.py", line 73, in get
    return request("get", url, params=params, **kwargs)
  File "/usr/local/lib/python3.10/site-packages/requests/api.py", line 59, in request
    return session.request(method=method, url=url, **kwargs)
  File "/usr/local/lib/python3.10/site-packages/requests/sessions.py", line 575, in request
    prep = self.prepare_request(req)
  File "/usr/local/lib/python3.10/site-packages/requests/sessions.py", line 486, in prepare_request
    p.prepare(
  File "/usr/local/lib/python3.10/site-packages/requests/models.py", line 368, in prepare
    self.prepare_url(url, params)
  File "/usr/local/lib/python3.10/site-packages/requests/models.py", line 439, in prepare_url
    raise MissingSchema(
requests.exceptions.MissingSchema: Invalid URL 'None/simple/price?ids=bitcoin&vs_currencies=usd&include_market_cap=true&include_24hr_change=true': No scheme supplied. Perhaps you meant https://None/simple/price?ids=bitcoin&vs_currencies=usd&include_market_cap=true&include_24hr_change=true?

The above exception was the direct cause of the following exception:

Traceback (most recent call last):
  File "/app/data_processor.py", line 92, in update_all_data
    self.price_data = self.coingecko_api.fetch_crypto_prices(normalized_coins)
  File "/app/api.py", line 202, in fetch_crypto_prices
    return instance.fetch_realtime_data(coins)
  File "/usr/local/lib/python3.10/site-packages/tenacity/__init__.py", line 336, in wrapped_f
    return copy(f, *args, **kw)
  File "/usr/local/lib/python3.10/site-packages/tenacity/__init__.py", line 475, in __call__
    do = self.iter(retry_state=retry_state)
  File "/usr/local/lib/python3.10/site-packages/tenacity/__init__.py", line 376, in iter
    result = action(retry_state)
  File "/usr/local/lib/python3.10/site-packages/tenacity/__init__.py", line 419, in exc_check
    raise retry_exc from fut.exception()
tenacity.RetryError: RetryError[<Future at 0x7fc0b05ba7a0 state=finished raised MissingSchema>]

2025-05-17 23:57:24,422 - data_processor - ERROR - Error updating data: RetryError[<Future at 0x7fc0b05b8820 state=finished raised MissingSchema>]
2025-05-17 23:57:24,425 - data_processor - ERROR - Traceback (most recent call last):
  File "/usr/local/lib/python3.10/site-packages/tenacity/__init__.py", line 478, in __call__
    result = fn(*args, **kwargs)
  File "/app/api.py", line 118, in fetch_realtime_data
    response = requests.get(
  File "/usr/local/lib/python3.10/site-packages/requests/api.py", line 73, in get
    return request("get", url, params=params, **kwargs)
  File "/usr/local/lib/python3.10/site-packages/requests/api.py", line 59, in request
    return session.request(method=method, url=url, **kwargs)
  File "/usr/local/lib/python3.10/site-packages/requests/sessions.py", line 575, in request
    prep = self.prepare_request(req)
  File "/usr/local/lib/python3.10/site-packages/requests/sessions.py", line 486, in prepare_request
    p.prepare(
  File "/usr/local/lib/python3.10/site-packages/requests/models.py", line 368, in prepare
    self.prepare_url(url, params)
  File "/usr/local/lib/python3.10/site-packages/requests/models.py", line 439, in prepare_url
    raise MissingSchema(
requests.exceptions.MissingSchema: Invalid URL 'None/simple/price?ids=bitcoin&vs_currencies=usd&include_market_cap=true&include_24hr_change=true': No scheme supplied. Perhaps you meant https://None/simple/price?ids=bitcoin&vs_currencies=usd&include_market_cap=true&include_24hr_change=true?

The above exception was the direct cause of the following exception:

Traceback (most recent call last):
  File "/app/data_processor.py", line 92, in update_all_data
    self.price_data = self.coingecko_api.fetch_crypto_prices(normalized_coins)
  File "/app/api.py", line 202, in fetch_crypto_prices
    return instance.fetch_realtime_data(coins)
  File "/usr/local/lib/python3.10/site-packages/tenacity/__init__.py", line 336, in wrapped_f
    return copy(f, *args, **kw)
  File "/usr/local/lib/python3.10/site-packages/tenacity/__init__.py", line 475, in __call__
    do = self.iter(retry_state=retry_state)
  File "/usr/local/lib/python3.10/site-packages/tenacity/__init__.py", line 376, in iter
    result = action(retry_state)
  File "/usr/local/lib/python3.10/site-packages/tenacity/__init__.py", line 419, in exc_check
    raise retry_exc from fut.exception()
tenacity.RetryError: RetryError[<Future at 0x7fc0b05b8820 state=finished raised MissingSchema>]

2025-05-17 23:57:25,632 - vector_store - INFO - Vector store updated with 6 documents at 2025-05-17 23:57:25
2025-05-17 23:57:25,633 - vector_store - INFO - Added 9 new chunks to the vector store
2025-05-17 23:57:25,748 - vector_store - INFO - Vector store saved to faiss_index
2025-05-17 23:57:25,749 - bitcoinchatbot - INFO - Data update complete
2025-05-17 23:57:26,097 - vector_store - INFO - Vector store updated with 6 documents at 2025-05-17 23:57:26
2025-05-17 23:57:26,098 - vector_store - INFO - Added 9 new chunks to the vector store
2025-05-17 23:57:26,190 - vector_store - INFO - Vector store saved to faiss_index
2025-05-17 23:57:26,190 - bitcoinchatbot - INFO - Data update complete
2025-05-17 23:57:27,192 - bitcoinchatbot - INFO - Running scheduled data update
2025-05-17 23:57:27,193 - bitcoinchatbot - INFO - Updating cryptocurrency data for: bitcoin
2025-05-17 23:57:27,193 - data_processor - INFO - Starting data update for coins: bitcoin
2025-05-17 23:57:27,752 - bitcoinchatbot - INFO - Running scheduled data update
2025-05-17 23:57:27,753 - bitcoinchatbot - INFO - Updating cryptocurrency data for: bitcoin
2025-05-17 23:57:27,754 - data_processor - INFO - Starting data update for coins: bitcoin
2025-05-17 23:57:35,376 - data_processor - ERROR - Error updating data: RetryError[<Future at 0x7fc0b03b7040 state=finished raised MissingSchema>]
2025-05-17 23:57:35,379 - data_processor - ERROR - Traceback (most recent call last):
  File "/usr/local/lib/python3.10/site-packages/tenacity/__init__.py", line 478, in __call__
    result = fn(*args, **kwargs)
  File "/app/api.py", line 118, in fetch_realtime_data
    response = requests.get(
  File "/usr/local/lib/python3.10/site-packages/requests/api.py", line 73, in get
    return request("get", url, params=params, **kwargs)
  File "/usr/local/lib/python3.10/site-packages/requests/api.py", line 59, in request
    return session.request(method=method, url=url, **kwargs)
  File "/usr/local/lib/python3.10/site-packages/requests/sessions.py", line 575, in request
    prep = self.prepare_request(req)
  File "/usr/local/lib/python3.10/site-packages/requests/sessions.py", line 486, in prepare_request
    p.prepare(
  File "/usr/local/lib/python3.10/site-packages/requests/models.py", line 368, in prepare
    self.prepare_url(url, params)
  File "/usr/local/lib/python3.10/site-packages/requests/models.py", line 439, in prepare_url
    raise MissingSchema(
requests.exceptions.MissingSchema: Invalid URL 'None/simple/price?ids=bitcoin&vs_currencies=usd&include_market_cap=true&include_24hr_change=true': No scheme supplied. Perhaps you meant https://None/simple/price?ids=bitcoin&vs_currencies=usd&include_market_cap=true&include_24hr_change=true?

The above exception was the direct cause of the following exception:

Traceback (most recent call last):
  File "/app/data_processor.py", line 92, in update_all_data
    self.price_data = self.coingecko_api.fetch_crypto_prices(normalized_coins)
  File "/app/api.py", line 202, in fetch_crypto_prices
    return instance.fetch_realtime_data(coins)
  File "/usr/local/lib/python3.10/site-packages/tenacity/__init__.py", line 336, in wrapped_f
    return copy(f, *args, **kw)
  File "/usr/local/lib/python3.10/site-packages/tenacity/__init__.py", line 475, in __call__
    do = self.iter(retry_state=retry_state)
  File "/usr/local/lib/python3.10/site-packages/tenacity/__init__.py", line 376, in iter
    result = action(retry_state)
  File "/usr/local/lib/python3.10/site-packages/tenacity/__init__.py", line 419, in exc_check
    raise retry_exc from fut.exception()
tenacity.RetryError: RetryError[<Future at 0x7fc0b03b7040 state=finished raised MissingSchema>]

2025-05-17 23:57:35,916 - data_processor - ERROR - Error updating data: RetryError[<Future at 0x7fc090673ca0 state=finished raised MissingSchema>]
2025-05-17 23:57:35,920 - data_processor - ERROR - Traceback (most recent call last):
  File "/usr/local/lib/python3.10/site-packages/tenacity/__init__.py", line 478, in __call__
    result = fn(*args, **kwargs)
  File "/app/api.py", line 118, in fetch_realtime_data
    response = requests.get(
  File "/usr/local/lib/python3.10/site-packages/requests/api.py", line 73, in get
    return request("get", url, params=params, **kwargs)
  File "/usr/local/lib/python3.10/site-packages/requests/api.py", line 59, in request
    return session.request(method=method, url=url, **kwargs)
  File "/usr/local/lib/python3.10/site-packages/requests/sessions.py", line 575, in request
    prep = self.prepare_request(req)
  File "/usr/local/lib/python3.10/site-packages/requests/sessions.py", line 486, in prepare_request
    p.prepare(
  File "/usr/local/lib/python3.10/site-packages/requests/models.py", line 368, in prepare
    self.prepare_url(url, params)
  File "/usr/local/lib/python3.10/site-packages/requests/models.py", line 439, in prepare_url
    raise MissingSchema(
requests.exceptions.MissingSchema: Invalid URL 'None/simple/price?ids=bitcoin&vs_currencies=usd&include_market_cap=true&include_24hr_change=true': No scheme supplied. Perhaps you meant https://None/simple/price?ids=bitcoin&vs_currencies=usd&include_market_cap=true&include_24hr_change=true?

The above exception was the direct cause of the following exception:

Traceback (most recent call last):
  File "/app/data_processor.py", line 92, in update_all_data
    self.price_data = self.coingecko_api.fetch_crypto_prices(normalized_coins)
  File "/app/api.py", line 202, in fetch_crypto_prices
    return instance.fetch_realtime_data(coins)
  File "/usr/local/lib/python3.10/site-packages/tenacity/__init__.py", line 336, in wrapped_f
    return copy(f, *args, **kw)
  File "/usr/local/lib/python3.10/site-packages/tenacity/__init__.py", line 475, in __call__
    do = self.iter(retry_state=retry_state)
  File "/usr/local/lib/python3.10/site-packages/tenacity/__init__.py", line 376, in iter
    result = action(retry_state)
  File "/usr/local/lib/python3.10/site-packages/tenacity/__init__.py", line 419, in exc_check
    raise retry_exc from fut.exception()
tenacity.RetryError: RetryError[<Future at 0x7fc090673ca0 state=finished raised MissingSchema>]

2025-05-17 23:57:37,087 - vector_store - INFO - Vector store updated with 6 documents at 2025-05-17 23:57:37
2025-05-17 23:57:37,087 - vector_store - INFO - Added 9 new chunks to the vector store
2025-05-17 23:57:37,189 - vector_store - INFO - Vector store saved to faiss_index
2025-05-17 23:57:37,190 - bitcoinchatbot - INFO - Data update complete
2025-05-17 23:57:37,542 - vector_store - INFO - Vector store updated with 6 documents at 2025-05-17 23:57:37
2025-05-17 23:57:37,543 - vector_store - INFO - Added 9 new chunks to the vector store
2025-05-17 23:57:37,625 - vector_store - INFO - Vector store saved to faiss_index
2025-05-17 23:57:37,626 - bitcoinchatbot - INFO - Data update complete
2025-05-18 00:02:26,348 - bitcoinchatbot - INFO - Running scheduled data update
2025-05-18 00:02:26,348 - bitcoinchatbot - INFO - Updating cryptocurrency data for: bitcoin
2025-05-18 00:02:26,350 - data_processor - INFO - Starting data update for coins: bitcoin
2025-05-18 00:02:27,064 - bitcoinchatbot - INFO - Running scheduled data update
2025-05-18 00:02:27,064 - bitcoinchatbot - INFO - Updating cryptocurrency data for: bitcoin
2025-05-18 00:02:27,065 - data_processor - INFO - Starting data update for coins: bitcoin
2025-05-18 00:02:34,468 - data_processor - ERROR - Error updating data: RetryError[<Future at 0x7fc0b05e4ac0 state=finished raised MissingSchema>]
2025-05-18 00:02:34,471 - data_processor - ERROR - Traceback (most recent call last):
  File "/usr/local/lib/python3.10/site-packages/tenacity/__init__.py", line 478, in __call__
    result = fn(*args, **kwargs)
  File "/app/api.py", line 118, in fetch_realtime_data
    response = requests.get(
  File "/usr/local/lib/python3.10/site-packages/requests/api.py", line 73, in get
    return request("get", url, params=params, **kwargs)
  File "/usr/local/lib/python3.10/site-packages/requests/api.py", line 59, in request
    return session.request(method=method, url=url, **kwargs)
  File "/usr/local/lib/python3.10/site-packages/requests/sessions.py", line 575, in request
    prep = self.prepare_request(req)
  File "/usr/local/lib/python3.10/site-packages/requests/sessions.py", line 486, in prepare_request
    p.prepare(
  File "/usr/local/lib/python3.10/site-packages/requests/models.py", line 368, in prepare
    self.prepare_url(url, params)
  File "/usr/local/lib/python3.10/site-packages/requests/models.py", line 439, in prepare_url
    raise MissingSchema(
requests.exceptions.MissingSchema: Invalid URL 'None/simple/price?ids=bitcoin&vs_currencies=usd&include_market_cap=true&include_24hr_change=true': No scheme supplied. Perhaps you meant https://None/simple/price?ids=bitcoin&vs_currencies=usd&include_market_cap=true&include_24hr_change=true?

The above exception was the direct cause of the following exception:

Traceback (most recent call last):
  File "/app/data_processor.py", line 92, in update_all_data
    self.price_data = self.coingecko_api.fetch_crypto_prices(normalized_coins)
  File "/app/api.py", line 202, in fetch_crypto_prices
    return instance.fetch_realtime_data(coins)
  File "/usr/local/lib/python3.10/site-packages/tenacity/__init__.py", line 336, in wrapped_f
    return copy(f, *args, **kw)
  File "/usr/local/lib/python3.10/site-packages/tenacity/__init__.py", line 475, in __call__
    do = self.iter(retry_state=retry_state)
  File "/usr/local/lib/python3.10/site-packages/tenacity/__init__.py", line 376, in iter
    result = action(retry_state)
  File "/usr/local/lib/python3.10/site-packages/tenacity/__init__.py", line 419, in exc_check
    raise retry_exc from fut.exception()
tenacity.RetryError: RetryError[<Future at 0x7fc0b05e4ac0 state=finished raised MissingSchema>]

2025-05-18 00:02:35,183 - data_processor - ERROR - Error updating data: RetryError[<Future at 0x7fc0906727a0 state=finished raised MissingSchema>]
2025-05-18 00:02:35,188 - data_processor - ERROR - Traceback (most recent call last):
  File "/usr/local/lib/python3.10/site-packages/tenacity/__init__.py", line 478, in __call__
    result = fn(*args, **kwargs)
  File "/app/api.py", line 118, in fetch_realtime_data
    response = requests.get(
  File "/usr/local/lib/python3.10/site-packages/requests/api.py", line 73, in get
    return request("get", url, params=params, **kwargs)
  File "/usr/local/lib/python3.10/site-packages/requests/api.py", line 59, in request
    return session.request(method=method, url=url, **kwargs)
  File "/usr/local/lib/python3.10/site-packages/requests/sessions.py", line 575, in request
    prep = self.prepare_request(req)
  File "/usr/local/lib/python3.10/site-packages/requests/sessions.py", line 486, in prepare_request
    p.prepare(
  File "/usr/local/lib/python3.10/site-packages/requests/models.py", line 368, in prepare
    self.prepare_url(url, params)
  File "/usr/local/lib/python3.10/site-packages/requests/models.py", line 439, in prepare_url
    raise MissingSchema(
requests.exceptions.MissingSchema: Invalid URL 'None/simple/price?ids=bitcoin&vs_currencies=usd&include_market_cap=true&include_24hr_change=true': No scheme supplied. Perhaps you meant https://None/simple/price?ids=bitcoin&vs_currencies=usd&include_market_cap=true&include_24hr_change=true?

The above exception was the direct cause of the following exception:

Traceback (most recent call last):
  File "/app/data_processor.py", line 92, in update_all_data
    self.price_data = self.coingecko_api.fetch_crypto_prices(normalized_coins)
  File "/app/api.py", line 202, in fetch_crypto_prices
    return instance.fetch_realtime_data(coins)
  File "/usr/local/lib/python3.10/site-packages/tenacity/__init__.py", line 336, in wrapped_f
    return copy(f, *args, **kw)
  File "/usr/local/lib/python3.10/site-packages/tenacity/__init__.py", line 475, in __call__
    do = self.iter(retry_state=retry_state)
  File "/usr/local/lib/python3.10/site-packages/tenacity/__init__.py", line 376, in iter
    result = action(retry_state)
  File "/usr/local/lib/python3.10/site-packages/tenacity/__init__.py", line 419, in exc_check
    raise retry_exc from fut.exception()
tenacity.RetryError: RetryError[<Future at 0x7fc0906727a0 state=finished raised MissingSchema>]

2025-05-18 00:02:35,936 - vector_store - INFO - Vector store updated with 6 documents at 2025-05-18 00:02:35
2025-05-18 00:02:35,937 - vector_store - INFO - Added 9 new chunks to the vector store
2025-05-18 00:02:36,014 - vector_store - INFO - Vector store saved to faiss_index
2025-05-18 00:02:36,015 - bitcoinchatbot - INFO - Data update complete
2025-05-18 00:02:36,652 - vector_store - INFO - Vector store updated with 6 documents at 2025-05-18 00:02:36
2025-05-18 00:02:36,653 - vector_store - INFO - Added 9 new chunks to the vector store
2025-05-18 00:02:36,747 - vector_store - INFO - Vector store saved to faiss_index
2025-05-18 00:02:36,748 - bitcoinchatbot - INFO - Data update complete
2025-05-18 00:02:37,749 - bitcoinchatbot - INFO - Running scheduled data update
2025-05-18 00:02:37,750 - bitcoinchatbot - INFO - Updating cryptocurrency data for: bitcoin
2025-05-18 00:02:37,751 - data_processor - INFO - Starting data update for coins: bitcoin
2025-05-18 00:02:38,018 - bitcoinchatbot - INFO - Running scheduled data update
2025-05-18 00:02:38,018 - bitcoinchatbot - INFO - Updating cryptocurrency data for: bitcoin
2025-05-18 00:02:38,019 - data_processor - INFO - Starting data update for coins: bitcoin
2025-05-18 00:02:45,772 - data_processor - ERROR - Error updating data: RetryError[<Future at 0x7fc0a83da5f0 state=finished raised MissingSchema>]
2025-05-18 00:02:45,776 - data_processor - ERROR - Traceback (most recent call last):
  File "/usr/local/lib/python3.10/site-packages/tenacity/__init__.py", line 478, in __call__
    result = fn(*args, **kwargs)
  File "/app/api.py", line 118, in fetch_realtime_data
    response = requests.get(
  File "/usr/local/lib/python3.10/site-packages/requests/api.py", line 73, in get
    return request("get", url, params=params, **kwargs)
  File "/usr/local/lib/python3.10/site-packages/requests/api.py", line 59, in request
    return session.request(method=method, url=url, **kwargs)
  File "/usr/local/lib/python3.10/site-packages/requests/sessions.py", line 575, in request
    prep = self.prepare_request(req)
  File "/usr/local/lib/python3.10/site-packages/requests/sessions.py", line 486, in prepare_request
    p.prepare(
  File "/usr/local/lib/python3.10/site-packages/requests/models.py", line 368, in prepare
    self.prepare_url(url, params)
  File "/usr/local/lib/python3.10/site-packages/requests/models.py", line 439, in prepare_url
    raise MissingSchema(
requests.exceptions.MissingSchema: Invalid URL 'None/simple/price?ids=bitcoin&vs_currencies=usd&include_market_cap=true&include_24hr_change=true': No scheme supplied. Perhaps you meant https://None/simple/price?ids=bitcoin&vs_currencies=usd&include_market_cap=true&include_24hr_change=true?

The above exception was the direct cause of the following exception:

Traceback (most recent call last):
  File "/app/data_processor.py", line 92, in update_all_data
    self.price_data = self.coingecko_api.fetch_crypto_prices(normalized_coins)
  File "/app/api.py", line 202, in fetch_crypto_prices
    return instance.fetch_realtime_data(coins)
  File "/usr/local/lib/python3.10/site-packages/tenacity/__init__.py", line 336, in wrapped_f
    return copy(f, *args, **kw)
  File "/usr/local/lib/python3.10/site-packages/tenacity/__init__.py", line 475, in __call__
    do = self.iter(retry_state=retry_state)
  File "/usr/local/lib/python3.10/site-packages/tenacity/__init__.py", line 376, in iter
    result = action(retry_state)
  File "/usr/local/lib/python3.10/site-packages/tenacity/__init__.py", line 419, in exc_check
    raise retry_exc from fut.exception()
tenacity.RetryError: RetryError[<Future at 0x7fc0a83da5f0 state=finished raised MissingSchema>]

2025-05-18 00:02:46,037 - data_processor - ERROR - Error updating data: RetryError[<Future at 0x7fc0cfca01c0 state=finished raised MissingSchema>]
2025-05-18 00:02:46,043 - data_processor - ERROR - Traceback (most recent call last):
  File "/usr/local/lib/python3.10/site-packages/tenacity/__init__.py", line 478, in __call__
    result = fn(*args, **kwargs)
  File "/app/api.py", line 118, in fetch_realtime_data
    response = requests.get(
  File "/usr/local/lib/python3.10/site-packages/requests/api.py", line 73, in get
    return request("get", url, params=params, **kwargs)
  File "/usr/local/lib/python3.10/site-packages/requests/api.py", line 59, in request
    return session.request(method=method, url=url, **kwargs)
  File "/usr/local/lib/python3.10/site-packages/requests/sessions.py", line 575, in request
    prep = self.prepare_request(req)
  File "/usr/local/lib/python3.10/site-packages/requests/sessions.py", line 486, in prepare_request
    p.prepare(
  File "/usr/local/lib/python3.10/site-packages/requests/models.py", line 368, in prepare
    self.prepare_url(url, params)
  File "/usr/local/lib/python3.10/site-packages/requests/models.py", line 439, in prepare_url
    raise MissingSchema(
requests.exceptions.MissingSchema: Invalid URL 'None/simple/price?ids=bitcoin&vs_currencies=usd&include_market_cap=true&include_24hr_change=true': No scheme supplied. Perhaps you meant https://None/simple/price?ids=bitcoin&vs_currencies=usd&include_market_cap=true&include_24hr_change=true?

The above exception was the direct cause of the following exception:

Traceback (most recent call last):
  File "/app/data_processor.py", line 92, in update_all_data
    self.price_data = self.coingecko_api.fetch_crypto_prices(normalized_coins)
  File "/app/api.py", line 202, in fetch_crypto_prices
    return instance.fetch_realtime_data(coins)
  File "/usr/local/lib/python3.10/site-packages/tenacity/__init__.py", line 336, in wrapped_f
    return copy(f, *args, **kw)
  File "/usr/local/lib/python3.10/site-packages/tenacity/__init__.py", line 475, in __call__
    do = self.iter(retry_state=retry_state)
  File "/usr/local/lib/python3.10/site-packages/tenacity/__init__.py", line 376, in iter
    result = action(retry_state)
  File "/usr/local/lib/python3.10/site-packages/tenacity/__init__.py", line 419, in exc_check
    raise retry_exc from fut.exception()
tenacity.RetryError: RetryError[<Future at 0x7fc0cfca01c0 state=finished raised MissingSchema>]

2025-05-18 00:02:47,670 - vector_store - INFO - Vector store updated with 6 documents at 2025-05-18 00:02:47
2025-05-18 00:02:47,671 - vector_store - INFO - Added 9 new chunks to the vector store
2025-05-18 00:02:47,745 - vector_store - INFO - Vector store saved to faiss_index
2025-05-18 00:02:47,746 - bitcoinchatbot - INFO - Data update complete
2025-05-18 00:02:47,950 - vector_store - INFO - Vector store updated with 6 documents at 2025-05-18 00:02:47
2025-05-18 00:02:47,951 - vector_store - INFO - Added 9 new chunks to the vector store
2025-05-18 00:02:48,034 - vector_store - INFO - Vector store saved to faiss_index
2025-05-18 00:02:48,035 - bitcoinchatbot - INFO - Data update complete
2025-05-18 00:19:01,118 - bitcoinchatbot - INFO - Initializing Crypto Assistant...
2025-05-18 00:19:01,121 - faiss.loader - INFO - Loading faiss with AVX2 support.
2025-05-18 00:19:01,135 - faiss.loader - INFO - Successfully loaded faiss with AVX2 support.
2025-05-18 00:19:01,217 - vector_store - INFO - Vector store loaded from faiss_index
2025-05-18 00:19:01,218 - vector_store - INFO - Enhanced QA chain initialized with multi-query retrieval and metadata filtering
2025-05-18 00:19:01,219 - bitcoinchatbot - INFO - Fetching historical data during initialization...
2025-05-18 00:19:01,220 - api - INFO - Fetching data for bitcoin using ticker BTC-USD
2025-05-18 00:19:01,328 - api - ERROR - yFinance returned empty data for bitcoin
2025-05-18 00:19:01,329 - bitcoinchatbot - ERROR - Failed to retrieve valid historical data for bitcoin
2025-05-18 00:19:01,329 - bitcoinchatbot - INFO - Date-price lookup built from historical data
2025-05-18 00:19:01,330 - bitcoinchatbot - INFO - Crypto Assistant initialized successfully
2025-05-18 00:19:02,148 - price_predictor - INFO - Loaded pre-trained model from models/bitcoin_lstm.h5
2025-05-18 00:19:02,152 - price_predictor - INFO - Loaded scaler from models/bitcoin_lstm_scaler.pkl
2025-05-18 00:19:02,153 - bitcoinchatbot - INFO - Loaded existing price prediction model
2025-05-18 00:19:02,154 - bitcoinchatbot - INFO - Starting scheduled updates every 5 minutes
2025-05-18 00:19:02,154 - bitcoinchatbot - INFO - Started scheduled updates every 5 minutes
2025-05-18 00:19:02,835 - price_predictor - INFO - Loaded pre-trained model from models/bitcoin_lstm.h5
2025-05-18 00:19:02,839 - price_predictor - INFO - Loaded scaler from models/bitcoin_lstm_scaler.pkl
2025-05-18 00:19:18,554 - vector_store - WARNING - Data might be outdated. Last update was: Never
2025-05-18 00:19:18,560 - data_processor - WARNING - No price data available for bitcoin
2025-05-18 00:19:28,204 - bitcoinchatbot - INFO - Initializing Crypto Assistant...
2025-05-18 00:19:28,296 - vector_store - INFO - Vector store loaded from faiss_index
2025-05-18 00:19:28,297 - vector_store - INFO - Enhanced QA chain initialized with multi-query retrieval and metadata filtering
2025-05-18 00:19:28,298 - bitcoinchatbot - INFO - Fetching historical data during initialization...
2025-05-18 00:19:28,300 - api - INFO - Fetching data for bitcoin using ticker BTC-USD
2025-05-18 00:19:28,373 - api - ERROR - yFinance returned empty data for bitcoin
2025-05-18 00:19:28,374 - bitcoinchatbot - ERROR - Failed to retrieve valid historical data for bitcoin
2025-05-18 00:19:28,374 - bitcoinchatbot - INFO - Date-price lookup built from historical data
2025-05-18 00:19:28,375 - bitcoinchatbot - INFO - Crypto Assistant initialized successfully
2025-05-18 00:19:29,208 - price_predictor - INFO - Loaded pre-trained model from models/bitcoin_lstm.h5
2025-05-18 00:19:29,212 - price_predictor - INFO - Loaded scaler from models/bitcoin_lstm_scaler.pkl
2025-05-18 00:19:29,213 - bitcoinchatbot - INFO - Loaded existing price prediction model
2025-05-18 00:19:29,213 - bitcoinchatbot - INFO - Starting scheduled updates every 5 minutes
2025-05-18 00:19:29,214 - bitcoinchatbot - INFO - Started scheduled updates every 5 minutes
2025-05-18 00:19:29,896 - price_predictor - INFO - Loaded pre-trained model from models/bitcoin_lstm.h5
2025-05-18 00:19:29,899 - price_predictor - INFO - Loaded scaler from models/bitcoin_lstm_scaler.pkl
2025-05-18 00:19:46,665 - vector_store - WARNING - Data might be outdated. Last update was: Never
2025-05-18 00:21:40,123 - vector_store - INFO - Question answered in 113.45 seconds
2025-05-18 00:21:40,123 - vector_store - INFO - Successfully answered question: what is the current bitcoin price...
2025-05-18 00:21:49,495 - vector_store - WARNING - Data might be outdated. Last update was: Never
2025-05-18 00:21:49,497 - data_processor - WARNING - No price data available for bitcoin
2025-05-18 00:24:02,605 - bitcoinchatbot - INFO - Running scheduled data update
2025-05-18 00:24:02,606 - bitcoinchatbot - INFO - Updating cryptocurrency data for: bitcoin
2025-05-18 00:24:02,606 - data_processor - INFO - Starting data update for coins: bitcoin
2025-05-18 00:24:02,898 - bitcoinchatbot - INFO - Running scheduled data update
2025-05-18 00:24:02,899 - bitcoinchatbot - INFO - Updating cryptocurrency data for: bitcoin
2025-05-18 00:24:02,900 - data_processor - INFO - Starting data update for coins: bitcoin
2025-05-18 00:24:10,618 - data_processor - ERROR - Error updating data: RetryError[<Future at 0x7eff8c341390 state=finished raised MissingSchema>]
2025-05-18 00:24:10,634 - data_processor - ERROR - Traceback (most recent call last):
  File "/usr/local/lib/python3.10/site-packages/tenacity/__init__.py", line 478, in __call__
    result = fn(*args, **kwargs)
  File "/app/api.py", line 118, in fetch_realtime_data
    response = requests.get(
  File "/usr/local/lib/python3.10/site-packages/requests/api.py", line 73, in get
    return request("get", url, params=params, **kwargs)
  File "/usr/local/lib/python3.10/site-packages/requests/api.py", line 59, in request
    return session.request(method=method, url=url, **kwargs)
  File "/usr/local/lib/python3.10/site-packages/requests/sessions.py", line 575, in request
    prep = self.prepare_request(req)
  File "/usr/local/lib/python3.10/site-packages/requests/sessions.py", line 486, in prepare_request
    p.prepare(
  File "/usr/local/lib/python3.10/site-packages/requests/models.py", line 368, in prepare
    self.prepare_url(url, params)
  File "/usr/local/lib/python3.10/site-packages/requests/models.py", line 439, in prepare_url
    raise MissingSchema(
requests.exceptions.MissingSchema: Invalid URL 'None/simple/price?ids=bitcoin&vs_currencies=usd&include_market_cap=true&include_24hr_change=true': No scheme supplied. Perhaps you meant https://None/simple/price?ids=bitcoin&vs_currencies=usd&include_market_cap=true&include_24hr_change=true?

The above exception was the direct cause of the following exception:

Traceback (most recent call last):
  File "/app/data_processor.py", line 92, in update_all_data
    self.price_data = self.coingecko_api.fetch_crypto_prices(normalized_coins)
  File "/app/api.py", line 202, in fetch_crypto_prices
    return instance.fetch_realtime_data(coins)
  File "/usr/local/lib/python3.10/site-packages/tenacity/__init__.py", line 336, in wrapped_f
    return copy(f, *args, **kw)
  File "/usr/local/lib/python3.10/site-packages/tenacity/__init__.py", line 475, in __call__
    do = self.iter(retry_state=retry_state)
  File "/usr/local/lib/python3.10/site-packages/tenacity/__init__.py", line 376, in iter
    result = action(retry_state)
  File "/usr/local/lib/python3.10/site-packages/tenacity/__init__.py", line 419, in exc_check
    raise retry_exc from fut.exception()
tenacity.RetryError: RetryError[<Future at 0x7eff8c341390 state=finished raised MissingSchema>]

2025-05-18 00:24:10,915 - data_processor - ERROR - Error updating data: RetryError[<Future at 0x7eff8c25f0d0 state=finished raised MissingSchema>]
2025-05-18 00:24:10,922 - data_processor - ERROR - Traceback (most recent call last):
  File "/usr/local/lib/python3.10/site-packages/tenacity/__init__.py", line 478, in __call__
    result = fn(*args, **kwargs)
  File "/app/api.py", line 118, in fetch_realtime_data
    response = requests.get(
  File "/usr/local/lib/python3.10/site-packages/requests/api.py", line 73, in get
    return request("get", url, params=params, **kwargs)
  File "/usr/local/lib/python3.10/site-packages/requests/api.py", line 59, in request
    return session.request(method=method, url=url, **kwargs)
  File "/usr/local/lib/python3.10/site-packages/requests/sessions.py", line 575, in request
    prep = self.prepare_request(req)
  File "/usr/local/lib/python3.10/site-packages/requests/sessions.py", line 486, in prepare_request
    p.prepare(
  File "/usr/local/lib/python3.10/site-packages/requests/models.py", line 368, in prepare
    self.prepare_url(url, params)
  File "/usr/local/lib/python3.10/site-packages/requests/models.py", line 439, in prepare_url
    raise MissingSchema(
requests.exceptions.MissingSchema: Invalid URL 'None/simple/price?ids=bitcoin&vs_currencies=usd&include_market_cap=true&include_24hr_change=true': No scheme supplied. Perhaps you meant https://None/simple/price?ids=bitcoin&vs_currencies=usd&include_market_cap=true&include_24hr_change=true?

The above exception was the direct cause of the following exception:

Traceback (most recent call last):
  File "/app/data_processor.py", line 92, in update_all_data
    self.price_data = self.coingecko_api.fetch_crypto_prices(normalized_coins)
  File "/app/api.py", line 202, in fetch_crypto_prices
    return instance.fetch_realtime_data(coins)
  File "/usr/local/lib/python3.10/site-packages/tenacity/__init__.py", line 336, in wrapped_f
    return copy(f, *args, **kw)
  File "/usr/local/lib/python3.10/site-packages/tenacity/__init__.py", line 475, in __call__
    do = self.iter(retry_state=retry_state)
  File "/usr/local/lib/python3.10/site-packages/tenacity/__init__.py", line 376, in iter
    result = action(retry_state)
  File "/usr/local/lib/python3.10/site-packages/tenacity/__init__.py", line 419, in exc_check
    raise retry_exc from fut.exception()
tenacity.RetryError: RetryError[<Future at 0x7eff8c25f0d0 state=finished raised MissingSchema>]

2025-05-18 00:24:10,972 - vector_store - INFO - Vector store updated with 1 documents at 2025-05-18 00:24:10
2025-05-18 00:24:10,973 - vector_store - INFO - Added 1 new chunks to the vector store
2025-05-18 00:24:11,070 - vector_store - INFO - Vector store saved to faiss_index
2025-05-18 00:24:11,071 - bitcoinchatbot - INFO - Data update complete
2025-05-18 00:24:11,105 - vector_store - INFO - Vector store updated with 1 documents at 2025-05-18 00:24:11
2025-05-18 00:24:11,106 - vector_store - INFO - Added 1 new chunks to the vector store
2025-05-18 00:24:11,192 - vector_store - INFO - Vector store saved to faiss_index
2025-05-18 00:24:11,192 - bitcoinchatbot - INFO - Data update complete
2025-05-18 00:24:29,244 - bitcoinchatbot - INFO - Running scheduled data update
2025-05-18 00:24:29,246 - bitcoinchatbot - INFO - Updating cryptocurrency data for: bitcoin
2025-05-18 00:24:29,246 - data_processor - INFO - Starting data update for coins: bitcoin
2025-05-18 00:24:29,399 - bitcoinchatbot - INFO - Running scheduled data update
2025-05-18 00:24:29,401 - bitcoinchatbot - INFO - Updating cryptocurrency data for: bitcoin
2025-05-18 00:24:29,401 - data_processor - INFO - Starting data update for coins: bitcoin
2025-05-18 00:24:35,543 - data_processor - WARNING - No price data available for bitcoin
2025-05-18 00:24:37,262 - data_processor - ERROR - Error updating data: RetryError[<Future at 0x7eff904a9db0 state=finished raised MissingSchema>]
2025-05-18 00:24:37,266 - data_processor - ERROR - Traceback (most recent call last):
  File "/usr/local/lib/python3.10/site-packages/tenacity/__init__.py", line 478, in __call__
    result = fn(*args, **kwargs)
  File "/app/api.py", line 118, in fetch_realtime_data
    response = requests.get(
  File "/usr/local/lib/python3.10/site-packages/requests/api.py", line 73, in get
    return request("get", url, params=params, **kwargs)
  File "/usr/local/lib/python3.10/site-packages/requests/api.py", line 59, in request
    return session.request(method=method, url=url, **kwargs)
  File "/usr/local/lib/python3.10/site-packages/requests/sessions.py", line 575, in request
    prep = self.prepare_request(req)
  File "/usr/local/lib/python3.10/site-packages/requests/sessions.py", line 486, in prepare_request
    p.prepare(
  File "/usr/local/lib/python3.10/site-packages/requests/models.py", line 368, in prepare
    self.prepare_url(url, params)
  File "/usr/local/lib/python3.10/site-packages/requests/models.py", line 439, in prepare_url
    raise MissingSchema(
requests.exceptions.MissingSchema: Invalid URL 'None/simple/price?ids=bitcoin&vs_currencies=usd&include_market_cap=true&include_24hr_change=true': No scheme supplied. Perhaps you meant https://None/simple/price?ids=bitcoin&vs_currencies=usd&include_market_cap=true&include_24hr_change=true?

The above exception was the direct cause of the following exception:

Traceback (most recent call last):
  File "/app/data_processor.py", line 92, in update_all_data
    self.price_data = self.coingecko_api.fetch_crypto_prices(normalized_coins)
  File "/app/api.py", line 202, in fetch_crypto_prices
    return instance.fetch_realtime_data(coins)
  File "/usr/local/lib/python3.10/site-packages/tenacity/__init__.py", line 336, in wrapped_f
    return copy(f, *args, **kw)
  File "/usr/local/lib/python3.10/site-packages/tenacity/__init__.py", line 475, in __call__
    do = self.iter(retry_state=retry_state)
  File "/usr/local/lib/python3.10/site-packages/tenacity/__init__.py", line 376, in iter
    result = action(retry_state)
  File "/usr/local/lib/python3.10/site-packages/tenacity/__init__.py", line 419, in exc_check
    raise retry_exc from fut.exception()
tenacity.RetryError: RetryError[<Future at 0x7eff904a9db0 state=finished raised MissingSchema>]

2025-05-18 00:24:37,416 - data_processor - ERROR - Error updating data: RetryError[<Future at 0x7eff8c1b4790 state=finished raised MissingSchema>]
2025-05-18 00:24:37,425 - data_processor - ERROR - Traceback (most recent call last):
  File "/usr/local/lib/python3.10/site-packages/tenacity/__init__.py", line 478, in __call__
    result = fn(*args, **kwargs)
  File "/app/api.py", line 118, in fetch_realtime_data
    response = requests.get(
  File "/usr/local/lib/python3.10/site-packages/requests/api.py", line 73, in get
    return request("get", url, params=params, **kwargs)
  File "/usr/local/lib/python3.10/site-packages/requests/api.py", line 59, in request
    return session.request(method=method, url=url, **kwargs)
  File "/usr/local/lib/python3.10/site-packages/requests/sessions.py", line 575, in request
    prep = self.prepare_request(req)
  File "/usr/local/lib/python3.10/site-packages/requests/sessions.py", line 486, in prepare_request
    p.prepare(
  File "/usr/local/lib/python3.10/site-packages/requests/models.py", line 368, in prepare
    self.prepare_url(url, params)
  File "/usr/local/lib/python3.10/site-packages/requests/models.py", line 439, in prepare_url
    raise MissingSchema(
requests.exceptions.MissingSchema: Invalid URL 'None/simple/price?ids=bitcoin&vs_currencies=usd&include_market_cap=true&include_24hr_change=true': No scheme supplied. Perhaps you meant https://None/simple/price?ids=bitcoin&vs_currencies=usd&include_market_cap=true&include_24hr_change=true?

The above exception was the direct cause of the following exception:

Traceback (most recent call last):
  File "/app/data_processor.py", line 92, in update_all_data
    self.price_data = self.coingecko_api.fetch_crypto_prices(normalized_coins)
  File "/app/api.py", line 202, in fetch_crypto_prices
    return instance.fetch_realtime_data(coins)
  File "/usr/local/lib/python3.10/site-packages/tenacity/__init__.py", line 336, in wrapped_f
    return copy(f, *args, **kw)
  File "/usr/local/lib/python3.10/site-packages/tenacity/__init__.py", line 475, in __call__
    do = self.iter(retry_state=retry_state)
  File "/usr/local/lib/python3.10/site-packages/tenacity/__init__.py", line 376, in iter
    result = action(retry_state)
  File "/usr/local/lib/python3.10/site-packages/tenacity/__init__.py", line 419, in exc_check
    raise retry_exc from fut.exception()
tenacity.RetryError: RetryError[<Future at 0x7eff8c1b4790 state=finished raised MissingSchema>]

2025-05-18 00:24:37,552 - vector_store - INFO - Vector store updated with 1 documents at 2025-05-18 00:24:37
2025-05-18 00:24:37,553 - vector_store - INFO - Added 1 new chunks to the vector store
2025-05-18 00:24:37,656 - vector_store - INFO - Vector store saved to faiss_index
2025-05-18 00:24:37,656 - bitcoinchatbot - INFO - Data update complete
2025-05-18 00:24:37,690 - vector_store - INFO - Vector store updated with 1 documents at 2025-05-18 00:24:37
2025-05-18 00:24:37,691 - vector_store - INFO - Added 1 new chunks to the vector store
2025-05-18 00:24:37,778 - vector_store - INFO - Vector store saved to faiss_index
2025-05-18 00:24:37,779 - bitcoinchatbot - INFO - Data update complete
2025-05-18 00:24:44,271 - data_processor - WARNING - No price data available for bitcoin
2025-05-18 00:26:18,236 - bitcoinchatbot - INFO - Initializing Crypto Assistant...
2025-05-18 00:26:18,240 - faiss.loader - INFO - Loading faiss with AVX2 support.
2025-05-18 00:26:18,274 - faiss.loader - INFO - Successfully loaded faiss with AVX2 support.
2025-05-18 00:26:18,372 - vector_store - INFO - Vector store loaded from faiss_index
2025-05-18 00:26:18,374 - vector_store - INFO - Enhanced QA chain initialized with multi-query retrieval and metadata filtering
2025-05-18 00:26:18,376 - bitcoinchatbot - INFO - Fetching historical data during initialization...
2025-05-18 00:26:18,379 - api - INFO - Fetching data for bitcoin using ticker BTC-USD
2025-05-18 00:26:18,463 - api - ERROR - yFinance returned empty data for bitcoin
2025-05-18 00:26:18,464 - bitcoinchatbot - ERROR - Failed to retrieve valid historical data for bitcoin
2025-05-18 00:26:18,465 - bitcoinchatbot - INFO - Date-price lookup built from historical data
2025-05-18 00:26:18,465 - bitcoinchatbot - INFO - Crypto Assistant initialized successfully
2025-05-18 00:26:19,482 - price_predictor - INFO - Loaded pre-trained model from models/bitcoin_lstm.h5
2025-05-18 00:26:19,487 - price_predictor - INFO - Loaded scaler from models/bitcoin_lstm_scaler.pkl
2025-05-18 00:26:19,487 - bitcoinchatbot - INFO - Loaded existing price prediction model
2025-05-18 00:26:19,488 - bitcoinchatbot - INFO - Starting scheduled updates every 5 minutes
2025-05-18 00:26:19,488 - bitcoinchatbot - INFO - Started scheduled updates every 5 minutes
2025-05-18 00:26:20,248 - price_predictor - INFO - Loaded pre-trained model from models/bitcoin_lstm.h5
2025-05-18 00:26:20,253 - price_predictor - INFO - Loaded scaler from models/bitcoin_lstm_scaler.pkl
2025-05-18 00:26:37,708 - vector_store - WARNING - Data might be outdated. Last update was: Never
2025-05-18 00:26:37,718 - data_processor - WARNING - No price data available for bitcoin
2025-05-18 00:28:42,048 - vector_store - WARNING - Data might be outdated. Last update was: Never
2025-05-18 00:28:42,050 - data_processor - WARNING - No price data available for bitcoin
2025-05-18 00:47:56,855 - bitcoinchatbot - INFO - Initializing Crypto Assistant...
2025-05-18 00:47:56,860 - faiss.loader - INFO - Loading faiss with AVX2 support.
2025-05-18 00:47:56,874 - faiss.loader - INFO - Successfully loaded faiss with AVX2 support.
2025-05-18 00:47:56,962 - vector_store - INFO - Vector store loaded from faiss_index
2025-05-18 00:47:56,963 - vector_store - INFO - Enhanced QA chain initialized with multi-query retrieval and metadata filtering
2025-05-18 00:47:56,964 - bitcoinchatbot - INFO - Fetching historical data during initialization...
2025-05-18 00:47:57,128 - api - INFO - Using cached historical data for bitcoin
2025-05-18 00:47:57,137 - api - INFO - Loaded 3895 records from cache, date range: 2014-09-17 00:00:00+00:00 to 2025-05-16 00:00:00+00:00
2025-05-18 00:47:57,138 - bitcoinchatbot - INFO - Successfully retrieved historical data for bitcoin: 3895 records
2025-05-18 00:47:57,139 - data_processor - INFO - Building date-price lookup for bitcoin from 2014-09-17 00:00:00+00:00 to 2025-05-16 00:00:00+00:00
2025-05-18 00:47:57,269 - data_processor - INFO - Added 3895 date-price entries for bitcoin
2025-05-18 00:47:57,270 - bitcoinchatbot - INFO - Date-price lookup built from historical data
2025-05-18 00:47:57,270 - bitcoinchatbot - INFO - Crypto Assistant initialized successfully
2025-05-18 00:47:58,111 - price_predictor - INFO - Loaded pre-trained model from models/bitcoin_lstm.h5
2025-05-18 00:47:58,114 - price_predictor - INFO - Loaded scaler from models/bitcoin_lstm_scaler.pkl
2025-05-18 00:47:58,115 - bitcoinchatbot - INFO - Loaded existing price prediction model
2025-05-18 00:47:58,115 - bitcoinchatbot - INFO - Starting scheduled updates every 5 minutes
2025-05-18 00:47:58,115 - bitcoinchatbot - INFO - Started scheduled updates every 5 minutes
2025-05-18 00:47:58,800 - price_predictor - INFO - Loaded pre-trained model from models/bitcoin_lstm.h5
2025-05-18 00:47:58,804 - price_predictor - INFO - Loaded scaler from models/bitcoin_lstm_scaler.pkl
2025-05-18 00:48:12,351 - bitcoinchatbot - INFO - Initializing Crypto Assistant...
2025-05-18 00:48:12,424 - vector_store - INFO - Vector store loaded from faiss_index
2025-05-18 00:48:12,426 - vector_store - INFO - Enhanced QA chain initialized with multi-query retrieval and metadata filtering
2025-05-18 00:48:12,426 - bitcoinchatbot - INFO - Fetching historical data during initialization...
2025-05-18 00:48:12,574 - api - INFO - Using cached historical data for bitcoin
2025-05-18 00:48:12,580 - api - INFO - Loaded 3895 records from cache, date range: 2014-09-17 00:00:00+00:00 to 2025-05-16 00:00:00+00:00
2025-05-18 00:48:12,580 - bitcoinchatbot - INFO - Successfully retrieved historical data for bitcoin: 3895 records
2025-05-18 00:48:12,581 - data_processor - INFO - Building date-price lookup for bitcoin from 2014-09-17 00:00:00+00:00 to 2025-05-16 00:00:00+00:00
2025-05-18 00:48:12,704 - data_processor - INFO - Added 3895 date-price entries for bitcoin
2025-05-18 00:48:12,705 - bitcoinchatbot - INFO - Date-price lookup built from historical data
2025-05-18 00:48:12,706 - bitcoinchatbot - INFO - Crypto Assistant initialized successfully
2025-05-18 00:48:13,474 - price_predictor - INFO - Loaded pre-trained model from models/bitcoin_lstm.h5
2025-05-18 00:48:13,478 - price_predictor - INFO - Loaded scaler from models/bitcoin_lstm_scaler.pkl
2025-05-18 00:48:13,479 - bitcoinchatbot - INFO - Loaded existing price prediction model
2025-05-18 00:48:13,479 - bitcoinchatbot - INFO - Starting scheduled updates every 5 minutes
2025-05-18 00:48:13,480 - bitcoinchatbot - INFO - Started scheduled updates every 5 minutes
2025-05-18 00:48:14,020 - price_predictor - INFO - Loaded pre-trained model from models/bitcoin_lstm.h5
2025-05-18 00:48:14,024 - price_predictor - INFO - Loaded scaler from models/bitcoin_lstm_scaler.pkl
2025-05-18 00:48:24,049 - price_predictor - INFO - Predicting Bitcoin price 7 days ahead
2025-05-18 00:49:05,337 - vector_store - WARNING - Data might be outdated. Last update was: Never
2025-05-18 00:49:32,174 - vector_store - WARNING - Data might be outdated. Last update was: Never
2025-05-18 00:49:54,489 - vector_store - WARNING - Data might be outdated. Last update was: Never
2025-05-18 00:50:18,388 - vector_store - WARNING - Data might be outdated. Last update was: Never
2025-05-18 00:50:53,922 - bitcoinchatbot - INFO - Initializing Crypto Assistant...
2025-05-18 00:50:54,016 - vector_store - INFO - Vector store loaded from faiss_index
2025-05-18 00:50:54,018 - vector_store - INFO - Enhanced QA chain initialized with multi-query retrieval and metadata filtering
2025-05-18 00:50:54,019 - bitcoinchatbot - INFO - Fetching historical data during initialization...
2025-05-18 00:50:54,273 - api - INFO - Using cached historical data for bitcoin
2025-05-18 00:50:54,284 - api - INFO - Loaded 3895 records from cache, date range: 2014-09-17 00:00:00+00:00 to 2025-05-16 00:00:00+00:00
2025-05-18 00:50:54,285 - bitcoinchatbot - INFO - Successfully retrieved historical data for bitcoin: 3895 records
2025-05-18 00:50:54,288 - data_processor - INFO - Building date-price lookup for bitcoin from 2014-09-17 00:00:00+00:00 to 2025-05-16 00:00:00+00:00
2025-05-18 00:50:54,595 - data_processor - INFO - Added 3895 date-price entries for bitcoin
2025-05-18 00:50:54,596 - bitcoinchatbot - INFO - Date-price lookup built from historical data
2025-05-18 00:50:54,598 - bitcoinchatbot - INFO - Crypto Assistant initialized successfully
2025-05-18 00:50:55,858 - price_predictor - INFO - Loaded pre-trained model from models/bitcoin_lstm.h5
2025-05-18 00:50:55,864 - price_predictor - INFO - Loaded scaler from models/bitcoin_lstm_scaler.pkl
2025-05-18 00:50:55,865 - bitcoinchatbot - INFO - Loaded existing price prediction model
2025-05-18 00:50:55,866 - bitcoinchatbot - INFO - Starting scheduled updates every 5 minutes
2025-05-18 00:50:55,866 - bitcoinchatbot - INFO - Started scheduled updates every 5 minutes
2025-05-18 00:50:57,001 - price_predictor - INFO - Loaded pre-trained model from models/bitcoin_lstm.h5
2025-05-18 00:50:57,006 - price_predictor - INFO - Loaded scaler from models/bitcoin_lstm_scaler.pkl
2025-05-18 00:52:42,740 - vector_store - WARNING - Data might be outdated. Last update was: Never
2025-05-18 00:52:58,121 - bitcoinchatbot - INFO - Running scheduled data update
2025-05-18 00:52:58,122 - bitcoinchatbot - INFO - Updating cryptocurrency data for: bitcoin
2025-05-18 00:52:58,123 - data_processor - INFO - Starting data update for coins: bitcoin
2025-05-18 00:52:58,195 - bitcoinchatbot - INFO - Running scheduled data update
2025-05-18 00:52:58,196 - bitcoinchatbot - INFO - Updating cryptocurrency data for: bitcoin
2025-05-18 00:52:58,196 - data_processor - INFO - Starting data update for coins: bitcoin
2025-05-18 00:52:58,233 - bitcoinchatbot - INFO - Running scheduled data update
2025-05-18 00:52:58,234 - bitcoinchatbot - INFO - Updating cryptocurrency data for: bitcoin
2025-05-18 00:52:58,235 - data_processor - INFO - Starting data update for coins: bitcoin
2025-05-18 00:53:06,149 - data_processor - ERROR - Error updating data: RetryError[<Future at 0x7fb18c1ef9d0 state=finished raised MissingSchema>]
2025-05-18 00:53:06,166 - data_processor - ERROR - Traceback (most recent call last):
  File "/usr/local/lib/python3.10/site-packages/tenacity/__init__.py", line 478, in __call__
    result = fn(*args, **kwargs)
  File "/app/api.py", line 118, in fetch_realtime_data
    response = requests.get(
  File "/usr/local/lib/python3.10/site-packages/requests/api.py", line 73, in get
    return request("get", url, params=params, **kwargs)
  File "/usr/local/lib/python3.10/site-packages/requests/api.py", line 59, in request
    return session.request(method=method, url=url, **kwargs)
  File "/usr/local/lib/python3.10/site-packages/requests/sessions.py", line 575, in request
    prep = self.prepare_request(req)
  File "/usr/local/lib/python3.10/site-packages/requests/sessions.py", line 486, in prepare_request
    p.prepare(
  File "/usr/local/lib/python3.10/site-packages/requests/models.py", line 368, in prepare
    self.prepare_url(url, params)
  File "/usr/local/lib/python3.10/site-packages/requests/models.py", line 439, in prepare_url
    raise MissingSchema(
requests.exceptions.MissingSchema: Invalid URL 'None/simple/price?ids=bitcoin&vs_currencies=usd&include_market_cap=true&include_24hr_change=true': No scheme supplied. Perhaps you meant https://None/simple/price?ids=bitcoin&vs_currencies=usd&include_market_cap=true&include_24hr_change=true?

The above exception was the direct cause of the following exception:

Traceback (most recent call last):
  File "/app/data_processor.py", line 92, in update_all_data
    self.price_data = self.coingecko_api.fetch_crypto_prices(normalized_coins)
  File "/app/api.py", line 202, in fetch_crypto_prices
    return instance.fetch_realtime_data(coins)
  File "/usr/local/lib/python3.10/site-packages/tenacity/__init__.py", line 336, in wrapped_f
    return copy(f, *args, **kw)
  File "/usr/local/lib/python3.10/site-packages/tenacity/__init__.py", line 475, in __call__
    do = self.iter(retry_state=retry_state)
  File "/usr/local/lib/python3.10/site-packages/tenacity/__init__.py", line 376, in iter
    result = action(retry_state)
  File "/usr/local/lib/python3.10/site-packages/tenacity/__init__.py", line 419, in exc_check
    raise retry_exc from fut.exception()
tenacity.RetryError: RetryError[<Future at 0x7fb18c1ef9d0 state=finished raised MissingSchema>]

2025-05-18 00:53:06,305 - data_processor - ERROR - Error updating data: RetryError[<Future at 0x7fb1046e7e80 state=finished raised MissingSchema>]
2025-05-18 00:53:06,322 - data_processor - ERROR - Error updating data: RetryError[<Future at 0x7fb280633190 state=finished raised MissingSchema>]
2025-05-18 00:53:06,332 - data_processor - ERROR - Traceback (most recent call last):
  File "/usr/local/lib/python3.10/site-packages/tenacity/__init__.py", line 478, in __call__
    result = fn(*args, **kwargs)
  File "/app/api.py", line 118, in fetch_realtime_data
    response = requests.get(
  File "/usr/local/lib/python3.10/site-packages/requests/api.py", line 73, in get
    return request("get", url, params=params, **kwargs)
  File "/usr/local/lib/python3.10/site-packages/requests/api.py", line 59, in request
    return session.request(method=method, url=url, **kwargs)
  File "/usr/local/lib/python3.10/site-packages/requests/sessions.py", line 575, in request
    prep = self.prepare_request(req)
  File "/usr/local/lib/python3.10/site-packages/requests/sessions.py", line 486, in prepare_request
    p.prepare(
  File "/usr/local/lib/python3.10/site-packages/requests/models.py", line 368, in prepare
    self.prepare_url(url, params)
  File "/usr/local/lib/python3.10/site-packages/requests/models.py", line 439, in prepare_url
    raise MissingSchema(
requests.exceptions.MissingSchema: Invalid URL 'None/simple/price?ids=bitcoin&vs_currencies=usd&include_market_cap=true&include_24hr_change=true': No scheme supplied. Perhaps you meant https://None/simple/price?ids=bitcoin&vs_currencies=usd&include_market_cap=true&include_24hr_change=true?

The above exception was the direct cause of the following exception:

Traceback (most recent call last):
  File "/app/data_processor.py", line 92, in update_all_data
    self.price_data = self.coingecko_api.fetch_crypto_prices(normalized_coins)
  File "/app/api.py", line 202, in fetch_crypto_prices
    return instance.fetch_realtime_data(coins)
  File "/usr/local/lib/python3.10/site-packages/tenacity/__init__.py", line 336, in wrapped_f
    return copy(f, *args, **kw)
  File "/usr/local/lib/python3.10/site-packages/tenacity/__init__.py", line 475, in __call__
    do = self.iter(retry_state=retry_state)
  File "/usr/local/lib/python3.10/site-packages/tenacity/__init__.py", line 376, in iter
    result = action(retry_state)
  File "/usr/local/lib/python3.10/site-packages/tenacity/__init__.py", line 419, in exc_check
    raise retry_exc from fut.exception()
tenacity.RetryError: RetryError[<Future at 0x7fb1046e7e80 state=finished raised MissingSchema>]

2025-05-18 00:53:06,339 - data_processor - ERROR - Traceback (most recent call last):
  File "/usr/local/lib/python3.10/site-packages/tenacity/__init__.py", line 478, in __call__
    result = fn(*args, **kwargs)
  File "/app/api.py", line 118, in fetch_realtime_data
    response = requests.get(
  File "/usr/local/lib/python3.10/site-packages/requests/api.py", line 73, in get
    return request("get", url, params=params, **kwargs)
  File "/usr/local/lib/python3.10/site-packages/requests/api.py", line 59, in request
    return session.request(method=method, url=url, **kwargs)
  File "/usr/local/lib/python3.10/site-packages/requests/sessions.py", line 575, in request
    prep = self.prepare_request(req)
  File "/usr/local/lib/python3.10/site-packages/requests/sessions.py", line 486, in prepare_request
    p.prepare(
  File "/usr/local/lib/python3.10/site-packages/requests/models.py", line 368, in prepare
    self.prepare_url(url, params)
  File "/usr/local/lib/python3.10/site-packages/requests/models.py", line 439, in prepare_url
    raise MissingSchema(
requests.exceptions.MissingSchema: Invalid URL 'None/simple/price?ids=bitcoin&vs_currencies=usd&include_market_cap=true&include_24hr_change=true': No scheme supplied. Perhaps you meant https://None/simple/price?ids=bitcoin&vs_currencies=usd&include_market_cap=true&include_24hr_change=true?

The above exception was the direct cause of the following exception:

Traceback (most recent call last):
  File "/app/data_processor.py", line 92, in update_all_data
    self.price_data = self.coingecko_api.fetch_crypto_prices(normalized_coins)
  File "/app/api.py", line 202, in fetch_crypto_prices
    return instance.fetch_realtime_data(coins)
  File "/usr/local/lib/python3.10/site-packages/tenacity/__init__.py", line 336, in wrapped_f
    return copy(f, *args, **kw)
  File "/usr/local/lib/python3.10/site-packages/tenacity/__init__.py", line 475, in __call__
    do = self.iter(retry_state=retry_state)
  File "/usr/local/lib/python3.10/site-packages/tenacity/__init__.py", line 376, in iter
    result = action(retry_state)
  File "/usr/local/lib/python3.10/site-packages/tenacity/__init__.py", line 419, in exc_check
    raise retry_exc from fut.exception()
tenacity.RetryError: RetryError[<Future at 0x7fb280633190 state=finished raised MissingSchema>]

2025-05-18 01:05:00,251 - bitcoinchatbot - INFO - Initializing Crypto Assistant...
2025-05-18 01:05:00,254 - faiss.loader - INFO - Loading faiss with AVX2 support.
2025-05-18 01:05:00,274 - faiss.loader - INFO - Successfully loaded faiss with AVX2 support.
2025-05-18 01:05:00,358 - vector_store - INFO - Vector store loaded from faiss_index
2025-05-18 01:05:00,359 - vector_store - INFO - Enhanced QA chain initialized with multi-query retrieval and metadata filtering
2025-05-18 01:05:00,360 - bitcoinchatbot - INFO - Fetching historical data during initialization...
2025-05-18 01:05:00,515 - api - INFO - Using cached historical data for bitcoin
2025-05-18 01:05:00,521 - api - INFO - Loaded 3895 records from cache, date range: 2014-09-17 00:00:00+00:00 to 2025-05-16 00:00:00+00:00
2025-05-18 01:05:00,522 - bitcoinchatbot - INFO - Successfully retrieved historical data for bitcoin: 3895 records
2025-05-18 01:05:00,524 - data_processor - INFO - Building date-price lookup for bitcoin from 2014-09-17 00:00:00+00:00 to 2025-05-16 00:00:00+00:00
2025-05-18 01:05:00,664 - data_processor - INFO - Added 3895 date-price entries for bitcoin
2025-05-18 01:05:00,665 - bitcoinchatbot - INFO - Date-price lookup built from historical data
2025-05-18 01:05:00,666 - bitcoinchatbot - INFO - Crypto Assistant initialized successfully
2025-05-18 01:05:01,552 - price_predictor - INFO - Loaded pre-trained model from models/bitcoin_lstm.h5
2025-05-18 01:05:01,556 - price_predictor - INFO - Loaded scaler from models/bitcoin_lstm_scaler.pkl
2025-05-18 01:05:01,557 - bitcoinchatbot - INFO - Loaded existing price prediction model
2025-05-18 01:05:01,558 - bitcoinchatbot - INFO - Starting scheduled updates every 5 minutes
2025-05-18 01:05:01,558 - bitcoinchatbot - INFO - Started scheduled updates every 5 minutes
2025-05-18 01:05:02,157 - price_predictor - INFO - Loaded pre-trained model from models/bitcoin_lstm.h5
2025-05-18 01:05:02,160 - price_predictor - INFO - Loaded scaler from models/bitcoin_lstm_scaler.pkl
2025-05-18 01:05:16,907 - vector_store - WARNING - Data might be outdated. Last update was: Never
2025-05-18 01:08:39,402 - vector_store - INFO - Question answered in 202.49 seconds
2025-05-18 01:08:39,402 - vector_store - INFO - Successfully answered question: what is the bitcoin price for toady ...
2025-05-18 01:08:59,592 - vector_store - WARNING - Data might be outdated. Last update was: Never
2025-05-18 01:09:09,840 - vector_store - WARNING - Data might be outdated. Last update was: Never
2025-05-18 01:09:26,308 - vector_store - WARNING - Data might be outdated. Last update was: Never
2025-05-18 01:10:01,673 - bitcoinchatbot - INFO - Running scheduled data update
2025-05-18 01:10:01,674 - bitcoinchatbot - INFO - Updating cryptocurrency data for: bitcoin
2025-05-18 01:10:01,675 - data_processor - INFO - Starting data update for coins: bitcoin
2025-05-18 01:10:09,696 - data_processor - ERROR - Error updating data: RetryError[<Future at 0x7efe003e4730 state=finished raised MissingSchema>]
2025-05-18 01:10:09,714 - data_processor - ERROR - Traceback (most recent call last):
  File "/usr/local/lib/python3.10/site-packages/tenacity/__init__.py", line 478, in __call__
    result = fn(*args, **kwargs)
  File "/app/api.py", line 118, in fetch_realtime_data
    response = requests.get(
  File "/usr/local/lib/python3.10/site-packages/requests/api.py", line 73, in get
    return request("get", url, params=params, **kwargs)
  File "/usr/local/lib/python3.10/site-packages/requests/api.py", line 59, in request
    return session.request(method=method, url=url, **kwargs)
  File "/usr/local/lib/python3.10/site-packages/requests/sessions.py", line 575, in request
    prep = self.prepare_request(req)
  File "/usr/local/lib/python3.10/site-packages/requests/sessions.py", line 486, in prepare_request
    p.prepare(
  File "/usr/local/lib/python3.10/site-packages/requests/models.py", line 368, in prepare
    self.prepare_url(url, params)
  File "/usr/local/lib/python3.10/site-packages/requests/models.py", line 439, in prepare_url
    raise MissingSchema(
requests.exceptions.MissingSchema: Invalid URL 'None/simple/price?ids=bitcoin&vs_currencies=usd&include_market_cap=true&include_24hr_change=true': No scheme supplied. Perhaps you meant https://None/simple/price?ids=bitcoin&vs_currencies=usd&include_market_cap=true&include_24hr_change=true?

The above exception was the direct cause of the following exception:

Traceback (most recent call last):
  File "/app/data_processor.py", line 92, in update_all_data
    self.price_data = self.coingecko_api.fetch_crypto_prices(normalized_coins)
  File "/app/api.py", line 202, in fetch_crypto_prices
    return instance.fetch_realtime_data(coins)
  File "/usr/local/lib/python3.10/site-packages/tenacity/__init__.py", line 336, in wrapped_f
    return copy(f, *args, **kw)
  File "/usr/local/lib/python3.10/site-packages/tenacity/__init__.py", line 475, in __call__
    do = self.iter(retry_state=retry_state)
  File "/usr/local/lib/python3.10/site-packages/tenacity/__init__.py", line 376, in iter
    result = action(retry_state)
  File "/usr/local/lib/python3.10/site-packages/tenacity/__init__.py", line 419, in exc_check
    raise retry_exc from fut.exception()
tenacity.RetryError: RetryError[<Future at 0x7efe003e4730 state=finished raised MissingSchema>]

2025-05-18 01:10:25,395 - vector_store - INFO - Vector store updated with 6 documents at 2025-05-18 01:10:25
2025-05-18 01:10:25,396 - vector_store - INFO - Added 7 new chunks to the vector store
2025-05-18 01:10:25,510 - vector_store - INFO - Vector store saved to faiss_index
2025-05-18 01:10:25,511 - bitcoinchatbot - INFO - Data update complete
2025-05-18 01:12:02,864 - bitcoinchatbot - INFO - Initializing Crypto Assistant...
2025-05-18 01:12:03,002 - vector_store - INFO - Vector store loaded from faiss_index
2025-05-18 01:12:03,006 - vector_store - INFO - Enhanced QA chain initialized with multi-query retrieval and metadata filtering
2025-05-18 01:12:03,008 - bitcoinchatbot - INFO - Fetching historical data during initialization...
2025-05-18 01:12:03,314 - api - INFO - Using cached historical data for bitcoin
2025-05-18 01:12:03,325 - api - INFO - Loaded 3895 records from cache, date range: 2014-09-17 00:00:00+00:00 to 2025-05-16 00:00:00+00:00
2025-05-18 01:12:03,327 - bitcoinchatbot - INFO - Successfully retrieved historical data for bitcoin: 3895 records
2025-05-18 01:12:03,328 - data_processor - INFO - Building date-price lookup for bitcoin from 2014-09-17 00:00:00+00:00 to 2025-05-16 00:00:00+00:00
2025-05-18 01:12:03,510 - data_processor - INFO - Added 3895 date-price entries for bitcoin
2025-05-18 01:12:03,511 - bitcoinchatbot - INFO - Date-price lookup built from historical data
2025-05-18 01:12:03,512 - bitcoinchatbot - INFO - Crypto Assistant initialized successfully
2025-05-18 01:12:04,748 - price_predictor - INFO - Loaded pre-trained model from models/bitcoin_lstm.h5
2025-05-18 01:12:04,754 - price_predictor - INFO - Loaded scaler from models/bitcoin_lstm_scaler.pkl
2025-05-18 01:12:04,754 - bitcoinchatbot - INFO - Loaded existing price prediction model
2025-05-18 01:12:04,756 - bitcoinchatbot - INFO - Starting scheduled updates every 5 minutes
2025-05-18 01:12:04,756 - bitcoinchatbot - INFO - Started scheduled updates every 5 minutes
2025-05-18 01:12:05,653 - price_predictor - INFO - Loaded pre-trained model from models/bitcoin_lstm.h5
2025-05-18 01:12:05,659 - price_predictor - INFO - Loaded scaler from models/bitcoin_lstm_scaler.pkl
2025-05-18 01:18:38,847 - bitcoinchatbot - INFO - Initializing Crypto Assistant...
2025-05-18 01:18:38,850 - faiss.loader - INFO - Loading faiss with AVX2 support.
2025-05-18 01:18:38,872 - faiss.loader - INFO - Successfully loaded faiss with AVX2 support.
2025-05-18 01:18:38,957 - vector_store - INFO - Vector store loaded from faiss_index
2025-05-18 01:18:38,958 - vector_store - INFO - Enhanced QA chain initialized with multi-query retrieval and metadata filtering
2025-05-18 01:18:38,959 - bitcoinchatbot - INFO - Fetching historical data during initialization...
2025-05-18 01:18:39,734 - api - INFO - Using cached historical data for bitcoin
2025-05-18 01:18:39,742 - api - INFO - Loaded 3895 records from cache, date range: 2014-09-17 00:00:00+00:00 to 2025-05-16 00:00:00+00:00
2025-05-18 01:18:39,743 - bitcoinchatbot - INFO - Successfully retrieved historical data for bitcoin: 3895 records
2025-05-18 01:18:39,744 - data_processor - INFO - Building date-price lookup for bitcoin from 2014-09-17 00:00:00+00:00 to 2025-05-16 00:00:00+00:00
2025-05-18 01:18:39,892 - data_processor - INFO - Added 3895 date-price entries for bitcoin
2025-05-18 01:18:39,893 - bitcoinchatbot - INFO - Date-price lookup built from historical data
2025-05-18 01:18:39,894 - bitcoinchatbot - INFO - Crypto Assistant initialized successfully
2025-05-18 01:18:40,725 - price_predictor - INFO - Loaded pre-trained model from models/bitcoin_lstm.h5
2025-05-18 01:18:40,728 - price_predictor - INFO - Loaded scaler from models/bitcoin_lstm_scaler.pkl
2025-05-18 01:18:40,729 - bitcoinchatbot - INFO - Loaded existing price prediction model
2025-05-18 01:18:40,730 - bitcoinchatbot - INFO - Starting scheduled updates every 5 minutes
2025-05-18 01:18:40,731 - bitcoinchatbot - INFO - Started scheduled updates every 5 minutes
2025-05-18 01:18:41,339 - price_predictor - INFO - Loaded pre-trained model from models/bitcoin_lstm.h5
2025-05-18 01:18:41,342 - price_predictor - INFO - Loaded scaler from models/bitcoin_lstm_scaler.pkl
2025-05-18 01:18:51,163 - vector_store - WARNING - Data might be outdated. Last update was: Never
2025-05-18 01:18:51,170 - data_processor - ERROR - Error processing date price query: String does not contain a date: today
2025-05-18 01:18:51,173 - data_processor - ERROR - Error processing date price query: String does not contain a date: today
2025-05-18 02:02:06,502 - bitcoinchatbot - INFO - Initializing Crypto Assistant...
2025-05-18 02:02:06,505 - faiss.loader - INFO - Loading faiss with AVX2 support.
2025-05-18 02:02:06,521 - faiss.loader - INFO - Successfully loaded faiss with AVX2 support.
2025-05-18 02:02:06,616 - vector_store - INFO - Vector store loaded from faiss_index
2025-05-18 02:02:06,617 - vector_store - INFO - Enhanced QA chain initialized with multi-query retrieval and metadata filtering
2025-05-18 02:02:06,618 - bitcoinchatbot - INFO - Fetching historical data during initialization...
2025-05-18 02:02:06,779 - api - INFO - Using cached historical data for bitcoin
2025-05-18 02:02:06,788 - api - INFO - Loaded 3895 records from cache, date range: 2014-09-17 00:00:00+00:00 to 2025-05-16 00:00:00+00:00
2025-05-18 02:02:06,790 - bitcoinchatbot - INFO - Successfully retrieved historical data for bitcoin: 3895 records
2025-05-18 02:02:06,791 - data_processor - INFO - Building date-price lookup for bitcoin from 2014-09-17 00:00:00+00:00 to 2025-05-16 00:00:00+00:00
2025-05-18 02:02:06,928 - data_processor - INFO - Added 3895 date-price entries for bitcoin
2025-05-18 02:02:06,930 - bitcoinchatbot - INFO - Date-price lookup built from historical data
2025-05-18 02:02:06,930 - bitcoinchatbot - INFO - Crypto Assistant initialized successfully
2025-05-18 02:02:07,826 - price_predictor - INFO - Loaded pre-trained model from models/bitcoin_lstm.h5
2025-05-18 02:02:07,830 - price_predictor - INFO - Loaded scaler from models/bitcoin_lstm_scaler.pkl
2025-05-18 02:02:07,830 - bitcoinchatbot - INFO - Loaded existing price prediction model
2025-05-18 02:02:07,831 - bitcoinchatbot - INFO - Starting scheduled updates every 5 minutes
2025-05-18 02:02:07,831 - bitcoinchatbot - INFO - Started scheduled updates every 5 minutes
2025-05-18 02:02:08,494 - price_predictor - INFO - Loaded pre-trained model from models/bitcoin_lstm.h5
2025-05-18 02:02:08,498 - price_predictor - INFO - Loaded scaler from models/bitcoin_lstm_scaler.pkl
2025-05-18 02:02:16,946 - api - INFO - Successfully fetched 20 news articles
2025-05-18 02:02:16,948 - data_processor - INFO - Performing sentiment analysis on 20 news articles
2025-05-18 02:02:16,966 - data_processor - INFO - Sentiment analysis complete: neutral
2025-05-18 02:02:16,967 - data_processor - INFO - Sentiment data updated on demand: 20 articles analyzed
2025-05-18 02:03:16,506 - vector_store - WARNING - Data might be outdated. Last update was: Never
2025-05-18 02:03:19,514 - vector_store - WARNING - Data might be outdated. Last update was: Never
2025-05-18 02:07:07,920 - bitcoinchatbot - INFO - Running scheduled data update
2025-05-18 02:07:07,921 - bitcoinchatbot - INFO - Updating cryptocurrency data for: bitcoin
2025-05-18 02:07:07,922 - data_processor - INFO - Starting data update for coins: bitcoin
2025-05-18 02:07:08,417 - api - INFO - Using cached historical data for bitcoin
2025-05-18 02:07:08,432 - api - INFO - Loaded 3895 records from cache, date range: 2014-09-17 00:00:00+00:00 to 2025-05-16 00:00:00+00:00
2025-05-18 02:07:08,434 - data_processor - INFO - Successfully retrieved historical data for bitcoin: 3895 records
2025-05-18 02:07:08,436 - data_processor - INFO - Historical data for bitcoin: 3895 records from 2014-09-17 00:00:00+00:00 to 2025-05-16 00:00:00+00:00
2025-05-18 02:07:08,436 - data_processor - INFO - Columns available: ['date', 'open', 'high', 'low', 'close', 'volume', 'price']
2025-05-18 02:07:08,441 - data_processor - INFO - Building date-price lookup for bitcoin from 2014-09-17 00:00:00+00:00 to 2025-05-16 00:00:00+00:00
2025-05-18 02:07:08,734 - data_processor - INFO - Added 3895 date-price entries for bitcoin
2025-05-18 02:07:08,736 - data_processor - INFO - Built date-price lookup for 1 coins
2025-05-18 02:07:14,885 - api - INFO - Successfully fetched market data for 1 coins
2025-05-18 02:07:14,900 - api - INFO - Using cached news data for bitcoin
2025-05-18 02:07:14,901 - data_processor - INFO - Performing sentiment analysis on 20 news articles
2025-05-18 02:07:14,919 - data_processor - INFO - Sentiment analysis complete: neutral
2025-05-18 02:07:14,921 - data_processor - INFO - Performing technical analysis for bitcoin
2025-05-18 02:07:15,034 - data_processor - ERROR - Error updating technical analysis: '<' not supported between instances of 'str' and 'int'
2025-05-18 02:07:15,036 - data_processor - INFO - All data updated at 2025-05-18 02:07:15.036134
2025-05-18 02:08:33,802 - vector_store - INFO - Vector store updated with 29 documents at 2025-05-18 02:08:33
2025-05-18 02:08:33,803 - vector_store - INFO - Added 31 new chunks to the vector store
2025-05-18 02:08:33,941 - vector_store - INFO - Vector store saved to faiss_index
2025-05-18 02:08:33,942 - bitcoinchatbot - INFO - Data update complete
2025-05-18 02:09:01,322 - vector_store - INFO - Question answered in 341.80 seconds
2025-05-18 02:09:01,322 - vector_store - INFO - Successfully answered question: tell me the bitcoin news...
2025-05-18 03:22:55,725 - bitcoinchatbot - INFO - Initializing Crypto Assistant...
2025-05-18 03:22:55,728 - faiss.loader - INFO - Loading faiss with AVX2 support.
2025-05-18 03:22:55,755 - faiss.loader - INFO - Successfully loaded faiss with AVX2 support.
2025-05-18 03:22:55,858 - vector_store - INFO - Vector store loaded from faiss_index
2025-05-18 03:22:55,859 - vector_store - INFO - Enhanced QA chain initialized with multi-query retrieval and metadata filtering
2025-05-18 03:22:55,860 - bitcoinchatbot - INFO - Fetching historical data during initialization...
2025-05-18 03:22:56,009 - api - INFO - Using cached historical data for bitcoin
2025-05-18 03:22:56,019 - api - INFO - Loaded 3895 records from cache, date range: 2014-09-17 00:00:00+00:00 to 2025-05-16 00:00:00+00:00
2025-05-18 03:22:56,020 - bitcoinchatbot - INFO - Successfully retrieved historical data for bitcoin: 3895 records
2025-05-18 03:22:56,020 - data_processor - INFO - Building date-price lookup for bitcoin from 2014-09-17 00:00:00+00:00 to 2025-05-16 00:00:00+00:00
2025-05-18 03:22:56,138 - data_processor - INFO - Added 3895 date-price entries for bitcoin
2025-05-18 03:22:56,139 - bitcoinchatbot - INFO - Date-price lookup built from historical data
2025-05-18 03:22:56,139 - bitcoinchatbot - INFO - Crypto Assistant initialized successfully
2025-05-18 03:22:56,849 - price_predictor - INFO - Loaded pre-trained model from models/bitcoin_lstm.h5
2025-05-18 03:22:56,866 - price_predictor - INFO - Loaded scaler from models/bitcoin_lstm_scaler.pkl
2025-05-18 03:22:56,867 - bitcoinchatbot - INFO - Loaded existing price prediction model
2025-05-18 03:22:56,868 - bitcoinchatbot - INFO - Starting scheduled updates every 5 minutes
2025-05-18 03:22:56,868 - bitcoinchatbot - INFO - Started scheduled updates every 5 minutes
2025-05-18 03:22:57,351 - price_predictor - INFO - Loaded pre-trained model from models/bitcoin_lstm.h5
2025-05-18 03:22:57,355 - price_predictor - INFO - Loaded scaler from models/bitcoin_lstm_scaler.pkl
2025-05-18 03:22:57,583 - api - INFO - Successfully fetched 20 news articles
2025-05-18 03:22:57,584 - data_processor - INFO - Performing sentiment analysis on 20 news articles
2025-05-18 03:22:57,597 - data_processor - INFO - Sentiment analysis complete: neutral
2025-05-18 03:22:57,598 - data_processor - INFO - Sentiment data updated on demand: 20 articles analyzed
2025-05-18 03:23:15,808 - price_predictor - INFO - Predicting Bitcoin price 7 days ahead
2025-05-18 03:23:48,093 - vector_store - WARNING - Data might be outdated. Last update was: Never
2025-05-18 03:23:56,165 - vector_store - WARNING - Data might be outdated. Last update was: Never
2025-05-18 03:27:30,392 - vector_store - INFO - Question answered in 214.22 seconds
2025-05-18 03:27:30,392 - vector_store - INFO - Successfully answered question: what is the bit coin price for yesterday...
2025-05-18 03:27:57,579 - bitcoinchatbot - INFO - Running scheduled data update
2025-05-18 03:27:57,580 - bitcoinchatbot - INFO - Updating cryptocurrency data for: bitcoin
2025-05-18 03:27:57,580 - data_processor - INFO - Starting data update for coins: bitcoin
2025-05-18 03:27:58,071 - data_processor - ERROR - Error processing date price query: bad month number 15; must be 1-12: 15 2015
2025-05-18 03:27:58,621 - api - INFO - Using cached historical data for bitcoin
2025-05-18 03:27:58,627 - api - INFO - Loaded 3895 records from cache, date range: 2014-09-17 00:00:00+00:00 to 2025-05-16 00:00:00+00:00
2025-05-18 03:27:58,628 - data_processor - INFO - Successfully retrieved historical data for bitcoin: 3895 records
2025-05-18 03:27:58,629 - data_processor - INFO - Historical data for bitcoin: 3895 records from 2014-09-17 00:00:00+00:00 to 2025-05-16 00:00:00+00:00
2025-05-18 03:27:58,629 - data_processor - INFO - Columns available: ['date', 'open', 'high', 'low', 'close', 'volume', 'price']
2025-05-18 03:27:58,631 - data_processor - INFO - Building date-price lookup for bitcoin from 2014-09-17 00:00:00+00:00 to 2025-05-16 00:00:00+00:00
2025-05-18 03:27:58,750 - data_processor - INFO - Added 3895 date-price entries for bitcoin
2025-05-18 03:27:58,752 - data_processor - INFO - Built date-price lookup for 1 coins
2025-05-18 03:28:04,827 - api - INFO - Successfully fetched market data for 1 coins
2025-05-18 03:28:04,834 - api - INFO - Using cached news data for bitcoin
2025-05-18 03:28:04,834 - data_processor - INFO - Performing sentiment analysis on 20 news articles
2025-05-18 03:28:04,847 - data_processor - INFO - Sentiment analysis complete: neutral
2025-05-18 03:28:04,848 - data_processor - INFO - Performing technical analysis for bitcoin
2025-05-18 03:28:04,888 - data_processor - ERROR - Error updating technical analysis: '<' not supported between instances of 'str' and 'int'
2025-05-18 03:28:04,888 - data_processor - INFO - All data updated at 2025-05-18 03:28:04.888785
2025-05-18 03:28:09,430 - vector_store - INFO - Vector store updated with 29 documents at 2025-05-18 03:28:09
2025-05-18 03:28:09,430 - vector_store - INFO - Added 31 new chunks to the vector store
2025-05-18 03:28:09,508 - vector_store - INFO - Vector store saved to faiss_index
2025-05-18 03:28:09,508 - bitcoinchatbot - INFO - Data update complete
2025-05-18 03:33:09,876 - bitcoinchatbot - INFO - Running scheduled data update
2025-05-18 03:33:09,878 - bitcoinchatbot - INFO - Updating cryptocurrency data for: bitcoin
2025-05-18 03:33:09,882 - data_processor - INFO - Starting data update for coins: bitcoin
2025-05-18 03:33:13,165 - api - INFO - Using cached historical data for bitcoin
2025-05-18 03:33:13,178 - api - INFO - Loaded 3895 records from cache, date range: 2014-09-17 00:00:00+00:00 to 2025-05-16 00:00:00+00:00
2025-05-18 03:33:13,181 - data_processor - INFO - Successfully retrieved historical data for bitcoin: 3895 records
2025-05-18 03:33:13,184 - data_processor - INFO - Historical data for bitcoin: 3895 records from 2014-09-17 00:00:00+00:00 to 2025-05-16 00:00:00+00:00
2025-05-18 03:33:13,185 - data_processor - INFO - Columns available: ['date', 'open', 'high', 'low', 'close', 'volume', 'price']
2025-05-18 03:33:13,188 - data_processor - INFO - Building date-price lookup for bitcoin from 2014-09-17 00:00:00+00:00 to 2025-05-16 00:00:00+00:00
2025-05-18 03:33:13,462 - data_processor - INFO - Added 3895 date-price entries for bitcoin
2025-05-18 03:33:13,463 - data_processor - INFO - Built date-price lookup for 1 coins
2025-05-18 03:33:13,488 - api - INFO - Using cached market data for bitcoin
2025-05-18 03:33:13,489 - api - INFO - Successfully fetched market data for 1 coins
2025-05-18 03:33:13,497 - api - INFO - Using cached news data for bitcoin
2025-05-18 03:33:13,498 - data_processor - INFO - Performing sentiment analysis on 20 news articles
2025-05-18 03:33:13,516 - data_processor - INFO - Sentiment analysis complete: neutral
2025-05-18 03:33:13,517 - data_processor - INFO - Performing technical analysis for bitcoin
2025-05-18 03:33:13,576 - data_processor - ERROR - Error updating technical analysis: '<' not supported between instances of 'str' and 'int'
2025-05-18 03:33:13,577 - data_processor - INFO - All data updated at 2025-05-18 03:33:13.577532
2025-05-18 03:33:45,054 - vector_store - INFO - Vector store updated with 29 documents at 2025-05-18 03:33:45
2025-05-18 03:33:45,055 - vector_store - INFO - Added 31 new chunks to the vector store
2025-05-18 03:33:45,182 - vector_store - INFO - Vector store saved to faiss_index
2025-05-18 03:33:45,183 - bitcoinchatbot - INFO - Data update complete
2025-05-18 03:36:59,677 - vector_store - INFO - Question answered in 245.76 seconds
2025-05-18 03:36:59,678 - vector_store - INFO - Successfully answered question: what is the bitcoin news ...
2025-05-18 03:38:45,362 - bitcoinchatbot - INFO - Running scheduled data update
2025-05-18 03:38:45,363 - bitcoinchatbot - INFO - Updating cryptocurrency data for: bitcoin
2025-05-18 03:38:45,364 - data_processor - INFO - Starting data update for coins: bitcoin
2025-05-18 03:38:45,715 - api - INFO - Using cached historical data for bitcoin
2025-05-18 03:38:45,725 - api - INFO - Loaded 3895 records from cache, date range: 2014-09-17 00:00:00+00:00 to 2025-05-16 00:00:00+00:00
2025-05-18 03:38:45,727 - data_processor - INFO - Successfully retrieved historical data for bitcoin: 3895 records
2025-05-18 03:38:45,729 - data_processor - INFO - Historical data for bitcoin: 3895 records from 2014-09-17 00:00:00+00:00 to 2025-05-16 00:00:00+00:00
2025-05-18 03:38:45,730 - data_processor - INFO - Columns available: ['date', 'open', 'high', 'low', 'close', 'volume', 'price']
2025-05-18 03:38:45,732 - data_processor - INFO - Building date-price lookup for bitcoin from 2014-09-17 00:00:00+00:00 to 2025-05-16 00:00:00+00:00
2025-05-18 03:38:45,940 - data_processor - INFO - Added 3895 date-price entries for bitcoin
2025-05-18 03:38:45,942 - data_processor - INFO - Built date-price lookup for 1 coins
2025-05-18 03:38:45,973 - api - INFO - Using cached market data for bitcoin
2025-05-18 03:38:45,974 - api - INFO - Successfully fetched market data for 1 coins
2025-05-18 03:38:45,984 - api - INFO - Using cached news data for bitcoin
2025-05-18 03:38:45,985 - data_processor - INFO - Performing sentiment analysis on 20 news articles
2025-05-18 03:38:46,004 - data_processor - INFO - Sentiment analysis complete: neutral
2025-05-18 03:38:46,005 - data_processor - INFO - Performing technical analysis for bitcoin
2025-05-18 03:38:46,057 - data_processor - ERROR - Error updating technical analysis: '<' not supported between instances of 'str' and 'int'
2025-05-18 03:38:46,058 - data_processor - INFO - All data updated at 2025-05-18 03:38:46.058687
2025-05-18 03:40:21,582 - bitcoinchatbot - INFO - Initializing Crypto Assistant...
2025-05-18 03:40:21,585 - faiss.loader - INFO - Loading faiss with AVX2 support.
2025-05-18 03:40:21,603 - faiss.loader - INFO - Successfully loaded faiss with AVX2 support.
2025-05-18 03:40:21,708 - vector_store - INFO - Vector store loaded from faiss_index
2025-05-18 03:40:21,709 - vector_store - INFO - Enhanced QA chain initialized with multi-query retrieval and metadata filtering
2025-05-18 03:40:21,710 - bitcoinchatbot - INFO - Fetching historical data during initialization...
2025-05-18 03:40:21,850 - api - INFO - Using cached historical data for bitcoin
2025-05-18 03:40:21,858 - api - INFO - Loaded 3895 records from cache, date range: 2014-09-17 00:00:00+00:00 to 2025-05-16 00:00:00+00:00
2025-05-18 03:40:21,859 - bitcoinchatbot - INFO - Successfully retrieved historical data for bitcoin: 3895 records
2025-05-18 03:40:21,860 - data_processor - INFO - Building date-price lookup for bitcoin from 2014-09-17 00:00:00+00:00 to 2025-05-16 00:00:00+00:00
2025-05-18 03:40:21,982 - data_processor - INFO - Added 3895 date-price entries for bitcoin
2025-05-18 03:40:21,983 - bitcoinchatbot - INFO - Date-price lookup built from historical data
2025-05-18 03:40:21,984 - bitcoinchatbot - INFO - Crypto Assistant initialized successfully
2025-05-18 03:40:22,653 - price_predictor - INFO - Loaded pre-trained model from models/bitcoin_lstm.h5
2025-05-18 03:40:22,656 - price_predictor - INFO - Loaded scaler from models/bitcoin_lstm_scaler.pkl
2025-05-18 03:40:22,656 - bitcoinchatbot - INFO - Loaded existing price prediction model
2025-05-18 03:40:22,658 - bitcoinchatbot - INFO - Starting scheduled updates every 5 minutes
2025-05-18 03:40:22,658 - bitcoinchatbot - INFO - Started scheduled updates every 5 minutes
2025-05-18 03:40:23,190 - price_predictor - INFO - Loaded pre-trained model from models/bitcoin_lstm.h5
2025-05-18 03:40:23,193 - price_predictor - INFO - Loaded scaler from models/bitcoin_lstm_scaler.pkl
2025-05-18 03:45:23,017 - bitcoinchatbot - INFO - Running scheduled data update
2025-05-18 03:45:23,018 - bitcoinchatbot - INFO - Updating cryptocurrency data for: bitcoin
2025-05-18 03:45:23,019 - data_processor - INFO - Starting data update for coins: bitcoin
2025-05-18 03:45:23,319 - api - INFO - Using cached historical data for bitcoin
2025-05-18 03:45:23,329 - api - INFO - Loaded 3895 records from cache, date range: 2014-09-17 00:00:00+00:00 to 2025-05-16 00:00:00+00:00
2025-05-18 03:45:23,331 - data_processor - INFO - Successfully retrieved historical data for bitcoin: 3895 records
2025-05-18 03:45:23,333 - data_processor - INFO - Historical data for bitcoin: 3895 records from 2014-09-17 00:00:00+00:00 to 2025-05-16 00:00:00+00:00
2025-05-18 03:45:23,334 - data_processor - INFO - Columns available: ['date', 'open', 'high', 'low', 'close', 'volume', 'price']
2025-05-18 03:45:23,337 - data_processor - INFO - Building date-price lookup for bitcoin from 2014-09-17 00:00:00+00:00 to 2025-05-16 00:00:00+00:00
2025-05-18 03:45:23,484 - data_processor - INFO - Added 3895 date-price entries for bitcoin
2025-05-18 03:45:23,485 - data_processor - INFO - Built date-price lookup for 1 coins
2025-05-18 03:45:23,506 - api - INFO - Using cached market data for bitcoin
2025-05-18 03:45:23,507 - api - INFO - Successfully fetched market data for 1 coins
2025-05-18 03:45:23,512 - api - INFO - Using cached news data for bitcoin
2025-05-18 03:45:23,513 - data_processor - INFO - Performing sentiment analysis on 20 news articles
2025-05-18 03:45:23,527 - data_processor - INFO - Sentiment analysis complete: neutral
2025-05-18 03:45:23,527 - data_processor - INFO - Performing technical analysis for bitcoin
2025-05-18 03:45:23,586 - data_processor - ERROR - Error updating technical analysis: '<' not supported between instances of 'str' and 'int'
2025-05-18 03:45:23,587 - data_processor - INFO - All data updated at 2025-05-18 03:45:23.587436
2025-05-18 03:45:28,957 - vector_store - INFO - Vector store updated with 29 documents at 2025-05-18 03:45:28
2025-05-18 03:45:28,958 - vector_store - INFO - Added 31 new chunks to the vector store
2025-05-18 03:45:29,051 - vector_store - INFO - Vector store saved to faiss_index
2025-05-18 03:45:29,052 - bitcoinchatbot - INFO - Data update complete
2025-05-18 03:48:49,016 - bitcoinchatbot - INFO - Initializing Crypto Assistant...
2025-05-18 03:48:49,020 - faiss.loader - INFO - Loading faiss with AVX2 support.
2025-05-18 03:48:49,037 - faiss.loader - INFO - Successfully loaded faiss with AVX2 support.
2025-05-18 03:48:49,120 - vector_store - INFO - Vector store loaded from faiss_index
2025-05-18 03:48:49,121 - vector_store - INFO - Enhanced QA chain initialized with multi-query retrieval and metadata filtering
2025-05-18 03:48:49,122 - bitcoinchatbot - INFO - Fetching historical data during initialization...
2025-05-18 03:48:49,273 - api - INFO - Using cached historical data for bitcoin
2025-05-18 03:48:49,281 - api - INFO - Loaded 3895 records from cache, date range: 2014-09-17 00:00:00+00:00 to 2025-05-16 00:00:00+00:00
2025-05-18 03:48:49,282 - bitcoinchatbot - INFO - Successfully retrieved historical data for bitcoin: 3895 records
2025-05-18 03:48:49,283 - data_processor - INFO - Building date-price lookup for bitcoin from 2014-09-17 00:00:00+00:00 to 2025-05-16 00:00:00+00:00
2025-05-18 03:48:49,422 - data_processor - INFO - Added 3895 date-price entries for bitcoin
2025-05-18 03:48:49,423 - bitcoinchatbot - INFO - Date-price lookup built from historical data
2025-05-18 03:48:49,424 - bitcoinchatbot - INFO - Crypto Assistant initialized successfully
2025-05-18 03:48:50,231 - price_predictor - INFO - Loaded pre-trained model from models/bitcoin_lstm.h5
2025-05-18 03:48:50,235 - price_predictor - INFO - Loaded scaler from models/bitcoin_lstm_scaler.pkl
2025-05-18 03:48:50,236 - bitcoinchatbot - INFO - Loaded existing price prediction model
2025-05-18 03:48:50,237 - bitcoinchatbot - INFO - Starting scheduled updates every 5 minutes
2025-05-18 03:48:50,237 - bitcoinchatbot - INFO - Started scheduled updates every 5 minutes
2025-05-18 03:48:50,791 - price_predictor - INFO - Loaded pre-trained model from models/bitcoin_lstm.h5
2025-05-18 03:48:50,795 - price_predictor - INFO - Loaded scaler from models/bitcoin_lstm_scaler.pkl
2025-05-18 03:49:47,839 - api - INFO - Using cached news data for bitcoin
2025-05-18 03:49:47,840 - data_processor - INFO - Performing sentiment analysis on 20 news articles
2025-05-18 03:49:47,865 - data_processor - INFO - Sentiment analysis complete: neutral
2025-05-18 03:49:47,866 - data_processor - INFO - Sentiment data updated on demand: 20 articles analyzed
2025-05-18 03:49:58,944 - price_predictor - INFO - Predicting Bitcoin price 7 days ahead
2025-05-18 03:50:17,549 - vector_store - WARNING - Data might be outdated. Last update was: Never
2025-05-18 03:51:00,790 - bitcoinchatbot - INFO - Initializing Crypto Assistant...
2025-05-18 03:51:00,967 - vector_store - INFO - Vector store loaded from faiss_index
2025-05-18 03:51:00,968 - vector_store - INFO - Enhanced QA chain initialized with multi-query retrieval and metadata filtering
2025-05-18 03:51:00,969 - bitcoinchatbot - INFO - Fetching historical data during initialization...
2025-05-18 03:51:01,297 - api - INFO - Using cached historical data for bitcoin
2025-05-18 03:51:01,308 - api - INFO - Loaded 3895 records from cache, date range: 2014-09-17 00:00:00+00:00 to 2025-05-16 00:00:00+00:00
2025-05-18 03:51:01,310 - bitcoinchatbot - INFO - Successfully retrieved historical data for bitcoin: 3895 records
2025-05-18 03:51:01,312 - data_processor - INFO - Building date-price lookup for bitcoin from 2014-09-17 00:00:00+00:00 to 2025-05-16 00:00:00+00:00
2025-05-18 03:51:01,502 - data_processor - INFO - Added 3895 date-price entries for bitcoin
2025-05-18 03:51:01,503 - bitcoinchatbot - INFO - Date-price lookup built from historical data
2025-05-18 03:51:01,505 - bitcoinchatbot - INFO - Crypto Assistant initialized successfully
2025-05-18 03:51:02,702 - price_predictor - INFO - Loaded pre-trained model from models/bitcoin_lstm.h5
2025-05-18 03:51:02,707 - price_predictor - INFO - Loaded scaler from models/bitcoin_lstm_scaler.pkl
2025-05-18 03:51:02,707 - bitcoinchatbot - INFO - Loaded existing price prediction model
2025-05-18 03:51:02,709 - bitcoinchatbot - INFO - Starting scheduled updates every 5 minutes
2025-05-18 03:51:02,709 - bitcoinchatbot - INFO - Started scheduled updates every 5 minutes
2025-05-18 03:51:03,638 - price_predictor - INFO - Loaded pre-trained model from models/bitcoin_lstm.h5
2025-05-18 03:51:03,645 - price_predictor - INFO - Loaded scaler from models/bitcoin_lstm_scaler.pkl
2025-05-18 03:51:10,241 - bitcoinchatbot - INFO - Initializing Crypto Assistant...
2025-05-18 03:51:10,395 - vector_store - INFO - Vector store loaded from faiss_index
2025-05-18 03:51:10,398 - vector_store - INFO - Enhanced QA chain initialized with multi-query retrieval and metadata filtering
2025-05-18 03:51:10,399 - bitcoinchatbot - INFO - Fetching historical data during initialization...
2025-05-18 03:51:10,865 - api - INFO - Using cached historical data for bitcoin
2025-05-18 03:51:10,876 - api - INFO - Loaded 3895 records from cache, date range: 2014-09-17 00:00:00+00:00 to 2025-05-16 00:00:00+00:00
2025-05-18 03:51:10,878 - bitcoinchatbot - INFO - Successfully retrieved historical data for bitcoin: 3895 records
2025-05-18 03:51:10,880 - data_processor - INFO - Building date-price lookup for bitcoin from 2014-09-17 00:00:00+00:00 to 2025-05-16 00:00:00+00:00
2025-05-18 03:51:11,208 - data_processor - INFO - Added 3895 date-price entries for bitcoin
2025-05-18 03:51:11,210 - bitcoinchatbot - INFO - Date-price lookup built from historical data
2025-05-18 03:51:11,210 - bitcoinchatbot - INFO - Crypto Assistant initialized successfully
2025-05-18 03:51:12,295 - price_predictor - INFO - Loaded pre-trained model from models/bitcoin_lstm.h5
2025-05-18 03:51:12,300 - price_predictor - INFO - Loaded scaler from models/bitcoin_lstm_scaler.pkl
2025-05-18 03:51:12,301 - bitcoinchatbot - INFO - Loaded existing price prediction model
2025-05-18 03:51:12,302 - bitcoinchatbot - INFO - Starting scheduled updates every 5 minutes
2025-05-18 03:51:12,302 - bitcoinchatbot - INFO - Started scheduled updates every 5 minutes
2025-05-18 03:51:13,335 - price_predictor - INFO - Loaded pre-trained model from models/bitcoin_lstm.h5
2025-05-18 03:51:13,341 - price_predictor - INFO - Loaded scaler from models/bitcoin_lstm_scaler.pkl
2025-05-18 03:53:36,258 - vector_store - INFO - Question answered in 198.69 seconds
2025-05-18 03:53:36,259 - vector_store - INFO - Successfully answered question: what is bitcon price ...
2025-05-18 03:54:38,961 - bitcoinchatbot - INFO - Initializing Crypto Assistant...
2025-05-18 03:54:38,963 - faiss.loader - INFO - Loading faiss with AVX2 support.
2025-05-18 03:54:38,977 - faiss.loader - INFO - Successfully loaded faiss with AVX2 support.
2025-05-18 03:54:39,046 - vector_store - INFO - Vector store loaded from faiss_index
2025-05-18 03:54:39,047 - vector_store - INFO - Enhanced QA chain initialized with multi-query retrieval and metadata filtering
2025-05-18 03:54:39,048 - bitcoinchatbot - INFO - Fetching historical data during initialization...
2025-05-18 03:54:39,180 - api - INFO - Using cached historical data for bitcoin
2025-05-18 03:54:39,187 - api - INFO - Loaded 3895 records from cache, date range: 2014-09-17 00:00:00+00:00 to 2025-05-16 00:00:00+00:00
2025-05-18 03:54:39,187 - bitcoinchatbot - INFO - Successfully retrieved historical data for bitcoin: 3895 records
2025-05-18 03:54:39,188 - data_processor - INFO - Building date-price lookup for bitcoin from 2014-09-17 00:00:00+00:00 to 2025-05-16 00:00:00+00:00
2025-05-18 03:54:39,304 - data_processor - INFO - Added 3895 date-price entries for bitcoin
2025-05-18 03:54:39,305 - bitcoinchatbot - INFO - Date-price lookup built from historical data
2025-05-18 03:54:39,305 - bitcoinchatbot - INFO - Crypto Assistant initialized successfully
2025-05-18 03:54:39,930 - price_predictor - INFO - Loaded pre-trained model from models/bitcoin_lstm.h5
2025-05-18 03:54:39,933 - price_predictor - INFO - Loaded scaler from models/bitcoin_lstm_scaler.pkl
2025-05-18 03:54:39,933 - bitcoinchatbot - INFO - Loaded existing price prediction model
2025-05-18 03:54:39,934 - bitcoinchatbot - INFO - Starting scheduled updates every 5 minutes
2025-05-18 03:54:39,934 - bitcoinchatbot - INFO - Started scheduled updates every 5 minutes
2025-05-18 03:54:40,413 - price_predictor - INFO - Loaded pre-trained model from models/bitcoin_lstm.h5
2025-05-18 03:54:40,415 - price_predictor - INFO - Loaded scaler from models/bitcoin_lstm_scaler.pkl
2025-05-18 03:55:43,587 - api - INFO - Successfully fetched 20 news articles
2025-05-18 03:55:43,589 - data_processor - INFO - Performing sentiment analysis on 20 news articles
2025-05-18 03:55:43,602 - data_processor - INFO - Sentiment analysis complete: neutral
2025-05-18 03:55:43,603 - data_processor - INFO - Sentiment data updated on demand: 20 articles analyzed
2025-05-18 03:56:44,777 - bitcoinchatbot - INFO - Initializing Crypto Assistant...
2025-05-18 03:56:44,779 - faiss.loader - INFO - Loading faiss with AVX2 support.
2025-05-18 03:56:44,789 - faiss.loader - INFO - Successfully loaded faiss with AVX2 support.
2025-05-18 03:56:44,855 - vector_store - INFO - Vector store loaded from faiss_index
2025-05-18 03:56:44,856 - vector_store - INFO - Enhanced QA chain initialized with multi-query retrieval and metadata filtering
2025-05-18 03:56:44,857 - bitcoinchatbot - INFO - Fetching historical data during initialization...
2025-05-18 03:56:44,992 - api - INFO - Using cached historical data for bitcoin
2025-05-18 03:56:44,998 - api - INFO - Loaded 3895 records from cache, date range: 2014-09-17 00:00:00+00:00 to 2025-05-16 00:00:00+00:00
2025-05-18 03:56:44,999 - bitcoinchatbot - INFO - Successfully retrieved historical data for bitcoin: 3895 records
2025-05-18 03:56:44,999 - data_processor - INFO - Building date-price lookup for bitcoin from 2014-09-17 00:00:00+00:00 to 2025-05-16 00:00:00+00:00
2025-05-18 03:56:45,117 - data_processor - INFO - Added 3895 date-price entries for bitcoin
2025-05-18 03:56:45,118 - bitcoinchatbot - INFO - Date-price lookup built from historical data
2025-05-18 03:56:45,119 - bitcoinchatbot - INFO - Crypto Assistant initialized successfully
2025-05-18 03:56:45,770 - price_predictor - INFO - Loaded pre-trained model from models/bitcoin_lstm.h5
2025-05-18 03:56:45,774 - price_predictor - INFO - Loaded scaler from models/bitcoin_lstm_scaler.pkl
2025-05-18 03:56:45,774 - bitcoinchatbot - INFO - Loaded existing price prediction model
2025-05-18 03:56:45,775 - bitcoinchatbot - INFO - Starting scheduled updates every 5 minutes
2025-05-18 03:56:45,775 - bitcoinchatbot - INFO - Started scheduled updates every 5 minutes
2025-05-18 03:56:46,256 - price_predictor - INFO - Loaded pre-trained model from models/bitcoin_lstm.h5
2025-05-18 03:56:46,259 - price_predictor - INFO - Loaded scaler from models/bitcoin_lstm_scaler.pkl
2025-05-18 03:57:05,495 - vector_store - WARNING - Data might be outdated. Last update was: Never
2025-05-18 04:00:53,697 - vector_store - INFO - Question answered in 228.19 seconds
2025-05-18 04:00:53,698 - vector_store - INFO - Successfully answered question: what is bitcoin news ...
2025-05-18 04:01:31,214 - vector_store - WARNING - Data might be outdated. Last update was: Never
2025-05-18 04:01:46,266 - bitcoinchatbot - INFO - Running scheduled data update
2025-05-18 04:01:46,267 - bitcoinchatbot - INFO - Updating cryptocurrency data for: bitcoin
2025-05-18 04:01:46,268 - data_processor - INFO - Starting data update for coins: bitcoin
2025-05-18 04:01:46,530 - api - INFO - Using cached historical data for bitcoin
2025-05-18 04:01:46,537 - api - INFO - Loaded 3895 records from cache, date range: 2014-09-17 00:00:00+00:00 to 2025-05-16 00:00:00+00:00
2025-05-18 04:01:46,538 - data_processor - INFO - Successfully retrieved historical data for bitcoin: 3895 records
2025-05-18 04:01:46,539 - data_processor - INFO - Historical data for bitcoin: 3895 records from 2014-09-17 00:00:00+00:00 to 2025-05-16 00:00:00+00:00
2025-05-18 04:01:46,540 - data_processor - INFO - Columns available: ['date', 'open', 'high', 'low', 'close', 'volume', 'price']
2025-05-18 04:01:46,541 - data_processor - INFO - Building date-price lookup for bitcoin from 2014-09-17 00:00:00+00:00 to 2025-05-16 00:00:00+00:00
2025-05-18 04:01:46,665 - data_processor - INFO - Added 3895 date-price entries for bitcoin
2025-05-18 04:01:46,667 - data_processor - INFO - Built date-price lookup for 1 coins
2025-05-18 04:01:52,758 - api - INFO - Successfully fetched market data for 1 coins
2025-05-18 04:01:52,769 - api - INFO - Using cached news data for bitcoin
2025-05-18 04:01:52,770 - data_processor - INFO - Performing sentiment analysis on 20 news articles
2025-05-18 04:01:52,781 - data_processor - INFO - Sentiment analysis complete: neutral
2025-05-18 04:01:52,782 - data_processor - INFO - Performing technical analysis for bitcoin
2025-05-18 04:01:52,822 - data_processor - ERROR - Error updating technical analysis: '<' not supported between instances of 'str' and 'int'
2025-05-18 04:01:52,823 - data_processor - INFO - All data updated at 2025-05-18 04:01:52.823173
2025-05-18 04:01:57,635 - vector_store - INFO - Vector store updated with 29 documents at 2025-05-18 04:01:57
2025-05-18 04:01:57,636 - vector_store - INFO - Added 31 new chunks to the vector store
2025-05-18 04:01:57,721 - vector_store - INFO - Vector store saved to faiss_index
2025-05-18 04:01:57,722 - bitcoinchatbot - INFO - Data update complete
2025-05-18 04:06:25,693 - vector_store - INFO - Question answered in 266.98 seconds
2025-05-18 04:06:25,694 - vector_store - INFO - Successfully answered question: what is the bit coin trends for 2024...
2025-05-18 04:06:58,596 - bitcoinchatbot - INFO - Running scheduled data update
2025-05-18 04:06:58,597 - bitcoinchatbot - INFO - Updating cryptocurrency data for: bitcoin
2025-05-18 04:06:58,597 - data_processor - INFO - Starting data update for coins: bitcoin
2025-05-18 04:06:58,891 - api - INFO - Using cached historical data for bitcoin
2025-05-18 04:06:58,896 - api - INFO - Loaded 3895 records from cache, date range: 2014-09-17 00:00:00+00:00 to 2025-05-16 00:00:00+00:00
2025-05-18 04:06:58,898 - data_processor - INFO - Successfully retrieved historical data for bitcoin: 3895 records
2025-05-18 04:06:58,899 - data_processor - INFO - Historical data for bitcoin: 3895 records from 2014-09-17 00:00:00+00:00 to 2025-05-16 00:00:00+00:00
2025-05-18 04:06:58,899 - data_processor - INFO - Columns available: ['date', 'open', 'high', 'low', 'close', 'volume', 'price']
2025-05-18 04:06:58,900 - data_processor - INFO - Building date-price lookup for bitcoin from 2014-09-17 00:00:00+00:00 to 2025-05-16 00:00:00+00:00
2025-05-18 04:06:59,020 - data_processor - INFO - Added 3895 date-price entries for bitcoin
2025-05-18 04:06:59,021 - data_processor - INFO - Built date-price lookup for 1 coins
2025-05-18 04:06:59,043 - api - INFO - Using cached market data for bitcoin
2025-05-18 04:06:59,044 - api - INFO - Successfully fetched market data for 1 coins
2025-05-18 04:06:59,048 - api - INFO - Using cached news data for bitcoin
2025-05-18 04:06:59,049 - data_processor - INFO - Performing sentiment analysis on 20 news articles
2025-05-18 04:06:59,061 - data_processor - INFO - Sentiment analysis complete: neutral
2025-05-18 04:06:59,062 - data_processor - INFO - Performing technical analysis for bitcoin
2025-05-18 04:06:59,104 - data_processor - ERROR - Error updating technical analysis: '<' not supported between instances of 'str' and 'int'
2025-05-18 04:06:59,104 - data_processor - INFO - All data updated at 2025-05-18 04:06:59.104930
2025-05-18 04:07:03,885 - vector_store - INFO - Vector store updated with 29 documents at 2025-05-18 04:07:03
2025-05-18 04:07:03,886 - vector_store - INFO - Added 31 new chunks to the vector store
2025-05-18 04:07:03,976 - vector_store - INFO - Vector store saved to faiss_index
2025-05-18 04:07:03,976 - bitcoinchatbot - INFO - Data update complete
2025-05-18 04:12:04,049 - bitcoinchatbot - INFO - Running scheduled data update
2025-05-18 04:12:04,051 - bitcoinchatbot - INFO - Updating cryptocurrency data for: bitcoin
2025-05-18 04:12:04,052 - data_processor - INFO - Starting data update for coins: bitcoin
2025-05-18 04:12:04,499 - api - INFO - Using cached historical data for bitcoin
2025-05-18 04:12:04,514 - api - INFO - Loaded 3895 records from cache, date range: 2014-09-17 00:00:00+00:00 to 2025-05-16 00:00:00+00:00
2025-05-18 04:12:04,517 - data_processor - INFO - Successfully retrieved historical data for bitcoin: 3895 records
2025-05-18 04:12:04,520 - data_processor - INFO - Historical data for bitcoin: 3895 records from 2014-09-17 00:00:00+00:00 to 2025-05-16 00:00:00+00:00
2025-05-18 04:12:04,522 - data_processor - INFO - Columns available: ['date', 'open', 'high', 'low', 'close', 'volume', 'price']
2025-05-18 04:12:04,524 - data_processor - INFO - Building date-price lookup for bitcoin from 2014-09-17 00:00:00+00:00 to 2025-05-16 00:00:00+00:00
2025-05-18 04:12:04,710 - data_processor - INFO - Added 3895 date-price entries for bitcoin
2025-05-18 04:12:04,712 - data_processor - INFO - Built date-price lookup for 1 coins
2025-05-18 04:12:04,751 - api - INFO - Using cached market data for bitcoin
2025-05-18 04:12:04,752 - api - INFO - Successfully fetched market data for 1 coins
2025-05-18 04:12:04,763 - api - INFO - Using cached news data for bitcoin
2025-05-18 04:12:04,764 - data_processor - INFO - Performing sentiment analysis on 20 news articles
2025-05-18 04:12:04,785 - data_processor - INFO - Sentiment analysis complete: neutral
2025-05-18 04:12:04,786 - data_processor - INFO - Performing technical analysis for bitcoin
2025-05-18 04:12:04,860 - data_processor - ERROR - Error updating technical analysis: '<' not supported between instances of 'str' and 'int'
2025-05-18 04:12:04,862 - data_processor - INFO - All data updated at 2025-05-18 04:12:04.862050
2025-05-18 04:12:37,125 - vector_store - INFO - Vector store updated with 29 documents at 2025-05-18 04:12:37
2025-05-18 04:12:37,127 - vector_store - INFO - Added 31 new chunks to the vector store
2025-05-18 04:12:37,262 - vector_store - INFO - Vector store saved to faiss_index
2025-05-18 04:12:37,263 - bitcoinchatbot - INFO - Data update complete
2025-05-18 04:12:42,297 - vector_store - INFO - Question answered in 319.63 seconds
2025-05-18 04:12:42,298 - vector_store - INFO - Successfully answered question: what is the bit coin analysis for april 2025...
2025-05-18 04:17:38,002 - bitcoinchatbot - INFO - Running scheduled data update
2025-05-18 04:17:38,003 - bitcoinchatbot - INFO - Updating cryptocurrency data for: bitcoin
2025-05-18 04:17:38,004 - data_processor - INFO - Starting data update for coins: bitcoin
2025-05-18 04:17:38,396 - api - INFO - Using cached historical data for bitcoin
2025-05-18 04:17:38,407 - api - INFO - Loaded 3895 records from cache, date range: 2014-09-17 00:00:00+00:00 to 2025-05-16 00:00:00+00:00
2025-05-18 04:17:38,409 - data_processor - INFO - Successfully retrieved historical data for bitcoin: 3895 records
2025-05-18 04:17:38,410 - data_processor - INFO - Historical data for bitcoin: 3895 records from 2014-09-17 00:00:00+00:00 to 2025-05-16 00:00:00+00:00
2025-05-18 04:17:38,411 - data_processor - INFO - Columns available: ['date', 'open', 'high', 'low', 'close', 'volume', 'price']
2025-05-18 04:17:38,413 - data_processor - INFO - Building date-price lookup for bitcoin from 2014-09-17 00:00:00+00:00 to 2025-05-16 00:00:00+00:00
2025-05-18 04:17:38,641 - data_processor - INFO - Added 3895 date-price entries for bitcoin
2025-05-18 04:17:38,644 - data_processor - INFO - Built date-price lookup for 1 coins
2025-05-18 04:17:38,690 - api - INFO - Using cached market data for bitcoin
2025-05-18 04:17:38,691 - api - INFO - Successfully fetched market data for 1 coins
2025-05-18 04:17:38,701 - api - INFO - Using cached news data for bitcoin
2025-05-18 04:17:38,701 - data_processor - INFO - Performing sentiment analysis on 20 news articles
2025-05-18 04:17:38,721 - data_processor - INFO - Sentiment analysis complete: neutral
2025-05-18 04:17:38,722 - data_processor - INFO - Performing technical analysis for bitcoin
2025-05-18 04:17:38,822 - data_processor - ERROR - Error updating technical analysis: '<' not supported between instances of 'str' and 'int'
2025-05-18 04:17:38,824 - data_processor - INFO - All data updated at 2025-05-18 04:17:38.824019
2025-05-18 04:18:37,331 - vector_store - INFO - Vector store updated with 29 documents at 2025-05-18 04:18:37
2025-05-18 04:18:37,331 - vector_store - INFO - Added 31 new chunks to the vector store
2025-05-18 04:18:37,476 - vector_store - INFO - Vector store saved to faiss_index
2025-05-18 04:18:37,477 - bitcoinchatbot - INFO - Data update complete
2025-05-18 04:18:51,946 - vector_store - INFO - Question answered in 328.16 seconds
2025-05-18 04:18:51,947 - vector_store - INFO - Successfully answered question: what is bit coin price for march 14 2025...
2025-05-18 04:19:28,780 - data_processor - ERROR - Error processing date price query: bad month number 14; must be 1-12: 14 2018
2025-05-18 04:19:47,120 - data_processor - ERROR - Error processing date price query: bad month number 17; must be 1-12: 17 2019
2025-05-18 04:23:38,447 - bitcoinchatbot - INFO - Running scheduled data update
2025-05-18 04:23:38,448 - bitcoinchatbot - INFO - Updating cryptocurrency data for: bitcoin
2025-05-18 04:23:38,449 - data_processor - INFO - Starting data update for coins: bitcoin
2025-05-18 04:23:38,735 - api - INFO - Using cached historical data for bitcoin
2025-05-18 04:23:38,743 - api - INFO - Loaded 3895 records from cache, date range: 2014-09-17 00:00:00+00:00 to 2025-05-16 00:00:00+00:00
2025-05-18 04:23:38,745 - data_processor - INFO - Successfully retrieved historical data for bitcoin: 3895 records
2025-05-18 04:23:38,746 - data_processor - INFO - Historical data for bitcoin: 3895 records from 2014-09-17 00:00:00+00:00 to 2025-05-16 00:00:00+00:00
2025-05-18 04:23:38,746 - data_processor - INFO - Columns available: ['date', 'open', 'high', 'low', 'close', 'volume', 'price']
2025-05-18 04:23:38,747 - data_processor - INFO - Building date-price lookup for bitcoin from 2014-09-17 00:00:00+00:00 to 2025-05-16 00:00:00+00:00
2025-05-18 04:23:38,887 - data_processor - INFO - Added 3895 date-price entries for bitcoin
2025-05-18 04:23:38,889 - data_processor - INFO - Built date-price lookup for 1 coins
2025-05-18 04:23:38,911 - api - INFO - Using cached market data for bitcoin
2025-05-18 04:23:38,912 - api - INFO - Successfully fetched market data for 1 coins
2025-05-18 04:23:38,917 - api - INFO - Using cached news data for bitcoin
2025-05-18 04:23:38,917 - data_processor - INFO - Performing sentiment analysis on 20 news articles
2025-05-18 04:23:38,931 - data_processor - INFO - Sentiment analysis complete: neutral
2025-05-18 04:23:38,932 - data_processor - INFO - Performing technical analysis for bitcoin
2025-05-18 04:23:38,975 - data_processor - ERROR - Error updating technical analysis: '<' not supported between instances of 'str' and 'int'
2025-05-18 04:23:38,976 - data_processor - INFO - All data updated at 2025-05-18 04:23:38.976316
2025-05-18 04:23:43,674 - vector_store - INFO - Vector store updated with 29 documents at 2025-05-18 04:23:43
2025-05-18 04:23:43,674 - vector_store - INFO - Added 31 new chunks to the vector store
2025-05-18 04:23:43,759 - vector_store - INFO - Vector store saved to faiss_index
2025-05-18 04:23:43,759 - bitcoinchatbot - INFO - Data update complete
2025-05-18 04:28:43,834 - bitcoinchatbot - INFO - Running scheduled data update
2025-05-18 04:28:43,835 - bitcoinchatbot - INFO - Updating cryptocurrency data for: bitcoin
2025-05-18 04:28:43,836 - data_processor - INFO - Starting data update for coins: bitcoin
2025-05-18 04:28:44,147 - api - INFO - Using cached historical data for bitcoin
2025-05-18 04:28:44,155 - api - INFO - Loaded 3895 records from cache, date range: 2014-09-17 00:00:00+00:00 to 2025-05-16 00:00:00+00:00
2025-05-18 04:28:44,157 - data_processor - INFO - Successfully retrieved historical data for bitcoin: 3895 records
2025-05-18 04:28:44,158 - data_processor - INFO - Historical data for bitcoin: 3895 records from 2014-09-17 00:00:00+00:00 to 2025-05-16 00:00:00+00:00
2025-05-18 04:28:44,159 - data_processor - INFO - Columns available: ['date', 'open', 'high', 'low', 'close', 'volume', 'price']
2025-05-18 04:28:44,160 - data_processor - INFO - Building date-price lookup for bitcoin from 2014-09-17 00:00:00+00:00 to 2025-05-16 00:00:00+00:00
2025-05-18 04:28:44,300 - data_processor - INFO - Added 3895 date-price entries for bitcoin
2025-05-18 04:28:44,301 - data_processor - INFO - Built date-price lookup for 1 coins
2025-05-18 04:28:44,339 - api - INFO - Using cached market data for bitcoin
2025-05-18 04:28:44,339 - api - INFO - Successfully fetched market data for 1 coins
2025-05-18 04:28:44,497 - api - INFO - Successfully fetched 20 news articles
2025-05-18 04:28:44,498 - data_processor - INFO - Performing sentiment analysis on 20 news articles
2025-05-18 04:28:44,510 - data_processor - INFO - Sentiment analysis complete: neutral
2025-05-18 04:28:44,512 - data_processor - INFO - Performing technical analysis for bitcoin
2025-05-18 04:28:44,551 - data_processor - ERROR - Error updating technical analysis: '<' not supported between instances of 'str' and 'int'
2025-05-18 04:28:44,552 - data_processor - INFO - All data updated at 2025-05-18 04:28:44.552375
2025-05-18 04:28:49,529 - vector_store - INFO - Vector store updated with 29 documents at 2025-05-18 04:28:49
2025-05-18 04:28:49,530 - vector_store - INFO - Added 31 new chunks to the vector store
2025-05-18 04:28:49,631 - vector_store - INFO - Vector store saved to faiss_index
2025-05-18 04:28:49,632 - bitcoinchatbot - INFO - Data update complete
2025-05-18 04:33:49,735 - bitcoinchatbot - INFO - Running scheduled data update
2025-05-18 04:33:49,736 - bitcoinchatbot - INFO - Updating cryptocurrency data for: bitcoin
2025-05-18 04:33:49,737 - data_processor - INFO - Starting data update for coins: bitcoin
2025-05-18 04:33:50,756 - api - INFO - Using cached historical data for bitcoin
2025-05-18 04:33:50,765 - api - INFO - Loaded 3895 records from cache, date range: 2014-09-17 00:00:00+00:00 to 2025-05-16 00:00:00+00:00
2025-05-18 04:33:50,766 - data_processor - INFO - Successfully retrieved historical data for bitcoin: 3895 records
2025-05-18 04:33:50,767 - data_processor - INFO - Historical data for bitcoin: 3895 records from 2014-09-17 00:00:00+00:00 to 2025-05-16 00:00:00+00:00
2025-05-18 04:33:50,768 - data_processor - INFO - Columns available: ['date', 'open', 'high', 'low', 'close', 'volume', 'price']
2025-05-18 04:33:50,769 - data_processor - INFO - Building date-price lookup for bitcoin from 2014-09-17 00:00:00+00:00 to 2025-05-16 00:00:00+00:00
2025-05-18 04:33:50,902 - data_processor - INFO - Added 3895 date-price entries for bitcoin
2025-05-18 04:33:50,902 - data_processor - INFO - Built date-price lookup for 1 coins
2025-05-18 04:33:56,999 - api - INFO - Successfully fetched market data for 1 coins
2025-05-18 04:33:57,006 - api - INFO - Using cached news data for bitcoin
2025-05-18 04:33:57,007 - data_processor - INFO - Performing sentiment analysis on 20 news articles
2025-05-18 04:33:57,019 - data_processor - INFO - Sentiment analysis complete: neutral
2025-05-18 04:33:57,020 - data_processor - INFO - Performing technical analysis for bitcoin
2025-05-18 04:33:57,069 - data_processor - ERROR - Error updating technical analysis: '<' not supported between instances of 'str' and 'int'
2025-05-18 04:33:57,070 - data_processor - INFO - All data updated at 2025-05-18 04:33:57.070692
2025-05-18 04:34:01,872 - vector_store - INFO - Vector store updated with 29 documents at 2025-05-18 04:34:01
2025-05-18 04:34:01,873 - vector_store - INFO - Added 31 new chunks to the vector store
2025-05-18 04:34:01,955 - vector_store - INFO - Vector store saved to faiss_index
2025-05-18 04:34:01,955 - bitcoinchatbot - INFO - Data update complete
2025-05-18 04:39:02,583 - bitcoinchatbot - INFO - Running scheduled data update
2025-05-18 04:39:02,584 - bitcoinchatbot - INFO - Updating cryptocurrency data for: bitcoin
2025-05-18 04:39:02,585 - data_processor - INFO - Starting data update for coins: bitcoin
2025-05-18 04:39:03,020 - api - INFO - Using cached historical data for bitcoin
2025-05-18 04:39:03,027 - api - INFO - Loaded 3895 records from cache, date range: 2014-09-17 00:00:00+00:00 to 2025-05-16 00:00:00+00:00
2025-05-18 04:39:03,028 - data_processor - INFO - Successfully retrieved historical data for bitcoin: 3895 records
2025-05-18 04:39:03,030 - data_processor - INFO - Historical data for bitcoin: 3895 records from 2014-09-17 00:00:00+00:00 to 2025-05-16 00:00:00+00:00
2025-05-18 04:39:03,030 - data_processor - INFO - Columns available: ['date', 'open', 'high', 'low', 'close', 'volume', 'price']
2025-05-18 04:39:03,032 - data_processor - INFO - Building date-price lookup for bitcoin from 2014-09-17 00:00:00+00:00 to 2025-05-16 00:00:00+00:00
2025-05-18 04:39:03,180 - data_processor - INFO - Added 3895 date-price entries for bitcoin
2025-05-18 04:39:03,182 - data_processor - INFO - Built date-price lookup for 1 coins
2025-05-18 04:39:03,205 - api - INFO - Using cached market data for bitcoin
2025-05-18 04:39:03,206 - api - INFO - Successfully fetched market data for 1 coins
2025-05-18 04:39:03,213 - api - INFO - Using cached news data for bitcoin
2025-05-18 04:39:03,213 - data_processor - INFO - Performing sentiment analysis on 20 news articles
2025-05-18 04:39:03,229 - data_processor - INFO - Sentiment analysis complete: neutral
2025-05-18 04:39:03,230 - data_processor - INFO - Performing technical analysis for bitcoin
2025-05-18 04:39:03,273 - data_processor - ERROR - Error updating technical analysis: '<' not supported between instances of 'str' and 'int'
2025-05-18 04:39:03,274 - data_processor - INFO - All data updated at 2025-05-18 04:39:03.274322
2025-05-18 04:39:08,180 - vector_store - INFO - Vector store updated with 29 documents at 2025-05-18 04:39:08
2025-05-18 04:39:08,181 - vector_store - INFO - Added 31 new chunks to the vector store
2025-05-18 04:39:08,282 - vector_store - INFO - Vector store saved to faiss_index
2025-05-18 04:39:08,283 - bitcoinchatbot - INFO - Data update complete
2025-05-18 04:43:11,390 - price_predictor - INFO - Predicting Bitcoin price 5 days ahead
2025-05-18 04:44:02,746 - data_processor - ERROR - Error processing date price query: bad month number 15; must be 1-12: 15 2016
2025-05-18 04:44:08,634 - bitcoinchatbot - INFO - Running scheduled data update
2025-05-18 04:44:08,635 - bitcoinchatbot - INFO - Updating cryptocurrency data for: bitcoin
2025-05-18 04:44:08,636 - data_processor - INFO - Starting data update for coins: bitcoin
2025-05-18 04:44:11,724 - api - INFO - Using cached historical data for bitcoin
2025-05-18 04:44:11,732 - api - INFO - Loaded 3895 records from cache, date range: 2014-09-17 00:00:00+00:00 to 2025-05-16 00:00:00+00:00
2025-05-18 04:44:11,733 - data_processor - INFO - Successfully retrieved historical data for bitcoin: 3895 records
2025-05-18 04:44:11,734 - data_processor - INFO - Historical data for bitcoin: 3895 records from 2014-09-17 00:00:00+00:00 to 2025-05-16 00:00:00+00:00
2025-05-18 04:44:11,735 - data_processor - INFO - Columns available: ['date', 'open', 'high', 'low', 'close', 'volume', 'price']
2025-05-18 04:44:11,736 - data_processor - INFO - Building date-price lookup for bitcoin from 2014-09-17 00:00:00+00:00 to 2025-05-16 00:00:00+00:00
2025-05-18 04:44:11,877 - data_processor - INFO - Added 3895 date-price entries for bitcoin
2025-05-18 04:44:11,878 - data_processor - INFO - Built date-price lookup for 1 coins
2025-05-18 04:44:11,911 - api - INFO - Using cached market data for bitcoin
2025-05-18 04:44:11,912 - api - INFO - Successfully fetched market data for 1 coins
2025-05-18 04:44:11,918 - api - INFO - Using cached news data for bitcoin
2025-05-18 04:44:11,919 - data_processor - INFO - Performing sentiment analysis on 20 news articles
2025-05-18 04:44:11,931 - data_processor - INFO - Sentiment analysis complete: neutral
2025-05-18 04:44:11,932 - data_processor - INFO - Performing technical analysis for bitcoin
2025-05-18 04:44:11,989 - data_processor - ERROR - Error updating technical analysis: '<' not supported between instances of 'str' and 'int'
2025-05-18 04:44:11,990 - data_processor - INFO - All data updated at 2025-05-18 04:44:11.990277
2025-05-18 04:44:16,989 - vector_store - INFO - Vector store updated with 29 documents at 2025-05-18 04:44:16
2025-05-18 04:44:16,989 - vector_store - INFO - Added 31 new chunks to the vector store
2025-05-18 04:44:17,083 - vector_store - INFO - Vector store saved to faiss_index
2025-05-18 04:44:17,083 - bitcoinchatbot - INFO - Data update complete
2025-05-18 04:49:17,112 - bitcoinchatbot - INFO - Running scheduled data update
2025-05-18 04:49:17,113 - bitcoinchatbot - INFO - Updating cryptocurrency data for: bitcoin
2025-05-18 04:49:17,116 - data_processor - INFO - Starting data update for coins: bitcoin
2025-05-18 04:49:17,426 - api - INFO - Using cached historical data for bitcoin
2025-05-18 04:49:17,437 - api - INFO - Loaded 3895 records from cache, date range: 2014-09-17 00:00:00+00:00 to 2025-05-16 00:00:00+00:00
2025-05-18 04:49:17,440 - data_processor - INFO - Successfully retrieved historical data for bitcoin: 3895 records
2025-05-18 04:49:17,441 - data_processor - INFO - Historical data for bitcoin: 3895 records from 2014-09-17 00:00:00+00:00 to 2025-05-16 00:00:00+00:00
2025-05-18 04:49:17,442 - data_processor - INFO - Columns available: ['date', 'open', 'high', 'low', 'close', 'volume', 'price']
2025-05-18 04:49:17,444 - data_processor - INFO - Building date-price lookup for bitcoin from 2014-09-17 00:00:00+00:00 to 2025-05-16 00:00:00+00:00
2025-05-18 04:49:17,590 - data_processor - INFO - Added 3895 date-price entries for bitcoin
2025-05-18 04:49:17,592 - data_processor - INFO - Built date-price lookup for 1 coins
2025-05-18 04:49:17,619 - api - INFO - Using cached market data for bitcoin
2025-05-18 04:49:17,620 - api - INFO - Successfully fetched market data for 1 coins
2025-05-18 04:49:17,628 - api - INFO - Using cached news data for bitcoin
2025-05-18 04:49:17,628 - data_processor - INFO - Performing sentiment analysis on 20 news articles
2025-05-18 04:49:17,644 - data_processor - INFO - Sentiment analysis complete: neutral
2025-05-18 04:49:17,646 - data_processor - INFO - Performing technical analysis for bitcoin
2025-05-18 04:49:17,708 - data_processor - ERROR - Error updating technical analysis: '<' not supported between instances of 'str' and 'int'
2025-05-18 04:49:17,710 - data_processor - INFO - All data updated at 2025-05-18 04:49:17.710496
2025-05-18 04:49:22,566 - vector_store - INFO - Vector store updated with 29 documents at 2025-05-18 04:49:22
2025-05-18 04:49:22,567 - vector_store - INFO - Added 31 new chunks to the vector store
2025-05-18 04:49:22,665 - vector_store - INFO - Vector store saved to faiss_index
2025-05-18 04:49:22,665 - bitcoinchatbot - INFO - Data update complete
2025-05-18 04:54:22,820 - bitcoinchatbot - INFO - Running scheduled data update
2025-05-18 04:54:22,820 - bitcoinchatbot - INFO - Updating cryptocurrency data for: bitcoin
2025-05-18 04:54:22,821 - data_processor - INFO - Starting data update for coins: bitcoin
2025-05-18 04:54:23,146 - api - INFO - Using cached historical data for bitcoin
2025-05-18 04:54:23,155 - api - INFO - Loaded 3895 records from cache, date range: 2014-09-17 00:00:00+00:00 to 2025-05-16 00:00:00+00:00
2025-05-18 04:54:23,156 - data_processor - INFO - Successfully retrieved historical data for bitcoin: 3895 records
2025-05-18 04:54:23,158 - data_processor - INFO - Historical data for bitcoin: 3895 records from 2014-09-17 00:00:00+00:00 to 2025-05-16 00:00:00+00:00
2025-05-18 04:54:23,159 - data_processor - INFO - Columns available: ['date', 'open', 'high', 'low', 'close', 'volume', 'price']
2025-05-18 04:54:23,161 - data_processor - INFO - Building date-price lookup for bitcoin from 2014-09-17 00:00:00+00:00 to 2025-05-16 00:00:00+00:00
2025-05-18 04:54:23,282 - data_processor - INFO - Added 3895 date-price entries for bitcoin
2025-05-18 04:54:23,283 - data_processor - INFO - Built date-price lookup for 1 coins
2025-05-18 04:54:23,303 - api - INFO - Using cached market data for bitcoin
2025-05-18 04:54:23,304 - api - INFO - Successfully fetched market data for 1 coins
2025-05-18 04:54:23,310 - api - INFO - Using cached news data for bitcoin
2025-05-18 04:54:23,311 - data_processor - INFO - Performing sentiment analysis on 20 news articles
2025-05-18 04:54:23,325 - data_processor - INFO - Sentiment analysis complete: neutral
2025-05-18 04:54:23,326 - data_processor - INFO - Performing technical analysis for bitcoin
2025-05-18 04:54:23,374 - data_processor - ERROR - Error updating technical analysis: '<' not supported between instances of 'str' and 'int'
2025-05-18 04:54:23,376 - data_processor - INFO - All data updated at 2025-05-18 04:54:23.376079
2025-05-18 04:54:28,220 - vector_store - INFO - Vector store updated with 29 documents at 2025-05-18 04:54:28
2025-05-18 04:54:28,221 - vector_store - INFO - Added 31 new chunks to the vector store
2025-05-18 04:54:28,328 - vector_store - INFO - Vector store saved to faiss_index
2025-05-18 04:54:28,328 - bitcoinchatbot - INFO - Data update complete
2025-05-18 04:59:29,409 - bitcoinchatbot - INFO - Running scheduled data update
2025-05-18 04:59:29,410 - bitcoinchatbot - INFO - Updating cryptocurrency data for: bitcoin
2025-05-18 04:59:29,411 - data_processor - INFO - Starting data update for coins: bitcoin
2025-05-18 04:59:29,774 - api - INFO - Using cached historical data for bitcoin
2025-05-18 04:59:29,782 - api - INFO - Loaded 3895 records from cache, date range: 2014-09-17 00:00:00+00:00 to 2025-05-16 00:00:00+00:00
2025-05-18 04:59:29,784 - data_processor - INFO - Successfully retrieved historical data for bitcoin: 3895 records
2025-05-18 04:59:29,786 - data_processor - INFO - Historical data for bitcoin: 3895 records from 2014-09-17 00:00:00+00:00 to 2025-05-16 00:00:00+00:00
2025-05-18 04:59:29,787 - data_processor - INFO - Columns available: ['date', 'open', 'high', 'low', 'close', 'volume', 'price']
2025-05-18 04:59:29,793 - data_processor - INFO - Building date-price lookup for bitcoin from 2014-09-17 00:00:00+00:00 to 2025-05-16 00:00:00+00:00
2025-05-18 04:59:29,957 - data_processor - INFO - Added 3895 date-price entries for bitcoin
2025-05-18 04:59:29,958 - data_processor - INFO - Built date-price lookup for 1 coins
2025-05-18 04:59:29,985 - api - INFO - Using cached market data for bitcoin
2025-05-18 04:59:29,985 - api - INFO - Successfully fetched market data for 1 coins
2025-05-18 04:59:30,183 - api - INFO - Successfully fetched 20 news articles
2025-05-18 04:59:30,185 - data_processor - INFO - Performing sentiment analysis on 20 news articles
2025-05-18 04:59:30,208 - data_processor - INFO - Sentiment analysis complete: neutral
2025-05-18 04:59:30,209 - data_processor - INFO - Performing technical analysis for bitcoin
2025-05-18 04:59:30,277 - data_processor - ERROR - Error updating technical analysis: '<' not supported between instances of 'str' and 'int'
2025-05-18 04:59:30,278 - data_processor - INFO - All data updated at 2025-05-18 04:59:30.278886
2025-05-18 04:59:38,497 - vector_store - INFO - Vector store updated with 29 documents at 2025-05-18 04:59:38
2025-05-18 04:59:38,497 - vector_store - INFO - Added 31 new chunks to the vector store
2025-05-18 04:59:38,598 - vector_store - INFO - Vector store saved to faiss_index
2025-05-18 04:59:38,598 - bitcoinchatbot - INFO - Data update complete
2025-05-18 04:59:41,123 - price_predictor - INFO - Predicting Bitcoin price 8 days ahead
2025-05-18 05:00:15,386 - data_processor - ERROR - Error processing date price query: bad month number 14; must be 1-12: 14 2019
2025-05-18 05:04:38,895 - bitcoinchatbot - INFO - Running scheduled data update
2025-05-18 05:04:38,896 - bitcoinchatbot - INFO - Updating cryptocurrency data for: bitcoin
2025-05-18 05:04:38,897 - data_processor - INFO - Starting data update for coins: bitcoin
2025-05-18 05:04:39,876 - api - INFO - Using cached historical data for bitcoin
2025-05-18 05:04:39,883 - api - INFO - Loaded 3895 records from cache, date range: 2014-09-17 00:00:00+00:00 to 2025-05-16 00:00:00+00:00
2025-05-18 05:04:39,884 - data_processor - INFO - Successfully retrieved historical data for bitcoin: 3895 records
2025-05-18 05:04:39,885 - data_processor - INFO - Historical data for bitcoin: 3895 records from 2014-09-17 00:00:00+00:00 to 2025-05-16 00:00:00+00:00
2025-05-18 05:04:39,886 - data_processor - INFO - Columns available: ['date', 'open', 'high', 'low', 'close', 'volume', 'price']
2025-05-18 05:04:39,887 - data_processor - INFO - Building date-price lookup for bitcoin from 2014-09-17 00:00:00+00:00 to 2025-05-16 00:00:00+00:00
2025-05-18 05:04:39,997 - data_processor - INFO - Added 3895 date-price entries for bitcoin
2025-05-18 05:04:39,998 - data_processor - INFO - Built date-price lookup for 1 coins
2025-05-18 05:04:46,071 - api - INFO - Successfully fetched market data for 1 coins
2025-05-18 05:04:46,078 - api - INFO - Using cached news data for bitcoin
2025-05-18 05:04:46,079 - data_processor - INFO - Performing sentiment analysis on 20 news articles
2025-05-18 05:04:46,091 - data_processor - INFO - Sentiment analysis complete: neutral
2025-05-18 05:04:46,092 - data_processor - INFO - Performing technical analysis for bitcoin
2025-05-18 05:04:46,129 - data_processor - ERROR - Error updating technical analysis: '<' not supported between instances of 'str' and 'int'
2025-05-18 05:04:46,130 - data_processor - INFO - All data updated at 2025-05-18 05:04:46.130474
2025-05-18 05:04:50,616 - vector_store - INFO - Vector store updated with 29 documents at 2025-05-18 05:04:50
2025-05-18 05:04:50,617 - vector_store - INFO - Added 31 new chunks to the vector store
2025-05-18 05:04:50,700 - vector_store - INFO - Vector store saved to faiss_index
2025-05-18 05:04:50,700 - bitcoinchatbot - INFO - Data update complete
2025-05-18 05:07:01,603 - bitcoinchatbot - INFO - Initializing Crypto Assistant...
2025-05-18 05:07:01,696 - vector_store - INFO - Vector store loaded from faiss_index
2025-05-18 05:07:01,698 - vector_store - INFO - Enhanced QA chain initialized with multi-query retrieval and metadata filtering
2025-05-18 05:07:01,699 - bitcoinchatbot - INFO - Fetching historical data during initialization...
2025-05-18 05:07:01,886 - api - INFO - Using cached historical data for bitcoin
2025-05-18 05:07:01,894 - api - INFO - Loaded 3895 records from cache, date range: 2014-09-17 00:00:00+00:00 to 2025-05-16 00:00:00+00:00
2025-05-18 05:07:01,896 - bitcoinchatbot - INFO - Successfully retrieved historical data for bitcoin: 3895 records
2025-05-18 05:07:01,897 - data_processor - INFO - Building date-price lookup for bitcoin from 2014-09-17 00:00:00+00:00 to 2025-05-16 00:00:00+00:00
2025-05-18 05:07:02,034 - data_processor - INFO - Added 3895 date-price entries for bitcoin
2025-05-18 05:07:02,035 - bitcoinchatbot - INFO - Date-price lookup built from historical data
2025-05-18 05:07:02,036 - bitcoinchatbot - INFO - Crypto Assistant initialized successfully
2025-05-18 05:07:02,948 - price_predictor - INFO - Loaded pre-trained model from models/bitcoin_lstm.h5
2025-05-18 05:07:02,952 - price_predictor - INFO - Loaded scaler from models/bitcoin_lstm_scaler.pkl
2025-05-18 05:07:02,953 - bitcoinchatbot - INFO - Loaded existing price prediction model
2025-05-18 05:07:02,955 - bitcoinchatbot - INFO - Starting scheduled updates every 5 minutes
2025-05-18 05:07:02,955 - bitcoinchatbot - INFO - Started scheduled updates every 5 minutes
2025-05-18 05:07:03,749 - price_predictor - INFO - Loaded pre-trained model from models/bitcoin_lstm.h5
2025-05-18 05:07:03,757 - price_predictor - INFO - Loaded scaler from models/bitcoin_lstm_scaler.pkl
2025-05-18 05:07:09,373 - api - INFO - Using cached news data for bitcoin
2025-05-18 05:07:09,373 - data_processor - INFO - Performing sentiment analysis on 20 news articles
2025-05-18 05:07:09,387 - data_processor - INFO - Sentiment analysis complete: neutral
2025-05-18 05:07:09,389 - data_processor - INFO - Sentiment data updated on demand: 20 articles analyzed
2025-05-18 05:07:15,268 - price_predictor - INFO - Predicting Bitcoin price 8 days ahead
2025-05-18 05:07:28,678 - price_predictor - INFO - Predicting Bitcoin price 8 days ahead
2025-05-18 05:12:28,971 - bitcoinchatbot - INFO - Running scheduled data update
2025-05-18 05:12:28,972 - bitcoinchatbot - INFO - Running scheduled data update
2025-05-18 05:12:28,973 - bitcoinchatbot - INFO - Updating cryptocurrency data for: bitcoin
2025-05-18 05:12:28,973 - bitcoinchatbot - INFO - Updating cryptocurrency data for: bitcoin
2025-05-18 05:12:28,974 - data_processor - INFO - Starting data update for coins: bitcoin
2025-05-18 05:12:28,974 - data_processor - INFO - Starting data update for coins: bitcoin
2025-05-18 05:12:29,531 - api - INFO - Using cached historical data for bitcoin
2025-05-18 05:12:29,546 - api - INFO - Loaded 3895 records from cache, date range: 2014-09-17 00:00:00+00:00 to 2025-05-16 00:00:00+00:00
2025-05-18 05:12:29,546 - api - INFO - Using cached historical data for bitcoin
2025-05-18 05:12:29,549 - data_processor - INFO - Successfully retrieved historical data for bitcoin: 3895 records
2025-05-18 05:12:29,557 - api - INFO - Loaded 3895 records from cache, date range: 2014-09-17 00:00:00+00:00 to 2025-05-16 00:00:00+00:00
2025-05-18 05:12:29,559 - data_processor - INFO - Historical data for bitcoin: 3895 records from 2014-09-17 00:00:00+00:00 to 2025-05-16 00:00:00+00:00
2025-05-18 05:12:29,562 - data_processor - INFO - Successfully retrieved historical data for bitcoin: 3895 records
2025-05-18 05:12:29,562 - data_processor - INFO - Columns available: ['date', 'open', 'high', 'low', 'close', 'volume', 'price']
2025-05-18 05:12:29,564 - data_processor - INFO - Historical data for bitcoin: 3895 records from 2014-09-17 00:00:00+00:00 to 2025-05-16 00:00:00+00:00
2025-05-18 05:12:29,567 - data_processor - INFO - Columns available: ['date', 'open', 'high', 'low', 'close', 'volume', 'price']
2025-05-18 05:12:29,566 - data_processor - INFO - Building date-price lookup for bitcoin from 2014-09-17 00:00:00+00:00 to 2025-05-16 00:00:00+00:00
2025-05-18 05:12:29,569 - data_processor - INFO - Building date-price lookup for bitcoin from 2014-09-17 00:00:00+00:00 to 2025-05-16 00:00:00+00:00
2025-05-18 05:12:29,889 - data_processor - INFO - Added 3895 date-price entries for bitcoin
2025-05-18 05:12:29,891 - data_processor - INFO - Added 3895 date-price entries for bitcoin
2025-05-18 05:12:29,891 - data_processor - INFO - Built date-price lookup for 1 coins
2025-05-18 05:12:29,892 - data_processor - INFO - Built date-price lookup for 1 coins
2025-05-18 05:12:29,953 - api - INFO - Using cached market data for bitcoin
2025-05-18 05:12:29,958 - api - INFO - Successfully fetched market data for 1 coins
2025-05-18 05:12:29,959 - api - INFO - Using cached market data for bitcoin
2025-05-18 05:12:29,960 - api - INFO - Successfully fetched market data for 1 coins
2025-05-18 05:12:29,969 - api - INFO - Using cached news data for bitcoin
2025-05-18 05:12:29,972 - data_processor - INFO - Performing sentiment analysis on 20 news articles
2025-05-18 05:12:29,972 - api - INFO - Using cached news data for bitcoin
2025-05-18 05:12:29,989 - data_processor - INFO - Performing sentiment analysis on 20 news articles
2025-05-18 05:12:29,997 - data_processor - INFO - Sentiment analysis complete: neutral
2025-05-18 05:12:30,009 - data_processor - INFO - Performing technical analysis for bitcoin
2025-05-18 05:12:30,017 - data_processor - INFO - Sentiment analysis complete: neutral
2025-05-18 05:12:30,032 - data_processor - INFO - Performing technical analysis for bitcoin
2025-05-18 05:12:30,219 - data_processor - ERROR - Error updating technical analysis: '<' not supported between instances of 'str' and 'int'
2025-05-18 05:12:30,237 - data_processor - INFO - All data updated at 2025-05-18 05:12:30.237838
2025-05-18 05:12:30,261 - data_processor - ERROR - Error updating technical analysis: '<' not supported between instances of 'str' and 'int'
2025-05-18 05:12:30,265 - data_processor - INFO - All data updated at 2025-05-18 05:12:30.265882
2025-05-18 05:14:51,189 - vector_store - INFO - Vector store updated with 29 documents at 2025-05-18 05:14:51
2025-05-18 05:14:51,190 - vector_store - INFO - Added 31 new chunks to the vector store
2025-05-18 05:14:52,634 - vector_store - INFO - Vector store saved to faiss_index
2025-05-18 05:14:52,636 - vector_store - INFO - Vector store updated with 29 documents at 2025-05-18 05:14:52
2025-05-18 05:14:52,636 - bitcoinchatbot - INFO - Data update complete
2025-05-18 05:14:52,637 - vector_store - INFO - Added 31 new chunks to the vector store
2025-05-18 05:14:52,637 - bitcoinchatbot - INFO - Running scheduled data update
2025-05-18 05:14:52,638 - bitcoinchatbot - INFO - Updating cryptocurrency data for: bitcoin
2025-05-18 05:14:52,639 - data_processor - INFO - Starting data update for coins: bitcoin
2025-05-18 05:14:52,645 - api - INFO - Using cached price data for bitcoin
2025-05-18 05:14:52,789 - api - INFO - Using cached historical data for bitcoin
2025-05-18 05:14:52,798 - api - INFO - Loaded 3895 records from cache, date range: 2014-09-17 00:00:00+00:00 to 2025-05-16 00:00:00+00:00
2025-05-18 05:14:52,799 - data_processor - INFO - Successfully retrieved historical data for bitcoin: 3895 records
2025-05-18 05:14:52,801 - data_processor - INFO - Historical data for bitcoin: 3895 records from 2014-09-17 00:00:00+00:00 to 2025-05-16 00:00:00+00:00
2025-05-18 05:14:52,802 - data_processor - INFO - Columns available: ['date', 'open', 'high', 'low', 'close', 'volume', 'price']
2025-05-18 05:14:52,807 - data_processor - INFO - Building date-price lookup for bitcoin from 2014-09-17 00:00:00+00:00 to 2025-05-16 00:00:00+00:00
2025-05-18 05:14:52,963 - data_processor - INFO - Added 3895 date-price entries for bitcoin
2025-05-18 05:14:52,966 - data_processor - INFO - Built date-price lookup for 1 coins
2025-05-18 05:14:52,968 - vector_store - INFO - Vector store saved to faiss_index
2025-05-18 05:14:52,969 - bitcoinchatbot - INFO - Data update complete
2025-05-18 05:14:52,970 - bitcoinchatbot - INFO - Running scheduled data update
2025-05-18 05:14:52,971 - bitcoinchatbot - INFO - Updating cryptocurrency data for: bitcoin
2025-05-18 05:14:52,972 - data_processor - INFO - Starting data update for coins: bitcoin
2025-05-18 05:14:53,001 - api - INFO - Using cached price data for bitcoin
2025-05-18 05:14:53,001 - api - INFO - Using cached market data for bitcoin
2025-05-18 05:14:53,003 - api - INFO - Successfully fetched market data for 1 coins
2025-05-18 05:14:53,030 - api - INFO - Using cached news data for bitcoin
2025-05-18 05:14:53,036 - data_processor - INFO - Performing sentiment analysis on 20 news articles
2025-05-18 05:14:53,077 - data_processor - INFO - Sentiment analysis complete: neutral
2025-05-18 05:14:53,099 - data_processor - INFO - Performing technical analysis for bitcoin
2025-05-18 05:14:53,246 - api - INFO - Using cached historical data for bitcoin
2025-05-18 05:14:53,257 - api - INFO - Loaded 3895 records from cache, date range: 2014-09-17 00:00:00+00:00 to 2025-05-16 00:00:00+00:00
2025-05-18 05:14:53,262 - data_processor - INFO - Successfully retrieved historical data for bitcoin: 3895 records
2025-05-18 05:14:53,266 - data_processor - INFO - Historical data for bitcoin: 3895 records from 2014-09-17 00:00:00+00:00 to 2025-05-16 00:00:00+00:00
2025-05-18 05:14:53,271 - data_processor - INFO - Columns available: ['date', 'open', 'high', 'low', 'close', 'volume', 'price']
2025-05-18 05:14:53,275 - data_processor - INFO - Building date-price lookup for bitcoin from 2014-09-17 00:00:00+00:00 to 2025-05-16 00:00:00+00:00
2025-05-18 05:14:53,479 - data_processor - INFO - Added 3895 date-price entries for bitcoin
2025-05-18 05:14:53,485 - data_processor - INFO - Built date-price lookup for 1 coins
2025-05-18 05:14:53,500 - data_processor - ERROR - Error updating technical analysis: '<' not supported between instances of 'str' and 'int'
2025-05-18 05:14:53,502 - data_processor - INFO - All data updated at 2025-05-18 05:14:53.502013
2025-05-18 05:14:53,550 - api - INFO - Using cached market data for bitcoin
2025-05-18 05:14:53,551 - api - INFO - Successfully fetched market data for 1 coins
2025-05-18 05:14:53,588 - api - INFO - Using cached news data for bitcoin
2025-05-18 05:14:53,590 - data_processor - INFO - Performing sentiment analysis on 20 news articles
2025-05-18 05:14:53,620 - data_processor - INFO - Sentiment analysis complete: neutral
2025-05-18 05:14:53,621 - data_processor - INFO - Performing technical analysis for bitcoin
2025-05-18 05:14:53,656 - data_processor - ERROR - Error updating technical analysis: '<' not supported between instances of 'str' and 'int'
2025-05-18 05:14:53,659 - data_processor - INFO - All data updated at 2025-05-18 05:14:53.659343
2025-05-18 05:15:03,897 - vector_store - INFO - Vector store updated with 29 documents at 2025-05-18 05:15:03
2025-05-18 05:15:03,898 - vector_store - INFO - Added 31 new chunks to the vector store
2025-05-18 05:15:04,024 - vector_store - INFO - Vector store saved to faiss_index
2025-05-18 05:15:04,025 - bitcoinchatbot - INFO - Data update complete
2025-05-18 05:15:04,036 - vector_store - INFO - Vector store updated with 29 documents at 2025-05-18 05:15:04
2025-05-18 05:15:04,037 - vector_store - INFO - Added 31 new chunks to the vector store
2025-05-18 05:15:04,179 - vector_store - INFO - Vector store saved to faiss_index
2025-05-18 05:15:04,180 - bitcoinchatbot - INFO - Data update complete
2025-05-18 05:19:53,604 - bitcoinchatbot - INFO - Running scheduled data update
2025-05-18 05:19:53,607 - bitcoinchatbot - INFO - Updating cryptocurrency data for: bitcoin
2025-05-18 05:19:53,609 - data_processor - INFO - Starting data update for coins: bitcoin
2025-05-18 05:19:53,770 - bitcoinchatbot - INFO - Running scheduled data update
2025-05-18 05:19:53,772 - bitcoinchatbot - INFO - Updating cryptocurrency data for: bitcoin
2025-05-18 05:19:53,774 - data_processor - INFO - Starting data update for coins: bitcoin
2025-05-18 05:19:54,241 - api - INFO - Using cached historical data for bitcoin
2025-05-18 05:19:54,285 - api - INFO - Loaded 3895 records from cache, date range: 2014-09-17 00:00:00+00:00 to 2025-05-16 00:00:00+00:00
2025-05-18 05:19:54,298 - data_processor - INFO - Successfully retrieved historical data for bitcoin: 3895 records
2025-05-18 05:19:54,320 - data_processor - INFO - Historical data for bitcoin: 3895 records from 2014-09-17 00:00:00+00:00 to 2025-05-16 00:00:00+00:00
2025-05-18 05:19:54,332 - api - INFO - Using cached historical data for bitcoin
2025-05-18 05:19:54,332 - data_processor - INFO - Columns available: ['date', 'open', 'high', 'low', 'close', 'volume', 'price']
2025-05-18 05:19:54,345 - data_processor - INFO - Building date-price lookup for bitcoin from 2014-09-17 00:00:00+00:00 to 2025-05-16 00:00:00+00:00
2025-05-18 05:19:54,346 - api - INFO - Loaded 3895 records from cache, date range: 2014-09-17 00:00:00+00:00 to 2025-05-16 00:00:00+00:00
2025-05-18 05:19:54,361 - data_processor - INFO - Successfully retrieved historical data for bitcoin: 3895 records
2025-05-18 05:19:54,367 - data_processor - INFO - Historical data for bitcoin: 3895 records from 2014-09-17 00:00:00+00:00 to 2025-05-16 00:00:00+00:00
2025-05-18 05:19:54,384 - data_processor - INFO - Columns available: ['date', 'open', 'high', 'low', 'close', 'volume', 'price']
2025-05-18 05:19:54,407 - data_processor - INFO - Building date-price lookup for bitcoin from 2014-09-17 00:00:00+00:00 to 2025-05-16 00:00:00+00:00
2025-05-18 05:19:54,645 - data_processor - INFO - Added 3895 date-price entries for bitcoin
2025-05-18 05:19:54,677 - data_processor - INFO - Built date-price lookup for 1 coins
2025-05-18 05:19:54,738 - data_processor - INFO - Added 3895 date-price entries for bitcoin
2025-05-18 05:19:54,740 - data_processor - INFO - Built date-price lookup for 1 coins
2025-05-18 05:19:54,764 - api - INFO - Using cached market data for bitcoin
2025-05-18 05:19:54,765 - api - INFO - Successfully fetched market data for 1 coins
2025-05-18 05:19:54,797 - api - INFO - Using cached market data for bitcoin
2025-05-18 05:19:54,798 - api - INFO - Successfully fetched market data for 1 coins
2025-05-18 05:19:54,801 - api - INFO - Using cached news data for bitcoin
2025-05-18 05:19:54,809 - data_processor - INFO - Performing sentiment analysis on 20 news articles
2025-05-18 05:19:54,828 - api - INFO - Using cached news data for bitcoin
2025-05-18 05:19:54,829 - data_processor - INFO - Sentiment analysis complete: neutral
2025-05-18 05:19:54,831 - data_processor - INFO - Performing sentiment analysis on 20 news articles
2025-05-18 05:19:54,834 - data_processor - INFO - Performing technical analysis for bitcoin
2025-05-18 05:19:54,890 - data_processor - INFO - Sentiment analysis complete: neutral
2025-05-18 05:19:54,904 - data_processor - INFO - Performing technical analysis for bitcoin
2025-05-18 05:19:54,998 - data_processor - ERROR - Error updating technical analysis: '<' not supported between instances of 'str' and 'int'
2025-05-18 05:19:55,004 - data_processor - ERROR - Error updating technical analysis: '<' not supported between instances of 'str' and 'int'
2025-05-18 05:19:55,005 - data_processor - INFO - All data updated at 2025-05-18 05:19:55.005658
2025-05-18 05:19:55,007 - data_processor - INFO - All data updated at 2025-05-18 05:19:55.007469
2025-05-18 05:20:04,982 - vector_store - INFO - Vector store updated with 29 documents at 2025-05-18 05:20:04
2025-05-18 05:20:04,986 - vector_store - INFO - Added 31 new chunks to the vector store
2025-05-18 05:20:05,122 - vector_store - INFO - Vector store saved to faiss_index
2025-05-18 05:20:05,122 - bitcoinchatbot - INFO - Data update complete
2025-05-18 05:20:05,154 - vector_store - INFO - Vector store updated with 29 documents at 2025-05-18 05:20:05
2025-05-18 05:20:05,155 - vector_store - INFO - Added 31 new chunks to the vector store
2025-05-18 05:20:05,313 - vector_store - INFO - Vector store saved to faiss_index
2025-05-18 05:20:05,314 - bitcoinchatbot - INFO - Data update complete
2025-05-18 05:20:06,123 - bitcoinchatbot - INFO - Running scheduled data update
2025-05-18 05:20:06,125 - bitcoinchatbot - INFO - Updating cryptocurrency data for: bitcoin
2025-05-18 05:20:06,126 - data_processor - INFO - Starting data update for coins: bitcoin
2025-05-18 05:20:06,142 - api - INFO - Using cached price data for bitcoin
2025-05-18 05:20:06,322 - bitcoinchatbot - INFO - Running scheduled data update
2025-05-18 05:20:06,328 - bitcoinchatbot - INFO - Updating cryptocurrency data for: bitcoin
2025-05-18 05:20:06,335 - data_processor - INFO - Starting data update for coins: bitcoin
2025-05-18 05:20:06,404 - api - INFO - Using cached price data for bitcoin
2025-05-18 05:20:06,405 - api - INFO - Using cached historical data for bitcoin
2025-05-18 05:20:06,415 - api - INFO - Loaded 3895 records from cache, date range: 2014-09-17 00:00:00+00:00 to 2025-05-16 00:00:00+00:00
2025-05-18 05:20:06,419 - data_processor - INFO - Successfully retrieved historical data for bitcoin: 3895 records
2025-05-18 05:20:06,421 - data_processor - INFO - Historical data for bitcoin: 3895 records from 2014-09-17 00:00:00+00:00 to 2025-05-16 00:00:00+00:00
2025-05-18 05:20:06,422 - data_processor - INFO - Columns available: ['date', 'open', 'high', 'low', 'close', 'volume', 'price']
2025-05-18 05:20:06,423 - data_processor - INFO - Building date-price lookup for bitcoin from 2014-09-17 00:00:00+00:00 to 2025-05-16 00:00:00+00:00
2025-05-18 05:20:06,770 - data_processor - INFO - Added 3895 date-price entries for bitcoin
2025-05-18 05:20:06,782 - data_processor - INFO - Built date-price lookup for 1 coins
2025-05-18 05:20:06,783 - api - INFO - Using cached historical data for bitcoin
2025-05-18 05:20:06,791 - api - INFO - Loaded 3895 records from cache, date range: 2014-09-17 00:00:00+00:00 to 2025-05-16 00:00:00+00:00
2025-05-18 05:20:06,792 - data_processor - INFO - Successfully retrieved historical data for bitcoin: 3895 records
2025-05-18 05:20:06,793 - data_processor - INFO - Historical data for bitcoin: 3895 records from 2014-09-17 00:00:00+00:00 to 2025-05-16 00:00:00+00:00
2025-05-18 05:20:06,795 - data_processor - INFO - Columns available: ['date', 'open', 'high', 'low', 'close', 'volume', 'price']
2025-05-18 05:20:06,801 - data_processor - INFO - Building date-price lookup for bitcoin from 2014-09-17 00:00:00+00:00 to 2025-05-16 00:00:00+00:00
2025-05-18 05:20:06,828 - api - INFO - Using cached market data for bitcoin
2025-05-18 05:20:06,845 - api - INFO - Successfully fetched market data for 1 coins
2025-05-18 05:20:06,931 - api - INFO - Using cached news data for bitcoin
2025-05-18 05:20:06,948 - data_processor - INFO - Performing sentiment analysis on 20 news articles
2025-05-18 05:20:06,998 - data_processor - INFO - Sentiment analysis complete: neutral
2025-05-18 05:20:07,011 - data_processor - INFO - Added 3895 date-price entries for bitcoin
2025-05-18 05:20:07,011 - data_processor - INFO - Performing technical analysis for bitcoin
2025-05-18 05:20:07,013 - data_processor - INFO - Built date-price lookup for 1 coins
2025-05-18 05:20:07,054 - api - INFO - Using cached market data for bitcoin
2025-05-18 05:20:07,055 - api - INFO - Successfully fetched market data for 1 coins
2025-05-18 05:20:07,086 - api - INFO - Using cached news data for bitcoin
2025-05-18 05:20:07,089 - data_processor - INFO - Performing sentiment analysis on 20 news articles
2025-05-18 05:20:07,106 - data_processor - INFO - Sentiment analysis complete: neutral
2025-05-18 05:20:07,109 - data_processor - INFO - Performing technical analysis for bitcoin
2025-05-18 05:20:07,134 - data_processor - ERROR - Error updating technical analysis: '<' not supported between instances of 'str' and 'int'
2025-05-18 05:20:07,136 - data_processor - INFO - All data updated at 2025-05-18 05:20:07.136939
2025-05-18 05:20:07,192 - data_processor - ERROR - Error updating technical analysis: '<' not supported between instances of 'str' and 'int'
2025-05-18 05:20:07,198 - data_processor - INFO - All data updated at 2025-05-18 05:20:07.198914
2025-05-18 05:20:19,575 - vector_store - INFO - Vector store updated with 29 documents at 2025-05-18 05:20:19
2025-05-18 05:20:19,575 - vector_store - INFO - Added 31 new chunks to the vector store
2025-05-18 05:20:19,704 - vector_store - INFO - Vector store saved to faiss_index
2025-05-18 05:20:19,705 - bitcoinchatbot - INFO - Data update complete
2025-05-18 05:20:19,741 - vector_store - INFO - Vector store updated with 29 documents at 2025-05-18 05:20:19
2025-05-18 05:20:19,741 - vector_store - INFO - Added 31 new chunks to the vector store
2025-05-18 05:20:19,888 - vector_store - INFO - Vector store saved to faiss_index
2025-05-18 05:20:19,889 - bitcoinchatbot - INFO - Data update complete
2025-05-18 05:25:06,015 - bitcoinchatbot - INFO - Running scheduled data update
2025-05-18 05:25:06,018 - bitcoinchatbot - INFO - Updating cryptocurrency data for: bitcoin
2025-05-18 05:25:06,020 - data_processor - INFO - Starting data update for coins: bitcoin
2025-05-18 05:25:06,188 - bitcoinchatbot - INFO - Running scheduled data update
2025-05-18 05:25:06,190 - bitcoinchatbot - INFO - Updating cryptocurrency data for: bitcoin
2025-05-18 05:25:06,191 - data_processor - INFO - Starting data update for coins: bitcoin
2025-05-18 05:25:06,506 - api - INFO - Using cached historical data for bitcoin
2025-05-18 05:25:06,535 - api - INFO - Loaded 3895 records from cache, date range: 2014-09-17 00:00:00+00:00 to 2025-05-16 00:00:00+00:00
2025-05-18 05:25:06,548 - data_processor - INFO - Successfully retrieved historical data for bitcoin: 3895 records
2025-05-18 05:25:06,555 - data_processor - INFO - Historical data for bitcoin: 3895 records from 2014-09-17 00:00:00+00:00 to 2025-05-16 00:00:00+00:00
2025-05-18 05:25:06,560 - data_processor - INFO - Columns available: ['date', 'open', 'high', 'low', 'close', 'volume', 'price']
2025-05-18 05:25:06,589 - data_processor - INFO - Building date-price lookup for bitcoin from 2014-09-17 00:00:00+00:00 to 2025-05-16 00:00:00+00:00
2025-05-18 05:25:06,644 - api - INFO - Using cached historical data for bitcoin
2025-05-18 05:25:06,704 - api - INFO - Loaded 3895 records from cache, date range: 2014-09-17 00:00:00+00:00 to 2025-05-16 00:00:00+00:00
2025-05-18 05:25:06,732 - data_processor - INFO - Successfully retrieved historical data for bitcoin: 3895 records
2025-05-18 05:25:06,740 - data_processor - INFO - Historical data for bitcoin: 3895 records from 2014-09-17 00:00:00+00:00 to 2025-05-16 00:00:00+00:00
2025-05-18 05:25:06,757 - data_processor - INFO - Columns available: ['date', 'open', 'high', 'low', 'close', 'volume', 'price']
2025-05-18 05:25:06,774 - data_processor - INFO - Building date-price lookup for bitcoin from 2014-09-17 00:00:00+00:00 to 2025-05-16 00:00:00+00:00
2025-05-18 05:25:06,795 - data_processor - INFO - Added 3895 date-price entries for bitcoin
2025-05-18 05:25:06,811 - data_processor - INFO - Built date-price lookup for 1 coins
2025-05-18 05:25:06,920 - api - INFO - Using cached market data for bitcoin
2025-05-18 05:25:06,932 - api - INFO - Successfully fetched market data for 1 coins
2025-05-18 05:25:06,999 - api - INFO - Using cached news data for bitcoin
2025-05-18 05:25:07,020 - data_processor - INFO - Performing sentiment analysis on 20 news articles
2025-05-18 05:25:07,065 - data_processor - INFO - Added 3895 date-price entries for bitcoin
2025-05-18 05:25:07,072 - data_processor - INFO - Built date-price lookup for 1 coins
2025-05-18 05:25:07,076 - data_processor - INFO - Sentiment analysis complete: neutral
2025-05-18 05:25:07,078 - data_processor - INFO - Performing technical analysis for bitcoin
2025-05-18 05:25:07,121 - api - INFO - Using cached market data for bitcoin
2025-05-18 05:25:07,126 - api - INFO - Successfully fetched market data for 1 coins
2025-05-18 05:25:07,157 - api - INFO - Using cached news data for bitcoin
2025-05-18 05:25:07,160 - data_processor - INFO - Performing sentiment analysis on 20 news articles
2025-05-18 05:25:07,181 - data_processor - INFO - Sentiment analysis complete: neutral
2025-05-18 05:25:07,182 - data_processor - INFO - Performing technical analysis for bitcoin
2025-05-18 05:25:07,218 - data_processor - ERROR - Error updating technical analysis: '<' not supported between instances of 'str' and 'int'
2025-05-18 05:25:07,220 - data_processor - INFO - All data updated at 2025-05-18 05:25:07.220068
2025-05-18 05:25:07,257 - data_processor - ERROR - Error updating technical analysis: '<' not supported between instances of 'str' and 'int'
2025-05-18 05:25:07,258 - data_processor - INFO - All data updated at 2025-05-18 05:25:07.258920
2025-05-18 05:25:20,096 - vector_store - INFO - Vector store updated with 29 documents at 2025-05-18 05:25:20
2025-05-18 05:25:20,097 - vector_store - INFO - Added 31 new chunks to the vector store
2025-05-18 05:25:20,226 - vector_store - INFO - Vector store saved to faiss_index
2025-05-18 05:25:20,226 - bitcoinchatbot - INFO - Data update complete
2025-05-18 05:25:20,250 - vector_store - INFO - Vector store updated with 29 documents at 2025-05-18 05:25:20
2025-05-18 05:25:20,251 - vector_store - INFO - Added 31 new chunks to the vector store
2025-05-18 05:25:20,361 - vector_store - INFO - Vector store saved to faiss_index
2025-05-18 05:25:20,362 - bitcoinchatbot - INFO - Data update complete
2025-05-18 05:25:21,229 - bitcoinchatbot - INFO - Running scheduled data update
2025-05-18 05:25:21,230 - bitcoinchatbot - INFO - Updating cryptocurrency data for: bitcoin
2025-05-18 05:25:21,231 - data_processor - INFO - Starting data update for coins: bitcoin
2025-05-18 05:25:21,241 - api - INFO - Using cached price data for bitcoin
2025-05-18 05:25:21,369 - bitcoinchatbot - INFO - Running scheduled data update
2025-05-18 05:25:21,385 - bitcoinchatbot - INFO - Updating cryptocurrency data for: bitcoin
2025-05-18 05:25:21,401 - data_processor - INFO - Starting data update for coins: bitcoin
2025-05-18 05:25:21,462 - api - INFO - Using cached historical data for bitcoin
2025-05-18 05:25:21,472 - api - INFO - Loaded 3895 records from cache, date range: 2014-09-17 00:00:00+00:00 to 2025-05-16 00:00:00+00:00
2025-05-18 05:25:21,472 - api - INFO - Using cached price data for bitcoin
2025-05-18 05:25:21,473 - data_processor - INFO - Successfully retrieved historical data for bitcoin: 3895 records
2025-05-18 05:25:21,475 - data_processor - INFO - Historical data for bitcoin: 3895 records from 2014-09-17 00:00:00+00:00 to 2025-05-16 00:00:00+00:00
2025-05-18 05:25:21,476 - data_processor - INFO - Columns available: ['date', 'open', 'high', 'low', 'close', 'volume', 'price']
2025-05-18 05:25:21,477 - data_processor - INFO - Building date-price lookup for bitcoin from 2014-09-17 00:00:00+00:00 to 2025-05-16 00:00:00+00:00
2025-05-18 05:25:21,770 - data_processor - INFO - Added 3895 date-price entries for bitcoin
2025-05-18 05:25:21,792 - data_processor - INFO - Built date-price lookup for 1 coins
2025-05-18 05:25:21,803 - api - INFO - Using cached historical data for bitcoin
2025-05-18 05:25:21,811 - api - INFO - Loaded 3895 records from cache, date range: 2014-09-17 00:00:00+00:00 to 2025-05-16 00:00:00+00:00
2025-05-18 05:25:21,812 - data_processor - INFO - Successfully retrieved historical data for bitcoin: 3895 records
2025-05-18 05:25:21,813 - data_processor - INFO - Historical data for bitcoin: 3895 records from 2014-09-17 00:00:00+00:00 to 2025-05-16 00:00:00+00:00
2025-05-18 05:25:21,814 - data_processor - INFO - Columns available: ['date', 'open', 'high', 'low', 'close', 'volume', 'price']
2025-05-18 05:25:21,837 - api - INFO - Using cached market data for bitcoin
2025-05-18 05:25:21,837 - data_processor - INFO - Building date-price lookup for bitcoin from 2014-09-17 00:00:00+00:00 to 2025-05-16 00:00:00+00:00
2025-05-18 05:25:21,838 - api - INFO - Successfully fetched market data for 1 coins
2025-05-18 05:25:21,925 - api - INFO - Using cached news data for bitcoin
2025-05-18 05:25:21,946 - data_processor - INFO - Performing sentiment analysis on 20 news articles
2025-05-18 05:25:21,992 - data_processor - INFO - Sentiment analysis complete: neutral
2025-05-18 05:25:22,013 - data_processor - INFO - Performing technical analysis for bitcoin
2025-05-18 05:25:22,029 - data_processor - INFO - Added 3895 date-price entries for bitcoin
2025-05-18 05:25:22,030 - data_processor - INFO - Built date-price lookup for 1 coins
2025-05-18 05:25:22,068 - api - INFO - Using cached market data for bitcoin
2025-05-18 05:25:22,075 - api - INFO - Successfully fetched market data for 1 coins
2025-05-18 05:25:22,097 - api - INFO - Using cached news data for bitcoin
2025-05-18 05:25:22,098 - data_processor - INFO - Performing sentiment analysis on 20 news articles
2025-05-18 05:25:22,117 - data_processor - INFO - Sentiment analysis complete: neutral
2025-05-18 05:25:22,118 - data_processor - INFO - Performing technical analysis for bitcoin
2025-05-18 05:25:22,136 - data_processor - ERROR - Error updating technical analysis: '<' not supported between instances of 'str' and 'int'
2025-05-18 05:25:22,139 - data_processor - INFO - All data updated at 2025-05-18 05:25:22.139651
2025-05-18 05:25:22,183 - data_processor - ERROR - Error updating technical analysis: '<' not supported between instances of 'str' and 'int'
2025-05-18 05:25:22,184 - data_processor - INFO - All data updated at 2025-05-18 05:25:22.184418
2025-05-18 05:25:32,249 - vector_store - INFO - Vector store updated with 29 documents at 2025-05-18 05:25:32
2025-05-18 05:25:32,250 - vector_store - INFO - Added 31 new chunks to the vector store
2025-05-18 05:25:32,407 - vector_store - INFO - Vector store saved to faiss_index
2025-05-18 05:25:32,408 - bitcoinchatbot - INFO - Data update complete
2025-05-18 05:25:32,429 - vector_store - INFO - Vector store updated with 29 documents at 2025-05-18 05:25:32
2025-05-18 05:25:32,429 - vector_store - INFO - Added 31 new chunks to the vector store
2025-05-18 05:25:32,561 - vector_store - INFO - Vector store saved to faiss_index
2025-05-18 05:25:32,561 - bitcoinchatbot - INFO - Data update complete
2025-05-18 05:30:20,949 - bitcoinchatbot - INFO - Running scheduled data update
2025-05-18 05:30:20,950 - bitcoinchatbot - INFO - Updating cryptocurrency data for: bitcoin
2025-05-18 05:30:20,952 - data_processor - INFO - Starting data update for coins: bitcoin
2025-05-18 05:30:21,094 - bitcoinchatbot - INFO - Running scheduled data update
2025-05-18 05:30:21,094 - bitcoinchatbot - INFO - Updating cryptocurrency data for: bitcoin
2025-05-18 05:30:21,095 - data_processor - INFO - Starting data update for coins: bitcoin
2025-05-18 05:30:21,116 - api - INFO - Using cached price data for bitcoin
2025-05-18 05:30:21,344 - api - INFO - Using cached historical data for bitcoin
2025-05-18 05:30:21,378 - api - INFO - Loaded 3895 records from cache, date range: 2014-09-17 00:00:00+00:00 to 2025-05-16 00:00:00+00:00
2025-05-18 05:30:21,401 - data_processor - INFO - Successfully retrieved historical data for bitcoin: 3895 records
2025-05-18 05:30:21,413 - data_processor - INFO - Historical data for bitcoin: 3895 records from 2014-09-17 00:00:00+00:00 to 2025-05-16 00:00:00+00:00
2025-05-18 05:30:21,414 - api - INFO - Using cached historical data for bitcoin
2025-05-18 05:30:21,414 - data_processor - INFO - Columns available: ['date', 'open', 'high', 'low', 'close', 'volume', 'price']
2025-05-18 05:30:21,421 - data_processor - INFO - Building date-price lookup for bitcoin from 2014-09-17 00:00:00+00:00 to 2025-05-16 00:00:00+00:00
2025-05-18 05:30:21,451 - api - INFO - Loaded 3895 records from cache, date range: 2014-09-17 00:00:00+00:00 to 2025-05-16 00:00:00+00:00
2025-05-18 05:30:21,463 - data_processor - INFO - Successfully retrieved historical data for bitcoin: 3895 records
2025-05-18 05:30:21,470 - data_processor - INFO - Historical data for bitcoin: 3895 records from 2014-09-17 00:00:00+00:00 to 2025-05-16 00:00:00+00:00
2025-05-18 05:30:21,483 - data_processor - INFO - Columns available: ['date', 'open', 'high', 'low', 'close', 'volume', 'price']
2025-05-18 05:30:21,510 - data_processor - INFO - Building date-price lookup for bitcoin from 2014-09-17 00:00:00+00:00 to 2025-05-16 00:00:00+00:00
2025-05-18 05:30:21,609 - data_processor - INFO - Added 3895 date-price entries for bitcoin
2025-05-18 05:30:21,630 - data_processor - INFO - Built date-price lookup for 1 coins
2025-05-18 05:30:21,707 - data_processor - INFO - Added 3895 date-price entries for bitcoin
2025-05-18 05:30:21,713 - data_processor - INFO - Built date-price lookup for 1 coins
2025-05-18 05:30:21,738 - api - INFO - Using cached market data for bitcoin
2025-05-18 05:30:21,739 - api - INFO - Successfully fetched market data for 1 coins
2025-05-18 05:30:21,759 - api - INFO - Using cached market data for bitcoin
2025-05-18 05:30:21,759 - api - INFO - Successfully fetched market data for 1 coins
2025-05-18 05:30:21,910 - api - INFO - Successfully fetched 20 news articles
2025-05-18 05:30:21,912 - data_processor - INFO - Performing sentiment analysis on 20 news articles
2025-05-18 05:30:21,924 - data_processor - INFO - Sentiment analysis complete: neutral
2025-05-18 05:30:21,925 - data_processor - INFO - Performing technical analysis for bitcoin
2025-05-18 05:30:21,953 - api - INFO - Successfully fetched 20 news articles
2025-05-18 05:30:21,961 - data_processor - INFO - Performing sentiment analysis on 20 news articles
2025-05-18 05:30:21,978 - data_processor - INFO - Sentiment analysis complete: neutral
2025-05-18 05:30:21,983 - data_processor - INFO - Performing technical analysis for bitcoin
2025-05-18 05:30:22,041 - data_processor - ERROR - Error updating technical analysis: '<' not supported between instances of 'str' and 'int'
2025-05-18 05:30:22,043 - data_processor - INFO - All data updated at 2025-05-18 05:30:22.043160
2025-05-18 05:30:22,062 - data_processor - ERROR - Error updating technical analysis: '<' not supported between instances of 'str' and 'int'
2025-05-18 05:30:22,071 - data_processor - INFO - All data updated at 2025-05-18 05:30:22.071321
2025-05-18 05:30:34,993 - vector_store - INFO - Vector store updated with 29 documents at 2025-05-18 05:30:34
2025-05-18 05:30:34,994 - vector_store - INFO - Added 31 new chunks to the vector store
2025-05-18 05:30:35,160 - vector_store - INFO - Vector store updated with 29 documents at 2025-05-18 05:30:35
2025-05-18 05:30:35,161 - vector_store - INFO - Added 31 new chunks to the vector store
2025-05-18 05:30:35,165 - vector_store - INFO - Vector store saved to faiss_index
2025-05-18 05:30:35,166 - bitcoinchatbot - INFO - Data update complete
2025-05-18 05:30:35,331 - vector_store - INFO - Vector store saved to faiss_index
2025-05-18 05:30:35,332 - bitcoinchatbot - INFO - Data update complete
2025-05-18 05:30:36,167 - bitcoinchatbot - INFO - Running scheduled data update
2025-05-18 05:30:36,169 - bitcoinchatbot - INFO - Updating cryptocurrency data for: bitcoin
2025-05-18 05:30:36,171 - data_processor - INFO - Starting data update for coins: bitcoin
2025-05-18 05:30:36,186 - api - INFO - Using cached price data for bitcoin
2025-05-18 05:30:36,338 - bitcoinchatbot - INFO - Running scheduled data update
2025-05-18 05:30:36,350 - bitcoinchatbot - INFO - Updating cryptocurrency data for: bitcoin
2025-05-18 05:30:36,372 - data_processor - INFO - Starting data update for coins: bitcoin
2025-05-18 05:30:36,378 - api - INFO - Using cached historical data for bitcoin
2025-05-18 05:30:36,387 - api - INFO - Loaded 3895 records from cache, date range: 2014-09-17 00:00:00+00:00 to 2025-05-16 00:00:00+00:00
2025-05-18 05:30:36,388 - data_processor - INFO - Successfully retrieved historical data for bitcoin: 3895 records
2025-05-18 05:30:36,390 - data_processor - INFO - Historical data for bitcoin: 3895 records from 2014-09-17 00:00:00+00:00 to 2025-05-16 00:00:00+00:00
2025-05-18 05:30:36,391 - data_processor - INFO - Columns available: ['date', 'open', 'high', 'low', 'close', 'volume', 'price']
2025-05-18 05:30:36,394 - data_processor - INFO - Building date-price lookup for bitcoin from 2014-09-17 00:00:00+00:00 to 2025-05-16 00:00:00+00:00
2025-05-18 05:30:39,661 - api - INFO - Using cached price data for bitcoin
2025-05-18 05:30:39,961 - data_processor - INFO - Added 3895 date-price entries for bitcoin
2025-05-18 05:30:39,967 - data_processor - INFO - Built date-price lookup for 1 coins
2025-05-18 05:30:40,021 - api - INFO - Using cached historical data for bitcoin
2025-05-18 05:30:40,031 - api - INFO - Loaded 3895 records from cache, date range: 2014-09-17 00:00:00+00:00 to 2025-05-16 00:00:00+00:00
2025-05-18 05:30:40,044 - data_processor - INFO - Successfully retrieved historical data for bitcoin: 3895 records
2025-05-18 05:30:40,060 - data_processor - INFO - Historical data for bitcoin: 3895 records from 2014-09-17 00:00:00+00:00 to 2025-05-16 00:00:00+00:00
2025-05-18 05:30:40,060 - api - INFO - Using cached market data for bitcoin
2025-05-18 05:30:40,061 - data_processor - INFO - Columns available: ['date', 'open', 'high', 'low', 'close', 'volume', 'price']
2025-05-18 05:30:40,063 - api - INFO - Successfully fetched market data for 1 coins
2025-05-18 05:30:40,067 - data_processor - INFO - Building date-price lookup for bitcoin from 2014-09-17 00:00:00+00:00 to 2025-05-16 00:00:00+00:00
2025-05-18 05:30:40,128 - api - INFO - Using cached news data for bitcoin
2025-05-18 05:30:40,140 - data_processor - INFO - Performing sentiment analysis on 20 news articles
2025-05-18 05:30:40,167 - data_processor - INFO - Sentiment analysis complete: neutral
2025-05-18 05:30:40,174 - data_processor - INFO - Performing technical analysis for bitcoin
2025-05-18 05:30:40,247 - data_processor - INFO - Added 3895 date-price entries for bitcoin
2025-05-18 05:30:40,251 - data_processor - INFO - Built date-price lookup for 1 coins
2025-05-18 05:30:40,294 - api - INFO - Using cached market data for bitcoin
2025-05-18 05:30:40,297 - api - INFO - Successfully fetched market data for 1 coins
2025-05-18 05:30:40,311 - data_processor - ERROR - Error updating technical analysis: '<' not supported between instances of 'str' and 'int'
2025-05-18 05:30:40,313 - data_processor - INFO - All data updated at 2025-05-18 05:30:40.313271
2025-05-18 05:30:40,324 - api - INFO - Using cached news data for bitcoin
2025-05-18 05:30:40,329 - data_processor - INFO - Performing sentiment analysis on 20 news articles
2025-05-18 05:30:40,346 - data_processor - INFO - Sentiment analysis complete: neutral
2025-05-18 05:30:40,348 - data_processor - INFO - Performing technical analysis for bitcoin
2025-05-18 05:30:40,380 - data_processor - ERROR - Error updating technical analysis: '<' not supported between instances of 'str' and 'int'
2025-05-18 05:30:40,382 - data_processor - INFO - All data updated at 2025-05-18 05:30:40.382603
2025-05-18 05:30:50,366 - vector_store - INFO - Vector store updated with 29 documents at 2025-05-18 05:30:50
2025-05-18 05:30:50,367 - vector_store - INFO - Added 31 new chunks to the vector store
2025-05-18 05:30:50,518 - vector_store - INFO - Vector store saved to faiss_index
2025-05-18 05:30:50,519 - bitcoinchatbot - INFO - Data update complete
2025-05-18 05:30:50,523 - vector_store - INFO - Vector store updated with 29 documents at 2025-05-18 05:30:50
2025-05-18 05:30:50,523 - vector_store - INFO - Added 31 new chunks to the vector store
2025-05-18 05:30:50,672 - vector_store - INFO - Vector store saved to faiss_index
2025-05-18 05:30:50,673 - bitcoinchatbot - INFO - Data update complete
2025-05-18 05:35:35,467 - bitcoinchatbot - INFO - Running scheduled data update
2025-05-18 05:35:35,469 - bitcoinchatbot - INFO - Updating cryptocurrency data for: bitcoin
2025-05-18 05:35:35,470 - data_processor - INFO - Starting data update for coins: bitcoin
2025-05-18 05:35:36,069 - api - INFO - Using cached historical data for bitcoin
2025-05-18 05:35:36,078 - api - INFO - Loaded 3895 records from cache, date range: 2014-09-17 00:00:00+00:00 to 2025-05-16 00:00:00+00:00
2025-05-18 05:35:36,080 - data_processor - INFO - Successfully retrieved historical data for bitcoin: 3895 records
2025-05-18 05:35:36,081 - data_processor - INFO - Historical data for bitcoin: 3895 records from 2014-09-17 00:00:00+00:00 to 2025-05-16 00:00:00+00:00
2025-05-18 05:35:36,082 - data_processor - INFO - Columns available: ['date', 'open', 'high', 'low', 'close', 'volume', 'price']
2025-05-18 05:35:36,083 - data_processor - INFO - Building date-price lookup for bitcoin from 2014-09-17 00:00:00+00:00 to 2025-05-16 00:00:00+00:00
2025-05-18 05:35:36,213 - data_processor - INFO - Added 3895 date-price entries for bitcoin
2025-05-18 05:35:36,215 - data_processor - INFO - Built date-price lookup for 1 coins
2025-05-18 05:35:36,311 - bitcoinchatbot - INFO - Running scheduled data update
2025-05-18 05:35:36,313 - bitcoinchatbot - INFO - Updating cryptocurrency data for: bitcoin
2025-05-18 05:35:36,314 - data_processor - INFO - Starting data update for coins: bitcoin
2025-05-18 05:35:36,324 - api - INFO - Using cached price data for bitcoin
2025-05-18 05:35:36,466 - api - INFO - Using cached historical data for bitcoin
2025-05-18 05:35:36,477 - api - INFO - Loaded 3895 records from cache, date range: 2014-09-17 00:00:00+00:00 to 2025-05-16 00:00:00+00:00
2025-05-18 05:35:36,478 - data_processor - INFO - Successfully retrieved historical data for bitcoin: 3895 records
2025-05-18 05:35:36,480 - data_processor - INFO - Historical data for bitcoin: 3895 records from 2014-09-17 00:00:00+00:00 to 2025-05-16 00:00:00+00:00
2025-05-18 05:35:36,480 - data_processor - INFO - Columns available: ['date', 'open', 'high', 'low', 'close', 'volume', 'price']
2025-05-18 05:35:36,481 - data_processor - INFO - Building date-price lookup for bitcoin from 2014-09-17 00:00:00+00:00 to 2025-05-16 00:00:00+00:00
2025-05-18 05:35:36,611 - data_processor - INFO - Added 3895 date-price entries for bitcoin
2025-05-18 05:35:36,612 - data_processor - INFO - Built date-price lookup for 1 coins
2025-05-18 05:35:36,640 - api - INFO - Using cached market data for bitcoin
2025-05-18 05:35:36,641 - api - INFO - Successfully fetched market data for 1 coins
2025-05-18 05:35:36,650 - api - INFO - Using cached news data for bitcoin
2025-05-18 05:35:36,651 - data_processor - INFO - Performing sentiment analysis on 20 news articles
2025-05-18 05:35:36,663 - data_processor - INFO - Sentiment analysis complete: neutral
2025-05-18 05:35:36,664 - data_processor - INFO - Performing technical analysis for bitcoin
2025-05-18 05:35:36,702 - data_processor - ERROR - Error updating technical analysis: '<' not supported between instances of 'str' and 'int'
2025-05-18 05:35:36,703 - data_processor - INFO - All data updated at 2025-05-18 05:35:36.703373
2025-05-18 05:35:41,641 - vector_store - INFO - Vector store updated with 29 documents at 2025-05-18 05:35:41
2025-05-18 05:35:41,642 - vector_store - INFO - Added 31 new chunks to the vector store
2025-05-18 05:35:41,793 - vector_store - INFO - Vector store saved to faiss_index
2025-05-18 05:35:41,794 - bitcoinchatbot - INFO - Data update complete
2025-05-18 05:35:42,299 - api - INFO - Successfully fetched market data for 1 coins
2025-05-18 05:35:42,318 - api - INFO - Using cached news data for bitcoin
2025-05-18 05:35:42,320 - data_processor - INFO - Performing sentiment analysis on 20 news articles
2025-05-18 05:35:42,343 - data_processor - INFO - Sentiment analysis complete: neutral
2025-05-18 05:35:42,344 - data_processor - INFO - Performing technical analysis for bitcoin
2025-05-18 05:35:42,361 - data_processor - ERROR - Error updating technical analysis: '<' not supported between instances of 'str' and 'int'
2025-05-18 05:35:42,363 - data_processor - INFO - All data updated at 2025-05-18 05:35:42.363219
2025-05-18 05:35:47,273 - vector_store - INFO - Vector store updated with 29 documents at 2025-05-18 05:35:47
2025-05-18 05:35:47,273 - vector_store - INFO - Added 31 new chunks to the vector store
2025-05-18 05:35:47,424 - vector_store - INFO - Vector store saved to faiss_index
2025-05-18 05:35:47,424 - bitcoinchatbot - INFO - Data update complete
2025-05-18 05:35:50,802 - bitcoinchatbot - INFO - Running scheduled data update
2025-05-18 05:35:50,805 - bitcoinchatbot - INFO - Updating cryptocurrency data for: bitcoin
2025-05-18 05:35:50,807 - data_processor - INFO - Starting data update for coins: bitcoin
2025-05-18 05:35:50,823 - api - INFO - Using cached price data for bitcoin
2025-05-18 05:35:51,134 - api - INFO - Using cached historical data for bitcoin
2025-05-18 05:35:51,149 - api - INFO - Loaded 3895 records from cache, date range: 2014-09-17 00:00:00+00:00 to 2025-05-16 00:00:00+00:00
2025-05-18 05:35:51,152 - data_processor - INFO - Successfully retrieved historical data for bitcoin: 3895 records
2025-05-18 05:35:51,154 - data_processor - INFO - Historical data for bitcoin: 3895 records from 2014-09-17 00:00:00+00:00 to 2025-05-16 00:00:00+00:00
2025-05-18 05:35:51,155 - data_processor - INFO - Columns available: ['date', 'open', 'high', 'low', 'close', 'volume', 'price']
2025-05-18 05:35:51,160 - data_processor - INFO - Building date-price lookup for bitcoin from 2014-09-17 00:00:00+00:00 to 2025-05-16 00:00:00+00:00
2025-05-18 05:35:51,325 - data_processor - INFO - Added 3895 date-price entries for bitcoin
2025-05-18 05:35:51,327 - data_processor - INFO - Built date-price lookup for 1 coins
2025-05-18 05:35:51,373 - api - INFO - Using cached market data for bitcoin
2025-05-18 05:35:51,373 - api - INFO - Successfully fetched market data for 1 coins
2025-05-18 05:35:51,407 - api - INFO - Using cached news data for bitcoin
2025-05-18 05:35:51,407 - data_processor - INFO - Performing sentiment analysis on 20 news articles
2025-05-18 05:35:51,428 - data_processor - INFO - Sentiment analysis complete: neutral
2025-05-18 05:35:51,429 - bitcoinchatbot - INFO - Running scheduled data update
2025-05-18 05:35:51,431 - bitcoinchatbot - INFO - Updating cryptocurrency data for: bitcoin
2025-05-18 05:35:51,429 - data_processor - INFO - Performing technical analysis for bitcoin
2025-05-18 05:35:51,432 - data_processor - INFO - Starting data update for coins: bitcoin
2025-05-18 05:35:51,455 - api - INFO - Using cached price data for bitcoin
2025-05-18 05:35:51,623 - data_processor - ERROR - Error updating technical analysis: '<' not supported between instances of 'str' and 'int'
2025-05-18 05:35:51,635 - data_processor - INFO - All data updated at 2025-05-18 05:35:51.635657
2025-05-18 05:35:51,722 - api - INFO - Using cached historical data for bitcoin
2025-05-18 05:35:51,742 - api - INFO - Loaded 3895 records from cache, date range: 2014-09-17 00:00:00+00:00 to 2025-05-16 00:00:00+00:00
2025-05-18 05:35:51,745 - data_processor - INFO - Successfully retrieved historical data for bitcoin: 3895 records
2025-05-18 05:35:51,748 - data_processor - INFO - Historical data for bitcoin: 3895 records from 2014-09-17 00:00:00+00:00 to 2025-05-16 00:00:00+00:00
2025-05-18 05:35:51,748 - data_processor - INFO - Columns available: ['date', 'open', 'high', 'low', 'close', 'volume', 'price']
2025-05-18 05:35:51,750 - data_processor - INFO - Building date-price lookup for bitcoin from 2014-09-17 00:00:00+00:00 to 2025-05-16 00:00:00+00:00
2025-05-18 05:35:51,967 - data_processor - INFO - Added 3895 date-price entries for bitcoin
2025-05-18 05:35:51,970 - data_processor - INFO - Built date-price lookup for 1 coins
2025-05-18 05:35:52,014 - api - INFO - Using cached market data for bitcoin
2025-05-18 05:35:52,015 - api - INFO - Successfully fetched market data for 1 coins
2025-05-18 05:35:52,026 - api - INFO - Using cached news data for bitcoin
2025-05-18 05:35:52,028 - data_processor - INFO - Performing sentiment analysis on 20 news articles
2025-05-18 05:35:52,052 - data_processor - INFO - Sentiment analysis complete: neutral
2025-05-18 05:35:52,062 - data_processor - INFO - Performing technical analysis for bitcoin
2025-05-18 05:35:52,130 - data_processor - ERROR - Error updating technical analysis: '<' not supported between instances of 'str' and 'int'
2025-05-18 05:35:52,131 - data_processor - INFO - All data updated at 2025-05-18 05:35:52.131617
2025-05-18 05:36:01,107 - vector_store - INFO - Vector store updated with 29 documents at 2025-05-18 05:36:01
2025-05-18 05:36:01,108 - vector_store - INFO - Added 31 new chunks to the vector store
2025-05-18 05:36:01,238 - vector_store - INFO - Vector store saved to faiss_index
2025-05-18 05:36:01,239 - bitcoinchatbot - INFO - Data update complete
2025-05-18 05:36:01,478 - vector_store - INFO - Vector store updated with 29 documents at 2025-05-18 05:36:01
2025-05-18 05:36:01,479 - vector_store - INFO - Added 31 new chunks to the vector store
2025-05-18 05:36:01,611 - vector_store - INFO - Vector store saved to faiss_index
2025-05-18 05:36:01,611 - bitcoinchatbot - INFO - Data update complete
2025-05-18 05:40:47,637 - bitcoinchatbot - INFO - Running scheduled data update
2025-05-18 05:40:47,640 - bitcoinchatbot - INFO - Updating cryptocurrency data for: bitcoin
2025-05-18 05:40:47,642 - data_processor - INFO - Starting data update for coins: bitcoin
2025-05-18 05:40:48,120 - api - INFO - Using cached historical data for bitcoin
2025-05-18 05:40:48,131 - api - INFO - Loaded 3895 records from cache, date range: 2014-09-17 00:00:00+00:00 to 2025-05-16 00:00:00+00:00
2025-05-18 05:40:48,139 - data_processor - INFO - Successfully retrieved historical data for bitcoin: 3895 records
2025-05-18 05:40:48,142 - data_processor - INFO - Historical data for bitcoin: 3895 records from 2014-09-17 00:00:00+00:00 to 2025-05-16 00:00:00+00:00
2025-05-18 05:40:48,142 - data_processor - INFO - Columns available: ['date', 'open', 'high', 'low', 'close', 'volume', 'price']
2025-05-18 05:40:48,145 - data_processor - INFO - Building date-price lookup for bitcoin from 2014-09-17 00:00:00+00:00 to 2025-05-16 00:00:00+00:00
2025-05-18 05:40:48,268 - bitcoinchatbot - INFO - Running scheduled data update
2025-05-18 05:40:48,284 - bitcoinchatbot - INFO - Updating cryptocurrency data for: bitcoin
2025-05-18 05:40:48,292 - data_processor - INFO - Starting data update for coins: bitcoin
2025-05-18 05:40:48,328 - data_processor - INFO - Added 3895 date-price entries for bitcoin
2025-05-18 05:40:48,330 - data_processor - INFO - Built date-price lookup for 1 coins
2025-05-18 05:40:48,332 - api - INFO - Using cached price data for bitcoin
2025-05-18 05:40:48,368 - api - INFO - Using cached market data for bitcoin
2025-05-18 05:40:48,368 - api - INFO - Successfully fetched market data for 1 coins
2025-05-18 05:40:48,427 - api - INFO - Using cached news data for bitcoin
2025-05-18 05:40:48,454 - data_processor - INFO - Performing sentiment analysis on 20 news articles
2025-05-18 05:40:48,485 - data_processor - INFO - Sentiment analysis complete: neutral
2025-05-18 05:40:48,491 - data_processor - INFO - Performing technical analysis for bitcoin
2025-05-18 05:40:48,592 - api - INFO - Using cached historical data for bitcoin
2025-05-18 05:40:48,604 - api - INFO - Loaded 3895 records from cache, date range: 2014-09-17 00:00:00+00:00 to 2025-05-16 00:00:00+00:00
2025-05-18 05:40:48,607 - data_processor - INFO - Successfully retrieved historical data for bitcoin: 3895 records
2025-05-18 05:40:48,617 - data_processor - INFO - Historical data for bitcoin: 3895 records from 2014-09-17 00:00:00+00:00 to 2025-05-16 00:00:00+00:00
2025-05-18 05:40:48,619 - data_processor - INFO - Columns available: ['date', 'open', 'high', 'low', 'close', 'volume', 'price']
2025-05-18 05:40:48,620 - data_processor - INFO - Building date-price lookup for bitcoin from 2014-09-17 00:00:00+00:00 to 2025-05-16 00:00:00+00:00
2025-05-18 05:40:48,770 - data_processor - INFO - Added 3895 date-price entries for bitcoin
2025-05-18 05:40:48,777 - data_processor - INFO - Built date-price lookup for 1 coins
2025-05-18 05:40:48,788 - data_processor - ERROR - Error updating technical analysis: '<' not supported between instances of 'str' and 'int'
2025-05-18 05:40:48,792 - data_processor - INFO - All data updated at 2025-05-18 05:40:48.792142
2025-05-18 05:40:48,834 - api - INFO - Using cached market data for bitcoin
2025-05-18 05:40:48,835 - api - INFO - Successfully fetched market data for 1 coins
2025-05-18 05:40:48,882 - api - INFO - Using cached news data for bitcoin
2025-05-18 05:40:48,883 - data_processor - INFO - Performing sentiment analysis on 20 news articles
2025-05-18 05:40:48,912 - data_processor - INFO - Sentiment analysis complete: neutral
2025-05-18 05:40:48,914 - data_processor - INFO - Performing technical analysis for bitcoin
2025-05-18 05:40:48,971 - data_processor - ERROR - Error updating technical analysis: '<' not supported between instances of 'str' and 'int'
2025-05-18 05:40:48,973 - data_processor - INFO - All data updated at 2025-05-18 05:40:48.973234
2025-05-18 05:40:58,532 - vector_store - INFO - Vector store updated with 29 documents at 2025-05-18 05:40:58
2025-05-18 05:40:58,533 - vector_store - INFO - Added 31 new chunks to the vector store
2025-05-18 05:40:58,692 - vector_store - INFO - Vector store saved to faiss_index
2025-05-18 05:40:58,693 - bitcoinchatbot - INFO - Data update complete
2025-05-18 05:40:58,702 - vector_store - INFO - Vector store updated with 29 documents at 2025-05-18 05:40:58
2025-05-18 05:40:58,703 - vector_store - INFO - Added 31 new chunks to the vector store
2025-05-18 05:40:58,828 - vector_store - INFO - Vector store saved to faiss_index
2025-05-18 05:40:58,829 - bitcoinchatbot - INFO - Data update complete
2025-05-18 05:41:02,443 - bitcoinchatbot - INFO - Running scheduled data update
2025-05-18 05:41:02,445 - bitcoinchatbot - INFO - Updating cryptocurrency data for: bitcoin
2025-05-18 05:41:02,448 - data_processor - INFO - Starting data update for coins: bitcoin
2025-05-18 05:41:02,460 - api - INFO - Using cached price data for bitcoin
2025-05-18 05:41:02,585 - bitcoinchatbot - INFO - Running scheduled data update
2025-05-18 05:41:02,591 - bitcoinchatbot - INFO - Updating cryptocurrency data for: bitcoin
2025-05-18 05:41:02,601 - data_processor - INFO - Starting data update for coins: bitcoin
2025-05-18 05:41:02,664 - api - INFO - Using cached price data for bitcoin
2025-05-18 05:41:02,806 - api - INFO - Using cached historical data for bitcoin
2025-05-18 05:41:02,862 - api - INFO - Loaded 3895 records from cache, date range: 2014-09-17 00:00:00+00:00 to 2025-05-16 00:00:00+00:00
2025-05-18 05:41:02,869 - data_processor - INFO - Successfully retrieved historical data for bitcoin: 3895 records
2025-05-18 05:41:02,876 - data_processor - INFO - Historical data for bitcoin: 3895 records from 2014-09-17 00:00:00+00:00 to 2025-05-16 00:00:00+00:00
2025-05-18 05:41:02,913 - data_processor - INFO - Columns available: ['date', 'open', 'high', 'low', 'close', 'volume', 'price']
2025-05-18 05:41:02,930 - data_processor - INFO - Building date-price lookup for bitcoin from 2014-09-17 00:00:00+00:00 to 2025-05-16 00:00:00+00:00
2025-05-18 05:41:03,072 - api - INFO - Using cached historical data for bitcoin
2025-05-18 05:41:03,106 - api - INFO - Loaded 3895 records from cache, date range: 2014-09-17 00:00:00+00:00 to 2025-05-16 00:00:00+00:00
2025-05-18 05:41:03,119 - data_processor - INFO - Successfully retrieved historical data for bitcoin: 3895 records
2025-05-18 05:41:03,149 - data_processor - INFO - Historical data for bitcoin: 3895 records from 2014-09-17 00:00:00+00:00 to 2025-05-16 00:00:00+00:00
2025-05-18 05:41:03,166 - data_processor - INFO - Columns available: ['date', 'open', 'high', 'low', 'close', 'volume', 'price']
2025-05-18 05:41:03,189 - data_processor - INFO - Building date-price lookup for bitcoin from 2014-09-17 00:00:00+00:00 to 2025-05-16 00:00:00+00:00
2025-05-18 05:41:03,336 - data_processor - INFO - Added 3895 date-price entries for bitcoin
2025-05-18 05:41:03,369 - data_processor - INFO - Built date-price lookup for 1 coins
2025-05-18 05:41:03,493 - api - INFO - Using cached market data for bitcoin
2025-05-18 05:41:03,515 - api - INFO - Successfully fetched market data for 1 coins
2025-05-18 05:41:03,543 - data_processor - INFO - Added 3895 date-price entries for bitcoin
2025-05-18 05:41:03,545 - data_processor - INFO - Built date-price lookup for 1 coins
2025-05-18 05:41:03,552 - api - INFO - Using cached news data for bitcoin
2025-05-18 05:41:03,552 - data_processor - INFO - Performing sentiment analysis on 20 news articles
2025-05-18 05:41:03,569 - data_processor - INFO - Sentiment analysis complete: neutral
2025-05-18 05:41:03,576 - data_processor - INFO - Performing technical analysis for bitcoin
2025-05-18 05:41:03,642 - api - INFO - Using cached market data for bitcoin
2025-05-18 05:41:03,644 - api - INFO - Successfully fetched market data for 1 coins
2025-05-18 05:41:03,680 - data_processor - ERROR - Error updating technical analysis: '<' not supported between instances of 'str' and 'int'
2025-05-18 05:41:03,680 - api - INFO - Using cached news data for bitcoin
2025-05-18 05:41:03,681 - data_processor - INFO - All data updated at 2025-05-18 05:41:03.681243
2025-05-18 05:41:03,686 - data_processor - INFO - Performing sentiment analysis on 20 news articles
2025-05-18 05:41:03,719 - data_processor - INFO - Sentiment analysis complete: neutral
2025-05-18 05:41:03,722 - data_processor - INFO - Performing technical analysis for bitcoin
2025-05-18 05:41:03,770 - data_processor - ERROR - Error updating technical analysis: '<' not supported between instances of 'str' and 'int'
2025-05-18 05:41:03,771 - data_processor - INFO - All data updated at 2025-05-18 05:41:03.771863
2025-05-18 05:41:13,608 - vector_store - INFO - Vector store updated with 29 documents at 2025-05-18 05:41:13
2025-05-18 05:41:13,608 - vector_store - INFO - Added 31 new chunks to the vector store
2025-05-18 05:41:13,736 - vector_store - INFO - Vector store saved to faiss_index
2025-05-18 05:41:13,736 - bitcoinchatbot - INFO - Data update complete
2025-05-18 05:41:13,745 - vector_store - INFO - Vector store updated with 29 documents at 2025-05-18 05:41:13
2025-05-18 05:41:13,745 - vector_store - INFO - Added 31 new chunks to the vector store
2025-05-18 05:41:13,880 - vector_store - INFO - Vector store saved to faiss_index
2025-05-18 05:41:13,880 - bitcoinchatbot - INFO - Data update complete
2025-05-18 05:45:58,965 - bitcoinchatbot - INFO - Running scheduled data update
2025-05-18 05:45:58,968 - bitcoinchatbot - INFO - Updating cryptocurrency data for: bitcoin
2025-05-18 05:45:58,970 - data_processor - INFO - Starting data update for coins: bitcoin
2025-05-18 05:45:59,102 - bitcoinchatbot - INFO - Running scheduled data update
2025-05-18 05:45:59,104 - bitcoinchatbot - INFO - Updating cryptocurrency data for: bitcoin
2025-05-18 05:45:59,105 - data_processor - INFO - Starting data update for coins: bitcoin
2025-05-18 05:45:59,454 - api - INFO - Using cached historical data for bitcoin
2025-05-18 05:45:59,483 - api - INFO - Loaded 3895 records from cache, date range: 2014-09-17 00:00:00+00:00 to 2025-05-16 00:00:00+00:00
2025-05-18 05:45:59,495 - data_processor - INFO - Successfully retrieved historical data for bitcoin: 3895 records
2025-05-18 05:45:59,509 - data_processor - INFO - Historical data for bitcoin: 3895 records from 2014-09-17 00:00:00+00:00 to 2025-05-16 00:00:00+00:00
2025-05-18 05:45:59,520 - data_processor - INFO - Columns available: ['date', 'open', 'high', 'low', 'close', 'volume', 'price']
2025-05-18 05:45:59,528 - api - INFO - Using cached historical data for bitcoin
2025-05-18 05:45:59,528 - data_processor - INFO - Building date-price lookup for bitcoin from 2014-09-17 00:00:00+00:00 to 2025-05-16 00:00:00+00:00
2025-05-18 05:45:59,543 - api - INFO - Loaded 3895 records from cache, date range: 2014-09-17 00:00:00+00:00 to 2025-05-16 00:00:00+00:00
2025-05-18 05:45:59,553 - data_processor - INFO - Successfully retrieved historical data for bitcoin: 3895 records
2025-05-18 05:45:59,564 - data_processor - INFO - Historical data for bitcoin: 3895 records from 2014-09-17 00:00:00+00:00 to 2025-05-16 00:00:00+00:00
2025-05-18 05:45:59,581 - data_processor - INFO - Columns available: ['date', 'open', 'high', 'low', 'close', 'volume', 'price']
2025-05-18 05:45:59,598 - data_processor - INFO - Building date-price lookup for bitcoin from 2014-09-17 00:00:00+00:00 to 2025-05-16 00:00:00+00:00
2025-05-18 05:45:59,806 - data_processor - INFO - Added 3895 date-price entries for bitcoin
2025-05-18 05:45:59,840 - data_processor - INFO - Added 3895 date-price entries for bitcoin
2025-05-18 05:45:59,841 - data_processor - INFO - Built date-price lookup for 1 coins
2025-05-18 05:45:59,842 - data_processor - INFO - Built date-price lookup for 1 coins
2025-05-18 05:45:59,881 - api - INFO - Using cached market data for bitcoin
2025-05-18 05:45:59,891 - api - INFO - Successfully fetched market data for 1 coins
2025-05-18 05:45:59,892 - api - INFO - Using cached market data for bitcoin
2025-05-18 05:45:59,893 - api - INFO - Successfully fetched market data for 1 coins
2025-05-18 05:45:59,899 - api - INFO - Using cached news data for bitcoin
2025-05-18 05:45:59,900 - data_processor - INFO - Performing sentiment analysis on 20 news articles
2025-05-18 05:45:59,901 - api - INFO - Using cached news data for bitcoin
2025-05-18 05:45:59,915 - data_processor - INFO - Sentiment analysis complete: neutral
2025-05-18 05:45:59,916 - data_processor - INFO - Performing sentiment analysis on 20 news articles
2025-05-18 05:45:59,917 - data_processor - INFO - Performing technical analysis for bitcoin
2025-05-18 05:45:59,928 - data_processor - INFO - Sentiment analysis complete: neutral
2025-05-18 05:45:59,930 - data_processor - INFO - Performing technical analysis for bitcoin
2025-05-18 05:46:00,010 - data_processor - ERROR - Error updating technical analysis: '<' not supported between instances of 'str' and 'int'
2025-05-18 05:46:00,015 - data_processor - INFO - All data updated at 2025-05-18 05:46:00.015634
2025-05-18 05:46:00,034 - data_processor - ERROR - Error updating technical analysis: '<' not supported between instances of 'str' and 'int'
2025-05-18 05:46:00,042 - data_processor - INFO - All data updated at 2025-05-18 05:46:00.042437
2025-05-18 05:46:09,623 - vector_store - INFO - Vector store updated with 29 documents at 2025-05-18 05:46:09
2025-05-18 05:46:09,624 - vector_store - INFO - Added 31 new chunks to the vector store
2025-05-18 05:46:09,768 - vector_store - INFO - Vector store updated with 29 documents at 2025-05-18 05:46:09
2025-05-18 05:46:09,769 - vector_store - INFO - Added 31 new chunks to the vector store
2025-05-18 05:46:09,786 - vector_store - INFO - Vector store saved to faiss_index
2025-05-18 05:46:09,786 - bitcoinchatbot - INFO - Data update complete
2025-05-18 05:46:09,878 - vector_store - INFO - Vector store saved to faiss_index
2025-05-18 05:46:09,879 - bitcoinchatbot - INFO - Data update complete
2025-05-18 05:46:13,883 - bitcoinchatbot - INFO - Running scheduled data update
2025-05-18 05:46:13,885 - bitcoinchatbot - INFO - Updating cryptocurrency data for: bitcoin
2025-05-18 05:46:13,886 - data_processor - INFO - Starting data update for coins: bitcoin
2025-05-18 05:46:13,902 - api - INFO - Using cached price data for bitcoin
2025-05-18 05:46:14,092 - api - INFO - Using cached historical data for bitcoin
2025-05-18 05:46:14,100 - api - INFO - Loaded 3895 records from cache, date range: 2014-09-17 00:00:00+00:00 to 2025-05-16 00:00:00+00:00
2025-05-18 05:46:14,102 - data_processor - INFO - Successfully retrieved historical data for bitcoin: 3895 records
2025-05-18 05:46:14,103 - data_processor - INFO - Historical data for bitcoin: 3895 records from 2014-09-17 00:00:00+00:00 to 2025-05-16 00:00:00+00:00
2025-05-18 05:46:14,104 - data_processor - INFO - Columns available: ['date', 'open', 'high', 'low', 'close', 'volume', 'price']
2025-05-18 05:46:14,105 - data_processor - INFO - Building date-price lookup for bitcoin from 2014-09-17 00:00:00+00:00 to 2025-05-16 00:00:00+00:00
2025-05-18 05:46:14,245 - data_processor - INFO - Added 3895 date-price entries for bitcoin
2025-05-18 05:46:14,247 - data_processor - INFO - Built date-price lookup for 1 coins
2025-05-18 05:46:14,279 - api - INFO - Using cached market data for bitcoin
2025-05-18 05:46:14,281 - api - INFO - Successfully fetched market data for 1 coins
2025-05-18 05:46:14,291 - api - INFO - Using cached news data for bitcoin
2025-05-18 05:46:14,292 - data_processor - INFO - Performing sentiment analysis on 20 news articles
2025-05-18 05:46:14,303 - data_processor - INFO - Sentiment analysis complete: neutral
2025-05-18 05:46:14,304 - data_processor - INFO - Performing technical analysis for bitcoin
2025-05-18 05:46:14,341 - data_processor - ERROR - Error updating technical analysis: '<' not supported between instances of 'str' and 'int'
2025-05-18 05:46:14,342 - data_processor - INFO - All data updated at 2025-05-18 05:46:14.342626
2025-05-18 05:46:14,789 - bitcoinchatbot - INFO - Running scheduled data update
2025-05-18 05:46:14,790 - bitcoinchatbot - INFO - Updating cryptocurrency data for: bitcoin
2025-05-18 05:46:14,791 - data_processor - INFO - Starting data update for coins: bitcoin
2025-05-18 05:46:14,796 - api - INFO - Using cached price data for bitcoin
2025-05-18 05:46:14,996 - api - INFO - Using cached historical data for bitcoin
2025-05-18 05:46:15,004 - api - INFO - Loaded 3895 records from cache, date range: 2014-09-17 00:00:00+00:00 to 2025-05-16 00:00:00+00:00
2025-05-18 05:46:15,006 - data_processor - INFO - Successfully retrieved historical data for bitcoin: 3895 records
2025-05-18 05:46:15,008 - data_processor - INFO - Historical data for bitcoin: 3895 records from 2014-09-17 00:00:00+00:00 to 2025-05-16 00:00:00+00:00
2025-05-18 05:46:15,009 - data_processor - INFO - Columns available: ['date', 'open', 'high', 'low', 'close', 'volume', 'price']
2025-05-18 05:46:15,010 - data_processor - INFO - Building date-price lookup for bitcoin from 2014-09-17 00:00:00+00:00 to 2025-05-16 00:00:00+00:00
2025-05-18 05:46:15,178 - data_processor - INFO - Added 3895 date-price entries for bitcoin
2025-05-18 05:46:15,182 - data_processor - INFO - Built date-price lookup for 1 coins
2025-05-18 05:46:15,212 - api - INFO - Using cached market data for bitcoin
2025-05-18 05:46:15,212 - api - INFO - Successfully fetched market data for 1 coins
2025-05-18 05:46:15,227 - api - INFO - Using cached news data for bitcoin
2025-05-18 05:46:15,227 - data_processor - INFO - Performing sentiment analysis on 20 news articles
2025-05-18 05:46:15,247 - data_processor - INFO - Sentiment analysis complete: neutral
2025-05-18 05:46:15,248 - data_processor - INFO - Performing technical analysis for bitcoin
2025-05-18 05:46:15,310 - data_processor - ERROR - Error updating technical analysis: '<' not supported between instances of 'str' and 'int'
2025-05-18 05:46:15,311 - data_processor - INFO - All data updated at 2025-05-18 05:46:15.311590
2025-05-18 05:46:23,012 - vector_store - INFO - Vector store updated with 29 documents at 2025-05-18 05:46:23
2025-05-18 05:46:23,012 - vector_store - INFO - Added 31 new chunks to the vector store
2025-05-18 05:46:23,173 - vector_store - INFO - Vector store saved to faiss_index
2025-05-18 05:46:23,174 - bitcoinchatbot - INFO - Data update complete
2025-05-18 05:46:24,191 - vector_store - INFO - Vector store updated with 29 documents at 2025-05-18 05:46:24
2025-05-18 05:46:24,191 - vector_store - INFO - Added 31 new chunks to the vector store
2025-05-18 05:46:24,347 - vector_store - INFO - Vector store saved to faiss_index
2025-05-18 05:46:24,348 - bitcoinchatbot - INFO - Data update complete
2025-05-18 05:55:56,318 - bitcoinchatbot - INFO - Initializing Crypto Assistant...
2025-05-18 05:55:56,322 - faiss.loader - INFO - Loading faiss with AVX2 support.
2025-05-18 05:55:56,352 - faiss.loader - INFO - Successfully loaded faiss with AVX2 support.
2025-05-18 05:55:56,606 - vector_store - INFO - Vector store loaded from faiss_index
2025-05-18 05:55:56,608 - vector_store - INFO - Enhanced QA chain initialized with multi-query retrieval and metadata filtering
2025-05-18 05:55:56,609 - bitcoinchatbot - INFO - Fetching historical data during initialization...
2025-05-18 05:55:56,784 - api - INFO - Using cached historical data for bitcoin
2025-05-18 05:55:56,792 - api - INFO - Loaded 3895 records from cache, date range: 2014-09-17 00:00:00+00:00 to 2025-05-16 00:00:00+00:00
2025-05-18 05:55:56,793 - bitcoinchatbot - INFO - Successfully retrieved historical data for bitcoin: 3895 records
2025-05-18 05:55:56,795 - data_processor - INFO - Building date-price lookup for bitcoin from 2014-09-17 00:00:00+00:00 to 2025-05-16 00:00:00+00:00
2025-05-18 05:55:56,921 - data_processor - INFO - Added 3895 date-price entries for bitcoin
2025-05-18 05:55:56,926 - bitcoinchatbot - INFO - Date-price lookup built from historical data
2025-05-18 05:55:56,927 - bitcoinchatbot - INFO - Crypto Assistant initialized successfully
2025-05-18 05:55:57,749 - price_predictor - INFO - Loaded pre-trained model from models/bitcoin_lstm.h5
2025-05-18 05:55:57,778 - price_predictor - INFO - Loaded scaler from models/bitcoin_lstm_scaler.pkl
2025-05-18 05:55:57,778 - bitcoinchatbot - INFO - Loaded existing price prediction model
2025-05-18 05:55:57,780 - bitcoinchatbot - INFO - Starting scheduled updates every 5 minutes
2025-05-18 05:55:57,780 - bitcoinchatbot - INFO - Started scheduled updates every 5 minutes
2025-05-18 05:55:58,405 - price_predictor - INFO - Loaded pre-trained model from models/bitcoin_lstm.h5
2025-05-18 05:55:58,411 - price_predictor - INFO - Loaded scaler from models/bitcoin_lstm_scaler.pkl
2025-05-18 05:56:01,816 - api - INFO - Using cached news data for bitcoin
2025-05-18 05:56:01,817 - data_processor - INFO - Performing sentiment analysis on 20 news articles
2025-05-18 05:56:01,831 - data_processor - INFO - Sentiment analysis complete: neutral
2025-05-18 05:56:01,832 - data_processor - INFO - Sentiment data updated on demand: 20 articles analyzed
2025-05-18 05:56:07,904 - price_predictor - INFO - Predicting Bitcoin price 7 days ahead
2025-05-18 05:56:41,611 - vector_store - WARNING - Data might be outdated. Last update was: Never
