#0 building with "default" instance using docker driver

#1 [internal] load build definition from Dockerfile
#1 transferring dockerfile: 1.29kB done
#1 DONE 0.0s

#2 [internal] load metadata for docker.io/library/ubuntu:20.04
#2 ...

#3 [auth] library/ubuntu:pull token for registry-1.docker.io
#3 DONE 0.0s

#2 [internal] load metadata for docker.io/library/ubuntu:20.04
#2 DONE 0.4s

#4 [internal] load .dockerignore
#4 transferring context: 2B done
#4 DONE 0.0s

#5 [ 1/15] FROM docker.io/library/ubuntu:20.04@sha256:8feb4d8ca5354def3d8fce243717141ce31e2c428701f6682bd2fafe15388214
#5 DONE 0.0s

#6 [ 2/15] RUN apt-get -y update
#6 CACHED

#7 [ 5/15] RUN apt install -y --no-install-recommends     python3     python3-pip     python3-dev
#7 CACHED

#8 [ 7/15] RUN pip3 install     ipython     tornado==6.1     jupyter-client==7.3.2     jupyter-contrib-core     jupyter-contrib-nbextensions     psycopg2-binary     yapf
#8 CACHED

#9 [ 3/15] RUN apt-get -y upgrade
#9 CACHED

#10 [ 4/15] RUN apt install -y --no-install-recommends     sudo     curl     systemctl     gnupg     git     vim
#10 CACHED

#11 [ 6/15] RUN python3 -m pip install --upgrade pip
#11 CACHED

#12 [ 8/15] RUN mkdir /install
#12 CACHED

#13 [internal] load build context
#13 transferring context: 2.42kB done
#13 DONE 0.0s

#14 [ 9/15] ADD install_jupyter_extensions.sh /install
#14 DONE 0.0s

#15 [10/15] RUN /install/install_jupyter_extensions.sh
#15 0.527 + echo '# Install Jupyter extensions'
#15 0.530 ++ jupyter --data-dir
#15 0.530 # Install Jupyter extensions
#15 0.680 + DIR_NAME=/root/.local/share/jupyter
#15 0.680 + echo 'Jupyter data dir: /root/.local/share/jupyter'
#15 0.680 Jupyter data dir: /root/.local/share/jupyter
#15 0.680 + [[ ! -d /root/.local/share/jupyter ]]
#15 0.680 + mkdir -p /root/.local/share/jupyter
#15 0.694 + sudo jupyter contrib nbextension install
#15 2.091 [I 04:20:40 InstallContribNbextensionsApp] jupyter contrib nbextension install 
#15 2.091 [I 04:20:40 InstallContribNbextensionsApp] Installing jupyter_contrib_nbextensions nbextension files to jupyter data directory
#15 2.160 [I 04:20:40 InstallContribNbextensionsApp] Installing /usr/local/lib/python3.8/dist-packages/jupyter_contrib_nbextensions/nbextensions/go_to_current_running_cell -> go_to_current_running_cell
#15 2.165 [I 04:20:40 InstallContribNbextensionsApp] Making directory: /usr/local/share/jupyter/nbextensions/go_to_current_running_cell/
#15 2.165 [I 04:20:40 InstallContribNbextensionsApp] Copying: /usr/local/lib/python3.8/dist-packages/jupyter_contrib_nbextensions/nbextensions/go_to_current_running_cell/eye.png -> /usr/local/share/jupyter/nbextensions/go_to_current_running_cell/eye.png
#15 2.166 [I 04:20:40 InstallContribNbextensionsApp] Copying: /usr/local/lib/python3.8/dist-packages/jupyter_contrib_nbextensions/nbextensions/go_to_current_running_cell/jump_to_cell.gif -> /usr/local/share/jupyter/nbextensions/go_to_current_running_cell/jump_to_cell.gif
#15 2.171 [I 04:20:40 InstallContribNbextensionsApp] Copying: /usr/local/lib/python3.8/dist-packages/jupyter_contrib_nbextensions/nbextensions/go_to_current_running_cell/auto_focus.gif -> /usr/local/share/jupyter/nbextensions/go_to_current_running_cell/auto_focus.gif
#15 2.177 [I 04:20:40 InstallContribNbextensionsApp] Copying: /usr/local/lib/python3.8/dist-packages/jupyter_contrib_nbextensions/nbextensions/go_to_current_running_cell/anchor.png -> /usr/local/share/jupyter/nbextensions/go_to_current_running_cell/anchor.png
#15 2.178 [I 04:20:40 InstallContribNbextensionsApp] Copying: /usr/local/lib/python3.8/dist-packages/jupyter_contrib_nbextensions/nbextensions/go_to_current_running_cell/main.js -> /usr/local/share/jupyter/nbextensions/go_to_current_running_cell/main.js
#15 2.178 [I 04:20:40 InstallContribNbextensionsApp] Copying: /usr/local/lib/python3.8/dist-packages/jupyter_contrib_nbextensions/nbextensions/go_to_current_running_cell/README.md -> /usr/local/share/jupyter/nbextensions/go_to_current_running_cell/README.md
#15 2.179 [I 04:20:40 InstallContribNbextensionsApp] Copying: /usr/local/lib/python3.8/dist-packages/jupyter_contrib_nbextensions/nbextensions/go_to_current_running_cell/go_to_current_running_cell.yaml -> /usr/local/share/jupyter/nbextensions/go_to_current_running_cell/go_to_current_running_cell.yaml
#15 2.179 [I 04:20:40 InstallContribNbextensionsApp] - Validating: [32mOK[0m
#15 2.179 [I 04:20:40 InstallContribNbextensionsApp] Installing /usr/local/lib/python3.8/dist-packages/jupyter_contrib_nbextensions/nbextensions/code_font_size -> code_font_size
#15 2.179 [I 04:20:40 InstallContribNbextensionsApp] Making directory: /usr/local/share/jupyter/nbextensions/code_font_size/
#15 2.179 [I 04:20:40 InstallContribNbextensionsApp] Copying: /usr/local/lib/python3.8/dist-packages/jupyter_contrib_nbextensions/nbextensions/code_font_size/code_font_size.js -> /usr/local/share/jupyter/nbextensions/code_font_size/code_font_size.js
#15 2.180 [I 04:20:40 InstallContribNbextensionsApp] Copying: /usr/local/lib/python3.8/dist-packages/jupyter_contrib_nbextensions/nbextensions/code_font_size/code_font_size.yaml -> /usr/local/share/jupyter/nbextensions/code_font_size/code_font_size.yaml
#15 2.180 [I 04:20:40 InstallContribNbextensionsApp] Copying: /usr/local/lib/python3.8/dist-packages/jupyter_contrib_nbextensions/nbextensions/code_font_size/README.md -> /usr/local/share/jupyter/nbextensions/code_font_size/README.md
#15 2.181 [I 04:20:40 InstallContribNbextensionsApp] - Validating: [32mOK[0m
#15 2.181 [I 04:20:40 InstallContribNbextensionsApp] Installing /usr/local/lib/python3.8/dist-packages/jupyter_contrib_nbextensions/nbextensions/exercise2 -> exercise2
#15 2.181 [I 04:20:40 InstallContribNbextensionsApp] Making directory: /usr/local/share/jupyter/nbextensions/exercise2/
#15 2.181 [I 04:20:40 InstallContribNbextensionsApp] Copying: /usr/local/lib/python3.8/dist-packages/jupyter_contrib_nbextensions/nbextensions/exercise2/exercise2.yaml -> /usr/local/share/jupyter/nbextensions/exercise2/exercise2.yaml
#15 2.181 [I 04:20:40 InstallContribNbextensionsApp] Copying: /usr/local/lib/python3.8/dist-packages/jupyter_contrib_nbextensions/nbextensions/exercise2/image.gif -> /usr/local/share/jupyter/nbextensions/exercise2/image.gif
#15 2.183 [I 04:20:40 InstallContribNbextensionsApp] Copying: /usr/local/lib/python3.8/dist-packages/jupyter_contrib_nbextensions/nbextensions/exercise2/main.css -> /usr/local/share/jupyter/nbextensions/exercise2/main.css
#15 2.183 [I 04:20:40 InstallContribNbextensionsApp] Copying: /usr/local/lib/python3.8/dist-packages/jupyter_contrib_nbextensions/nbextensions/exercise2/readme.md -> /usr/local/share/jupyter/nbextensions/exercise2/readme.md
#15 2.184 [I 04:20:40 InstallContribNbextensionsApp] Copying: /usr/local/lib/python3.8/dist-packages/jupyter_contrib_nbextensions/nbextensions/exercise2/main.js -> /usr/local/share/jupyter/nbextensions/exercise2/main.js
#15 2.185 [I 04:20:40 InstallContribNbextensionsApp] Copying: /usr/local/lib/python3.8/dist-packages/jupyter_contrib_nbextensions/nbextensions/exercise2/icon.png -> /usr/local/share/jupyter/nbextensions/exercise2/icon.png
#15 2.185 [I 04:20:40 InstallContribNbextensionsApp] - Validating: [32mOK[0m
#15 2.186 [I 04:20:40 InstallContribNbextensionsApp] Installing /usr/local/lib/python3.8/dist-packages/jupyter_contrib_nbextensions/nbextensions/skill -> skill
#15 2.186 [I 04:20:40 InstallContribNbextensionsApp] Making directory: /usr/local/share/jupyter/nbextensions/skill/
#15 2.186 [I 04:20:40 InstallContribNbextensionsApp] Copying: /usr/local/lib/python3.8/dist-packages/jupyter_contrib_nbextensions/nbextensions/skill/skill.yaml -> /usr/local/share/jupyter/nbextensions/skill/skill.yaml
#15 2.187 [I 04:20:40 InstallContribNbextensionsApp] Copying: /usr/local/lib/python3.8/dist-packages/jupyter_contrib_nbextensions/nbextensions/skill/skill.js -> /usr/local/share/jupyter/nbextensions/skill/skill.js
#15 2.188 [I 04:20:40 InstallContribNbextensionsApp] Copying: /usr/local/lib/python3.8/dist-packages/jupyter_contrib_nbextensions/nbextensions/skill/main.js -> /usr/local/share/jupyter/nbextensions/skill/main.js
#15 2.189 [I 04:20:40 InstallContribNbextensionsApp] Copying: /usr/local/lib/python3.8/dist-packages/jupyter_contrib_nbextensions/nbextensions/skill/README.md -> /usr/local/share/jupyter/nbextensions/skill/README.md
#15 2.189 [I 04:20:40 InstallContribNbextensionsApp] - Validating: [32mOK[0m
#15 2.189 [I 04:20:40 InstallContribNbextensionsApp] Installing /usr/local/lib/python3.8/dist-packages/jupyter_contrib_nbextensions/nbextensions/table_beautifier -> table_beautifier
#15 2.190 [I 04:20:40 InstallContribNbextensionsApp] Making directory: /usr/local/share/jupyter/nbextensions/table_beautifier/
#15 2.190 [I 04:20:40 InstallContribNbextensionsApp] Copying: /usr/local/lib/python3.8/dist-packages/jupyter_contrib_nbextensions/nbextensions/table_beautifier/main.css -> /usr/local/share/jupyter/nbextensions/table_beautifier/main.css
#15 2.190 [I 04:20:40 InstallContribNbextensionsApp] Copying: /usr/local/lib/python3.8/dist-packages/jupyter_contrib_nbextensions/nbextensions/table_beautifier/main.js -> /usr/local/share/jupyter/nbextensions/table_beautifier/main.js
#15 2.191 [I 04:20:40 InstallContribNbextensionsApp] Copying: /usr/local/lib/python3.8/dist-packages/jupyter_contrib_nbextensions/nbextensions/table_beautifier/README.md -> /usr/local/share/jupyter/nbextensions/table_beautifier/README.md
#15 2.192 [I 04:20:40 InstallContribNbextensionsApp] Copying: /usr/local/lib/python3.8/dist-packages/jupyter_contrib_nbextensions/nbextensions/table_beautifier/table_beautifier.yaml -> /usr/local/share/jupyter/nbextensions/table_beautifier/table_beautifier.yaml
#15 2.192 [I 04:20:40 InstallContribNbextensionsApp] - Validating: [32mOK[0m
#15 2.192 [I 04:20:40 InstallContribNbextensionsApp] Installing /usr/local/lib/python3.8/dist-packages/jupyter_contrib_nbextensions/nbextensions/skip-traceback -> skip-traceback
#15 2.192 [I 04:20:40 InstallContribNbextensionsApp] Making directory: /usr/local/share/jupyter/nbextensions/skip-traceback/
#15 2.192 [I 04:20:40 InstallContribNbextensionsApp] Copying: /usr/local/lib/python3.8/dist-packages/jupyter_contrib_nbextensions/nbextensions/skip-traceback/readme.md -> /usr/local/share/jupyter/nbextensions/skip-traceback/readme.md
#15 2.192 [I 04:20:40 InstallContribNbextensionsApp] Copying: /usr/local/lib/python3.8/dist-packages/jupyter_contrib_nbextensions/nbextensions/skip-traceback/main.js -> /usr/local/share/jupyter/nbextensions/skip-traceback/main.js
#15 2.193 [I 04:20:40 InstallContribNbextensionsApp] Copying: /usr/local/lib/python3.8/dist-packages/jupyter_contrib_nbextensions/nbextensions/skip-traceback/skip-traceback.yaml -> /usr/local/share/jupyter/nbextensions/skip-traceback/skip-traceback.yaml
#15 2.193 [I 04:20:40 InstallContribNbextensionsApp] Copying: /usr/local/lib/python3.8/dist-packages/jupyter_contrib_nbextensions/nbextensions/skip-traceback/skip-traceback.png -> /usr/local/share/jupyter/nbextensions/skip-traceback/skip-traceback.png
#15 2.194 [I 04:20:40 InstallContribNbextensionsApp] Copying: /usr/local/lib/python3.8/dist-packages/jupyter_contrib_nbextensions/nbextensions/skip-traceback/traceback.png -> /usr/local/share/jupyter/nbextensions/skip-traceback/traceback.png
#15 2.195 [I 04:20:40 InstallContribNbextensionsApp] Copying: /usr/local/lib/python3.8/dist-packages/jupyter_contrib_nbextensions/nbextensions/skip-traceback/icon.png -> /usr/local/share/jupyter/nbextensions/skip-traceback/icon.png
#15 2.196 [I 04:20:40 InstallContribNbextensionsApp] - Validating: [32mOK[0m
#15 2.196 [I 04:20:40 InstallContribNbextensionsApp] Installing /usr/local/lib/python3.8/dist-packages/jupyter_contrib_nbextensions/nbextensions/help_panel -> help_panel
#15 2.196 [I 04:20:40 InstallContribNbextensionsApp] Making directory: /usr/local/share/jupyter/nbextensions/help_panel/
#15 2.196 [I 04:20:40 InstallContribNbextensionsApp] Copying: /usr/local/lib/python3.8/dist-packages/jupyter_contrib_nbextensions/nbextensions/help_panel/help_panel.js -> /usr/local/share/jupyter/nbextensions/help_panel/help_panel.js
#15 2.197 [I 04:20:40 InstallContribNbextensionsApp] Copying: /usr/local/lib/python3.8/dist-packages/jupyter_contrib_nbextensions/nbextensions/help_panel/help_panel.css -> /usr/local/share/jupyter/nbextensions/help_panel/help_panel.css
#15 2.198 [I 04:20:40 InstallContribNbextensionsApp] Copying: /usr/local/lib/python3.8/dist-packages/jupyter_contrib_nbextensions/nbextensions/help_panel/help_panel_ext_fullscreen.png -> /usr/local/share/jupyter/nbextensions/help_panel/help_panel_ext_fullscreen.png
#15 2.200 [I 04:20:40 InstallContribNbextensionsApp] Copying: /usr/local/lib/python3.8/dist-packages/jupyter_contrib_nbextensions/nbextensions/help_panel/readme.md -> /usr/local/share/jupyter/nbextensions/help_panel/readme.md
#15 2.201 [I 04:20:40 InstallContribNbextensionsApp] Copying: /usr/local/lib/python3.8/dist-packages/jupyter_contrib_nbextensions/nbextensions/help_panel/help_panel_ext.png -> /usr/local/share/jupyter/nbextensions/help_panel/help_panel_ext.png
#15 2.204 [I 04:20:40 InstallContribNbextensionsApp] Copying: /usr/local/lib/python3.8/dist-packages/jupyter_contrib_nbextensions/nbextensions/help_panel/help_panel.yaml -> /usr/local/share/jupyter/nbextensions/help_panel/help_panel.yaml
#15 2.204 [I 04:20:40 InstallContribNbextensionsApp] Copying: /usr/local/lib/python3.8/dist-packages/jupyter_contrib_nbextensions/nbextensions/help_panel/icon.png -> /usr/local/share/jupyter/nbextensions/help_panel/icon.png
#15 2.205 [I 04:20:40 InstallContribNbextensionsApp] Making directory: /usr/local/share/jupyter/nbextensions/help_panel/img
#15 2.205 [I 04:20:40 InstallContribNbextensionsApp] Copying: /usr/local/lib/python3.8/dist-packages/jupyter_contrib_nbextensions/nbextensions/help_panel/img/handle-v.png -> /usr/local/share/jupyter/nbextensions/help_panel/img/handle-v.png
#15 2.206 [I 04:20:40 InstallContribNbextensionsApp] - Validating: [32mOK[0m
#15 2.206 [I 04:20:40 InstallContribNbextensionsApp] Installing /usr/local/lib/python3.8/dist-packages/jupyter_contrib_nbextensions/nbextensions/tree-filter -> tree-filter
#15 2.206 [I 04:20:40 InstallContribNbextensionsApp] Making directory: /usr/local/share/jupyter/nbextensions/tree-filter/
#15 2.206 [I 04:20:40 InstallContribNbextensionsApp] Copying: /usr/local/lib/python3.8/dist-packages/jupyter_contrib_nbextensions/nbextensions/tree-filter/tree-filter.yaml -> /usr/local/share/jupyter/nbextensions/tree-filter/tree-filter.yaml
#15 2.207 [I 04:20:40 InstallContribNbextensionsApp] Copying: /usr/local/lib/python3.8/dist-packages/jupyter_contrib_nbextensions/nbextensions/tree-filter/readme.md -> /usr/local/share/jupyter/nbextensions/tree-filter/readme.md
#15 2.207 [I 04:20:40 InstallContribNbextensionsApp] Copying: /usr/local/lib/python3.8/dist-packages/jupyter_contrib_nbextensions/nbextensions/tree-filter/demo.gif -> /usr/local/share/jupyter/nbextensions/tree-filter/demo.gif
#15 2.209 [I 04:20:40 InstallContribNbextensionsApp] Copying: /usr/local/lib/python3.8/dist-packages/jupyter_contrib_nbextensions/nbextensions/tree-filter/index.js -> /usr/local/share/jupyter/nbextensions/tree-filter/index.js
#15 2.210 [I 04:20:40 InstallContribNbextensionsApp] - Validating: [32mOK[0m
#15 2.210 [I 04:20:40 InstallContribNbextensionsApp] Installing /usr/local/lib/python3.8/dist-packages/jupyter_contrib_nbextensions/nbextensions/scroll_down -> scroll_down
#15 2.210 [I 04:20:40 InstallContribNbextensionsApp] Making directory: /usr/local/share/jupyter/nbextensions/scroll_down/
#15 2.210 [I 04:20:40 InstallContribNbextensionsApp] Copying: /usr/local/lib/python3.8/dist-packages/jupyter_contrib_nbextensions/nbextensions/scroll_down/readme.md -> /usr/local/share/jupyter/nbextensions/scroll_down/readme.md
#15 2.212 [I 04:20:40 InstallContribNbextensionsApp] Copying: /usr/local/lib/python3.8/dist-packages/jupyter_contrib_nbextensions/nbextensions/scroll_down/main.js -> /usr/local/share/jupyter/nbextensions/scroll_down/main.js
#15 2.213 [I 04:20:40 InstallContribNbextensionsApp] Copying: /usr/local/lib/python3.8/dist-packages/jupyter_contrib_nbextensions/nbextensions/scroll_down/config.yaml -> /usr/local/share/jupyter/nbextensions/scroll_down/config.yaml
#15 2.213 [I 04:20:40 InstallContribNbextensionsApp] Copying: /usr/local/lib/python3.8/dist-packages/jupyter_contrib_nbextensions/nbextensions/scroll_down/icon.png -> /usr/local/share/jupyter/nbextensions/scroll_down/icon.png
#15 2.214 [I 04:20:40 InstallContribNbextensionsApp] - Validating: [32mOK[0m
#15 2.214 [I 04:20:40 InstallContribNbextensionsApp] Installing /usr/local/lib/python3.8/dist-packages/jupyter_contrib_nbextensions/nbextensions/spellchecker -> spellchecker
#15 2.214 [I 04:20:40 InstallContribNbextensionsApp] Making directory: /usr/local/share/jupyter/nbextensions/spellchecker/
#15 2.215 [I 04:20:40 InstallContribNbextensionsApp] Copying: /usr/local/lib/python3.8/dist-packages/jupyter_contrib_nbextensions/nbextensions/spellchecker/screenshot.png -> /usr/local/share/jupyter/nbextensions/spellchecker/screenshot.png
#15 2.216 [I 04:20:40 InstallContribNbextensionsApp] Copying: /usr/local/lib/python3.8/dist-packages/jupyter_contrib_nbextensions/nbextensions/spellchecker/download_new_dict.py -> /usr/local/share/jupyter/nbextensions/spellchecker/download_new_dict.py
#15 2.217 [I 04:20:40 InstallContribNbextensionsApp] Copying: /usr/local/lib/python3.8/dist-packages/jupyter_contrib_nbextensions/nbextensions/spellchecker/main.css -> /usr/local/share/jupyter/nbextensions/spellchecker/main.css
#15 2.218 [I 04:20:40 InstallContribNbextensionsApp] Copying: /usr/local/lib/python3.8/dist-packages/jupyter_contrib_nbextensions/nbextensions/spellchecker/main.js -> /usr/local/share/jupyter/nbextensions/spellchecker/main.js
#15 2.219 [I 04:20:40 InstallContribNbextensionsApp] Copying: /usr/local/lib/python3.8/dist-packages/jupyter_contrib_nbextensions/nbextensions/spellchecker/README.md -> /usr/local/share/jupyter/nbextensions/spellchecker/README.md
#15 2.220 [I 04:20:40 InstallContribNbextensionsApp] Copying: /usr/local/lib/python3.8/dist-packages/jupyter_contrib_nbextensions/nbextensions/spellchecker/config.yaml -> /usr/local/share/jupyter/nbextensions/spellchecker/config.yaml
#15 2.221 [I 04:20:40 InstallContribNbextensionsApp] Making directory: /usr/local/share/jupyter/nbextensions/spellchecker/__pycache__
#15 2.221 [I 04:20:40 InstallContribNbextensionsApp] Copying: /usr/local/lib/python3.8/dist-packages/jupyter_contrib_nbextensions/nbextensions/spellchecker/__pycache__/download_new_dict.cpython-38.pyc -> /usr/local/share/jupyter/nbextensions/spellchecker/__pycache__/download_new_dict.cpython-38.pyc
#15 2.222 [I 04:20:40 InstallContribNbextensionsApp] Making directory: /usr/local/share/jupyter/nbextensions/spellchecker/typo
#15 2.222 [I 04:20:40 InstallContribNbextensionsApp] Copying: /usr/local/lib/python3.8/dist-packages/jupyter_contrib_nbextensions/nbextensions/spellchecker/typo/LICENSE.txt -> /usr/local/share/jupyter/nbextensions/spellchecker/typo/LICENSE.txt
#15 2.223 [I 04:20:40 InstallContribNbextensionsApp] Copying: /usr/local/lib/python3.8/dist-packages/jupyter_contrib_nbextensions/nbextensions/spellchecker/typo/typo.js -> /usr/local/share/jupyter/nbextensions/spellchecker/typo/typo.js
#15 2.224 [I 04:20:40 InstallContribNbextensionsApp] - Validating: [32mOK[0m
#15 2.224 [I 04:20:40 InstallContribNbextensionsApp] Installing /usr/local/lib/python3.8/dist-packages/jupyter_contrib_nbextensions/nbextensions/nbTranslate -> nbTranslate
#15 2.225 [I 04:20:40 InstallContribNbextensionsApp] Making directory: /usr/local/share/jupyter/nbextensions/nbTranslate/
#15 2.225 [I 04:20:40 InstallContribNbextensionsApp] Copying: /usr/local/lib/python3.8/dist-packages/jupyter_contrib_nbextensions/nbextensions/nbTranslate/mutils.js -> /usr/local/share/jupyter/nbextensions/nbTranslate/mutils.js
#15 2.226 [I 04:20:40 InstallContribNbextensionsApp] Copying: /usr/local/lib/python3.8/dist-packages/jupyter_contrib_nbextensions/nbextensions/nbTranslate/languages.js -> /usr/local/share/jupyter/nbextensions/nbTranslate/languages.js
#15 2.227 [I 04:20:40 InstallContribNbextensionsApp] Copying: /usr/local/lib/python3.8/dist-packages/jupyter_contrib_nbextensions/nbextensions/nbTranslate/nbTranslate.yaml -> /usr/local/share/jupyter/nbextensions/nbTranslate/nbTranslate.yaml
#15 2.227 [I 04:20:40 InstallContribNbextensionsApp] Copying: /usr/local/lib/python3.8/dist-packages/jupyter_contrib_nbextensions/nbextensions/nbTranslate/demo1.gif -> /usr/local/share/jupyter/nbextensions/nbTranslate/demo1.gif
#15 2.236 [I 04:20:40 InstallContribNbextensionsApp] Copying: /usr/local/lib/python3.8/dist-packages/jupyter_contrib_nbextensions/nbextensions/nbTranslate/main.js -> /usr/local/share/jupyter/nbextensions/nbTranslate/main.js
#15 2.237 [I 04:20:40 InstallContribNbextensionsApp] Copying: /usr/local/lib/python3.8/dist-packages/jupyter_contrib_nbextensions/nbextensions/nbTranslate/README.md -> /usr/local/share/jupyter/nbextensions/nbTranslate/README.md
#15 2.238 [I 04:20:40 InstallContribNbextensionsApp] Copying: /usr/local/lib/python3.8/dist-packages/jupyter_contrib_nbextensions/nbextensions/nbTranslate/demo2.gif -> /usr/local/share/jupyter/nbextensions/nbTranslate/demo2.gif
#15 2.247 [I 04:20:40 InstallContribNbextensionsApp] Copying: /usr/local/lib/python3.8/dist-packages/jupyter_contrib_nbextensions/nbextensions/nbTranslate/nbTranslate.js -> /usr/local/share/jupyter/nbextensions/nbTranslate/nbTranslate.js
#15 2.248 [I 04:20:40 InstallContribNbextensionsApp] - Validating: [32mOK[0m
#15 2.248 [I 04:20:40 InstallContribNbextensionsApp] Installing /usr/local/lib/python3.8/dist-packages/jupyter_contrib_nbextensions/nbextensions/load_tex_macros -> load_tex_macros
#15 2.248 [I 04:20:40 InstallContribNbextensionsApp] Making directory: /usr/local/share/jupyter/nbextensions/load_tex_macros/
#15 2.248 [I 04:20:40 InstallContribNbextensionsApp] Copying: /usr/local/lib/python3.8/dist-packages/jupyter_contrib_nbextensions/nbextensions/load_tex_macros/load_tex_macros.yaml -> /usr/local/share/jupyter/nbextensions/load_tex_macros/load_tex_macros.yaml
#15 2.248 [I 04:20:40 InstallContribNbextensionsApp] Copying: /usr/local/lib/python3.8/dist-packages/jupyter_contrib_nbextensions/nbextensions/load_tex_macros/readme.md -> /usr/local/share/jupyter/nbextensions/load_tex_macros/readme.md
#15 2.249 [I 04:20:40 InstallContribNbextensionsApp] Copying: /usr/local/lib/python3.8/dist-packages/jupyter_contrib_nbextensions/nbextensions/load_tex_macros/main.js -> /usr/local/share/jupyter/nbextensions/load_tex_macros/main.js
#15 2.250 [I 04:20:40 InstallContribNbextensionsApp] Copying: /usr/local/lib/python3.8/dist-packages/jupyter_contrib_nbextensions/nbextensions/load_tex_macros/icon.png -> /usr/local/share/jupyter/nbextensions/load_tex_macros/icon.png
#15 2.251 [I 04:20:40 InstallContribNbextensionsApp] - Validating: [32mOK[0m
#15 2.251 [I 04:20:40 InstallContribNbextensionsApp] Installing /usr/local/lib/python3.8/dist-packages/jupyter_contrib_nbextensions/nbextensions/contrib_nbextensions_help_item -> contrib_nbextensions_help_item
#15 2.251 [I 04:20:40 InstallContribNbextensionsApp] Making directory: /usr/local/share/jupyter/nbextensions/contrib_nbextensions_help_item/
#15 2.251 [I 04:20:40 InstallContribNbextensionsApp] Copying: /usr/local/lib/python3.8/dist-packages/jupyter_contrib_nbextensions/nbextensions/contrib_nbextensions_help_item/main.js -> /usr/local/share/jupyter/nbextensions/contrib_nbextensions_help_item/main.js
#15 2.252 [I 04:20:40 InstallContribNbextensionsApp] Copying: /usr/local/lib/python3.8/dist-packages/jupyter_contrib_nbextensions/nbextensions/contrib_nbextensions_help_item/README.md -> /usr/local/share/jupyter/nbextensions/contrib_nbextensions_help_item/README.md
#15 2.253 [I 04:20:40 InstallContribNbextensionsApp] Copying: /usr/local/lib/python3.8/dist-packages/jupyter_contrib_nbextensions/nbextensions/contrib_nbextensions_help_item/contrib_nbextensions_help_item.yaml -> /usr/local/share/jupyter/nbextensions/contrib_nbextensions_help_item/contrib_nbextensions_help_item.yaml
#15 2.253 [I 04:20:40 InstallContribNbextensionsApp] - Validating: [32mOK[0m
#15 2.253 [I 04:20:40 InstallContribNbextensionsApp] Installing /usr/local/lib/python3.8/dist-packages/jupyter_contrib_nbextensions/nbextensions/printview -> printview
#15 2.253 [I 04:20:40 InstallContribNbextensionsApp] Making directory: /usr/local/share/jupyter/nbextensions/printview/
#15 2.253 [I 04:20:40 InstallContribNbextensionsApp] Copying: /usr/local/lib/python3.8/dist-packages/jupyter_contrib_nbextensions/nbextensions/printview/printview-button.png -> /usr/local/share/jupyter/nbextensions/printview/printview-button.png
#15 2.254 [I 04:20:40 InstallContribNbextensionsApp] Copying: /usr/local/lib/python3.8/dist-packages/jupyter_contrib_nbextensions/nbextensions/printview/printview.yaml -> /usr/local/share/jupyter/nbextensions/printview/printview.yaml
#15 2.254 [I 04:20:40 InstallContribNbextensionsApp] Copying: /usr/local/lib/python3.8/dist-packages/jupyter_contrib_nbextensions/nbextensions/printview/readme.md -> /usr/local/share/jupyter/nbextensions/printview/readme.md
#15 2.255 [I 04:20:40 InstallContribNbextensionsApp] Copying: /usr/local/lib/python3.8/dist-packages/jupyter_contrib_nbextensions/nbextensions/printview/main.js -> /usr/local/share/jupyter/nbextensions/printview/main.js
#15 2.255 [I 04:20:40 InstallContribNbextensionsApp] Copying: /usr/local/lib/python3.8/dist-packages/jupyter_contrib_nbextensions/nbextensions/printview/icon.png -> /usr/local/share/jupyter/nbextensions/printview/icon.png
#15 2.256 [I 04:20:40 InstallContribNbextensionsApp] - Validating: [32mOK[0m
#15 2.256 [I 04:20:40 InstallContribNbextensionsApp] Installing /usr/local/lib/python3.8/dist-packages/jupyter_contrib_nbextensions/nbextensions/export_embedded -> export_embedded
#15 2.256 [I 04:20:40 InstallContribNbextensionsApp] Making directory: /usr/local/share/jupyter/nbextensions/export_embedded/
#15 2.257 [I 04:20:40 InstallContribNbextensionsApp] Copying: /usr/local/lib/python3.8/dist-packages/jupyter_contrib_nbextensions/nbextensions/export_embedded/export_embedded.yaml -> /usr/local/share/jupyter/nbextensions/export_embedded/export_embedded.yaml
#15 2.257 [I 04:20:40 InstallContribNbextensionsApp] Copying: /usr/local/lib/python3.8/dist-packages/jupyter_contrib_nbextensions/nbextensions/export_embedded/readme.md -> /usr/local/share/jupyter/nbextensions/export_embedded/readme.md
#15 2.257 [I 04:20:40 InstallContribNbextensionsApp] Copying: /usr/local/lib/python3.8/dist-packages/jupyter_contrib_nbextensions/nbextensions/export_embedded/main.js -> /usr/local/share/jupyter/nbextensions/export_embedded/main.js
#15 2.259 [I 04:20:40 InstallContribNbextensionsApp] Copying: /usr/local/lib/python3.8/dist-packages/jupyter_contrib_nbextensions/nbextensions/export_embedded/icon.png -> /usr/local/share/jupyter/nbextensions/export_embedded/icon.png
#15 2.260 [I 04:20:40 InstallContribNbextensionsApp] - Validating: [32mOK[0m
#15 2.260 [I 04:20:40 InstallContribNbextensionsApp] Installing /usr/local/lib/python3.8/dist-packages/jupyter_contrib_nbextensions/nbextensions/snippets -> snippets
#15 2.260 [I 04:20:40 InstallContribNbextensionsApp] Making directory: /usr/local/share/jupyter/nbextensions/snippets/
#15 2.261 [I 04:20:40 InstallContribNbextensionsApp] Copying: /usr/local/lib/python3.8/dist-packages/jupyter_contrib_nbextensions/nbextensions/snippets/snippets.yaml -> /usr/local/share/jupyter/nbextensions/snippets/snippets.yaml
#15 2.261 [I 04:20:40 InstallContribNbextensionsApp] Copying: /usr/local/lib/python3.8/dist-packages/jupyter_contrib_nbextensions/nbextensions/snippets/snippets-demo.gif -> /usr/local/share/jupyter/nbextensions/snippets/snippets-demo.gif
#15 2.263 [I 04:20:40 InstallContribNbextensionsApp] Copying: /usr/local/lib/python3.8/dist-packages/jupyter_contrib_nbextensions/nbextensions/snippets/main.js -> /usr/local/share/jupyter/nbextensions/snippets/main.js
#15 2.264 [I 04:20:40 InstallContribNbextensionsApp] Copying: /usr/local/lib/python3.8/dist-packages/jupyter_contrib_nbextensions/nbextensions/snippets/README.md -> /usr/local/share/jupyter/nbextensions/snippets/README.md
#15 2.265 [I 04:20:40 InstallContribNbextensionsApp] Copying: /usr/local/lib/python3.8/dist-packages/jupyter_contrib_nbextensions/nbextensions/snippets/snippets.json -> /usr/local/share/jupyter/nbextensions/snippets/snippets.json
#15 2.265 [I 04:20:40 InstallContribNbextensionsApp] - Validating: [32mOK[0m
#15 2.265 [I 04:20:40 InstallContribNbextensionsApp] Installing /usr/local/lib/python3.8/dist-packages/jupyter_contrib_nbextensions/nbextensions/toc2 -> toc2
#15 2.265 [I 04:20:40 InstallContribNbextensionsApp] Making directory: /usr/local/share/jupyter/nbextensions/toc2/
#15 2.266 [I 04:20:40 InstallContribNbextensionsApp] Copying: /usr/local/lib/python3.8/dist-packages/jupyter_contrib_nbextensions/nbextensions/toc2/toc2.js -> /usr/local/share/jupyter/nbextensions/toc2/toc2.js
#15 2.266 [I 04:20:40 InstallContribNbextensionsApp] Copying: /usr/local/lib/python3.8/dist-packages/jupyter_contrib_nbextensions/nbextensions/toc2/demo3.gif -> /usr/local/share/jupyter/nbextensions/toc2/demo3.gif
#15 2.267 [I 04:20:40 InstallContribNbextensionsApp] Copying: /usr/local/lib/python3.8/dist-packages/jupyter_contrib_nbextensions/nbextensions/toc2/main.css -> /usr/local/share/jupyter/nbextensions/toc2/main.css
#15 2.268 [I 04:20:40 InstallContribNbextensionsApp] Copying: /usr/local/lib/python3.8/dist-packages/jupyter_contrib_nbextensions/nbextensions/toc2/main.js -> /usr/local/share/jupyter/nbextensions/toc2/main.js
#15 2.268 [I 04:20:40 InstallContribNbextensionsApp] Copying: /usr/local/lib/python3.8/dist-packages/jupyter_contrib_nbextensions/nbextensions/toc2/toc2.yaml -> /usr/local/share/jupyter/nbextensions/toc2/toc2.yaml
#15 2.269 [I 04:20:40 InstallContribNbextensionsApp] Copying: /usr/local/lib/python3.8/dist-packages/jupyter_contrib_nbextensions/nbextensions/toc2/README.md -> /usr/local/share/jupyter/nbextensions/toc2/README.md
#15 2.270 [I 04:20:40 InstallContribNbextensionsApp] Copying: /usr/local/lib/python3.8/dist-packages/jupyter_contrib_nbextensions/nbextensions/toc2/image.png -> /usr/local/share/jupyter/nbextensions/toc2/image.png
#15 2.270 [I 04:20:40 InstallContribNbextensionsApp] Copying: /usr/local/lib/python3.8/dist-packages/jupyter_contrib_nbextensions/nbextensions/toc2/demo2.gif -> /usr/local/share/jupyter/nbextensions/toc2/demo2.gif
#15 2.273 [I 04:20:40 InstallContribNbextensionsApp] Copying: /usr/local/lib/python3.8/dist-packages/jupyter_contrib_nbextensions/nbextensions/toc2/demo_dark.png -> /usr/local/share/jupyter/nbextensions/toc2/demo_dark.png
#15 2.274 [I 04:20:40 InstallContribNbextensionsApp] Copying: /usr/local/lib/python3.8/dist-packages/jupyter_contrib_nbextensions/nbextensions/toc2/demo.gif -> /usr/local/share/jupyter/nbextensions/toc2/demo.gif
#15 2.316 [I 04:20:40 InstallContribNbextensionsApp] Copying: /usr/local/lib/python3.8/dist-packages/jupyter_contrib_nbextensions/nbextensions/toc2/icon.png -> /usr/local/share/jupyter/nbextensions/toc2/icon.png
#15 2.318 [I 04:20:40 InstallContribNbextensionsApp] - Validating: [32mOK[0m
#15 2.319 [I 04:20:40 InstallContribNbextensionsApp] Installing /usr/local/lib/python3.8/dist-packages/jupyter_contrib_nbextensions/nbextensions/livemdpreview -> livemdpreview
#15 2.319 [I 04:20:40 InstallContribNbextensionsApp] Making directory: /usr/local/share/jupyter/nbextensions/livemdpreview/
#15 2.319 [I 04:20:40 InstallContribNbextensionsApp] Copying: /usr/local/lib/python3.8/dist-packages/jupyter_contrib_nbextensions/nbextensions/livemdpreview/livemdpreview.js -> /usr/local/share/jupyter/nbextensions/livemdpreview/livemdpreview.js
#15 2.321 [I 04:20:40 InstallContribNbextensionsApp] Copying: /usr/local/lib/python3.8/dist-packages/jupyter_contrib_nbextensions/nbextensions/livemdpreview/livemdpreview.yml -> /usr/local/share/jupyter/nbextensions/livemdpreview/livemdpreview.yml
#15 2.321 [I 04:20:40 InstallContribNbextensionsApp] - Validating: [32mOK[0m
#15 2.321 [I 04:20:40 InstallContribNbextensionsApp] Installing /usr/local/lib/python3.8/dist-packages/jupyter_contrib_nbextensions/nbextensions/python-markdown -> python-markdown
#15 2.321 [I 04:20:40 InstallContribNbextensionsApp] Making directory: /usr/local/share/jupyter/nbextensions/python-markdown/
#15 2.321 [I 04:20:40 InstallContribNbextensionsApp] Copying: /usr/local/lib/python3.8/dist-packages/jupyter_contrib_nbextensions/nbextensions/python-markdown/trusted.png -> /usr/local/share/jupyter/nbextensions/python-markdown/trusted.png
#15 2.322 [I 04:20:41 InstallContribNbextensionsApp] Copying: /usr/local/lib/python3.8/dist-packages/jupyter_contrib_nbextensions/nbextensions/python-markdown/main.css -> /usr/local/share/jupyter/nbextensions/python-markdown/main.css
#15 2.323 [I 04:20:41 InstallContribNbextensionsApp] Copying: /usr/local/lib/python3.8/dist-packages/jupyter_contrib_nbextensions/nbextensions/python-markdown/readme.md -> /usr/local/share/jupyter/nbextensions/python-markdown/readme.md
#15 2.324 [I 04:20:41 InstallContribNbextensionsApp] Copying: /usr/local/lib/python3.8/dist-packages/jupyter_contrib_nbextensions/nbextensions/python-markdown/untrusted.png -> /usr/local/share/jupyter/nbextensions/python-markdown/untrusted.png
#15 2.326 [I 04:20:41 InstallContribNbextensionsApp] Copying: /usr/local/lib/python3.8/dist-packages/jupyter_contrib_nbextensions/nbextensions/python-markdown/python-markdown.yaml -> /usr/local/share/jupyter/nbextensions/python-markdown/python-markdown.yaml
#15 2.326 [I 04:20:41 InstallContribNbextensionsApp] Copying: /usr/local/lib/python3.8/dist-packages/jupyter_contrib_nbextensions/nbextensions/python-markdown/main.js -> /usr/local/share/jupyter/nbextensions/python-markdown/main.js
#15 2.326 [I 04:20:41 InstallContribNbextensionsApp] Copying: /usr/local/lib/python3.8/dist-packages/jupyter_contrib_nbextensions/nbextensions/python-markdown/python-markdown.png -> /usr/local/share/jupyter/nbextensions/python-markdown/python-markdown.png
#15 2.327 [I 04:20:41 InstallContribNbextensionsApp] Copying: /usr/local/lib/python3.8/dist-packages/jupyter_contrib_nbextensions/nbextensions/python-markdown/python-markdown-post.png -> /usr/local/share/jupyter/nbextensions/python-markdown/python-markdown-post.png
#15 2.329 [I 04:20:41 InstallContribNbextensionsApp] Copying: /usr/local/lib/python3.8/dist-packages/jupyter_contrib_nbextensions/nbextensions/python-markdown/python-markdown-pre.png -> /usr/local/share/jupyter/nbextensions/python-markdown/python-markdown-pre.png
#15 2.330 [I 04:20:41 InstallContribNbextensionsApp] - Validating: [32mOK[0m
#15 2.330 [I 04:20:41 InstallContribNbextensionsApp] Installing /usr/local/lib/python3.8/dist-packages/jupyter_contrib_nbextensions/nbextensions/execution_dependencies -> execution_dependencies
#15 2.330 [I 04:20:41 InstallContribNbextensionsApp] Making directory: /usr/local/share/jupyter/nbextensions/execution_dependencies/
#15 2.330 [I 04:20:41 InstallContribNbextensionsApp] Copying: /usr/local/lib/python3.8/dist-packages/jupyter_contrib_nbextensions/nbextensions/execution_dependencies/execution_dependencies.js -> /usr/local/share/jupyter/nbextensions/execution_dependencies/execution_dependencies.js
#15 2.331 [I 04:20:41 InstallContribNbextensionsApp] Copying: /usr/local/lib/python3.8/dist-packages/jupyter_contrib_nbextensions/nbextensions/execution_dependencies/README.md -> /usr/local/share/jupyter/nbextensions/execution_dependencies/README.md
#15 2.332 [I 04:20:41 InstallContribNbextensionsApp] Copying: /usr/local/lib/python3.8/dist-packages/jupyter_contrib_nbextensions/nbextensions/execution_dependencies/execution_dependencies.yml -> /usr/local/share/jupyter/nbextensions/execution_dependencies/execution_dependencies.yml
#15 2.332 [I 04:20:41 InstallContribNbextensionsApp] - Validating: [32mOK[0m
#15 2.332 [I 04:20:41 InstallContribNbextensionsApp] Installing /usr/local/lib/python3.8/dist-packages/jupyter_contrib_nbextensions/nbextensions/codefolding -> codefolding
#15 2.332 [I 04:20:41 InstallContribNbextensionsApp] Making directory: /usr/local/share/jupyter/nbextensions/codefolding/
#15 2.333 [I 04:20:41 InstallContribNbextensionsApp] Copying: /usr/local/lib/python3.8/dist-packages/jupyter_contrib_nbextensions/nbextensions/codefolding/foldgutter.css -> /usr/local/share/jupyter/nbextensions/codefolding/foldgutter.css
#15 2.334 [I 04:20:41 InstallContribNbextensionsApp] Copying: /usr/local/lib/python3.8/dist-packages/jupyter_contrib_nbextensions/nbextensions/codefolding/codefolding_firstline_folded.png -> /usr/local/share/jupyter/nbextensions/codefolding/codefolding_firstline_folded.png
#15 2.335 [I 04:20:41 InstallContribNbextensionsApp] Copying: /usr/local/lib/python3.8/dist-packages/jupyter_contrib_nbextensions/nbextensions/codefolding/codefolding.yaml -> /usr/local/share/jupyter/nbextensions/codefolding/codefolding.yaml
#15 2.335 [I 04:20:41 InstallContribNbextensionsApp] Copying: /usr/local/lib/python3.8/dist-packages/jupyter_contrib_nbextensions/nbextensions/codefolding/codefolding_indent_folded_2.png -> /usr/local/share/jupyter/nbextensions/codefolding/codefolding_indent_folded_2.png
#15 2.337 [I 04:20:41 InstallContribNbextensionsApp] Copying: /usr/local/lib/python3.8/dist-packages/jupyter_contrib_nbextensions/nbextensions/codefolding/firstline-fold.js -> /usr/local/share/jupyter/nbextensions/codefolding/firstline-fold.js
#15 2.338 [I 04:20:41 InstallContribNbextensionsApp] Copying: /usr/local/lib/python3.8/dist-packages/jupyter_contrib_nbextensions/nbextensions/codefolding/magic-folded.png -> /usr/local/share/jupyter/nbextensions/codefolding/magic-folded.png
#15 2.340 [I 04:20:41 InstallContribNbextensionsApp] Copying: /usr/local/lib/python3.8/dist-packages/jupyter_contrib_nbextensions/nbextensions/codefolding/codefolding_indent_unfolded.png -> /usr/local/share/jupyter/nbextensions/codefolding/codefolding_indent_unfolded.png
#15 2.341 [I 04:20:41 InstallContribNbextensionsApp] Copying: /usr/local/lib/python3.8/dist-packages/jupyter_contrib_nbextensions/nbextensions/codefolding/readme.md -> /usr/local/share/jupyter/nbextensions/codefolding/readme.md
#15 2.342 [I 04:20:41 InstallContribNbextensionsApp] Copying: /usr/local/lib/python3.8/dist-packages/jupyter_contrib_nbextensions/nbextensions/codefolding/codefolding_editor.png -> /usr/local/share/jupyter/nbextensions/codefolding/codefolding_editor.png
#15 2.343 [I 04:20:41 InstallContribNbextensionsApp] Copying: /usr/local/lib/python3.8/dist-packages/jupyter_contrib_nbextensions/nbextensions/codefolding/edit.js -> /usr/local/share/jupyter/nbextensions/codefolding/edit.js
#15 2.344 [I 04:20:41 InstallContribNbextensionsApp] Copying: /usr/local/lib/python3.8/dist-packages/jupyter_contrib_nbextensions/nbextensions/codefolding/codefolding_editor.yaml -> /usr/local/share/jupyter/nbextensions/codefolding/codefolding_editor.yaml
#15 2.344 [I 04:20:41 InstallContribNbextensionsApp] Copying: /usr/local/lib/python3.8/dist-packages/jupyter_contrib_nbextensions/nbextensions/codefolding/magic-fold.js -> /usr/local/share/jupyter/nbextensions/codefolding/magic-fold.js
#15 2.345 [I 04:20:41 InstallContribNbextensionsApp] Copying: /usr/local/lib/python3.8/dist-packages/jupyter_contrib_nbextensions/nbextensions/codefolding/main.js -> /usr/local/share/jupyter/nbextensions/codefolding/main.js
#15 2.346 [I 04:20:41 InstallContribNbextensionsApp] Copying: /usr/local/lib/python3.8/dist-packages/jupyter_contrib_nbextensions/nbextensions/codefolding/codefolding_indent_folded_1.png -> /usr/local/share/jupyter/nbextensions/codefolding/codefolding_indent_folded_1.png
#15 2.347 [I 04:20:41 InstallContribNbextensionsApp] Copying: /usr/local/lib/python3.8/dist-packages/jupyter_contrib_nbextensions/nbextensions/codefolding/codefolding_firstline_unfolded.png -> /usr/local/share/jupyter/nbextensions/codefolding/codefolding_firstline_unfolded.png
#15 2.347 [I 04:20:41 InstallContribNbextensionsApp] Copying: /usr/local/lib/python3.8/dist-packages/jupyter_contrib_nbextensions/nbextensions/codefolding/blockcomment-fold.js -> /usr/local/share/jupyter/nbextensions/codefolding/blockcomment-fold.js
#15 2.348 [I 04:20:41 InstallContribNbextensionsApp] Copying: /usr/local/lib/python3.8/dist-packages/jupyter_contrib_nbextensions/nbextensions/codefolding/icon.png -> /usr/local/share/jupyter/nbextensions/codefolding/icon.png
#15 2.349 [I 04:20:41 InstallContribNbextensionsApp] Copying: /usr/local/lib/python3.8/dist-packages/jupyter_contrib_nbextensions/nbextensions/codefolding/magic-unfolded.png -> /usr/local/share/jupyter/nbextensions/codefolding/magic-unfolded.png
#15 2.351 [I 04:20:41 InstallContribNbextensionsApp] - Validating: [32mOK[0m
#15 2.351 [I 04:20:41 InstallContribNbextensionsApp] Installing /usr/local/lib/python3.8/dist-packages/jupyter_contrib_nbextensions/nbextensions/codefolding -> codefolding
#15 2.351 [I 04:20:41 InstallContribNbextensionsApp] Up to date: /usr/local/share/jupyter/nbextensions/codefolding/foldgutter.css
#15 2.351 [I 04:20:41 InstallContribNbextensionsApp] Up to date: /usr/local/share/jupyter/nbextensions/codefolding/codefolding_firstline_folded.png
#15 2.351 [I 04:20:41 InstallContribNbextensionsApp] Up to date: /usr/local/share/jupyter/nbextensions/codefolding/codefolding.yaml
#15 2.351 [I 04:20:41 InstallContribNbextensionsApp] Up to date: /usr/local/share/jupyter/nbextensions/codefolding/codefolding_indent_folded_2.png
#15 2.352 [I 04:20:41 InstallContribNbextensionsApp] Up to date: /usr/local/share/jupyter/nbextensions/codefolding/firstline-fold.js
#15 2.352 [I 04:20:41 InstallContribNbextensionsApp] Up to date: /usr/local/share/jupyter/nbextensions/codefolding/magic-folded.png
#15 2.352 [I 04:20:41 InstallContribNbextensionsApp] Up to date: /usr/local/share/jupyter/nbextensions/codefolding/codefolding_indent_unfolded.png
#15 2.352 [I 04:20:41 InstallContribNbextensionsApp] Up to date: /usr/local/share/jupyter/nbextensions/codefolding/readme.md
#15 2.352 [I 04:20:41 InstallContribNbextensionsApp] Up to date: /usr/local/share/jupyter/nbextensions/codefolding/codefolding_editor.png
#15 2.352 [I 04:20:41 InstallContribNbextensionsApp] Up to date: /usr/local/share/jupyter/nbextensions/codefolding/edit.js
#15 2.352 [I 04:20:41 InstallContribNbextensionsApp] Up to date: /usr/local/share/jupyter/nbextensions/codefolding/codefolding_editor.yaml
#15 2.352 [I 04:20:41 InstallContribNbextensionsApp] Up to date: /usr/local/share/jupyter/nbextensions/codefolding/magic-fold.js
#15 2.352 [I 04:20:41 InstallContribNbextensionsApp] Up to date: /usr/local/share/jupyter/nbextensions/codefolding/main.js
#15 2.353 [I 04:20:41 InstallContribNbextensionsApp] Up to date: /usr/local/share/jupyter/nbextensions/codefolding/codefolding_indent_folded_1.png
#15 2.353 [I 04:20:41 InstallContribNbextensionsApp] Up to date: /usr/local/share/jupyter/nbextensions/codefolding/codefolding_firstline_unfolded.png
#15 2.353 [I 04:20:41 InstallContribNbextensionsApp] Up to date: /usr/local/share/jupyter/nbextensions/codefolding/blockcomment-fold.js
#15 2.353 [I 04:20:41 InstallContribNbextensionsApp] Up to date: /usr/local/share/jupyter/nbextensions/codefolding/icon.png
#15 2.353 [I 04:20:41 InstallContribNbextensionsApp] Up to date: /usr/local/share/jupyter/nbextensions/codefolding/magic-unfolded.png
#15 2.353 [I 04:20:41 InstallContribNbextensionsApp] - Validating: [32mOK[0m
#15 2.353 [I 04:20:41 InstallContribNbextensionsApp] Installing /usr/local/lib/python3.8/dist-packages/jupyter_contrib_nbextensions/nbextensions/highlighter -> highlighter
#15 2.354 [I 04:20:41 InstallContribNbextensionsApp] Making directory: /usr/local/share/jupyter/nbextensions/highlighter/
#15 2.354 [I 04:20:41 InstallContribNbextensionsApp] Copying: /usr/local/lib/python3.8/dist-packages/jupyter_contrib_nbextensions/nbextensions/highlighter/export_highlights.tex -> /usr/local/share/jupyter/nbextensions/highlighter/export_highlights.tex
#15 2.354 [I 04:20:41 InstallContribNbextensionsApp] Copying: /usr/local/lib/python3.8/dist-packages/jupyter_contrib_nbextensions/nbextensions/highlighter/image.gif -> /usr/local/share/jupyter/nbextensions/highlighter/image.gif
#15 2.359 [I 04:20:41 InstallContribNbextensionsApp] Copying: /usr/local/lib/python3.8/dist-packages/jupyter_contrib_nbextensions/nbextensions/highlighter/export_highlights.pdf -> /usr/local/share/jupyter/nbextensions/highlighter/export_highlights.pdf
#15 2.362 [I 04:20:41 InstallContribNbextensionsApp] Copying: /usr/local/lib/python3.8/dist-packages/jupyter_contrib_nbextensions/nbextensions/highlighter/demo_highlighter.ipynb -> /usr/local/share/jupyter/nbextensions/highlighter/demo_highlighter.ipynb
#15 2.363 [I 04:20:41 InstallContribNbextensionsApp] Copying: /usr/local/lib/python3.8/dist-packages/jupyter_contrib_nbextensions/nbextensions/highlighter/readme.md -> /usr/local/share/jupyter/nbextensions/highlighter/readme.md
#15 2.364 [I 04:20:41 InstallContribNbextensionsApp] Copying: /usr/local/lib/python3.8/dist-packages/jupyter_contrib_nbextensions/nbextensions/highlighter/export_highlights.html -> /usr/local/share/jupyter/nbextensions/highlighter/export_highlights.html
#15 2.367 [I 04:20:41 InstallContribNbextensionsApp] Copying: /usr/local/lib/python3.8/dist-packages/jupyter_contrib_nbextensions/nbextensions/highlighter/demo_highlighter.html -> /usr/local/share/jupyter/nbextensions/highlighter/demo_highlighter.html
#15 2.373 [I 04:20:41 InstallContribNbextensionsApp] Copying: /usr/local/lib/python3.8/dist-packages/jupyter_contrib_nbextensions/nbextensions/highlighter/tst_highlights.tex -> /usr/local/share/jupyter/nbextensions/highlighter/tst_highlights.tex
#15 2.374 [I 04:20:41 InstallContribNbextensionsApp] Copying: /usr/local/lib/python3.8/dist-packages/jupyter_contrib_nbextensions/nbextensions/highlighter/tst_highlights.html -> /usr/local/share/jupyter/nbextensions/highlighter/tst_highlights.html
#15 2.380 [I 04:20:41 InstallContribNbextensionsApp] Copying: /usr/local/lib/python3.8/dist-packages/jupyter_contrib_nbextensions/nbextensions/highlighter/highlighter.yaml -> /usr/local/share/jupyter/nbextensions/highlighter/highlighter.yaml
#15 2.380 [I 04:20:41 InstallContribNbextensionsApp] Copying: /usr/local/lib/python3.8/dist-packages/jupyter_contrib_nbextensions/nbextensions/highlighter/export_highlights.ipynb -> /usr/local/share/jupyter/nbextensions/highlighter/export_highlights.ipynb
#15 2.381 [I 04:20:41 InstallContribNbextensionsApp] Copying: /usr/local/lib/python3.8/dist-packages/jupyter_contrib_nbextensions/nbextensions/highlighter/tst_highlights.pdf -> /usr/local/share/jupyter/nbextensions/highlighter/tst_highlights.pdf
#15 2.384 [I 04:20:41 InstallContribNbextensionsApp] Copying: /usr/local/lib/python3.8/dist-packages/jupyter_contrib_nbextensions/nbextensions/highlighter/highlighter.css -> /usr/local/share/jupyter/nbextensions/highlighter/highlighter.css
#15 2.385 [I 04:20:41 InstallContribNbextensionsApp] Copying: /usr/local/lib/python3.8/dist-packages/jupyter_contrib_nbextensions/nbextensions/highlighter/highlighter.js -> /usr/local/share/jupyter/nbextensions/highlighter/highlighter.js
#15 2.386 [I 04:20:41 InstallContribNbextensionsApp] Copying: /usr/local/lib/python3.8/dist-packages/jupyter_contrib_nbextensions/nbextensions/highlighter/tst_highlights.ipynb -> /usr/local/share/jupyter/nbextensions/highlighter/tst_highlights.ipynb
#15 2.387 [I 04:20:41 InstallContribNbextensionsApp] Copying: /usr/local/lib/python3.8/dist-packages/jupyter_contrib_nbextensions/nbextensions/highlighter/icon.png -> /usr/local/share/jupyter/nbextensions/highlighter/icon.png
#15 2.389 [I 04:20:41 InstallContribNbextensionsApp] - Validating: [32mOK[0m
#15 2.389 [I 04:20:41 InstallContribNbextensionsApp] Installing /usr/local/lib/python3.8/dist-packages/jupyter_contrib_nbextensions/nbextensions/qtconsole -> qtconsole
#15 2.389 [I 04:20:41 InstallContribNbextensionsApp] Making directory: /usr/local/share/jupyter/nbextensions/qtconsole/
#15 2.389 [I 04:20:41 InstallContribNbextensionsApp] Copying: /usr/local/lib/python3.8/dist-packages/jupyter_contrib_nbextensions/nbextensions/qtconsole/qtconsole.yaml -> /usr/local/share/jupyter/nbextensions/qtconsole/qtconsole.yaml
#15 2.390 [I 04:20:41 InstallContribNbextensionsApp] Copying: /usr/local/lib/python3.8/dist-packages/jupyter_contrib_nbextensions/nbextensions/qtconsole/README.md -> /usr/local/share/jupyter/nbextensions/qtconsole/README.md
#15 2.390 [I 04:20:41 InstallContribNbextensionsApp] Copying: /usr/local/lib/python3.8/dist-packages/jupyter_contrib_nbextensions/nbextensions/qtconsole/qtconsole.js -> /usr/local/share/jupyter/nbextensions/qtconsole/qtconsole.js
#15 2.391 [I 04:20:41 InstallContribNbextensionsApp] - Validating: [32mOK[0m
#15 2.391 [I 04:20:41 InstallContribNbextensionsApp] Installing /usr/local/lib/python3.8/dist-packages/jupyter_contrib_nbextensions/nbextensions/snippets_menu -> snippets_menu
#15 2.391 [I 04:20:41 InstallContribNbextensionsApp] Making directory: /usr/local/share/jupyter/nbextensions/snippets_menu/
#15 2.392 [I 04:20:41 InstallContribNbextensionsApp] Copying: /usr/local/lib/python3.8/dist-packages/jupyter_contrib_nbextensions/nbextensions/snippets_menu/screenshot3.png -> /usr/local/share/jupyter/nbextensions/snippets_menu/screenshot3.png
#15 2.397 [I 04:20:41 InstallContribNbextensionsApp] Copying: /usr/local/lib/python3.8/dist-packages/jupyter_contrib_nbextensions/nbextensions/snippets_menu/screenshot2.png -> /usr/local/share/jupyter/nbextensions/snippets_menu/screenshot2.png
#15 2.401 [I 04:20:41 InstallContribNbextensionsApp] Copying: /usr/local/lib/python3.8/dist-packages/jupyter_contrib_nbextensions/nbextensions/snippets_menu/snippets_menu.css -> /usr/local/share/jupyter/nbextensions/snippets_menu/snippets_menu.css
#15 2.401 [I 04:20:41 InstallContribNbextensionsApp] Copying: /usr/local/lib/python3.8/dist-packages/jupyter_contrib_nbextensions/nbextensions/snippets_menu/snippets_submenu_python.js -> /usr/local/share/jupyter/nbextensions/snippets_menu/snippets_submenu_python.js
#15 2.402 [I 04:20:41 InstallContribNbextensionsApp] Copying: /usr/local/lib/python3.8/dist-packages/jupyter_contrib_nbextensions/nbextensions/snippets_menu/readme.md -> /usr/local/share/jupyter/nbextensions/snippets_menu/readme.md
#15 2.402 [I 04:20:41 InstallContribNbextensionsApp] Copying: /usr/local/lib/python3.8/dist-packages/jupyter_contrib_nbextensions/nbextensions/snippets_menu/main.js -> /usr/local/share/jupyter/nbextensions/snippets_menu/main.js
#15 2.403 [I 04:20:41 InstallContribNbextensionsApp] Copying: /usr/local/lib/python3.8/dist-packages/jupyter_contrib_nbextensions/nbextensions/snippets_menu/snippets_submenu_markdown.js -> /usr/local/share/jupyter/nbextensions/snippets_menu/snippets_submenu_markdown.js
#15 2.403 [I 04:20:41 InstallContribNbextensionsApp] Copying: /usr/local/lib/python3.8/dist-packages/jupyter_contrib_nbextensions/nbextensions/snippets_menu/config.yaml -> /usr/local/share/jupyter/nbextensions/snippets_menu/config.yaml
#15 2.403 [I 04:20:41 InstallContribNbextensionsApp] Copying: /usr/local/lib/python3.8/dist-packages/jupyter_contrib_nbextensions/nbextensions/snippets_menu/thumbnail.png -> /usr/local/share/jupyter/nbextensions/snippets_menu/thumbnail.png
#15 2.405 [I 04:20:41 InstallContribNbextensionsApp] Copying: /usr/local/lib/python3.8/dist-packages/jupyter_contrib_nbextensions/nbextensions/snippets_menu/screenshot1.png -> /usr/local/share/jupyter/nbextensions/snippets_menu/screenshot1.png
#15 2.407 [I 04:20:41 InstallContribNbextensionsApp] Copying: /usr/local/lib/python3.8/dist-packages/jupyter_contrib_nbextensions/nbextensions/snippets_menu/examples_for_custom.js -> /usr/local/share/jupyter/nbextensions/snippets_menu/examples_for_custom.js
#15 2.408 [I 04:20:41 InstallContribNbextensionsApp] Making directory: /usr/local/share/jupyter/nbextensions/snippets_menu/snippets_submenus_python
#15 2.408 [I 04:20:41 InstallContribNbextensionsApp] Copying: /usr/local/lib/python3.8/dist-packages/jupyter_contrib_nbextensions/nbextensions/snippets_menu/snippets_submenus_python/scipy.js -> /usr/local/share/jupyter/nbextensions/snippets_menu/snippets_submenus_python/scipy.js
#15 2.409 [I 04:20:41 InstallContribNbextensionsApp] Copying: /usr/local/lib/python3.8/dist-packages/jupyter_contrib_nbextensions/nbextensions/snippets_menu/snippets_submenus_python/h5py.js -> /usr/local/share/jupyter/nbextensions/snippets_menu/snippets_submenus_python/h5py.js
#15 2.409 [I 04:20:41 InstallContribNbextensionsApp] Copying: /usr/local/lib/python3.8/dist-packages/jupyter_contrib_nbextensions/nbextensions/snippets_menu/snippets_submenus_python/sympy_functions.js -> /usr/local/share/jupyter/nbextensions/snippets_menu/snippets_submenus_python/sympy_functions.js
#15 2.410 [I 04:20:41 InstallContribNbextensionsApp] Copying: /usr/local/lib/python3.8/dist-packages/jupyter_contrib_nbextensions/nbextensions/snippets_menu/snippets_submenus_python/sympy.js -> /usr/local/share/jupyter/nbextensions/snippets_menu/snippets_submenus_python/sympy.js
#15 2.411 [I 04:20:41 InstallContribNbextensionsApp] Copying: /usr/local/lib/python3.8/dist-packages/jupyter_contrib_nbextensions/nbextensions/snippets_menu/snippets_submenus_python/matplotlib.js -> /usr/local/share/jupyter/nbextensions/snippets_menu/snippets_submenus_python/matplotlib.js
#15 2.412 [I 04:20:41 InstallContribNbextensionsApp] Copying: /usr/local/lib/python3.8/dist-packages/jupyter_contrib_nbextensions/nbextensions/snippets_menu/snippets_submenus_python/astropy.js -> /usr/local/share/jupyter/nbextensions/snippets_menu/snippets_submenus_python/astropy.js
#15 2.412 [I 04:20:41 InstallContribNbextensionsApp] Copying: /usr/local/lib/python3.8/dist-packages/jupyter_contrib_nbextensions/nbextensions/snippets_menu/snippets_submenus_python/python.js -> /usr/local/share/jupyter/nbextensions/snippets_menu/snippets_submenus_python/python.js
#15 2.413 [I 04:20:41 InstallContribNbextensionsApp] Copying: /usr/local/lib/python3.8/dist-packages/jupyter_contrib_nbextensions/nbextensions/snippets_menu/snippets_submenus_python/pandas.js -> /usr/local/share/jupyter/nbextensions/snippets_menu/snippets_submenus_python/pandas.js
#15 2.414 [I 04:20:41 InstallContribNbextensionsApp] Copying: /usr/local/lib/python3.8/dist-packages/jupyter_contrib_nbextensions/nbextensions/snippets_menu/snippets_submenus_python/scipy_special.js -> /usr/local/share/jupyter/nbextensions/snippets_menu/snippets_submenus_python/scipy_special.js
#15 2.416 [I 04:20:41 InstallContribNbextensionsApp] Copying: /usr/local/lib/python3.8/dist-packages/jupyter_contrib_nbextensions/nbextensions/snippets_menu/snippets_submenus_python/numpy_polynomial.js -> /usr/local/share/jupyter/nbextensions/snippets_menu/snippets_submenus_python/numpy_polynomial.js
#15 2.417 [I 04:20:41 InstallContribNbextensionsApp] Copying: /usr/local/lib/python3.8/dist-packages/jupyter_contrib_nbextensions/nbextensions/snippets_menu/snippets_submenus_python/numpy.js -> /usr/local/share/jupyter/nbextensions/snippets_menu/snippets_submenus_python/numpy.js
#15 2.418 [I 04:20:41 InstallContribNbextensionsApp] Copying: /usr/local/lib/python3.8/dist-packages/jupyter_contrib_nbextensions/nbextensions/snippets_menu/snippets_submenus_python/numpy_ufuncs.js -> /usr/local/share/jupyter/nbextensions/snippets_menu/snippets_submenus_python/numpy_ufuncs.js
#15 2.420 [I 04:20:41 InstallContribNbextensionsApp] Copying: /usr/local/lib/python3.8/dist-packages/jupyter_contrib_nbextensions/nbextensions/snippets_menu/snippets_submenus_python/python_regex.js -> /usr/local/share/jupyter/nbextensions/snippets_menu/snippets_submenus_python/python_regex.js
#15 2.421 [I 04:20:41 InstallContribNbextensionsApp] Copying: /usr/local/lib/python3.8/dist-packages/jupyter_contrib_nbextensions/nbextensions/snippets_menu/snippets_submenus_python/numba.js -> /usr/local/share/jupyter/nbextensions/snippets_menu/snippets_submenus_python/numba.js
#15 2.423 [I 04:20:41 InstallContribNbextensionsApp] Copying: /usr/local/lib/python3.8/dist-packages/jupyter_contrib_nbextensions/nbextensions/snippets_menu/snippets_submenus_python/scipy_constants.js -> /usr/local/share/jupyter/nbextensions/snippets_menu/snippets_submenus_python/scipy_constants.js
#15 2.426 [I 04:20:41 InstallContribNbextensionsApp] Copying: /usr/local/lib/python3.8/dist-packages/jupyter_contrib_nbextensions/nbextensions/snippets_menu/snippets_submenus_python/sympy_assumptions.js -> /usr/local/share/jupyter/nbextensions/snippets_menu/snippets_submenus_python/sympy_assumptions.js
#15 2.427 [I 04:20:41 InstallContribNbextensionsApp] - Validating: [32mOK[0m
#15 2.428 [I 04:20:41 InstallContribNbextensionsApp] Installing /usr/local/lib/python3.8/dist-packages/jupyter_contrib_nbextensions/nbextensions/init_cell -> init_cell
#15 2.428 [I 04:20:41 InstallContribNbextensionsApp] Making directory: /usr/local/share/jupyter/nbextensions/init_cell/
#15 2.429 [I 04:20:41 InstallContribNbextensionsApp] Copying: /usr/local/lib/python3.8/dist-packages/jupyter_contrib_nbextensions/nbextensions/init_cell/main.js -> /usr/local/share/jupyter/nbextensions/init_cell/main.js
#15 2.430 [I 04:20:41 InstallContribNbextensionsApp] Copying: /usr/local/lib/python3.8/dist-packages/jupyter_contrib_nbextensions/nbextensions/init_cell/README.md -> /usr/local/share/jupyter/nbextensions/init_cell/README.md
#15 2.431 [I 04:20:41 InstallContribNbextensionsApp] Copying: /usr/local/lib/python3.8/dist-packages/jupyter_contrib_nbextensions/nbextensions/init_cell/cell_toolbar_menu.png -> /usr/local/share/jupyter/nbextensions/init_cell/cell_toolbar_menu.png
#15 2.434 [I 04:20:41 InstallContribNbextensionsApp] Copying: /usr/local/lib/python3.8/dist-packages/jupyter_contrib_nbextensions/nbextensions/init_cell/init_cell.yaml -> /usr/local/share/jupyter/nbextensions/init_cell/init_cell.yaml
#15 2.434 [I 04:20:41 InstallContribNbextensionsApp] Copying: /usr/local/lib/python3.8/dist-packages/jupyter_contrib_nbextensions/nbextensions/init_cell/icon.png -> /usr/local/share/jupyter/nbextensions/init_cell/icon.png
#15 2.436 [I 04:20:41 InstallContribNbextensionsApp] - Validating: [32mOK[0m
#15 2.436 [I 04:20:41 InstallContribNbextensionsApp] Installing /usr/local/lib/python3.8/dist-packages/jupyter_contrib_nbextensions/nbextensions/notify -> notify
#15 2.436 [I 04:20:41 InstallContribNbextensionsApp] Making directory: /usr/local/share/jupyter/nbextensions/notify/
#15 2.437 [I 04:20:41 InstallContribNbextensionsApp] Copying: /usr/local/lib/python3.8/dist-packages/jupyter_contrib_nbextensions/nbextensions/notify/notify.mp3 -> /usr/local/share/jupyter/nbextensions/notify/notify.mp3
#15 2.438 [I 04:20:41 InstallContribNbextensionsApp] Copying: /usr/local/lib/python3.8/dist-packages/jupyter_contrib_nbextensions/nbextensions/notify/readme.md -> /usr/local/share/jupyter/nbextensions/notify/readme.md
#15 2.439 [I 04:20:41 InstallContribNbextensionsApp] Copying: /usr/local/lib/python3.8/dist-packages/jupyter_contrib_nbextensions/nbextensions/notify/notify.js -> /usr/local/share/jupyter/nbextensions/notify/notify.js
#15 2.440 [I 04:20:41 InstallContribNbextensionsApp] Copying: /usr/local/lib/python3.8/dist-packages/jupyter_contrib_nbextensions/nbextensions/notify/notify.yaml -> /usr/local/share/jupyter/nbextensions/notify/notify.yaml
#15 2.440 [I 04:20:41 InstallContribNbextensionsApp] Copying: /usr/local/lib/python3.8/dist-packages/jupyter_contrib_nbextensions/nbextensions/notify/notification.png -> /usr/local/share/jupyter/nbextensions/notify/notification.png
#15 2.442 [I 04:20:41 InstallContribNbextensionsApp] - Validating: [32mOK[0m
#15 2.442 [I 04:20:41 InstallContribNbextensionsApp] Installing /usr/local/lib/python3.8/dist-packages/jupyter_contrib_nbextensions/nbextensions/keyboard_shortcut_editor -> keyboard_shortcut_editor
#15 2.443 [I 04:20:41 InstallContribNbextensionsApp] Making directory: /usr/local/share/jupyter/nbextensions/keyboard_shortcut_editor/
#15 2.443 [I 04:20:41 InstallContribNbextensionsApp] Copying: /usr/local/lib/python3.8/dist-packages/jupyter_contrib_nbextensions/nbextensions/keyboard_shortcut_editor/readme_menu_item.png -> /usr/local/share/jupyter/nbextensions/keyboard_shortcut_editor/readme_menu_item.png
#15 2.448 [I 04:20:41 InstallContribNbextensionsApp] Copying: /usr/local/lib/python3.8/dist-packages/jupyter_contrib_nbextensions/nbextensions/keyboard_shortcut_editor/keyboard_shortcut_editor.yaml -> /usr/local/share/jupyter/nbextensions/keyboard_shortcut_editor/keyboard_shortcut_editor.yaml
#15 2.448 [I 04:20:41 InstallContribNbextensionsApp] Copying: /usr/local/lib/python3.8/dist-packages/jupyter_contrib_nbextensions/nbextensions/keyboard_shortcut_editor/readme_dropdown.png -> /usr/local/share/jupyter/nbextensions/keyboard_shortcut_editor/readme_dropdown.png
#15 2.452 [I 04:20:41 InstallContribNbextensionsApp] Copying: /usr/local/lib/python3.8/dist-packages/jupyter_contrib_nbextensions/nbextensions/keyboard_shortcut_editor/readme_add_new_select_action.png -> /usr/local/share/jupyter/nbextensions/keyboard_shortcut_editor/readme_add_new_select_action.png
#15 2.460 [I 04:20:41 InstallContribNbextensionsApp] Copying: /usr/local/lib/python3.8/dist-packages/jupyter_contrib_nbextensions/nbextensions/keyboard_shortcut_editor/main.css -> /usr/local/share/jupyter/nbextensions/keyboard_shortcut_editor/main.css
#15 2.461 [I 04:20:41 InstallContribNbextensionsApp] Copying: /usr/local/lib/python3.8/dist-packages/jupyter_contrib_nbextensions/nbextensions/keyboard_shortcut_editor/readme_reset_disabled.png -> /usr/local/share/jupyter/nbextensions/keyboard_shortcut_editor/readme_reset_disabled.png
#15 2.466 [I 04:20:41 InstallContribNbextensionsApp] Copying: /usr/local/lib/python3.8/dist-packages/jupyter_contrib_nbextensions/nbextensions/keyboard_shortcut_editor/main.js -> /usr/local/share/jupyter/nbextensions/keyboard_shortcut_editor/main.js
#15 2.468 [I 04:20:41 InstallContribNbextensionsApp] Copying: /usr/local/lib/python3.8/dist-packages/jupyter_contrib_nbextensions/nbextensions/keyboard_shortcut_editor/readme_add_new_link.png -> /usr/local/share/jupyter/nbextensions/keyboard_shortcut_editor/readme_add_new_link.png
#15 2.471 [I 04:20:41 InstallContribNbextensionsApp] Copying: /usr/local/lib/python3.8/dist-packages/jupyter_contrib_nbextensions/nbextensions/keyboard_shortcut_editor/README.md -> /usr/local/share/jupyter/nbextensions/keyboard_shortcut_editor/README.md
#15 2.472 [I 04:20:41 InstallContribNbextensionsApp] Copying: /usr/local/lib/python3.8/dist-packages/jupyter_contrib_nbextensions/nbextensions/keyboard_shortcut_editor/kse_components.js -> /usr/local/share/jupyter/nbextensions/keyboard_shortcut_editor/kse_components.js
#15 2.473 [I 04:20:41 InstallContribNbextensionsApp] Copying: /usr/local/lib/python3.8/dist-packages/jupyter_contrib_nbextensions/nbextensions/keyboard_shortcut_editor/readme_shortcut_editor_blank.png -> /usr/local/share/jupyter/nbextensions/keyboard_shortcut_editor/readme_shortcut_editor_blank.png
#15 2.475 [I 04:20:41 InstallContribNbextensionsApp] Copying: /usr/local/lib/python3.8/dist-packages/jupyter_contrib_nbextensions/nbextensions/keyboard_shortcut_editor/readme_conflict.png -> /usr/local/share/jupyter/nbextensions/keyboard_shortcut_editor/readme_conflict.png
#15 2.478 [I 04:20:41 InstallContribNbextensionsApp] Copying: /usr/local/lib/python3.8/dist-packages/jupyter_contrib_nbextensions/nbextensions/keyboard_shortcut_editor/readme_shortcut_editor_success.png -> /usr/local/share/jupyter/nbextensions/keyboard_shortcut_editor/readme_shortcut_editor_success.png
#15 2.481 [I 04:20:41 InstallContribNbextensionsApp] Copying: /usr/local/lib/python3.8/dist-packages/jupyter_contrib_nbextensions/nbextensions/keyboard_shortcut_editor/readme_comma.png -> /usr/local/share/jupyter/nbextensions/keyboard_shortcut_editor/readme_comma.png
#15 2.485 [I 04:20:41 InstallContribNbextensionsApp] Copying: /usr/local/lib/python3.8/dist-packages/jupyter_contrib_nbextensions/nbextensions/keyboard_shortcut_editor/quickhelp_shim.js -> /usr/local/share/jupyter/nbextensions/keyboard_shortcut_editor/quickhelp_shim.js
#15 2.486 [I 04:20:41 InstallContribNbextensionsApp] Copying: /usr/local/lib/python3.8/dist-packages/jupyter_contrib_nbextensions/nbextensions/keyboard_shortcut_editor/readme_undefined_key.png -> /usr/local/share/jupyter/nbextensions/keyboard_shortcut_editor/readme_undefined_key.png
#15 2.489 [I 04:20:41 InstallContribNbextensionsApp] Copying: /usr/local/lib/python3.8/dist-packages/jupyter_contrib_nbextensions/nbextensions/keyboard_shortcut_editor/icon.png -> /usr/local/share/jupyter/nbextensions/keyboard_shortcut_editor/icon.png
#15 2.491 [I 04:20:41 InstallContribNbextensionsApp] - Validating: [32mOK[0m
#15 2.491 [I 04:20:41 InstallContribNbextensionsApp] Installing /usr/local/lib/python3.8/dist-packages/jupyter_contrib_nbextensions/nbextensions/exercise -> exercise
#15 2.491 [I 04:20:41 InstallContribNbextensionsApp] Making directory: /usr/local/share/jupyter/nbextensions/exercise/
#15 2.491 [I 04:20:41 InstallContribNbextensionsApp] Copying: /usr/local/lib/python3.8/dist-packages/jupyter_contrib_nbextensions/nbextensions/exercise/exercise.yaml -> /usr/local/share/jupyter/nbextensions/exercise/exercise.yaml
#15 2.491 [I 04:20:41 InstallContribNbextensionsApp] Copying: /usr/local/lib/python3.8/dist-packages/jupyter_contrib_nbextensions/nbextensions/exercise/image.gif -> /usr/local/share/jupyter/nbextensions/exercise/image.gif
#15 2.498 [I 04:20:41 InstallContribNbextensionsApp] Copying: /usr/local/lib/python3.8/dist-packages/jupyter_contrib_nbextensions/nbextensions/exercise/main.css -> /usr/local/share/jupyter/nbextensions/exercise/main.css
#15 2.499 [I 04:20:41 InstallContribNbextensionsApp] Copying: /usr/local/lib/python3.8/dist-packages/jupyter_contrib_nbextensions/nbextensions/exercise/history.md -> /usr/local/share/jupyter/nbextensions/exercise/history.md
#15 2.499 [I 04:20:41 InstallContribNbextensionsApp] Copying: /usr/local/lib/python3.8/dist-packages/jupyter_contrib_nbextensions/nbextensions/exercise/readme.md -> /usr/local/share/jupyter/nbextensions/exercise/readme.md
#15 2.500 [I 04:20:41 InstallContribNbextensionsApp] Copying: /usr/local/lib/python3.8/dist-packages/jupyter_contrib_nbextensions/nbextensions/exercise/main.js -> /usr/local/share/jupyter/nbextensions/exercise/main.js
#15 2.501 [I 04:20:41 InstallContribNbextensionsApp] Copying: /usr/local/lib/python3.8/dist-packages/jupyter_contrib_nbextensions/nbextensions/exercise/icon.png -> /usr/local/share/jupyter/nbextensions/exercise/icon.png
#15 2.501 [I 04:20:41 InstallContribNbextensionsApp] - Validating: [32mOK[0m
#15 2.501 [I 04:20:41 InstallContribNbextensionsApp] Installing /usr/local/lib/python3.8/dist-packages/jupyter_contrib_nbextensions/nbextensions/move_selected_cells -> move_selected_cells
#15 2.502 [I 04:20:41 InstallContribNbextensionsApp] Making directory: /usr/local/share/jupyter/nbextensions/move_selected_cells/
#15 2.502 [I 04:20:41 InstallContribNbextensionsApp] Copying: /usr/local/lib/python3.8/dist-packages/jupyter_contrib_nbextensions/nbextensions/move_selected_cells/move_selected_cells.yaml -> /usr/local/share/jupyter/nbextensions/move_selected_cells/move_selected_cells.yaml
#15 2.502 [I 04:20:41 InstallContribNbextensionsApp] Copying: /usr/local/lib/python3.8/dist-packages/jupyter_contrib_nbextensions/nbextensions/move_selected_cells/main.js -> /usr/local/share/jupyter/nbextensions/move_selected_cells/main.js
#15 2.503 [I 04:20:41 InstallContribNbextensionsApp] Copying: /usr/local/lib/python3.8/dist-packages/jupyter_contrib_nbextensions/nbextensions/move_selected_cells/README.md -> /usr/local/share/jupyter/nbextensions/move_selected_cells/README.md
#15 2.504 [I 04:20:41 InstallContribNbextensionsApp] - Validating: [32mOK[0m
#15 2.504 [I 04:20:41 InstallContribNbextensionsApp] Installing /usr/local/lib/python3.8/dist-packages/jupyter_contrib_nbextensions/nbextensions/hinterland -> hinterland
#15 2.504 [I 04:20:41 InstallContribNbextensionsApp] Making directory: /usr/local/share/jupyter/nbextensions/hinterland/
#15 2.504 [I 04:20:41 InstallContribNbextensionsApp] Copying: /usr/local/lib/python3.8/dist-packages/jupyter_contrib_nbextensions/nbextensions/hinterland/hinterland.js -> /usr/local/share/jupyter/nbextensions/hinterland/hinterland.js
#15 2.505 [I 04:20:41 InstallContribNbextensionsApp] Copying: /usr/local/lib/python3.8/dist-packages/jupyter_contrib_nbextensions/nbextensions/hinterland/README.md -> /usr/local/share/jupyter/nbextensions/hinterland/README.md
#15 2.505 [I 04:20:41 InstallContribNbextensionsApp] Copying: /usr/local/lib/python3.8/dist-packages/jupyter_contrib_nbextensions/nbextensions/hinterland/hinterland.yaml -> /usr/local/share/jupyter/nbextensions/hinterland/hinterland.yaml
#15 2.506 [I 04:20:41 InstallContribNbextensionsApp] - Validating: [32mOK[0m
#15 2.506 [I 04:20:41 InstallContribNbextensionsApp] Installing /usr/local/lib/python3.8/dist-packages/jupyter_contrib_nbextensions/nbextensions/navigation-hotkeys -> navigation-hotkeys
#15 2.506 [I 04:20:41 InstallContribNbextensionsApp] Making directory: /usr/local/share/jupyter/nbextensions/navigation-hotkeys/
#15 2.506 [I 04:20:41 InstallContribNbextensionsApp] Copying: /usr/local/lib/python3.8/dist-packages/jupyter_contrib_nbextensions/nbextensions/navigation-hotkeys/readme.md -> /usr/local/share/jupyter/nbextensions/navigation-hotkeys/readme.md
#15 2.507 [I 04:20:41 InstallContribNbextensionsApp] Copying: /usr/local/lib/python3.8/dist-packages/jupyter_contrib_nbextensions/nbextensions/navigation-hotkeys/main.js -> /usr/local/share/jupyter/nbextensions/navigation-hotkeys/main.js
#15 2.509 [I 04:20:41 InstallContribNbextensionsApp] Copying: /usr/local/lib/python3.8/dist-packages/jupyter_contrib_nbextensions/nbextensions/navigation-hotkeys/icon.png -> /usr/local/share/jupyter/nbextensions/navigation-hotkeys/icon.png
#15 2.510 [I 04:20:41 InstallContribNbextensionsApp] Copying: /usr/local/lib/python3.8/dist-packages/jupyter_contrib_nbextensions/nbextensions/navigation-hotkeys/hotkeys.yaml -> /usr/local/share/jupyter/nbextensions/navigation-hotkeys/hotkeys.yaml
#15 2.511 [I 04:20:41 InstallContribNbextensionsApp] - Validating: [32mOK[0m
#15 2.511 [I 04:20:41 InstallContribNbextensionsApp] Installing /usr/local/lib/python3.8/dist-packages/jupyter_contrib_nbextensions/nbextensions/ruler -> ruler
#15 2.511 [I 04:20:41 InstallContribNbextensionsApp] Making directory: /usr/local/share/jupyter/nbextensions/ruler/
#15 2.511 [I 04:20:41 InstallContribNbextensionsApp] Copying: /usr/local/lib/python3.8/dist-packages/jupyter_contrib_nbextensions/nbextensions/ruler/ruler.yaml -> /usr/local/share/jupyter/nbextensions/ruler/ruler.yaml
#15 2.511 [I 04:20:41 InstallContribNbextensionsApp] Copying: /usr/local/lib/python3.8/dist-packages/jupyter_contrib_nbextensions/nbextensions/ruler/readme.md -> /usr/local/share/jupyter/nbextensions/ruler/readme.md
#15 2.512 [I 04:20:41 InstallContribNbextensionsApp] Copying: /usr/local/lib/python3.8/dist-packages/jupyter_contrib_nbextensions/nbextensions/ruler/ruler_editor.yaml -> /usr/local/share/jupyter/nbextensions/ruler/ruler_editor.yaml
#15 2.512 [I 04:20:41 InstallContribNbextensionsApp] Copying: /usr/local/lib/python3.8/dist-packages/jupyter_contrib_nbextensions/nbextensions/ruler/edit.js -> /usr/local/share/jupyter/nbextensions/ruler/edit.js
#15 2.513 [I 04:20:41 InstallContribNbextensionsApp] Copying: /usr/local/lib/python3.8/dist-packages/jupyter_contrib_nbextensions/nbextensions/ruler/main.js -> /usr/local/share/jupyter/nbextensions/ruler/main.js
#15 2.514 [I 04:20:41 InstallContribNbextensionsApp] Copying: /usr/local/lib/python3.8/dist-packages/jupyter_contrib_nbextensions/nbextensions/ruler/icon.png -> /usr/local/share/jupyter/nbextensions/ruler/icon.png
#15 2.515 [I 04:20:41 InstallContribNbextensionsApp] - Validating: [32mOK[0m
#15 2.515 [I 04:20:41 InstallContribNbextensionsApp] Installing /usr/local/lib/python3.8/dist-packages/jupyter_contrib_nbextensions/nbextensions/ruler -> ruler
#15 2.515 [I 04:20:41 InstallContribNbextensionsApp] Up to date: /usr/local/share/jupyter/nbextensions/ruler/ruler.yaml
#15 2.515 [I 04:20:41 InstallContribNbextensionsApp] Up to date: /usr/local/share/jupyter/nbextensions/ruler/readme.md
#15 2.515 [I 04:20:41 InstallContribNbextensionsApp] Up to date: /usr/local/share/jupyter/nbextensions/ruler/ruler_editor.yaml
#15 2.516 [I 04:20:41 InstallContribNbextensionsApp] Up to date: /usr/local/share/jupyter/nbextensions/ruler/edit.js
#15 2.516 [I 04:20:41 InstallContribNbextensionsApp] Up to date: /usr/local/share/jupyter/nbextensions/ruler/main.js
#15 2.516 [I 04:20:41 InstallContribNbextensionsApp] Up to date: /usr/local/share/jupyter/nbextensions/ruler/icon.png
#15 2.516 [I 04:20:41 InstallContribNbextensionsApp] - Validating: [32mOK[0m
#15 2.516 [I 04:20:41 InstallContribNbextensionsApp] Installing /usr/local/lib/python3.8/dist-packages/jupyter_contrib_nbextensions/nbextensions/comment-uncomment -> comment-uncomment
#15 2.516 [I 04:20:41 InstallContribNbextensionsApp] Making directory: /usr/local/share/jupyter/nbextensions/comment-uncomment/
#15 2.517 [I 04:20:41 InstallContribNbextensionsApp] Copying: /usr/local/lib/python3.8/dist-packages/jupyter_contrib_nbextensions/nbextensions/comment-uncomment/comment-uncomment.yaml -> /usr/local/share/jupyter/nbextensions/comment-uncomment/comment-uncomment.yaml
#15 2.517 [I 04:20:41 InstallContribNbextensionsApp] Copying: /usr/local/lib/python3.8/dist-packages/jupyter_contrib_nbextensions/nbextensions/comment-uncomment/readme.md -> /usr/local/share/jupyter/nbextensions/comment-uncomment/readme.md
#15 2.518 [I 04:20:41 InstallContribNbextensionsApp] Copying: /usr/local/lib/python3.8/dist-packages/jupyter_contrib_nbextensions/nbextensions/comment-uncomment/main.js -> /usr/local/share/jupyter/nbextensions/comment-uncomment/main.js
#15 2.518 [I 04:20:41 InstallContribNbextensionsApp] Copying: /usr/local/lib/python3.8/dist-packages/jupyter_contrib_nbextensions/nbextensions/comment-uncomment/icon.png -> /usr/local/share/jupyter/nbextensions/comment-uncomment/icon.png
#15 2.520 [I 04:20:41 InstallContribNbextensionsApp] - Validating: [32mOK[0m
#15 2.521 [I 04:20:41 InstallContribNbextensionsApp] Installing /usr/local/lib/python3.8/dist-packages/jupyter_contrib_nbextensions/nbextensions/datestamper -> datestamper
#15 2.521 [I 04:20:41 InstallContribNbextensionsApp] Making directory: /usr/local/share/jupyter/nbextensions/datestamper/
#15 2.521 [I 04:20:41 InstallContribNbextensionsApp] Copying: /usr/local/lib/python3.8/dist-packages/jupyter_contrib_nbextensions/nbextensions/datestamper/main.yaml -> /usr/local/share/jupyter/nbextensions/datestamper/main.yaml
#15 2.521 [I 04:20:41 InstallContribNbextensionsApp] Copying: /usr/local/lib/python3.8/dist-packages/jupyter_contrib_nbextensions/nbextensions/datestamper/readme.md -> /usr/local/share/jupyter/nbextensions/datestamper/readme.md
#15 2.523 [I 04:20:41 InstallContribNbextensionsApp] Copying: /usr/local/lib/python3.8/dist-packages/jupyter_contrib_nbextensions/nbextensions/datestamper/main.js -> /usr/local/share/jupyter/nbextensions/datestamper/main.js
#15 2.525 [I 04:20:41 InstallContribNbextensionsApp] Copying: /usr/local/lib/python3.8/dist-packages/jupyter_contrib_nbextensions/nbextensions/datestamper/icon.png -> /usr/local/share/jupyter/nbextensions/datestamper/icon.png
#15 2.525 [I 04:20:41 InstallContribNbextensionsApp] - Validating: [32mOK[0m
#15 2.526 [I 04:20:41 InstallContribNbextensionsApp] Installing /usr/local/lib/python3.8/dist-packages/jupyter_contrib_nbextensions/nbextensions/hide_input -> hide_input
#15 2.526 [I 04:20:41 InstallContribNbextensionsApp] Making directory: /usr/local/share/jupyter/nbextensions/hide_input/
#15 2.526 [I 04:20:41 InstallContribNbextensionsApp] Copying: /usr/local/lib/python3.8/dist-packages/jupyter_contrib_nbextensions/nbextensions/hide_input/readme.md -> /usr/local/share/jupyter/nbextensions/hide_input/readme.md
#15 2.527 [I 04:20:41 InstallContribNbextensionsApp] Copying: /usr/local/lib/python3.8/dist-packages/jupyter_contrib_nbextensions/nbextensions/hide_input/hide-input.yaml -> /usr/local/share/jupyter/nbextensions/hide_input/hide-input.yaml
#15 2.527 [I 04:20:41 InstallContribNbextensionsApp] Copying: /usr/local/lib/python3.8/dist-packages/jupyter_contrib_nbextensions/nbextensions/hide_input/main.js -> /usr/local/share/jupyter/nbextensions/hide_input/main.js
#15 2.528 [I 04:20:41 InstallContribNbextensionsApp] Copying: /usr/local/lib/python3.8/dist-packages/jupyter_contrib_nbextensions/nbextensions/hide_input/icon.png -> /usr/local/share/jupyter/nbextensions/hide_input/icon.png
#15 2.529 [I 04:20:41 InstallContribNbextensionsApp] - Validating: [32mOK[0m
#15 2.529 [I 04:20:41 InstallContribNbextensionsApp] Installing /usr/local/lib/python3.8/dist-packages/jupyter_contrib_nbextensions/nbextensions/varInspector -> varInspector
#15 2.529 [I 04:20:41 InstallContribNbextensionsApp] Making directory: /usr/local/share/jupyter/nbextensions/varInspector/
#15 2.529 [I 04:20:41 InstallContribNbextensionsApp] Copying: /usr/local/lib/python3.8/dist-packages/jupyter_contrib_nbextensions/nbextensions/varInspector/tablesorter_LICENSE.txt -> /usr/local/share/jupyter/nbextensions/varInspector/tablesorter_LICENSE.txt
#15 2.530 [I 04:20:41 InstallContribNbextensionsApp] Copying: /usr/local/lib/python3.8/dist-packages/jupyter_contrib_nbextensions/nbextensions/varInspector/var_list.r -> /usr/local/share/jupyter/nbextensions/varInspector/var_list.r
#15 2.531 [I 04:20:41 InstallContribNbextensionsApp] Copying: /usr/local/lib/python3.8/dist-packages/jupyter_contrib_nbextensions/nbextensions/varInspector/main.css -> /usr/local/share/jupyter/nbextensions/varInspector/main.css
#15 2.532 [I 04:20:41 InstallContribNbextensionsApp] Copying: /usr/local/lib/python3.8/dist-packages/jupyter_contrib_nbextensions/nbextensions/varInspector/main.js -> /usr/local/share/jupyter/nbextensions/varInspector/main.js
#15 2.534 [I 04:20:41 InstallContribNbextensionsApp] Copying: /usr/local/lib/python3.8/dist-packages/jupyter_contrib_nbextensions/nbextensions/varInspector/README.md -> /usr/local/share/jupyter/nbextensions/varInspector/README.md
#15 2.535 [I 04:20:41 InstallContribNbextensionsApp] Copying: /usr/local/lib/python3.8/dist-packages/jupyter_contrib_nbextensions/nbextensions/varInspector/var_list.py -> /usr/local/share/jupyter/nbextensions/varInspector/var_list.py
#15 2.536 [I 04:20:41 InstallContribNbextensionsApp] Copying: /usr/local/lib/python3.8/dist-packages/jupyter_contrib_nbextensions/nbextensions/varInspector/demo.gif -> /usr/local/share/jupyter/nbextensions/varInspector/demo.gif
#15 2.545 [I 04:20:41 InstallContribNbextensionsApp] Copying: /usr/local/lib/python3.8/dist-packages/jupyter_contrib_nbextensions/nbextensions/varInspector/jquery.tablesorter.min.js -> /usr/local/share/jupyter/nbextensions/varInspector/jquery.tablesorter.min.js
#15 2.547 [I 04:20:41 InstallContribNbextensionsApp] Copying: /usr/local/lib/python3.8/dist-packages/jupyter_contrib_nbextensions/nbextensions/varInspector/icon.png -> /usr/local/share/jupyter/nbextensions/varInspector/icon.png
#15 2.550 [I 04:20:41 InstallContribNbextensionsApp] Copying: /usr/local/lib/python3.8/dist-packages/jupyter_contrib_nbextensions/nbextensions/varInspector/varInspector.yaml -> /usr/local/share/jupyter/nbextensions/varInspector/varInspector.yaml
#15 2.550 [I 04:20:41 InstallContribNbextensionsApp] Making directory: /usr/local/share/jupyter/nbextensions/varInspector/__pycache__
#15 2.550 [I 04:20:41 InstallContribNbextensionsApp] Copying: /usr/local/lib/python3.8/dist-packages/jupyter_contrib_nbextensions/nbextensions/varInspector/__pycache__/var_list.cpython-38.pyc -> /usr/local/share/jupyter/nbextensions/varInspector/__pycache__/var_list.cpython-38.pyc
#15 2.551 [I 04:20:41 InstallContribNbextensionsApp] - Validating: [32mOK[0m
#15 2.551 [I 04:20:41 InstallContribNbextensionsApp] Installing /usr/local/lib/python3.8/dist-packages/jupyter_contrib_nbextensions/nbextensions/codemirror_mode_extensions -> codemirror_mode_extensions
#15 2.551 [I 04:20:41 InstallContribNbextensionsApp] Making directory: /usr/local/share/jupyter/nbextensions/codemirror_mode_extensions/
#15 2.552 [I 04:20:41 InstallContribNbextensionsApp] Copying: /usr/local/lib/python3.8/dist-packages/jupyter_contrib_nbextensions/nbextensions/codemirror_mode_extensions/main.js -> /usr/local/share/jupyter/nbextensions/codemirror_mode_extensions/main.js
#15 2.555 [I 04:20:41 InstallContribNbextensionsApp] Copying: /usr/local/lib/python3.8/dist-packages/jupyter_contrib_nbextensions/nbextensions/codemirror_mode_extensions/codemirror_mode_extensions.yaml -> /usr/local/share/jupyter/nbextensions/codemirror_mode_extensions/codemirror_mode_extensions.yaml
#15 2.555 [I 04:20:41 InstallContribNbextensionsApp] - Validating: [32mOK[0m
#15 2.555 [I 04:20:41 InstallContribNbextensionsApp] Installing /usr/local/lib/python3.8/dist-packages/jupyter_contrib_nbextensions/nbextensions/execute_time -> execute_time
#15 2.555 [I 04:20:41 InstallContribNbextensionsApp] Making directory: /usr/local/share/jupyter/nbextensions/execute_time/
#15 2.555 [I 04:20:41 InstallContribNbextensionsApp] Copying: /usr/local/lib/python3.8/dist-packages/jupyter_contrib_nbextensions/nbextensions/execute_time/readme.md -> /usr/local/share/jupyter/nbextensions/execute_time/readme.md
#15 2.556 [I 04:20:41 InstallContribNbextensionsApp] Copying: /usr/local/lib/python3.8/dist-packages/jupyter_contrib_nbextensions/nbextensions/execute_time/ExecuteTime.yaml -> /usr/local/share/jupyter/nbextensions/execute_time/ExecuteTime.yaml
#15 2.557 [I 04:20:41 InstallContribNbextensionsApp] Copying: /usr/local/lib/python3.8/dist-packages/jupyter_contrib_nbextensions/nbextensions/execute_time/ExecuteTime.css -> /usr/local/share/jupyter/nbextensions/execute_time/ExecuteTime.css
#15 2.558 [I 04:20:41 InstallContribNbextensionsApp] Copying: /usr/local/lib/python3.8/dist-packages/jupyter_contrib_nbextensions/nbextensions/execute_time/execution-timings-box.png -> /usr/local/share/jupyter/nbextensions/execute_time/execution-timings-box.png
#15 2.561 [I 04:20:41 InstallContribNbextensionsApp] Copying: /usr/local/lib/python3.8/dist-packages/jupyter_contrib_nbextensions/nbextensions/execute_time/execution-timings-menu.png -> /usr/local/share/jupyter/nbextensions/execute_time/execution-timings-menu.png
#15 2.563 [I 04:20:41 InstallContribNbextensionsApp] Copying: /usr/local/lib/python3.8/dist-packages/jupyter_contrib_nbextensions/nbextensions/execute_time/ExecuteTime.js -> /usr/local/share/jupyter/nbextensions/execute_time/ExecuteTime.js
#15 2.564 [I 04:20:41 InstallContribNbextensionsApp] Copying: /usr/local/lib/python3.8/dist-packages/jupyter_contrib_nbextensions/nbextensions/execute_time/icon.png -> /usr/local/share/jupyter/nbextensions/execute_time/icon.png
#15 2.565 [I 04:20:41 InstallContribNbextensionsApp] - Validating: [32mOK[0m
#15 2.565 [I 04:20:41 InstallContribNbextensionsApp] Installing /usr/local/lib/python3.8/dist-packages/jupyter_contrib_nbextensions/nbextensions/select_keymap -> select_keymap
#15 2.565 [I 04:20:41 InstallContribNbextensionsApp] Making directory: /usr/local/share/jupyter/nbextensions/select_keymap/
#15 2.567 [I 04:20:41 InstallContribNbextensionsApp] Copying: /usr/local/lib/python3.8/dist-packages/jupyter_contrib_nbextensions/nbextensions/select_keymap/select_keymap.png -> /usr/local/share/jupyter/nbextensions/select_keymap/select_keymap.png
#15 2.569 [I 04:20:41 InstallContribNbextensionsApp] Copying: /usr/local/lib/python3.8/dist-packages/jupyter_contrib_nbextensions/nbextensions/select_keymap/main.js -> /usr/local/share/jupyter/nbextensions/select_keymap/main.js
#15 2.570 [I 04:20:41 InstallContribNbextensionsApp] Copying: /usr/local/lib/python3.8/dist-packages/jupyter_contrib_nbextensions/nbextensions/select_keymap/select_keymap.yaml -> /usr/local/share/jupyter/nbextensions/select_keymap/select_keymap.yaml
#15 2.571 [I 04:20:41 InstallContribNbextensionsApp] Copying: /usr/local/lib/python3.8/dist-packages/jupyter_contrib_nbextensions/nbextensions/select_keymap/README.md -> /usr/local/share/jupyter/nbextensions/select_keymap/README.md
#15 2.573 [I 04:20:41 InstallContribNbextensionsApp] - Validating: [32mOK[0m
#15 2.574 [I 04:20:41 InstallContribNbextensionsApp] Installing /usr/local/lib/python3.8/dist-packages/jupyter_contrib_nbextensions/nbextensions/collapsible_headings -> collapsible_headings
#15 2.574 [I 04:20:41 InstallContribNbextensionsApp] Making directory: /usr/local/share/jupyter/nbextensions/collapsible_headings/
#15 2.574 [I 04:20:41 InstallContribNbextensionsApp] Copying: /usr/local/lib/python3.8/dist-packages/jupyter_contrib_nbextensions/nbextensions/collapsible_headings/screenshot.png -> /usr/local/share/jupyter/nbextensions/collapsible_headings/screenshot.png
#15 2.578 [I 04:20:41 InstallContribNbextensionsApp] Copying: /usr/local/lib/python3.8/dist-packages/jupyter_contrib_nbextensions/nbextensions/collapsible_headings/main.css -> /usr/local/share/jupyter/nbextensions/collapsible_headings/main.css
#15 2.579 [I 04:20:41 InstallContribNbextensionsApp] Copying: /usr/local/lib/python3.8/dist-packages/jupyter_contrib_nbextensions/nbextensions/collapsible_headings/readme.md -> /usr/local/share/jupyter/nbextensions/collapsible_headings/readme.md
#15 2.580 [I 04:20:41 InstallContribNbextensionsApp] Copying: /usr/local/lib/python3.8/dist-packages/jupyter_contrib_nbextensions/nbextensions/collapsible_headings/collapsible_headings.yaml -> /usr/local/share/jupyter/nbextensions/collapsible_headings/collapsible_headings.yaml
#15 2.581 [I 04:20:41 InstallContribNbextensionsApp] Copying: /usr/local/lib/python3.8/dist-packages/jupyter_contrib_nbextensions/nbextensions/collapsible_headings/main.js -> /usr/local/share/jupyter/nbextensions/collapsible_headings/main.js
#15 2.582 [I 04:20:41 InstallContribNbextensionsApp] Copying: /usr/local/lib/python3.8/dist-packages/jupyter_contrib_nbextensions/nbextensions/collapsible_headings/icon.png -> /usr/local/share/jupyter/nbextensions/collapsible_headings/icon.png
#15 2.583 [I 04:20:41 InstallContribNbextensionsApp] - Validating: [32mOK[0m
#15 2.583 [I 04:20:41 InstallContribNbextensionsApp] Installing /usr/local/lib/python3.8/dist-packages/jupyter_contrib_nbextensions/nbextensions/autoscroll -> autoscroll
#15 2.584 [I 04:20:41 InstallContribNbextensionsApp] Making directory: /usr/local/share/jupyter/nbextensions/autoscroll/
#15 2.584 [I 04:20:41 InstallContribNbextensionsApp] Copying: /usr/local/lib/python3.8/dist-packages/jupyter_contrib_nbextensions/nbextensions/autoscroll/autoscroll.yaml -> /usr/local/share/jupyter/nbextensions/autoscroll/autoscroll.yaml
#15 2.585 [I 04:20:41 InstallContribNbextensionsApp] Copying: /usr/local/lib/python3.8/dist-packages/jupyter_contrib_nbextensions/nbextensions/autoscroll/main.js -> /usr/local/share/jupyter/nbextensions/autoscroll/main.js
#15 2.586 [I 04:20:41 InstallContribNbextensionsApp] Copying: /usr/local/lib/python3.8/dist-packages/jupyter_contrib_nbextensions/nbextensions/autoscroll/README.md -> /usr/local/share/jupyter/nbextensions/autoscroll/README.md
#15 2.587 [I 04:20:41 InstallContribNbextensionsApp] Copying: /usr/local/lib/python3.8/dist-packages/jupyter_contrib_nbextensions/nbextensions/autoscroll/icon.png -> /usr/local/share/jupyter/nbextensions/autoscroll/icon.png
#15 2.588 [I 04:20:41 InstallContribNbextensionsApp] - Validating: [32mOK[0m
#15 2.588 [I 04:20:41 InstallContribNbextensionsApp] Installing /usr/local/lib/python3.8/dist-packages/jupyter_contrib_nbextensions/nbextensions/hide_input_all -> hide_input_all
#15 2.589 [I 04:20:41 InstallContribNbextensionsApp] Making directory: /usr/local/share/jupyter/nbextensions/hide_input_all/
#15 2.589 [I 04:20:41 InstallContribNbextensionsApp] Copying: /usr/local/lib/python3.8/dist-packages/jupyter_contrib_nbextensions/nbextensions/hide_input_all/readme.md -> /usr/local/share/jupyter/nbextensions/hide_input_all/readme.md
#15 2.591 [I 04:20:41 InstallContribNbextensionsApp] Copying: /usr/local/lib/python3.8/dist-packages/jupyter_contrib_nbextensions/nbextensions/hide_input_all/hide_input_all_show.png -> /usr/local/share/jupyter/nbextensions/hide_input_all/hide_input_all_show.png
#15 2.592 [I 04:20:41 InstallContribNbextensionsApp] Copying: /usr/local/lib/python3.8/dist-packages/jupyter_contrib_nbextensions/nbextensions/hide_input_all/main.js -> /usr/local/share/jupyter/nbextensions/hide_input_all/main.js
#15 2.593 [I 04:20:41 InstallContribNbextensionsApp] Copying: /usr/local/lib/python3.8/dist-packages/jupyter_contrib_nbextensions/nbextensions/hide_input_all/hide_input_all.yaml -> /usr/local/share/jupyter/nbextensions/hide_input_all/hide_input_all.yaml
#15 2.593 [I 04:20:41 InstallContribNbextensionsApp] Copying: /usr/local/lib/python3.8/dist-packages/jupyter_contrib_nbextensions/nbextensions/hide_input_all/icon.png -> /usr/local/share/jupyter/nbextensions/hide_input_all/icon.png
#15 2.594 [I 04:20:41 InstallContribNbextensionsApp] Copying: /usr/local/lib/python3.8/dist-packages/jupyter_contrib_nbextensions/nbextensions/hide_input_all/hide_input_all_hide.png -> /usr/local/share/jupyter/nbextensions/hide_input_all/hide_input_all_hide.png
#15 2.596 [I 04:20:41 InstallContribNbextensionsApp] - Validating: [32mOK[0m
#15 2.596 [I 04:20:41 InstallContribNbextensionsApp] Installing /usr/local/lib/python3.8/dist-packages/jupyter_contrib_nbextensions/nbextensions/runtools -> runtools
#15 2.597 [I 04:20:41 InstallContribNbextensionsApp] Making directory: /usr/local/share/jupyter/nbextensions/runtools/
#15 2.597 [I 04:20:41 InstallContribNbextensionsApp] Copying: /usr/local/lib/python3.8/dist-packages/jupyter_contrib_nbextensions/nbextensions/runtools/runtools_lock.png -> /usr/local/share/jupyter/nbextensions/runtools/runtools_lock.png
#15 2.598 [I 04:20:41 InstallContribNbextensionsApp] Copying: /usr/local/lib/python3.8/dist-packages/jupyter_contrib_nbextensions/nbextensions/runtools/runtools.yaml -> /usr/local/share/jupyter/nbextensions/runtools/runtools.yaml
#15 2.598 [I 04:20:41 InstallContribNbextensionsApp] Copying: /usr/local/lib/python3.8/dist-packages/jupyter_contrib_nbextensions/nbextensions/runtools/cellstate.js -> /usr/local/share/jupyter/nbextensions/runtools/cellstate.js
#15 2.598 [I 04:20:41 InstallContribNbextensionsApp] Copying: /usr/local/lib/python3.8/dist-packages/jupyter_contrib_nbextensions/nbextensions/runtools/main.css -> /usr/local/share/jupyter/nbextensions/runtools/main.css
#15 2.599 [I 04:20:41 InstallContribNbextensionsApp] Copying: /usr/local/lib/python3.8/dist-packages/jupyter_contrib_nbextensions/nbextensions/runtools/gutter.css -> /usr/local/share/jupyter/nbextensions/runtools/gutter.css
#15 2.600 [I 04:20:41 InstallContribNbextensionsApp] Copying: /usr/local/lib/python3.8/dist-packages/jupyter_contrib_nbextensions/nbextensions/runtools/readme.md -> /usr/local/share/jupyter/nbextensions/runtools/readme.md
#15 2.600 [I 04:20:41 InstallContribNbextensionsApp] Copying: /usr/local/lib/python3.8/dist-packages/jupyter_contrib_nbextensions/nbextensions/runtools/annotations.odg -> /usr/local/share/jupyter/nbextensions/runtools/annotations.odg
#15 2.601 [I 04:20:41 InstallContribNbextensionsApp] Copying: /usr/local/lib/python3.8/dist-packages/jupyter_contrib_nbextensions/nbextensions/runtools/runtools_show_hide.png -> /usr/local/share/jupyter/nbextensions/runtools/runtools_show_hide.png
#15 2.602 [I 04:20:41 InstallContribNbextensionsApp] Copying: /usr/local/lib/python3.8/dist-packages/jupyter_contrib_nbextensions/nbextensions/runtools/runtools_marker.png -> /usr/local/share/jupyter/nbextensions/runtools/runtools_marker.png
#15 2.603 [I 04:20:41 InstallContribNbextensionsApp] Copying: /usr/local/lib/python3.8/dist-packages/jupyter_contrib_nbextensions/nbextensions/runtools/main.js -> /usr/local/share/jupyter/nbextensions/runtools/main.js
#15 2.604 [I 04:20:41 InstallContribNbextensionsApp] Copying: /usr/local/lib/python3.8/dist-packages/jupyter_contrib_nbextensions/nbextensions/runtools/runtools_execute.png -> /usr/local/share/jupyter/nbextensions/runtools/runtools_execute.png
#15 2.605 [I 04:20:41 InstallContribNbextensionsApp] Copying: /usr/local/lib/python3.8/dist-packages/jupyter_contrib_nbextensions/nbextensions/runtools/demo.gif -> /usr/local/share/jupyter/nbextensions/runtools/demo.gif
#15 2.615 [I 04:20:41 InstallContribNbextensionsApp] Copying: /usr/local/lib/python3.8/dist-packages/jupyter_contrib_nbextensions/nbextensions/runtools/icon.png -> /usr/local/share/jupyter/nbextensions/runtools/icon.png
#15 2.616 [I 04:20:41 InstallContribNbextensionsApp] Copying: /usr/local/lib/python3.8/dist-packages/jupyter_contrib_nbextensions/nbextensions/runtools/runtools_nb.png -> /usr/local/share/jupyter/nbextensions/runtools/runtools_nb.png
#15 2.618 [I 04:20:41 InstallContribNbextensionsApp] - Validating: [32mOK[0m
#15 2.619 [I 04:20:41 InstallContribNbextensionsApp] Installing /usr/local/lib/python3.8/dist-packages/jupyter_contrib_nbextensions/nbextensions/toggle_all_line_numbers -> toggle_all_line_numbers
#15 2.620 [I 04:20:41 InstallContribNbextensionsApp] Making directory: /usr/local/share/jupyter/nbextensions/toggle_all_line_numbers/
#15 2.620 [I 04:20:41 InstallContribNbextensionsApp] Copying: /usr/local/lib/python3.8/dist-packages/jupyter_contrib_nbextensions/nbextensions/toggle_all_line_numbers/main.yaml -> /usr/local/share/jupyter/nbextensions/toggle_all_line_numbers/main.yaml
#15 2.620 [I 04:20:41 InstallContribNbextensionsApp] Copying: /usr/local/lib/python3.8/dist-packages/jupyter_contrib_nbextensions/nbextensions/toggle_all_line_numbers/readme.md -> /usr/local/share/jupyter/nbextensions/toggle_all_line_numbers/readme.md
#15 2.621 [I 04:20:41 InstallContribNbextensionsApp] Copying: /usr/local/lib/python3.8/dist-packages/jupyter_contrib_nbextensions/nbextensions/toggle_all_line_numbers/main.js -> /usr/local/share/jupyter/nbextensions/toggle_all_line_numbers/main.js
#15 2.621 [I 04:20:41 InstallContribNbextensionsApp] Copying: /usr/local/lib/python3.8/dist-packages/jupyter_contrib_nbextensions/nbextensions/toggle_all_line_numbers/icon.png -> /usr/local/share/jupyter/nbextensions/toggle_all_line_numbers/icon.png
#15 2.623 [I 04:20:41 InstallContribNbextensionsApp] - Validating: [32mOK[0m
#15 2.623 [I 04:20:41 InstallContribNbextensionsApp] Installing /usr/local/lib/python3.8/dist-packages/jupyter_contrib_nbextensions/nbextensions/freeze -> freeze
#15 2.623 [I 04:20:41 InstallContribNbextensionsApp] Making directory: /usr/local/share/jupyter/nbextensions/freeze/
#15 2.624 [I 04:20:41 InstallContribNbextensionsApp] Copying: /usr/local/lib/python3.8/dist-packages/jupyter_contrib_nbextensions/nbextensions/freeze/readme.md -> /usr/local/share/jupyter/nbextensions/freeze/readme.md
#15 2.624 [I 04:20:41 InstallContribNbextensionsApp] Copying: /usr/local/lib/python3.8/dist-packages/jupyter_contrib_nbextensions/nbextensions/freeze/main.js -> /usr/local/share/jupyter/nbextensions/freeze/main.js
#15 2.626 [I 04:20:41 InstallContribNbextensionsApp] Copying: /usr/local/lib/python3.8/dist-packages/jupyter_contrib_nbextensions/nbextensions/freeze/config.yaml -> /usr/local/share/jupyter/nbextensions/freeze/config.yaml
#15 2.626 [I 04:20:41 InstallContribNbextensionsApp] Copying: /usr/local/lib/python3.8/dist-packages/jupyter_contrib_nbextensions/nbextensions/freeze/icon.png -> /usr/local/share/jupyter/nbextensions/freeze/icon.png
#15 2.627 [I 04:20:41 InstallContribNbextensionsApp] - Validating: [32mOK[0m
#15 2.627 [I 04:20:41 InstallContribNbextensionsApp] Installing /usr/local/lib/python3.8/dist-packages/jupyter_contrib_nbextensions/nbextensions/gist_it -> gist_it
#15 2.628 [I 04:20:41 InstallContribNbextensionsApp] Making directory: /usr/local/share/jupyter/nbextensions/gist_it/
#15 2.628 [I 04:20:41 InstallContribNbextensionsApp] Copying: /usr/local/lib/python3.8/dist-packages/jupyter_contrib_nbextensions/nbextensions/gist_it/readme.md -> /usr/local/share/jupyter/nbextensions/gist_it/readme.md
#15 2.629 [I 04:20:41 InstallContribNbextensionsApp] Copying: /usr/local/lib/python3.8/dist-packages/jupyter_contrib_nbextensions/nbextensions/gist_it/main.js -> /usr/local/share/jupyter/nbextensions/gist_it/main.js
#15 2.631 [I 04:20:41 InstallContribNbextensionsApp] Copying: /usr/local/lib/python3.8/dist-packages/jupyter_contrib_nbextensions/nbextensions/gist_it/gist_it.yaml -> /usr/local/share/jupyter/nbextensions/gist_it/gist_it.yaml
#15 2.631 [I 04:20:41 InstallContribNbextensionsApp] Copying: /usr/local/lib/python3.8/dist-packages/jupyter_contrib_nbextensions/nbextensions/gist_it/icon.png -> /usr/local/share/jupyter/nbextensions/gist_it/icon.png
#15 2.632 [I 04:20:41 InstallContribNbextensionsApp] - Validating: [32mOK[0m
#15 2.633 [I 04:20:41 InstallContribNbextensionsApp] Installing /usr/local/lib/python3.8/dist-packages/jupyter_contrib_nbextensions/nbextensions/cell_filter -> cell_filter
#15 2.633 [I 04:20:41 InstallContribNbextensionsApp] Making directory: /usr/local/share/jupyter/nbextensions/cell_filter/
#15 2.633 [I 04:20:41 InstallContribNbextensionsApp] Copying: /usr/local/lib/python3.8/dist-packages/jupyter_contrib_nbextensions/nbextensions/cell_filter/cell_filter.js -> /usr/local/share/jupyter/nbextensions/cell_filter/cell_filter.js
#15 2.634 [I 04:20:41 InstallContribNbextensionsApp] Copying: /usr/local/lib/python3.8/dist-packages/jupyter_contrib_nbextensions/nbextensions/cell_filter/cell_filter.yml -> /usr/local/share/jupyter/nbextensions/cell_filter/cell_filter.yml
#15 2.636 [I 04:20:41 InstallContribNbextensionsApp] Copying: /usr/local/lib/python3.8/dist-packages/jupyter_contrib_nbextensions/nbextensions/cell_filter/README.md -> /usr/local/share/jupyter/nbextensions/cell_filter/README.md
#15 2.638 [I 04:20:41 InstallContribNbextensionsApp] - Validating: [32mOK[0m
#15 2.638 [I 04:20:41 InstallContribNbextensionsApp] Installing /usr/local/lib/python3.8/dist-packages/jupyter_contrib_nbextensions/nbextensions/zenmode -> zenmode
#15 2.638 [I 04:20:41 InstallContribNbextensionsApp] Making directory: /usr/local/share/jupyter/nbextensions/zenmode/
#15 2.638 [I 04:20:41 InstallContribNbextensionsApp] Copying: /usr/local/lib/python3.8/dist-packages/jupyter_contrib_nbextensions/nbextensions/zenmode/main.css -> /usr/local/share/jupyter/nbextensions/zenmode/main.css
#15 2.638 [I 04:20:41 InstallContribNbextensionsApp] Copying: /usr/local/lib/python3.8/dist-packages/jupyter_contrib_nbextensions/nbextensions/zenmode/zenmode.yaml -> /usr/local/share/jupyter/nbextensions/zenmode/zenmode.yaml
#15 2.641 [I 04:20:41 InstallContribNbextensionsApp] Copying: /usr/local/lib/python3.8/dist-packages/jupyter_contrib_nbextensions/nbextensions/zenmode/main.js -> /usr/local/share/jupyter/nbextensions/zenmode/main.js
#15 2.643 [I 04:20:41 InstallContribNbextensionsApp] Copying: /usr/local/lib/python3.8/dist-packages/jupyter_contrib_nbextensions/nbextensions/zenmode/README.md -> /usr/local/share/jupyter/nbextensions/zenmode/README.md
#15 2.644 [I 04:20:41 InstallContribNbextensionsApp] Making directory: /usr/local/share/jupyter/nbextensions/zenmode/images
#15 2.645 [I 04:20:41 InstallContribNbextensionsApp] Copying: /usr/local/lib/python3.8/dist-packages/jupyter_contrib_nbextensions/nbextensions/zenmode/images/back3.jpg -> /usr/local/share/jupyter/nbextensions/zenmode/images/back3.jpg
#15 2.649 [I 04:20:41 InstallContribNbextensionsApp] Copying: /usr/local/lib/python3.8/dist-packages/jupyter_contrib_nbextensions/nbextensions/zenmode/images/back21.jpg -> /usr/local/share/jupyter/nbextensions/zenmode/images/back21.jpg
#15 2.658 [I 04:20:41 InstallContribNbextensionsApp] Copying: /usr/local/lib/python3.8/dist-packages/jupyter_contrib_nbextensions/nbextensions/zenmode/images/back12.jpg -> /usr/local/share/jupyter/nbextensions/zenmode/images/back12.jpg
#15 2.660 [I 04:20:41 InstallContribNbextensionsApp] Copying: /usr/local/lib/python3.8/dist-packages/jupyter_contrib_nbextensions/nbextensions/zenmode/images/ipynblogo1.png -> /usr/local/share/jupyter/nbextensions/zenmode/images/ipynblogo1.png
#15 2.662 [I 04:20:41 InstallContribNbextensionsApp] Copying: /usr/local/lib/python3.8/dist-packages/jupyter_contrib_nbextensions/nbextensions/zenmode/images/back22.jpg -> /usr/local/share/jupyter/nbextensions/zenmode/images/back22.jpg
#15 2.664 [I 04:20:41 InstallContribNbextensionsApp] Copying: /usr/local/lib/python3.8/dist-packages/jupyter_contrib_nbextensions/nbextensions/zenmode/images/back2.jpg -> /usr/local/share/jupyter/nbextensions/zenmode/images/back2.jpg
#15 2.667 [I 04:20:41 InstallContribNbextensionsApp] Copying: /usr/local/lib/python3.8/dist-packages/jupyter_contrib_nbextensions/nbextensions/zenmode/images/ipynblogo0.png -> /usr/local/share/jupyter/nbextensions/zenmode/images/ipynblogo0.png
#15 2.668 [I 04:20:41 InstallContribNbextensionsApp] Copying: /usr/local/lib/python3.8/dist-packages/jupyter_contrib_nbextensions/nbextensions/zenmode/images/back11.jpg -> /usr/local/share/jupyter/nbextensions/zenmode/images/back11.jpg
#15 2.671 [I 04:20:41 InstallContribNbextensionsApp] Copying: /usr/local/lib/python3.8/dist-packages/jupyter_contrib_nbextensions/nbextensions/zenmode/images/back1.jpg -> /usr/local/share/jupyter/nbextensions/zenmode/images/back1.jpg
#15 2.673 [I 04:20:41 InstallContribNbextensionsApp] - Validating: [32mOK[0m
#15 2.673 [I 04:20:41 InstallContribNbextensionsApp] Installing /usr/local/lib/python3.8/dist-packages/jupyter_contrib_nbextensions/nbextensions/splitcell -> splitcell
#15 2.674 [I 04:20:41 InstallContribNbextensionsApp] Making directory: /usr/local/share/jupyter/nbextensions/splitcell/
#15 2.674 [I 04:20:41 InstallContribNbextensionsApp] Copying: /usr/local/lib/python3.8/dist-packages/jupyter_contrib_nbextensions/nbextensions/splitcell/splitcell.js -> /usr/local/share/jupyter/nbextensions/splitcell/splitcell.js
#15 2.674 [I 04:20:41 InstallContribNbextensionsApp] Copying: /usr/local/lib/python3.8/dist-packages/jupyter_contrib_nbextensions/nbextensions/splitcell/readme.md -> /usr/local/share/jupyter/nbextensions/splitcell/readme.md
#15 2.676 [I 04:20:41 InstallContribNbextensionsApp] Copying: /usr/local/lib/python3.8/dist-packages/jupyter_contrib_nbextensions/nbextensions/splitcell/splitcell.yaml -> /usr/local/share/jupyter/nbextensions/splitcell/splitcell.yaml
#15 2.676 [I 04:20:41 InstallContribNbextensionsApp] Copying: /usr/local/lib/python3.8/dist-packages/jupyter_contrib_nbextensions/nbextensions/splitcell/icon.png -> /usr/local/share/jupyter/nbextensions/splitcell/icon.png
#15 2.676 [I 04:20:41 InstallContribNbextensionsApp] - Validating: [32mOK[0m
#15 2.676 [I 04:20:41 InstallContribNbextensionsApp] Installing /usr/local/lib/python3.8/dist-packages/jupyter_contrib_nbextensions/nbextensions/rubberband -> rubberband
#15 2.677 [I 04:20:41 InstallContribNbextensionsApp] Making directory: /usr/local/share/jupyter/nbextensions/rubberband/
#15 2.677 [I 04:20:41 InstallContribNbextensionsApp] Copying: /usr/local/lib/python3.8/dist-packages/jupyter_contrib_nbextensions/nbextensions/rubberband/rubberband.yaml -> /usr/local/share/jupyter/nbextensions/rubberband/rubberband.yaml
#15 2.678 [I 04:20:41 InstallContribNbextensionsApp] Copying: /usr/local/lib/python3.8/dist-packages/jupyter_contrib_nbextensions/nbextensions/rubberband/main.css -> /usr/local/share/jupyter/nbextensions/rubberband/main.css
#15 2.680 [I 04:20:41 InstallContribNbextensionsApp] Copying: /usr/local/lib/python3.8/dist-packages/jupyter_contrib_nbextensions/nbextensions/rubberband/readme.md -> /usr/local/share/jupyter/nbextensions/rubberband/readme.md
#15 2.680 [I 04:20:41 InstallContribNbextensionsApp] Copying: /usr/local/lib/python3.8/dist-packages/jupyter_contrib_nbextensions/nbextensions/rubberband/main.js -> /usr/local/share/jupyter/nbextensions/rubberband/main.js
#15 2.681 [I 04:20:41 InstallContribNbextensionsApp] Copying: /usr/local/lib/python3.8/dist-packages/jupyter_contrib_nbextensions/nbextensions/rubberband/icon.png -> /usr/local/share/jupyter/nbextensions/rubberband/icon.png
#15 2.682 [I 04:20:41 InstallContribNbextensionsApp] - Validating: [32mOK[0m
#15 2.683 [I 04:20:41 InstallContribNbextensionsApp] Installing /usr/local/lib/python3.8/dist-packages/jupyter_contrib_nbextensions/nbextensions/scratchpad -> scratchpad
#15 2.683 [I 04:20:41 InstallContribNbextensionsApp] Making directory: /usr/local/share/jupyter/nbextensions/scratchpad/
#15 2.683 [I 04:20:41 InstallContribNbextensionsApp] Copying: /usr/local/lib/python3.8/dist-packages/jupyter_contrib_nbextensions/nbextensions/scratchpad/main.js -> /usr/local/share/jupyter/nbextensions/scratchpad/main.js
#15 2.684 [I 04:20:41 InstallContribNbextensionsApp] Copying: /usr/local/lib/python3.8/dist-packages/jupyter_contrib_nbextensions/nbextensions/scratchpad/README.md -> /usr/local/share/jupyter/nbextensions/scratchpad/README.md
#15 2.685 [I 04:20:41 InstallContribNbextensionsApp] Copying: /usr/local/lib/python3.8/dist-packages/jupyter_contrib_nbextensions/nbextensions/scratchpad/scratchpad.css -> /usr/local/share/jupyter/nbextensions/scratchpad/scratchpad.css
#15 2.686 [I 04:20:41 InstallContribNbextensionsApp] Copying: /usr/local/lib/python3.8/dist-packages/jupyter_contrib_nbextensions/nbextensions/scratchpad/demo.gif -> /usr/local/share/jupyter/nbextensions/scratchpad/demo.gif
#15 2.693 [I 04:20:41 InstallContribNbextensionsApp] Copying: /usr/local/lib/python3.8/dist-packages/jupyter_contrib_nbextensions/nbextensions/scratchpad/LICENSE -> /usr/local/share/jupyter/nbextensions/scratchpad/LICENSE
#15 2.693 [I 04:20:41 InstallContribNbextensionsApp] Copying: /usr/local/lib/python3.8/dist-packages/jupyter_contrib_nbextensions/nbextensions/scratchpad/scratchpad.yaml -> /usr/local/share/jupyter/nbextensions/scratchpad/scratchpad.yaml
#15 2.694 [I 04:20:41 InstallContribNbextensionsApp] - Validating: [32mOK[0m
#15 2.694 [I 04:20:41 InstallContribNbextensionsApp] Installing /usr/local/lib/python3.8/dist-packages/jupyter_contrib_nbextensions/nbextensions/autosavetime -> autosavetime
#15 2.694 [I 04:20:41 InstallContribNbextensionsApp] Making directory: /usr/local/share/jupyter/nbextensions/autosavetime/
#15 2.695 [I 04:20:41 InstallContribNbextensionsApp] Copying: /usr/local/lib/python3.8/dist-packages/jupyter_contrib_nbextensions/nbextensions/autosavetime/autosavetime.yaml -> /usr/local/share/jupyter/nbextensions/autosavetime/autosavetime.yaml
#15 2.695 [I 04:20:41 InstallContribNbextensionsApp] Copying: /usr/local/lib/python3.8/dist-packages/jupyter_contrib_nbextensions/nbextensions/autosavetime/main.js -> /usr/local/share/jupyter/nbextensions/autosavetime/main.js
#15 2.696 [I 04:20:41 InstallContribNbextensionsApp] Copying: /usr/local/lib/python3.8/dist-packages/jupyter_contrib_nbextensions/nbextensions/autosavetime/README.md -> /usr/local/share/jupyter/nbextensions/autosavetime/README.md
#15 2.697 [I 04:20:41 InstallContribNbextensionsApp] Copying: /usr/local/lib/python3.8/dist-packages/jupyter_contrib_nbextensions/nbextensions/autosavetime/icon.png -> /usr/local/share/jupyter/nbextensions/autosavetime/icon.png
#15 2.698 [I 04:20:41 InstallContribNbextensionsApp] - Validating: [32mOK[0m
#15 2.698 [I 04:20:41 InstallContribNbextensionsApp] Installing /usr/local/lib/python3.8/dist-packages/jupyter_contrib_nbextensions/nbextensions/limit_output -> limit_output
#15 2.698 [I 04:20:41 InstallContribNbextensionsApp] Making directory: /usr/local/share/jupyter/nbextensions/limit_output/
#15 2.698 [I 04:20:41 InstallContribNbextensionsApp] Copying: /usr/local/lib/python3.8/dist-packages/jupyter_contrib_nbextensions/nbextensions/limit_output/readme.md -> /usr/local/share/jupyter/nbextensions/limit_output/readme.md
#15 2.699 [I 04:20:41 InstallContribNbextensionsApp] Copying: /usr/local/lib/python3.8/dist-packages/jupyter_contrib_nbextensions/nbextensions/limit_output/limit-output.yaml -> /usr/local/share/jupyter/nbextensions/limit_output/limit-output.yaml
#15 2.700 [I 04:20:41 InstallContribNbextensionsApp] Copying: /usr/local/lib/python3.8/dist-packages/jupyter_contrib_nbextensions/nbextensions/limit_output/main.js -> /usr/local/share/jupyter/nbextensions/limit_output/main.js
#15 2.701 [I 04:20:41 InstallContribNbextensionsApp] Copying: /usr/local/lib/python3.8/dist-packages/jupyter_contrib_nbextensions/nbextensions/limit_output/icon.png -> /usr/local/share/jupyter/nbextensions/limit_output/icon.png
#15 2.701 [I 04:20:41 InstallContribNbextensionsApp] - Validating: [32mOK[0m
#15 2.702 [I 04:20:41 InstallContribNbextensionsApp] Installing /usr/local/lib/python3.8/dist-packages/jupyter_contrib_nbextensions/nbextensions/addbefore -> addbefore
#15 2.702 [I 04:20:41 InstallContribNbextensionsApp] Making directory: /usr/local/share/jupyter/nbextensions/addbefore/
#15 2.702 [I 04:20:41 InstallContribNbextensionsApp] Copying: /usr/local/lib/python3.8/dist-packages/jupyter_contrib_nbextensions/nbextensions/addbefore/addbefore.yaml -> /usr/local/share/jupyter/nbextensions/addbefore/addbefore.yaml
#15 2.703 [I 04:20:41 InstallContribNbextensionsApp] Copying: /usr/local/lib/python3.8/dist-packages/jupyter_contrib_nbextensions/nbextensions/addbefore/readme.md -> /usr/local/share/jupyter/nbextensions/addbefore/readme.md
#15 2.703 [I 04:20:41 InstallContribNbextensionsApp] Copying: /usr/local/lib/python3.8/dist-packages/jupyter_contrib_nbextensions/nbextensions/addbefore/main.js -> /usr/local/share/jupyter/nbextensions/addbefore/main.js
#15 2.704 [I 04:20:41 InstallContribNbextensionsApp] Copying: /usr/local/lib/python3.8/dist-packages/jupyter_contrib_nbextensions/nbextensions/addbefore/icon.png -> /usr/local/share/jupyter/nbextensions/addbefore/icon.png
#15 2.705 [I 04:20:41 InstallContribNbextensionsApp] - Validating: [32mOK[0m
#15 2.705 [I 04:20:41 InstallContribNbextensionsApp] Installing /usr/local/lib/python3.8/dist-packages/jupyter_contrib_nbextensions/nbextensions/equation-numbering -> equation-numbering
#15 2.705 [I 04:20:41 InstallContribNbextensionsApp] Making directory: /usr/local/share/jupyter/nbextensions/equation-numbering/
#15 2.705 [I 04:20:41 InstallContribNbextensionsApp] Copying: /usr/local/lib/python3.8/dist-packages/jupyter_contrib_nbextensions/nbextensions/equation-numbering/info.yaml -> /usr/local/share/jupyter/nbextensions/equation-numbering/info.yaml
#15 2.706 [I 04:20:41 InstallContribNbextensionsApp] Copying: /usr/local/lib/python3.8/dist-packages/jupyter_contrib_nbextensions/nbextensions/equation-numbering/button.png -> /usr/local/share/jupyter/nbextensions/equation-numbering/button.png
#15 2.706 [I 04:20:41 InstallContribNbextensionsApp] Copying: /usr/local/lib/python3.8/dist-packages/jupyter_contrib_nbextensions/nbextensions/equation-numbering/readme.md -> /usr/local/share/jupyter/nbextensions/equation-numbering/readme.md
#15 2.707 [I 04:20:41 InstallContribNbextensionsApp] Copying: /usr/local/lib/python3.8/dist-packages/jupyter_contrib_nbextensions/nbextensions/equation-numbering/main.js -> /usr/local/share/jupyter/nbextensions/equation-numbering/main.js
#15 2.707 [I 04:20:41 InstallContribNbextensionsApp] Copying: /usr/local/lib/python3.8/dist-packages/jupyter_contrib_nbextensions/nbextensions/equation-numbering/icon.png -> /usr/local/share/jupyter/nbextensions/equation-numbering/icon.png
#15 2.708 [I 04:20:41 InstallContribNbextensionsApp] - Validating: [32mOK[0m
#15 2.708 [I 04:20:41 InstallContribNbextensionsApp] Installing /usr/local/lib/python3.8/dist-packages/jupyter_contrib_nbextensions/nbextensions/hide_header -> hide_header
#15 2.709 [I 04:20:41 InstallContribNbextensionsApp] Making directory: /usr/local/share/jupyter/nbextensions/hide_header/
#15 2.709 [I 04:20:41 InstallContribNbextensionsApp] Copying: /usr/local/lib/python3.8/dist-packages/jupyter_contrib_nbextensions/nbextensions/hide_header/hide_header.yaml -> /usr/local/share/jupyter/nbextensions/hide_header/hide_header.yaml
#15 2.709 [I 04:20:41 InstallContribNbextensionsApp] Copying: /usr/local/lib/python3.8/dist-packages/jupyter_contrib_nbextensions/nbextensions/hide_header/main.js -> /usr/local/share/jupyter/nbextensions/hide_header/main.js
#15 2.709 [I 04:20:41 InstallContribNbextensionsApp] Copying: /usr/local/lib/python3.8/dist-packages/jupyter_contrib_nbextensions/nbextensions/hide_header/README.md -> /usr/local/share/jupyter/nbextensions/hide_header/README.md
#15 2.710 [I 04:20:41 InstallContribNbextensionsApp] - Validating: [32mOK[0m
#15 2.710 [I 04:20:41 InstallContribNbextensionsApp] Installing /usr/local/lib/python3.8/dist-packages/jupyter_contrib_nbextensions/nbextensions/code_prettify -> code_prettify
#15 2.710 [I 04:20:41 InstallContribNbextensionsApp] Making directory: /usr/local/share/jupyter/nbextensions/code_prettify/
#15 2.711 [I 04:20:41 InstallContribNbextensionsApp] Copying: /usr/local/lib/python3.8/dist-packages/jupyter_contrib_nbextensions/nbextensions/code_prettify/autopep8.yaml -> /usr/local/share/jupyter/nbextensions/code_prettify/autopep8.yaml
#15 2.711 [I 04:20:41 InstallContribNbextensionsApp] Copying: /usr/local/lib/python3.8/dist-packages/jupyter_contrib_nbextensions/nbextensions/code_prettify/README_code_prettify.md -> /usr/local/share/jupyter/nbextensions/code_prettify/README_code_prettify.md
#15 2.712 [I 04:20:41 InstallContribNbextensionsApp] Copying: /usr/local/lib/python3.8/dist-packages/jupyter_contrib_nbextensions/nbextensions/code_prettify/isort.yaml -> /usr/local/share/jupyter/nbextensions/code_prettify/isort.yaml
#15 2.712 [I 04:20:41 InstallContribNbextensionsApp] Copying: /usr/local/lib/python3.8/dist-packages/jupyter_contrib_nbextensions/nbextensions/code_prettify/autopep8.js -> /usr/local/share/jupyter/nbextensions/code_prettify/autopep8.js
#15 2.713 [I 04:20:41 InstallContribNbextensionsApp] Copying: /usr/local/lib/python3.8/dist-packages/jupyter_contrib_nbextensions/nbextensions/code_prettify/2to3.yaml -> /usr/local/share/jupyter/nbextensions/code_prettify/2to3.yaml
#15 2.713 [I 04:20:41 InstallContribNbextensionsApp] Copying: /usr/local/lib/python3.8/dist-packages/jupyter_contrib_nbextensions/nbextensions/code_prettify/demo-R.gif -> /usr/local/share/jupyter/nbextensions/code_prettify/demo-R.gif
#15 2.715 [I 04:20:41 InstallContribNbextensionsApp] Copying: /usr/local/lib/python3.8/dist-packages/jupyter_contrib_nbextensions/nbextensions/code_prettify/demo-jv.gif -> /usr/local/share/jupyter/nbextensions/code_prettify/demo-jv.gif
#15 2.716 [I 04:20:41 InstallContribNbextensionsApp] Copying: /usr/local/lib/python3.8/dist-packages/jupyter_contrib_nbextensions/nbextensions/code_prettify/README_2to3.md -> /usr/local/share/jupyter/nbextensions/code_prettify/README_2to3.md
#15 2.717 [I 04:20:41 InstallContribNbextensionsApp] Copying: /usr/local/lib/python3.8/dist-packages/jupyter_contrib_nbextensions/nbextensions/code_prettify/demo_2to3.gif -> /usr/local/share/jupyter/nbextensions/code_prettify/demo_2to3.gif
#15 2.720 [I 04:20:41 InstallContribNbextensionsApp] Copying: /usr/local/lib/python3.8/dist-packages/jupyter_contrib_nbextensions/nbextensions/code_prettify/kernel_exec_on_cell.js -> /usr/local/share/jupyter/nbextensions/code_prettify/kernel_exec_on_cell.js
#15 2.723 [I 04:20:41 InstallContribNbextensionsApp] Copying: /usr/local/lib/python3.8/dist-packages/jupyter_contrib_nbextensions/nbextensions/code_prettify/README_isort.md -> /usr/local/share/jupyter/nbextensions/code_prettify/README_isort.md
#15 2.724 [I 04:20:41 InstallContribNbextensionsApp] Copying: /usr/local/lib/python3.8/dist-packages/jupyter_contrib_nbextensions/nbextensions/code_prettify/README.md -> /usr/local/share/jupyter/nbextensions/code_prettify/README.md
#15 2.725 [I 04:20:41 InstallContribNbextensionsApp] Copying: /usr/local/lib/python3.8/dist-packages/jupyter_contrib_nbextensions/nbextensions/code_prettify/code_prettify.yaml -> /usr/local/share/jupyter/nbextensions/code_prettify/code_prettify.yaml
#15 2.725 [I 04:20:41 InstallContribNbextensionsApp] Copying: /usr/local/lib/python3.8/dist-packages/jupyter_contrib_nbextensions/nbextensions/code_prettify/2to3.js -> /usr/local/share/jupyter/nbextensions/code_prettify/2to3.js
#15 2.727 [I 04:20:41 InstallContribNbextensionsApp] Copying: /usr/local/lib/python3.8/dist-packages/jupyter_contrib_nbextensions/nbextensions/code_prettify/README_autopep8.md -> /usr/local/share/jupyter/nbextensions/code_prettify/README_autopep8.md
#15 2.728 [I 04:20:41 InstallContribNbextensionsApp] Copying: /usr/local/lib/python3.8/dist-packages/jupyter_contrib_nbextensions/nbextensions/code_prettify/demo-py.gif -> /usr/local/share/jupyter/nbextensions/code_prettify/demo-py.gif
#15 2.729 [I 04:20:41 InstallContribNbextensionsApp] Copying: /usr/local/lib/python3.8/dist-packages/jupyter_contrib_nbextensions/nbextensions/code_prettify/isort.js -> /usr/local/share/jupyter/nbextensions/code_prettify/isort.js
#15 2.730 [I 04:20:41 InstallContribNbextensionsApp] Copying: /usr/local/lib/python3.8/dist-packages/jupyter_contrib_nbextensions/nbextensions/code_prettify/code_prettify.js -> /usr/local/share/jupyter/nbextensions/code_prettify/code_prettify.js
#15 2.730 [I 04:20:41 InstallContribNbextensionsApp] - Validating: [32mOK[0m
#15 2.730 [I 04:20:41 InstallContribNbextensionsApp] Installing /usr/local/lib/python3.8/dist-packages/jupyter_contrib_nbextensions/nbextensions/code_prettify -> code_prettify
#15 2.730 [I 04:20:41 InstallContribNbextensionsApp] Up to date: /usr/local/share/jupyter/nbextensions/code_prettify/autopep8.yaml
#15 2.730 [I 04:20:41 InstallContribNbextensionsApp] Up to date: /usr/local/share/jupyter/nbextensions/code_prettify/README_code_prettify.md
#15 2.731 [I 04:20:41 InstallContribNbextensionsApp] Up to date: /usr/local/share/jupyter/nbextensions/code_prettify/isort.yaml
#15 2.731 [I 04:20:41 InstallContribNbextensionsApp] Up to date: /usr/local/share/jupyter/nbextensions/code_prettify/autopep8.js
#15 2.731 [I 04:20:41 InstallContribNbextensionsApp] Up to date: /usr/local/share/jupyter/nbextensions/code_prettify/2to3.yaml
#15 2.731 [I 04:20:41 InstallContribNbextensionsApp] Up to date: /usr/local/share/jupyter/nbextensions/code_prettify/demo-R.gif
#15 2.731 [I 04:20:41 InstallContribNbextensionsApp] Up to date: /usr/local/share/jupyter/nbextensions/code_prettify/demo-jv.gif
#15 2.731 [I 04:20:41 InstallContribNbextensionsApp] Up to date: /usr/local/share/jupyter/nbextensions/code_prettify/README_2to3.md
#15 2.731 [I 04:20:41 InstallContribNbextensionsApp] Up to date: /usr/local/share/jupyter/nbextensions/code_prettify/demo_2to3.gif
#15 2.731 [I 04:20:41 InstallContribNbextensionsApp] Up to date: /usr/local/share/jupyter/nbextensions/code_prettify/kernel_exec_on_cell.js
#15 2.731 [I 04:20:41 InstallContribNbextensionsApp] Up to date: /usr/local/share/jupyter/nbextensions/code_prettify/README_isort.md
#15 2.731 [I 04:20:41 InstallContribNbextensionsApp] Up to date: /usr/local/share/jupyter/nbextensions/code_prettify/README.md
#15 2.731 [I 04:20:41 InstallContribNbextensionsApp] Up to date: /usr/local/share/jupyter/nbextensions/code_prettify/code_prettify.yaml
#15 2.731 [I 04:20:41 InstallContribNbextensionsApp] Up to date: /usr/local/share/jupyter/nbextensions/code_prettify/2to3.js
#15 2.731 [I 04:20:41 InstallContribNbextensionsApp] Up to date: /usr/local/share/jupyter/nbextensions/code_prettify/README_autopep8.md
#15 2.731 [I 04:20:41 InstallContribNbextensionsApp] Up to date: /usr/local/share/jupyter/nbextensions/code_prettify/demo-py.gif
#15 2.731 [I 04:20:41 InstallContribNbextensionsApp] Up to date: /usr/local/share/jupyter/nbextensions/code_prettify/isort.js
#15 2.731 [I 04:20:41 InstallContribNbextensionsApp] Up to date: /usr/local/share/jupyter/nbextensions/code_prettify/code_prettify.js
#15 2.731 [I 04:20:41 InstallContribNbextensionsApp] - Validating: [32mOK[0m
#15 2.731 [I 04:20:41 InstallContribNbextensionsApp] Installing /usr/local/lib/python3.8/dist-packages/jupyter_contrib_nbextensions/nbextensions/code_prettify -> code_prettify
#15 2.731 [I 04:20:41 InstallContribNbextensionsApp] Up to date: /usr/local/share/jupyter/nbextensions/code_prettify/autopep8.yaml
#15 2.731 [I 04:20:41 InstallContribNbextensionsApp] Up to date: /usr/local/share/jupyter/nbextensions/code_prettify/README_code_prettify.md
#15 2.731 [I 04:20:41 InstallContribNbextensionsApp] Up to date: /usr/local/share/jupyter/nbextensions/code_prettify/isort.yaml
#15 2.731 [I 04:20:41 InstallContribNbextensionsApp] Up to date: /usr/local/share/jupyter/nbextensions/code_prettify/autopep8.js
#15 2.731 [I 04:20:41 InstallContribNbextensionsApp] Up to date: /usr/local/share/jupyter/nbextensions/code_prettify/2to3.yaml
#15 2.732 [I 04:20:41 InstallContribNbextensionsApp] Up to date: /usr/local/share/jupyter/nbextensions/code_prettify/demo-R.gif
#15 2.732 [I 04:20:41 InstallContribNbextensionsApp] Up to date: /usr/local/share/jupyter/nbextensions/code_prettify/demo-jv.gif
#15 2.732 [I 04:20:41 InstallContribNbextensionsApp] Up to date: /usr/local/share/jupyter/nbextensions/code_prettify/README_2to3.md
#15 2.732 [I 04:20:41 InstallContribNbextensionsApp] Up to date: /usr/local/share/jupyter/nbextensions/code_prettify/demo_2to3.gif
#15 2.732 [I 04:20:41 InstallContribNbextensionsApp] Up to date: /usr/local/share/jupyter/nbextensions/code_prettify/kernel_exec_on_cell.js
#15 2.732 [I 04:20:41 InstallContribNbextensionsApp] Up to date: /usr/local/share/jupyter/nbextensions/code_prettify/README_isort.md
#15 2.732 [I 04:20:41 InstallContribNbextensionsApp] Up to date: /usr/local/share/jupyter/nbextensions/code_prettify/README.md
#15 2.732 [I 04:20:41 InstallContribNbextensionsApp] Up to date: /usr/local/share/jupyter/nbextensions/code_prettify/code_prettify.yaml
#15 2.732 [I 04:20:41 InstallContribNbextensionsApp] Up to date: /usr/local/share/jupyter/nbextensions/code_prettify/2to3.js
#15 2.732 [I 04:20:41 InstallContribNbextensionsApp] Up to date: /usr/local/share/jupyter/nbextensions/code_prettify/README_autopep8.md
#15 2.732 [I 04:20:41 InstallContribNbextensionsApp] Up to date: /usr/local/share/jupyter/nbextensions/code_prettify/demo-py.gif
#15 2.732 [I 04:20:41 InstallContribNbextensionsApp] Up to date: /usr/local/share/jupyter/nbextensions/code_prettify/isort.js
#15 2.732 [I 04:20:41 InstallContribNbextensionsApp] Up to date: /usr/local/share/jupyter/nbextensions/code_prettify/code_prettify.js
#15 2.732 [I 04:20:41 InstallContribNbextensionsApp] - Validating: [32mOK[0m
#15 2.732 [I 04:20:41 InstallContribNbextensionsApp] Installing /usr/local/lib/python3.8/dist-packages/jupyter_contrib_nbextensions/nbextensions/code_prettify -> code_prettify
#15 2.732 [I 04:20:41 InstallContribNbextensionsApp] Up to date: /usr/local/share/jupyter/nbextensions/code_prettify/autopep8.yaml
#15 2.732 [I 04:20:41 InstallContribNbextensionsApp] Up to date: /usr/local/share/jupyter/nbextensions/code_prettify/README_code_prettify.md
#15 2.732 [I 04:20:41 InstallContribNbextensionsApp] Up to date: /usr/local/share/jupyter/nbextensions/code_prettify/isort.yaml
#15 2.732 [I 04:20:41 InstallContribNbextensionsApp] Up to date: /usr/local/share/jupyter/nbextensions/code_prettify/autopep8.js
#15 2.732 [I 04:20:41 InstallContribNbextensionsApp] Up to date: /usr/local/share/jupyter/nbextensions/code_prettify/2to3.yaml
#15 2.732 [I 04:20:41 InstallContribNbextensionsApp] Up to date: /usr/local/share/jupyter/nbextensions/code_prettify/demo-R.gif
#15 2.732 [I 04:20:41 InstallContribNbextensionsApp] Up to date: /usr/local/share/jupyter/nbextensions/code_prettify/demo-jv.gif
#15 2.732 [I 04:20:41 InstallContribNbextensionsApp] Up to date: /usr/local/share/jupyter/nbextensions/code_prettify/README_2to3.md
#15 2.732 [I 04:20:41 InstallContribNbextensionsApp] Up to date: /usr/local/share/jupyter/nbextensions/code_prettify/demo_2to3.gif
#15 2.732 [I 04:20:41 InstallContribNbextensionsApp] Up to date: /usr/local/share/jupyter/nbextensions/code_prettify/kernel_exec_on_cell.js
#15 2.733 [I 04:20:41 InstallContribNbextensionsApp] Up to date: /usr/local/share/jupyter/nbextensions/code_prettify/README_isort.md
#15 2.733 [I 04:20:41 InstallContribNbextensionsApp] Up to date: /usr/local/share/jupyter/nbextensions/code_prettify/README.md
#15 2.733 [I 04:20:41 InstallContribNbextensionsApp] Up to date: /usr/local/share/jupyter/nbextensions/code_prettify/code_prettify.yaml
#15 2.733 [I 04:20:41 InstallContribNbextensionsApp] Up to date: /usr/local/share/jupyter/nbextensions/code_prettify/2to3.js
#15 2.733 [I 04:20:41 InstallContribNbextensionsApp] Up to date: /usr/local/share/jupyter/nbextensions/code_prettify/README_autopep8.md
#15 2.733 [I 04:20:41 InstallContribNbextensionsApp] Up to date: /usr/local/share/jupyter/nbextensions/code_prettify/demo-py.gif
#15 2.733 [I 04:20:41 InstallContribNbextensionsApp] Up to date: /usr/local/share/jupyter/nbextensions/code_prettify/isort.js
#15 2.733 [I 04:20:41 InstallContribNbextensionsApp] Up to date: /usr/local/share/jupyter/nbextensions/code_prettify/code_prettify.js
#15 2.733 [I 04:20:41 InstallContribNbextensionsApp] - Validating: [32mOK[0m
#15 2.733 [I 04:20:41 InstallContribNbextensionsApp] Installing /usr/local/lib/python3.8/dist-packages/jupyter_highlight_selected_word/static/highlight_selected_word -> highlight_selected_word
#15 2.735 [I 04:20:41 InstallContribNbextensionsApp] Making directory: /usr/local/share/jupyter/nbextensions/highlight_selected_word/
#15 2.735 [I 04:20:41 InstallContribNbextensionsApp] Copying: /usr/local/lib/python3.8/dist-packages/jupyter_highlight_selected_word/static/highlight_selected_word/configurator.yaml -> /usr/local/share/jupyter/nbextensions/highlight_selected_word/configurator.yaml
#15 2.735 [I 04:20:41 InstallContribNbextensionsApp] Copying: /usr/local/lib/python3.8/dist-packages/jupyter_highlight_selected_word/static/highlight_selected_word/main.js -> /usr/local/share/jupyter/nbextensions/highlight_selected_word/main.js
#15 2.736 [I 04:20:41 InstallContribNbextensionsApp] Copying: /usr/local/lib/python3.8/dist-packages/jupyter_highlight_selected_word/static/highlight_selected_word/README.md -> /usr/local/share/jupyter/nbextensions/highlight_selected_word/README.md
#15 2.738 [I 04:20:41 InstallContribNbextensionsApp] - Validating: [32mOK[0m
#15 2.738 [I 04:20:41 InstallContribNbextensionsApp] Installing jupyter_contrib_nbextensions items to config in /usr/local/etc/jupyter
#15 2.740 Enabling: jupyter_nbextensions_configurator
#15 2.740 - Writing config: /usr/local/etc/jupyter
#15 2.743     - Validating...
#15 2.743       jupyter_nbextensions_configurator 0.6.4 [32mOK[0m
#15 2.743 Enabling notebook nbextension nbextensions_configurator/config_menu/main...
#15 2.747 Enabling tree nbextension nbextensions_configurator/tree_tab/main...
#15 2.749 [I 04:20:41 InstallContribNbextensionsApp] Enabling notebook extension contrib_nbextensions_help_item/main...
#15 2.749 [I 04:20:41 InstallContribNbextensionsApp]       - Validating: [32mOK[0m
#15 2.750 [I 04:20:41 InstallContribNbextensionsApp] - Editing config: /usr/local/etc/jupyter/jupyter_nbconvert_config.json
#15 2.750 [I 04:20:41 InstallContribNbextensionsApp] --  Configuring nbconvert template path
#15 2.750 [I 04:20:41 InstallContribNbextensionsApp] --  Configuring nbconvert preprocessors
#15 2.750 [I 04:20:41 InstallContribNbextensionsApp] - Writing config: /usr/local/etc/jupyter/jupyter_nbconvert_config.json
#15 2.750 [I 04:20:41 InstallContribNbextensionsApp] --  Writing updated config file /usr/local/etc/jupyter/jupyter_nbconvert_config.json
#15 2.817 + extensions='
#15 2.817 autosavetime/main
#15 2.817 code_prettify/code_prettify
#15 2.817 collapsible_headings/main
#15 2.817 comment-uncomment/main
#15 2.817 contrib_nbextensions_help_item/main
#15 2.817 execute_time/ExecuteTime
#15 2.817 highlighter/highlighter
#15 2.817 jupyter-js-widgets/extension
#15 2.817 notify/notify
#15 2.817 runtools/main
#15 2.817 toc2/main
#15 2.817 spellchecker/main'
#15 2.817 + for v in $extensions
#15 2.817 + jupyter nbextension enable autosavetime/main
#15 2.979 Enabling notebook extension autosavetime/main...
#15 2.981       - Validating: [32mOK[0m
#15 2.994 + for v in $extensions
#15 2.994 + jupyter nbextension enable code_prettify/code_prettify
#15 3.138 Enabling notebook extension code_prettify/code_prettify...
#15 3.139       - Validating: [32mOK[0m
#15 3.156 + for v in $extensions
#15 3.156 + jupyter nbextension enable collapsible_headings/main
#15 3.304 Enabling notebook extension collapsible_headings/main...
#15 3.306       - Validating: [32mOK[0m
#15 3.319 + for v in $extensions
#15 3.319 + jupyter nbextension enable comment-uncomment/main
#15 3.460 Enabling notebook extension comment-uncomment/main...
#15 3.461       - Validating: [32mOK[0m
#15 3.477 + for v in $extensions
#15 3.477 + jupyter nbextension enable contrib_nbextensions_help_item/main
#15 3.626 Enabling notebook extension contrib_nbextensions_help_item/main...
#15 3.628       - Validating: [32mOK[0m
#15 3.643 + for v in $extensions
#15 3.643 + jupyter nbextension enable execute_time/ExecuteTime
#15 3.795 Enabling notebook extension execute_time/ExecuteTime...
#15 3.797       - Validating: [32mOK[0m
#15 3.818 + for v in $extensions
#15 3.818 + jupyter nbextension enable highlighter/highlighter
#15 3.976 Enabling notebook extension highlighter/highlighter...
#15 3.977       - Validating: [32mOK[0m
#15 3.999 + for v in $extensions
#15 3.999 + jupyter nbextension enable jupyter-js-widgets/extension
#15 4.137 Enabling notebook extension jupyter-js-widgets/extension...
#15 4.139       - Validating: problems found:
#15 4.139         - require? [31m X[0m jupyter-js-widgets/extension
#15 4.154 + for v in $extensions
#15 4.154 + jupyter nbextension enable notify/notify
#15 4.297 Enabling notebook extension notify/notify...
#15 4.297       - Validating: [32mOK[0m
#15 4.314 + for v in $extensions
#15 4.314 + jupyter nbextension enable runtools/main
#15 4.459 Enabling notebook extension runtools/main...
#15 4.459       - Validating: [32mOK[0m
#15 4.475 + for v in $extensions
#15 4.475 + jupyter nbextension enable toc2/main
#15 4.621 Enabling notebook extension toc2/main...
#15 4.621       - Validating: [32mOK[0m
#15 4.639 + for v in $extensions
#15 4.639 + jupyter nbextension enable spellchecker/main
#15 4.794 Enabling notebook extension spellchecker/main...
#15 4.794       - Validating: [32mOK[0m
#15 4.817 + echo '{"nbext_hide_incompat": false}'
#15 4.818 ++ jupyter --data-dir
#15 4.880 + DIR=/root/.local/share/jupyter/nbextensions
#15 4.880 + [[ ! -e /root/.local/share/jupyter/nbextensions ]]
#15 4.880 + mkdir /root/.local/share/jupyter/nbextensions
#15 4.882 + cd /root/.local/share/jupyter/nbextensions
#15 4.882 + [[ -e vim_binding ]]
#15 4.882 + git clone https://github.com/lambdalisue/jupyter-vim-binding vim_binding
#15 4.899 Cloning into 'vim_binding'...
#15 5.561 + jupyter notebook --generate-config -y
#15 5.910 Writing default config to: /root/.jupyter/jupyter_notebook_config.py
#15 DONE 6.1s

#16 [11/15] ADD etc_sudoers /install/
#16 DONE 0.0s

#17 [12/15] COPY etc_sudoers /etc/sudoers
#17 DONE 0.0s

#18 [13/15] COPY bashrc /root/.bashrc
#18 DONE 0.0s

#19 [14/15] ADD version.sh /install/
#19 DONE 0.0s

#20 [15/15] RUN /install/version.sh 2>&1 | tee version.log
#20 0.314 # Pytho3
#20 0.321 Python 3.8.10
#20 0.321 # pip3
#20 0.714 pip 25.0.1 from /usr/local/lib/python3.8/dist-packages/pip (python 3.8)
#20 0.752 # jupyter
#20 1.599 Selected Jupyter core packages...
#20 1.599 IPython          : 8.12.3
#20 1.599 ipykernel        : 6.29.5
#20 1.599 ipywidgets       : not installed
#20 1.599 jupyter_client   : 7.3.2
#20 1.599 jupyter_core     : 5.7.2
#20 1.599 jupyter_server   : 1.24.0
#20 1.599 jupyterlab       : not installed
#20 1.599 nbclient         : 0.10.1
#20 1.599 nbconvert        : 7.16.6
#20 1.599 nbformat         : 5.10.4
#20 1.599 notebook         : 6.5.7
#20 1.599 qtconsole        : not installed
#20 1.599 traitlets        : 5.14.3
#20 1.665 # Python packages
#20 1.879 Package                           Version
#20 1.879 --------------------------------- -----------
#20 1.879 anyio                             3.7.1
#20 1.879 argon2-cffi                       23.1.0
#20 1.879 argon2-cffi-bindings              21.2.0
#20 1.879 asttokens                         3.0.0
#20 1.879 attrs                             25.3.0
#20 1.879 backcall                          0.2.0
#20 1.879 beautifulsoup4                    4.13.4
#20 1.879 bleach                            6.1.0
#20 1.879 cffi                              1.17.1
#20 1.879 comm                              0.2.2
#20 1.880 debugpy                           1.8.14
#20 1.880 decorator                         5.2.1
#20 1.880 defusedxml                        0.7.1
#20 1.881 entrypoints                       0.4
#20 1.881 exceptiongroup                    1.2.2
#20 1.881 executing                         2.2.0
#20 1.881 fastjsonschema                    2.21.1
#20 1.881 idna                              3.10
#20 1.881 importlib_metadata                8.5.0
#20 1.881 importlib_resources               6.4.5
#20 1.881 ipykernel                         6.29.5
#20 1.881 ipython                           8.12.3
#20 1.882 ipython-genutils                  0.2.0
#20 1.882 jedi                              0.19.2
#20 1.882 Jinja2                            3.1.6
#20 1.882 jsonschema                        4.23.0
#20 1.882 jsonschema-specifications         2023.12.1
#20 1.882 jupyter-client                    7.3.2
#20 1.883 jupyter-contrib-core              0.4.2
#20 1.883 jupyter-contrib-nbextensions      0.7.0
#20 1.883 jupyter_core                      5.7.2
#20 1.883 jupyter-highlight-selected-word   0.2.0
#20 1.883 jupyter_nbextensions_configurator 0.6.4
#20 1.884 jupyter-server                    1.24.0
#20 1.884 jupyterlab_pygments               0.3.0
#20 1.884 lxml                              5.4.0
#20 1.884 MarkupSafe                        2.1.5
#20 1.885 matplotlib-inline                 0.1.7
#20 1.885 mistune                           3.1.3
#20 1.885 nbclassic                         1.2.0
#20 1.885 nbclient                          0.10.1
#20 1.886 nbconvert                         7.16.6
#20 1.886 nbformat                          5.10.4
#20 1.886 nest-asyncio                      1.6.0
#20 1.886 notebook                          6.5.7
#20 1.886 notebook_shim                     0.2.4
#20 1.886 packaging                         25.0
#20 1.886 pandocfilters                     1.5.1
#20 1.886 parso                             0.8.4
#20 1.886 pexpect                           4.9.0
#20 1.886 pickleshare                       0.7.5
#20 1.886 pip                               25.0.1
#20 1.886 pkgutil_resolve_name              1.3.10
#20 1.886 platformdirs                      4.3.6
#20 1.886 prometheus_client                 0.21.1
#20 1.887 prompt_toolkit                    3.0.51
#20 1.887 psutil                            7.0.0
#20 1.887 psycopg2-binary                   2.9.10
#20 1.887 ptyprocess                        0.7.0
#20 1.887 pure_eval                         0.2.3
#20 1.887 pycparser                         2.22
#20 1.888 Pygments                          2.19.1
#20 1.888 python-dateutil                   2.9.0.post0
#20 1.889 PyYAML                            6.0.2
#20 1.889 pyzmq                             26.4.0
#20 1.889 referencing                       0.35.1
#20 1.889 rpds-py                           0.20.1
#20 1.889 Send2Trash                        1.8.3
#20 1.889 setuptools                        45.2.0
#20 1.889 six                               1.17.0
#20 1.890 sniffio                           1.3.1
#20 1.890 soupsieve                         2.7
#20 1.890 stack-data                        0.6.3
#20 1.891 terminado                         0.18.1
#20 1.891 tinycss2                          1.2.1
#20 1.891 tomli                             2.2.1
#20 1.891 tornado                           6.1
#20 1.892 traitlets                         5.14.3
#20 1.892 typing_extensions                 4.13.2
#20 1.892 wcwidth                           0.2.13
#20 1.892 webencodings                      0.5.1
#20 1.893 websocket-client                  1.8.0
#20 1.893 wheel                             0.34.2
#20 1.893 yapf                              0.43.0
#20 1.893 zipp                              3.20.2
#20 1.924 # mongo
#20 1.924 /install/version.sh: line 11: mongod: command not found
#20 DONE 2.0s

#21 exporting to image
#21 exporting layers
#21 exporting layers 0.2s done
#21 writing image sha256:d527bcc7aa767041d53250eea89d1b5bec0443919aae092f9e62a197c32ea3c3 done
#21 naming to docker.io/umd_data605/umd_data605_template done
#21 DONE 0.2s
