#0 building with "default" instance using docker driver

#1 [internal] load build definition from Dockerfile
#1 transferring dockerfile: 1.44kB done
#1 DONE 0.0s

#2 [auth] library/ubuntu:pull token for registry-1.docker.io
#2 DONE 0.0s

#3 [internal] load metadata for docker.io/library/ubuntu:20.04
#3 DONE 0.5s

#4 [internal] load .dockerignore
#4 transferring context: 2B done
#4 DONE 0.0s

#5 [ 1/15] FROM docker.io/library/ubuntu:20.04@sha256:8feb4d8ca5354def3d8fce243717141ce31e2c428701f6682bd2fafe15388214
#5 DONE 0.0s

#6 [ 2/15] RUN apt-get -y update
#6 CACHED

#7 [ 3/15] RUN apt-get -y upgrade
#7 CACHED

#8 [ 4/15] RUN apt install -y --no-install-recommends     sudo     curl     systemctl     gnupg     git     vim
#8 CACHED

#9 [ 5/15] RUN apt install -y --no-install-recommends     python3     python3-pip     python3-dev
#9 CACHED

#10 [ 6/15] RUN python3 -m pip install --upgrade pip
#10 CACHED

#11 [internal] load build context
#11 transferring context: 2.42kB done
#11 DONE 0.0s

#12 [ 7/15] RUN pip3 install     ipython     tornado==6.1     jupyter-client==7.3.2     jupyter-contrib-core     jupyter-contrib-nbextensions     psycopg2-binary     yapf     requests     pandas     matplotlib     cloudpickle     ipywidgets     scikit-learn     pycaret     jupyterlab     notebook
#12 0.954 Collecting ipython
#12 1.065   Downloading ipython-8.12.3-py3-none-any.whl.metadata (5.7 kB)
#12 1.151 Collecting tornado==6.1
#12 1.165   Downloading tornado-6.1-cp38-cp38-manylinux2010_x86_64.whl.metadata (2.4 kB)
#12 1.203 Collecting jupyter-client==7.3.2
#12 1.213   Downloading jupyter_client-7.3.2-py3-none-any.whl.metadata (8.5 kB)
#12 1.233 Collecting jupyter-contrib-core
#12 1.246   Downloading jupyter_contrib_core-0.4.2.tar.gz (17 kB)
#12 1.260   Preparing metadata (setup.py): started
#12 1.481   Preparing metadata (setup.py): finished with status 'done'
#12 1.507 Collecting jupyter-contrib-nbextensions
#12 1.522   Downloading jupyter_contrib_nbextensions-0.7.0.tar.gz (23.5 MB)
#12 2.166      ━━━━━━━━━━━━━━━━━━━━━━━━━━━━━━━━━━━━━━━━ 23.5/23.5 MB 38.0 MB/s eta 0:00:00
#12 2.562   Preparing metadata (setup.py): started
#12 2.733   Preparing metadata (setup.py): finished with status 'done'
#12 2.828 Collecting psycopg2-binary
#12 2.840   Downloading psycopg2_binary-2.9.10-cp38-cp38-manylinux_2_17_x86_64.manylinux2014_x86_64.whl.metadata (4.9 kB)
#12 2.871 Collecting yapf
#12 2.886   Downloading yapf-0.43.0-py3-none-any.whl.metadata (46 kB)
#12 2.924 Collecting requests
#12 2.938   Downloading requests-2.32.3-py3-none-any.whl.metadata (4.6 kB)
#12 3.088 Collecting pandas
#12 3.102   Downloading pandas-2.0.3-cp38-cp38-manylinux_2_17_x86_64.manylinux2014_x86_64.whl.metadata (18 kB)
#12 3.300 Collecting matplotlib
#12 3.315   Downloading matplotlib-3.7.5-cp38-cp38-manylinux_2_12_x86_64.manylinux2010_x86_64.whl.metadata (5.7 kB)
#12 3.354 Collecting cloudpickle
#12 3.368   Downloading cloudpickle-3.1.1-py3-none-any.whl.metadata (7.1 kB)
#12 3.414 Collecting ipywidgets
#12 3.425   Downloading ipywidgets-8.1.7-py3-none-any.whl.metadata (2.4 kB)
#12 3.550 Collecting scikit-learn
#12 3.561   Downloading scikit_learn-1.3.2-cp38-cp38-manylinux_2_17_x86_64.manylinux2014_x86_64.whl.metadata (11 kB)
#12 3.627 Collecting pycaret
#12 3.643   Downloading pycaret-3.2.0-py3-none-any.whl.metadata (17 kB)
#12 3.776 Collecting jupyterlab
#12 3.788   Downloading jupyterlab-4.3.7-py3-none-any.whl.metadata (16 kB)
#12 3.858 Collecting notebook
#12 3.873   Downloading notebook-7.4.2-py3-none-any.whl.metadata (10 kB)
#12 3.903 Collecting entrypoints (from jupyter-client==7.3.2)
#12 4.004   Downloading entrypoints-0.4-py3-none-any.whl.metadata (2.6 kB)
#12 4.096 Collecting jupyter-core>=4.9.2 (from jupyter-client==7.3.2)
#12 4.110   Downloading jupyter_core-5.7.2-py3-none-any.whl.metadata (3.4 kB)
#12 4.135 Collecting nest-asyncio>=1.5.4 (from jupyter-client==7.3.2)
#12 4.147   Downloading nest_asyncio-1.6.0-py3-none-any.whl.metadata (2.8 kB)
#12 4.170 Collecting python-dateutil>=2.8.2 (from jupyter-client==7.3.2)
#12 4.185   Downloading python_dateutil-2.9.0.post0-py2.py3-none-any.whl.metadata (8.4 kB)
#12 4.822 Collecting pyzmq>=23.0 (from jupyter-client==7.3.2)
#12 4.835   Downloading pyzmq-26.4.0-cp38-cp38-manylinux_2_12_x86_64.manylinux2010_x86_64.whl.metadata (6.0 kB)
#12 4.868 Collecting traitlets (from jupyter-client==7.3.2)
#12 4.878   Downloading traitlets-5.14.3-py3-none-any.whl.metadata (10 kB)
#12 4.897 Collecting backcall (from ipython)
#12 4.908   Downloading backcall-0.2.0-py2.py3-none-any.whl.metadata (2.0 kB)
#12 4.933 Collecting decorator (from ipython)
#12 4.947   Downloading decorator-5.2.1-py3-none-any.whl.metadata (3.9 kB)
#12 4.969 Collecting jedi>=0.16 (from ipython)
#12 4.983   Downloading jedi-0.19.2-py2.py3-none-any.whl.metadata (22 kB)
#12 5.012 Collecting matplotlib-inline (from ipython)
#12 5.021   Downloading matplotlib_inline-0.1.7-py3-none-any.whl.metadata (3.9 kB)
#12 5.045 Collecting pickleshare (from ipython)
#12 5.061   Downloading pickleshare-0.7.5-py2.py3-none-any.whl.metadata (1.5 kB)
#12 5.134 Collecting prompt-toolkit!=3.0.37,<3.1.0,>=3.0.30 (from ipython)
#12 5.149   Downloading prompt_toolkit-3.0.51-py3-none-any.whl.metadata (6.4 kB)
#12 5.179 Collecting pygments>=2.4.0 (from ipython)
#12 5.198   Downloading pygments-2.19.1-py3-none-any.whl.metadata (2.5 kB)
#12 5.215 Collecting stack-data (from ipython)
#12 5.225   Downloading stack_data-0.6.3-py3-none-any.whl.metadata (18 kB)
#12 5.261 Collecting typing-extensions (from ipython)
#12 5.274   Downloading typing_extensions-4.13.2-py3-none-any.whl.metadata (3.0 kB)
#12 5.299 Collecting pexpect>4.3 (from ipython)
#12 5.405   Downloading pexpect-4.9.0-py2.py3-none-any.whl.metadata (2.5 kB)
#12 5.480 Requirement already satisfied: setuptools in /usr/lib/python3/dist-packages (from jupyter-contrib-core) (45.2.0)
#12 5.505 Collecting ipython_genutils (from jupyter-contrib-nbextensions)
#12 5.524   Downloading ipython_genutils-0.2.0-py2.py3-none-any.whl.metadata (755 bytes)
#12 5.549 Collecting jupyter_highlight_selected_word>=0.1.1 (from jupyter-contrib-nbextensions)
#12 5.566   Downloading jupyter_highlight_selected_word-0.2.0-py2.py3-none-any.whl.metadata (730 bytes)
#12 5.588 Collecting jupyter_nbextensions_configurator>=0.4.0 (from jupyter-contrib-nbextensions)
#12 5.603   Downloading jupyter_nbextensions_configurator-0.6.4-py2.py3-none-any.whl.metadata (1.8 kB)
#12 5.865 Collecting lxml (from jupyter-contrib-nbextensions)
#12 5.877   Downloading lxml-5.4.0-cp38-cp38-manylinux_2_28_x86_64.whl.metadata (3.2 kB)
#12 5.916 Collecting nbconvert>=6.0 (from jupyter-contrib-nbextensions)
#12 5.926   Downloading nbconvert-7.16.6-py3-none-any.whl.metadata (8.5 kB)
#12 5.987 Collecting platformdirs>=3.5.1 (from yapf)
#12 5.999   Downloading platformdirs-4.3.6-py3-none-any.whl.metadata (11 kB)
#12 6.022 Collecting tomli>=2.0.1 (from yapf)
#12 6.036   Downloading tomli-2.2.1-py3-none-any.whl.metadata (10 kB)
#12 6.136 Collecting charset-normalizer<4,>=2 (from requests)
#12 6.150   Downloading charset_normalizer-3.4.2-cp38-cp38-manylinux_2_17_x86_64.manylinux2014_x86_64.whl.metadata (35 kB)
#12 6.172 Collecting idna<4,>=2.5 (from requests)
#12 6.187   Downloading idna-3.10-py3-none-any.whl.metadata (10 kB)
#12 6.224 Collecting urllib3<3,>=1.21.1 (from requests)
#12 6.239   Downloading urllib3-2.2.3-py3-none-any.whl.metadata (6.5 kB)
#12 6.268 Collecting certifi>=2017.4.17 (from requests)
#12 6.277   Downloading certifi-2025.4.26-py3-none-any.whl.metadata (2.5 kB)
#12 6.338 Collecting pytz>=2020.1 (from pandas)
#12 6.355   Downloading pytz-2025.2-py2.py3-none-any.whl.metadata (22 kB)
#12 6.384 Collecting tzdata>=2022.1 (from pandas)
#12 6.397   Downloading tzdata-2025.2-py2.py3-none-any.whl.metadata (1.4 kB)
#12 6.640 Collecting numpy>=1.20.3 (from pandas)
#12 6.653   Downloading numpy-1.24.4-cp38-cp38-manylinux_2_17_x86_64.manylinux2014_x86_64.whl.metadata (5.6 kB)
#12 6.733 Collecting contourpy>=1.0.1 (from matplotlib)
#12 6.743   Downloading contourpy-1.1.1-cp38-cp38-manylinux_2_17_x86_64.manylinux2014_x86_64.whl.metadata (5.9 kB)
#12 6.771 Collecting cycler>=0.10 (from matplotlib)
#12 6.780   Downloading cycler-0.12.1-py3-none-any.whl.metadata (3.8 kB)
#12 6.932 Collecting fonttools>=4.22.0 (from matplotlib)
#12 6.942   Downloading fonttools-4.57.0-cp38-cp38-manylinux_2_17_x86_64.manylinux2014_x86_64.whl.metadata (102 kB)
#12 7.019 Collecting kiwisolver>=1.0.1 (from matplotlib)
#12 7.031   Downloading kiwisolver-1.4.7-cp38-cp38-manylinux_2_5_x86_64.manylinux1_x86_64.whl.metadata (6.3 kB)
#12 7.089 Collecting packaging>=20.0 (from matplotlib)
#12 7.105   Downloading packaging-25.0-py3-none-any.whl.metadata (3.3 kB)
#12 7.337 Collecting pillow>=6.2.0 (from matplotlib)
#12 7.349   Downloading pillow-10.4.0-cp38-cp38-manylinux_2_28_x86_64.whl.metadata (9.2 kB)
#12 7.390 Collecting pyparsing>=2.3.1 (from matplotlib)
#12 7.401   Downloading pyparsing-3.1.4-py3-none-any.whl.metadata (5.1 kB)
#12 7.447 Collecting importlib-resources>=3.2.0 (from matplotlib)
#12 7.459   Downloading importlib_resources-6.4.5-py3-none-any.whl.metadata (4.0 kB)
#12 7.487 Collecting comm>=0.1.3 (from ipywidgets)
#12 7.497   Downloading comm-0.2.2-py3-none-any.whl.metadata (3.7 kB)
#12 7.550 Collecting widgetsnbextension~=4.0.14 (from ipywidgets)
#12 7.567   Downloading widgetsnbextension-4.0.14-py3-none-any.whl.metadata (1.6 kB)
#12 7.595 Collecting jupyterlab_widgets~=3.0.15 (from ipywidgets)
#12 7.615   Downloading jupyterlab_widgets-3.0.15-py3-none-any.whl.metadata (20 kB)
#12 7.760 Collecting scipy>=1.5.0 (from scikit-learn)
#12 7.770   Downloading scipy-1.10.1-cp38-cp38-manylinux_2_17_x86_64.manylinux2014_x86_64.whl.metadata (58 kB)
#12 7.809 Collecting joblib>=1.1.1 (from scikit-learn)
#12 7.824   Downloading joblib-1.4.2-py3-none-any.whl.metadata (5.4 kB)
#12 7.842 Collecting threadpoolctl>=2.0.0 (from scikit-learn)
#12 7.852   Downloading threadpoolctl-3.5.0-py3-none-any.whl.metadata (13 kB)
#12 7.876 Collecting category-encoders>=2.4.0 (from pycaret)
#12 7.891   Downloading category_encoders-2.6.4-py2.py3-none-any.whl.metadata (8.0 kB)
#12 7.910 Collecting deprecation>=2.1.0 (from pycaret)
#12 7.920   Downloading deprecation-2.1.0-py2.py3-none-any.whl.metadata (4.6 kB)
#12 7.944 Collecting imbalanced-learn>=0.8.1 (from pycaret)
#12 7.958   Downloading imbalanced_learn-0.12.4-py3-none-any.whl.metadata (8.3 kB)
#12 8.007 Collecting importlib-metadata>=4.12.0 (from pycaret)
#12 8.021   Downloading importlib_metadata-8.5.0-py3-none-any.whl.metadata (4.8 kB)
#12 8.066 Collecting jinja2>=1.2 (from pycaret)
#12 8.078   Downloading jinja2-3.1.6-py3-none-any.whl.metadata (2.9 kB)
#12 8.111 Collecting kaleido>=0.2.1 (from pycaret)
#12 8.125   Downloading kaleido-0.2.1-py2.py3-none-manylinux1_x86_64.whl.metadata (15 kB)
#12 8.154 Collecting lightgbm>=3.0.0 (from pycaret)
#12 8.169   Downloading lightgbm-4.6.0-py3-none-manylinux_2_28_x86_64.whl.metadata (17 kB)
#12 8.235 Collecting markupsafe>=2.0.1 (from pycaret)
#12 8.244   Downloading MarkupSafe-2.1.5-cp38-cp38-manylinux_2_17_x86_64.manylinux2014_x86_64.whl.metadata (3.0 kB)
#12 8.254 Collecting matplotlib
#12 8.268   Downloading matplotlib-3.6.0-cp38-cp38-manylinux_2_12_x86_64.manylinux2010_x86_64.whl.metadata (6.8 kB)
#12 8.293 Collecting nbformat>=4.2.0 (from pycaret)
#12 8.304   Downloading nbformat-5.10.4-py3-none-any.whl.metadata (3.6 kB)
#12 8.418 Collecting numba>=0.55.0 (from pycaret)
#12 8.433   Downloading numba-0.58.1-cp38-cp38-manylinux2014_x86_64.manylinux_2_17_x86_64.whl.metadata (2.7 kB)
#12 8.453 Collecting pandas
#12 8.462   Downloading pandas-1.5.3-cp38-cp38-manylinux_2_17_x86_64.manylinux2014_x86_64.whl.metadata (11 kB)
#12 8.491 Collecting plotly-resampler>=0.8.3.1 (from pycaret)
#12 8.777   Downloading plotly_resampler-0.10.0-py3-none-any.whl.metadata (13 kB)
#12 9.339 Collecting plotly>=5.0.0 (from pycaret)
#12 9.352   Downloading plotly-6.1.0-py3-none-any.whl.metadata (6.9 kB)
#12 9.401 Collecting pmdarima!=1.8.1,<3.0.0,>=1.8.0 (from pycaret)
#12 9.417   Downloading pmdarima-2.0.4-cp38-cp38-manylinux_2_17_x86_64.manylinux2014_x86_64.manylinux_2_28_x86_64.whl.metadata (7.8 kB)
#12 9.522 Collecting psutil>=5.9.0 (from pycaret)
#12 9.536   Downloading psutil-7.0.0-cp36-abi3-manylinux_2_12_x86_64.manylinux2010_x86_64.manylinux_2_17_x86_64.manylinux2014_x86_64.whl.metadata (22 kB)
#12 9.570 Collecting pyod>=1.0.8 (from pycaret)
#12 9.592   Downloading pyod-2.0.5-py3-none-any.whl.metadata (46 kB)
#12 9.632 Collecting schemdraw==0.15 (from pycaret)
#12 9.650   Downloading schemdraw-0.15-py3-none-any.whl.metadata (2.2 kB)
#12 9.658 Collecting scikit-learn
#12 9.672   Downloading scikit_learn-1.2.2-cp38-cp38-manylinux_2_17_x86_64.manylinux2014_x86_64.whl.metadata (11 kB)
#12 9.708 Collecting scikit-plot>=0.3.7 (from pycaret)
#12 9.719   Downloading scikit_plot-0.3.7-py3-none-any.whl.metadata (7.1 kB)
#12 9.782 Collecting sktime!=0.17.1,!=0.17.2,!=0.18.0,<0.22.0,>=0.16.1 (from pycaret)
#12 9.796   Downloading sktime-0.21.1-py3-none-any.whl.metadata (25 kB)
#12 9.887 Collecting statsmodels>=0.12.1 (from pycaret)
#12 9.901   Downloading statsmodels-0.14.1-cp38-cp38-manylinux_2_17_x86_64.manylinux2014_x86_64.whl.metadata (9.5 kB)
#12 9.929 Collecting tbats>=1.1.3 (from pycaret)
#12 9.946   Downloading tbats-1.1.3-py3-none-any.whl.metadata (3.8 kB)
#12 9.988 Collecting tqdm>=4.62.0 (from pycaret)
#12 10.000   Downloading tqdm-4.67.1-py3-none-any.whl.metadata (57 kB)
#12 10.10 Collecting xxhash (from pycaret)
#12 10.13   Downloading xxhash-3.5.0-cp38-cp38-manylinux_2_17_x86_64.manylinux2014_x86_64.whl.metadata (12 kB)
#12 10.16 Collecting yellowbrick>=1.4 (from pycaret)
#12 10.17   Downloading yellowbrick-1.5-py3-none-any.whl.metadata (7.7 kB)
#12 10.19 Collecting wurlitzer (from pycaret)
#12 10.20   Downloading wurlitzer-3.1.1-py3-none-any.whl.metadata (2.5 kB)
#12 10.27 Collecting async-lru>=1.0.0 (from jupyterlab)
#12 10.28   Downloading async_lru-2.0.4-py3-none-any.whl.metadata (4.5 kB)
#12 10.31 Collecting httpx>=0.25.0 (from jupyterlab)
#12 10.31   Downloading httpx-0.28.1-py3-none-any.whl.metadata (7.1 kB)
#12 10.37 Collecting ipykernel>=6.5.0 (from jupyterlab)
#12 10.38   Downloading ipykernel-6.29.5-py3-none-any.whl.metadata (6.3 kB)
#12 10.41 Collecting jupyter-lsp>=2.0.0 (from jupyterlab)
#12 10.43   Downloading jupyter_lsp-2.2.5-py3-none-any.whl.metadata (1.8 kB)
#12 10.47 Collecting jupyter-server<3,>=2.4.0 (from jupyterlab)
#12 10.48   Downloading jupyter_server-2.14.2-py3-none-any.whl.metadata (8.4 kB)
#12 10.52 Collecting jupyterlab-server<3,>=2.27.1 (from jupyterlab)
#12 10.53   Downloading jupyterlab_server-2.27.3-py3-none-any.whl.metadata (5.9 kB)
#12 10.56 Collecting notebook-shim>=0.2 (from jupyterlab)
#12 10.57   Downloading notebook_shim-0.2.4-py3-none-any.whl.metadata (4.0 kB)
#12 10.58 INFO: pip is looking at multiple versions of jupyterlab to determine which version is compatible with other requirements. This could take a while.
#12 10.58 Collecting jupyterlab
#12 10.60   Downloading jupyterlab-4.3.6-py3-none-any.whl.metadata (16 kB)
#12 10.63   Downloading jupyterlab-4.3.5-py3-none-any.whl.metadata (16 kB)
#12 10.66   Downloading jupyterlab-4.3.4-py3-none-any.whl.metadata (16 kB)
#12 10.68   Downloading jupyterlab-4.3.3-py3-none-any.whl.metadata (16 kB)
#12 10.71   Downloading jupyterlab-4.3.2-py3-none-any.whl.metadata (16 kB)
#12 10.79   Downloading jupyterlab-4.3.1-py3-none-any.whl.metadata (16 kB)
#12 10.82   Downloading jupyterlab-4.3.0-py3-none-any.whl.metadata (16 kB)
#12 10.83 INFO: pip is still looking at multiple versions of jupyterlab to determine which version is compatible with other requirements. This could take a while.
#12 10.85   Downloading jupyterlab-4.2.7-py3-none-any.whl.metadata (16 kB)
#12 10.88   Downloading jupyterlab-4.2.6-py3-none-any.whl.metadata (16 kB)
#12 10.91   Downloading jupyterlab-4.2.5-py3-none-any.whl.metadata (16 kB)
#12 10.93   Downloading jupyterlab-4.2.4-py3-none-any.whl.metadata (16 kB)
#12 10.96   Downloading jupyterlab-4.2.3-py3-none-any.whl.metadata (16 kB)
#12 10.97 INFO: This is taking longer than usual. You might need to provide the dependency resolver with stricter constraints to reduce runtime. See https://pip.pypa.io/warnings/backtracking for guidance. If you want to abort this run, press Ctrl + C.
#12 10.98   Downloading jupyterlab-4.2.2-py3-none-any.whl.metadata (16 kB)
#12 11.01   Downloading jupyterlab-4.2.1-py3-none-any.whl.metadata (16 kB)
#12 11.04   Downloading jupyterlab-4.2.0-py3-none-any.whl.metadata (16 kB)
#12 11.07   Downloading jupyterlab-4.1.8-py3-none-any.whl.metadata (16 kB)
#12 11.09   Downloading jupyterlab-4.1.7-py3-none-any.whl.metadata (16 kB)
#12 11.12   Downloading jupyterlab-4.1.6-py3-none-any.whl.metadata (16 kB)
#12 11.16   Downloading jupyterlab-4.1.5-py3-none-any.whl.metadata (15 kB)
#12 11.19   Downloading jupyterlab-4.1.4-py3-none-any.whl.metadata (15 kB)
#12 11.21   Downloading jupyterlab-4.1.3-py3-none-any.whl.metadata (15 kB)
#12 11.23   Downloading jupyterlab-4.1.2-py3-none-any.whl.metadata (15 kB)
#12 11.26   Downloading jupyterlab-4.1.1-py3-none-any.whl.metadata (15 kB)
#12 11.28   Downloading jupyterlab-4.1.0-py3-none-any.whl.metadata (15 kB)
#12 11.31   Downloading jupyterlab-4.0.13-py3-none-any.whl.metadata (15 kB)
#12 11.33   Downloading jupyterlab-4.0.12-py3-none-any.whl.metadata (15 kB)
#12 11.36   Downloading jupyterlab-4.0.11-py3-none-any.whl.metadata (15 kB)
#12 11.40   Downloading jupyterlab-4.0.10-py3-none-any.whl.metadata (15 kB)
#12 11.43   Downloading jupyterlab-4.0.9-py3-none-any.whl.metadata (15 kB)
#12 11.46   Downloading jupyterlab-4.0.8-py3-none-any.whl.metadata (15 kB)
#12 11.50   Downloading jupyterlab-4.0.7-py3-none-any.whl.metadata (15 kB)
#12 11.52   Downloading jupyterlab-4.0.6-py3-none-any.whl.metadata (15 kB)
#12 11.54   Downloading jupyterlab-4.0.5-py3-none-any.whl.metadata (15 kB)
#12 11.57   Downloading jupyterlab-4.0.4-py3-none-any.whl.metadata (15 kB)
#12 11.59   Downloading jupyterlab-4.0.3-py3-none-any.whl.metadata (15 kB)
#12 11.62   Downloading jupyterlab-4.0.2-py3-none-any.whl.metadata (15 kB)
#12 11.64   Downloading jupyterlab-4.0.1-py3-none-any.whl.metadata (15 kB)
#12 11.67   Downloading jupyterlab-4.0.0-py3-none-any.whl.metadata (15 kB)
#12 11.70   Downloading jupyterlab-3.6.8-py3-none-any.whl.metadata (12 kB)
#12 11.76 Collecting jupyter-ydoc~=0.2.4 (from jupyterlab)
#12 11.77   Downloading jupyter_ydoc-0.2.5-py3-none-any.whl.metadata (2.2 kB)
#12 11.80 Collecting jupyter-server-ydoc~=0.8.0 (from jupyterlab)
#12 11.82   Downloading jupyter_server_ydoc-0.8.0-py3-none-any.whl.metadata (5.3 kB)
#12 11.84 Collecting nbclassic (from jupyterlab)
#12 11.86   Downloading nbclassic-1.2.0-py3-none-any.whl.metadata (3.6 kB)
#12 11.87 Collecting notebook
#12 11.89   Downloading notebook-6.5.7-py3-none-any.whl.metadata (2.5 kB)
#12 11.94 Collecting argon2-cffi (from notebook)
#12 11.95   Downloading argon2_cffi-23.1.0-py3-none-any.whl.metadata (5.2 kB)
#12 12.00 Collecting Send2Trash>=1.8.0 (from notebook)
#12 12.01   Downloading Send2Trash-1.8.3-py3-none-any.whl.metadata (4.0 kB)
#12 12.04 Collecting terminado>=0.8.3 (from notebook)
#12 12.05   Downloading terminado-0.18.1-py3-none-any.whl.metadata (5.8 kB)
#12 12.08 Collecting prometheus-client (from notebook)
#12 12.09   Downloading prometheus_client-0.21.1-py3-none-any.whl.metadata (1.8 kB)
#12 12.14 Collecting patsy>=0.5.1 (from category-encoders>=2.4.0->pycaret)
#12 12.15   Downloading patsy-1.0.1-py2.py3-none-any.whl.metadata (3.3 kB)
#12 12.23 Collecting zipp>=3.20 (from importlib-metadata>=4.12.0->pycaret)
#12 12.24   Downloading zipp-3.20.2-py3-none-any.whl.metadata (3.7 kB)
#12 12.27 Collecting parso<0.9.0,>=0.8.4 (from jedi>=0.16->ipython)
#12 12.29   Downloading parso-0.8.4-py2.py3-none-any.whl.metadata (7.7 kB)
#12 12.36 Collecting pyyaml (from jupyter_nbextensions_configurator>=0.4.0->jupyter-contrib-nbextensions)
#12 12.38   Downloading PyYAML-6.0.2-cp38-cp38-manylinux_2_17_x86_64.manylinux2014_x86_64.whl.metadata (2.1 kB)
#12 12.41 Collecting anyio>=3.1.0 (from jupyter-server<3,>=2.4.0->jupyterlab)
#12 12.42   Downloading anyio-4.5.2-py3-none-any.whl.metadata (4.7 kB)
#12 12.44 INFO: pip is looking at multiple versions of jupyter-server to determine which version is compatible with other requirements. This could take a while.
#12 12.44 Collecting jupyter-server<3,>=1.16.0 (from jupyterlab)
#12 12.45   Downloading jupyter_server-2.14.1-py3-none-any.whl.metadata (8.4 kB)
#12 12.48   Downloading jupyter_server-2.14.0-py3-none-any.whl.metadata (8.4 kB)
#12 12.50   Downloading jupyter_server-2.13.0-py3-none-any.whl.metadata (8.4 kB)
#12 12.52   Downloading jupyter_server-2.12.5-py3-none-any.whl.metadata (8.4 kB)
#12 12.55   Downloading jupyter_server-2.12.4-py3-none-any.whl.metadata (8.4 kB)
#12 12.57   Downloading jupyter_server-2.12.3-py3-none-any.whl.metadata (8.4 kB)
#12 12.59   Downloading jupyter_server-2.12.2-py3-none-any.whl.metadata (8.4 kB)
#12 12.60 INFO: pip is still looking at multiple versions of jupyter-server to determine which version is compatible with other requirements. This could take a while.
#12 12.61   Downloading jupyter_server-2.12.1-py3-none-any.whl.metadata (8.4 kB)
#12 12.64   Downloading jupyter_server-2.12.0-py3-none-any.whl.metadata (8.4 kB)
#12 12.66   Downloading jupyter_server-2.11.2-py3-none-any.whl.metadata (8.4 kB)
#12 12.68   Downloading jupyter_server-2.11.1-py3-none-any.whl.metadata (8.4 kB)
#12 12.70   Downloading jupyter_server-2.10.1-py3-none-any.whl.metadata (8.4 kB)
#12 12.72 INFO: This is taking longer than usual. You might need to provide the dependency resolver with stricter constraints to reduce runtime. See https://pip.pypa.io/warnings/backtracking for guidance. If you want to abort this run, press Ctrl + C.
#12 12.73   Downloading jupyter_server-2.10.0-py3-none-any.whl.metadata (8.4 kB)
#12 12.75   Downloading jupyter_server-2.9.1-py3-none-any.whl.metadata (8.6 kB)
#12 12.78   Downloading jupyter_server-2.9.0-py3-none-any.whl.metadata (8.6 kB)
#12 12.80   Downloading jupyter_server-2.8.0-py3-none-any.whl.metadata (8.6 kB)
#12 12.82   Downloading jupyter_server-2.7.3-py3-none-any.whl.metadata (8.6 kB)
#12 12.91   Downloading jupyter_server-2.7.2-py3-none-any.whl.metadata (8.6 kB)
#12 12.93   Downloading jupyter_server-2.7.1-py3-none-any.whl.metadata (8.6 kB)
#12 12.95   Downloading jupyter_server-2.7.0-py3-none-any.whl.metadata (8.6 kB)
#12 12.98   Downloading jupyter_server-2.6.0-py3-none-any.whl.metadata (8.5 kB)
#12 13.00   Downloading jupyter_server-2.5.0-py3-none-any.whl.metadata (8.7 kB)
#12 13.04   Downloading jupyter_server-2.4.0-py3-none-any.whl.metadata (8.7 kB)
#12 13.06   Downloading jupyter_server-2.3.0-py3-none-any.whl.metadata (9.1 kB)
#12 13.09   Downloading jupyter_server-2.2.1-py3-none-any.whl.metadata (9.1 kB)
#12 13.11   Downloading jupyter_server-2.2.0-py3-none-any.whl.metadata (9.1 kB)
#12 13.12 Collecting anyio<4,>=3.1.0 (from jupyter-server<3,>=1.16.0->jupyterlab)
#12 13.13   Downloading anyio-3.7.1-py3-none-any.whl.metadata (4.7 kB)
#12 13.14 Collecting jupyter-server<3,>=1.16.0 (from jupyterlab)
#12 13.15   Downloading jupyter_server-2.1.0-py3-none-any.whl.metadata (9.1 kB)
#12 13.17   Downloading jupyter_server-2.0.6-py3-none-any.whl.metadata (9.0 kB)
#12 13.20   Downloading jupyter_server-2.0.5-py3-none-any.whl.metadata (9.0 kB)
#12 13.23   Downloading jupyter_server-2.0.4-py3-none-any.whl.metadata (9.0 kB)
#12 13.25   Downloading jupyter_server-2.0.3-py3-none-any.whl.metadata (9.0 kB)
#12 13.26   Downloading jupyter_server-2.0.2-py3-none-any.whl.metadata (9.0 kB)
#12 13.29   Downloading jupyter_server-2.0.1-py3-none-any.whl.metadata (9.2 kB)
#12 13.32   Downloading jupyter_server-1.24.0-py3-none-any.whl.metadata (4.4 kB)
#12 13.40 Collecting websocket-client (from jupyter-server<3,>=1.16.0->jupyterlab)
#12 13.42   Downloading websocket_client-1.8.0-py3-none-any.whl.metadata (8.0 kB)
#12 13.44 Collecting jupyter-server-fileid<1,>=0.6.0 (from jupyter-server-ydoc~=0.8.0->jupyterlab)
#12 13.45   Downloading jupyter_server_fileid-0.9.3-py3-none-any.whl.metadata (4.7 kB)
#12 13.49 Collecting ypy-websocket<0.9.0,>=0.8.2 (from jupyter-server-ydoc~=0.8.0->jupyterlab)
#12 13.50   Downloading ypy_websocket-0.8.4-py3-none-any.whl.metadata (2.5 kB)
#12 13.57 Collecting y-py<0.7.0,>=0.6.0 (from jupyter-ydoc~=0.2.4->jupyterlab)
#12 13.59   Downloading y_py-0.6.2-cp38-cp38-manylinux_2_17_x86_64.manylinux2014_x86_64.whl.metadata (5.6 kB)
#12 13.63 Collecting babel>=2.10 (from jupyterlab-server<3,>=2.27.1->jupyterlab)
#12 13.64   Downloading babel-2.17.0-py3-none-any.whl.metadata (2.0 kB)
#12 13.68 Collecting json5>=0.9.0 (from jupyterlab-server<3,>=2.27.1->jupyterlab)
#12 13.69   Downloading json5-0.12.0-py3-none-any.whl.metadata (36 kB)
#12 13.74 Collecting jsonschema>=4.18.0 (from jupyterlab-server<3,>=2.27.1->jupyterlab)
#12 13.75   Downloading jsonschema-4.23.0-py3-none-any.whl.metadata (7.9 kB)
#12 13.84 Collecting beautifulsoup4 (from nbconvert>=6.0->jupyter-contrib-nbextensions)
#12 13.86   Downloading beautifulsoup4-4.13.4-py3-none-any.whl.metadata (3.8 kB)
#12 14.27 Collecting bleach!=5.0.0 (from bleach[css]!=5.0.0->nbconvert>=6.0->jupyter-contrib-nbextensions)
#12 14.29   Downloading bleach-6.1.0-py3-none-any.whl.metadata (30 kB)
#12 14.32 Collecting defusedxml (from nbconvert>=6.0->jupyter-contrib-nbextensions)
#12 14.33   Downloading defusedxml-0.7.1-py2.py3-none-any.whl.metadata (32 kB)
#12 14.37 Collecting jupyterlab-pygments (from nbconvert>=6.0->jupyter-contrib-nbextensions)
#12 14.39   Downloading jupyterlab_pygments-0.3.0-py3-none-any.whl.metadata (4.4 kB)
#12 14.43 Collecting mistune<4,>=2.0.3 (from nbconvert>=6.0->jupyter-contrib-nbextensions)
#12 14.45   Downloading mistune-3.1.3-py3-none-any.whl.metadata (1.8 kB)
#12 14.48 Collecting nbclient>=0.5.0 (from nbconvert>=6.0->jupyter-contrib-nbextensions)
#12 14.50   Downloading nbclient-0.10.1-py3-none-any.whl.metadata (8.2 kB)
#12 14.55 Collecting pandocfilters>=1.4.1 (from nbconvert>=6.0->jupyter-contrib-nbextensions)
#12 14.57   Downloading pandocfilters-1.5.1-py2.py3-none-any.whl.metadata (9.0 kB)
#12 14.61 Collecting fastjsonschema>=2.15 (from nbformat>=4.2.0->pycaret)
#12 14.63   Downloading fastjsonschema-2.21.1-py3-none-any.whl.metadata (2.2 kB)
#12 14.74 Collecting llvmlite<0.42,>=0.41.0dev0 (from numba>=0.55.0->pycaret)
#12 14.75   Downloading llvmlite-0.41.1-cp38-cp38-manylinux_2_17_x86_64.manylinux2014_x86_64.whl.metadata (4.8 kB)
#12 14.80 Collecting ptyprocess>=0.5 (from pexpect>4.3->ipython)
#12 14.82   Downloading ptyprocess-0.7.0-py2.py3-none-any.whl.metadata (1.3 kB)
#12 14.88 Collecting narwhals>=1.15.1 (from plotly>=5.0.0->pycaret)
#12 14.89   Downloading narwhals-1.39.1-py3-none-any.whl.metadata (11 kB)
#12 14.94 Collecting dash>=2.9.0 (from plotly-resampler>=0.8.3.1->pycaret)
#12 14.95   Downloading dash-3.0.4-py3-none-any.whl.metadata (10 kB)
#12 15.33 Collecting orjson<4.0.0,>=3.8.0 (from plotly-resampler>=0.8.3.1->pycaret)
#12 15.34   Downloading orjson-3.10.15-cp38-cp38-manylinux_2_17_x86_64.manylinux2014_x86_64.whl.metadata (41 kB)
#12 15.36 Collecting plotly>=5.0.0 (from pycaret)
#12 15.38   Downloading plotly-5.24.1-py3-none-any.whl.metadata (7.3 kB)
#12 15.46 Collecting tsdownsample>=0.1.3 (from plotly-resampler>=0.8.3.1->pycaret)
#12 15.47   Downloading tsdownsample-0.1.4.1-cp38-cp38-manylinux_2_17_x86_64.manylinux2014_x86_64.whl.metadata (8.0 kB)
#12 15.51 Collecting tenacity>=6.2.0 (from plotly>=5.0.0->pycaret)
#12 15.52   Downloading tenacity-9.0.0-py3-none-any.whl.metadata (1.2 kB)
#12 15.78 Collecting Cython!=0.29.18,!=0.29.31,>=0.29 (from pmdarima!=1.8.1,<3.0.0,>=1.8.0->pycaret)
#12 15.79   Downloading cython-3.1.0-cp38-cp38-manylinux_2_17_x86_64.manylinux2014_x86_64.whl.metadata (30 kB)
#12 15.85 Collecting wcwidth (from prompt-toolkit!=3.0.37,<3.1.0,>=3.0.30->ipython)
#12 15.86   Downloading wcwidth-0.2.13-py2.py3-none-any.whl.metadata (14 kB)
#12 15.90 Collecting six>=1.5 (from python-dateutil>=2.8.2->jupyter-client==7.3.2)
#12 15.92   Downloading six-1.17.0-py2.py3-none-any.whl.metadata (1.7 kB)
#12 15.98 Collecting deprecated>=1.2.13 (from sktime!=0.17.1,!=0.17.2,!=0.18.0,<0.22.0,>=0.16.1->pycaret)
#12 16.00   Downloading Deprecated-1.2.18-py2.py3-none-any.whl.metadata (5.7 kB)
#12 16.05 Collecting scikit-base<0.6.0 (from sktime!=0.17.1,!=0.17.2,!=0.18.0,<0.22.0,>=0.16.1->pycaret)
#12 16.06   Downloading scikit_base-0.5.2-py3-none-any.whl.metadata (8.6 kB)
#12 16.17 Collecting argon2-cffi-bindings (from argon2-cffi->notebook)
#12 16.18   Downloading argon2_cffi_bindings-21.2.0-cp36-abi3-manylinux_2_17_x86_64.manylinux2014_x86_64.whl.metadata (6.7 kB)
#12 16.64 Collecting debugpy>=1.6.5 (from ipykernel>=6.5.0->jupyterlab)
#12 16.65   Downloading debugpy-1.8.14-cp38-cp38-manylinux_2_5_x86_64.manylinux1_x86_64.manylinux_2_17_x86_64.manylinux2014_x86_64.whl.metadata (1.1 kB)
#12 16.72 Collecting executing>=1.2.0 (from stack-data->ipython)
#12 16.73   Downloading executing-2.2.0-py2.py3-none-any.whl.metadata (8.9 kB)
#12 16.76 Collecting asttokens>=2.1.0 (from stack-data->ipython)
#12 16.77   Downloading asttokens-3.0.0-py3-none-any.whl.metadata (4.7 kB)
#12 16.79 Collecting pure-eval (from stack-data->ipython)
#12 16.80   Downloading pure_eval-0.2.3-py3-none-any.whl.metadata (6.3 kB)
#12 16.84 Collecting sniffio>=1.1 (from anyio<4,>=3.1.0->jupyter-server<3,>=1.16.0->jupyterlab)
#12 16.85   Downloading sniffio-1.3.1-py3-none-any.whl.metadata (3.9 kB)
#12 16.87 Collecting exceptiongroup (from anyio<4,>=3.1.0->jupyter-server<3,>=1.16.0->jupyterlab)
#12 16.89   Downloading exceptiongroup-1.3.0-py3-none-any.whl.metadata (6.7 kB)
#12 16.94 Collecting webencodings (from bleach!=5.0.0->bleach[css]!=5.0.0->nbconvert>=6.0->jupyter-contrib-nbextensions)
#12 16.95   Downloading webencodings-0.5.1-py2.py3-none-any.whl.metadata (2.1 kB)
#12 16.98 Collecting tinycss2<1.3,>=1.1.0 (from bleach[css]!=5.0.0->nbconvert>=6.0->jupyter-contrib-nbextensions)
#12 16.99   Downloading tinycss2-1.2.1-py3-none-any.whl.metadata (3.0 kB)
#12 17.04 Collecting Flask<3.1,>=1.0.4 (from dash>=2.9.0->plotly-resampler>=0.8.3.1->pycaret)
#12 17.06   Downloading flask-3.0.3-py3-none-any.whl.metadata (3.2 kB)
#12 17.10 Collecting Werkzeug<3.1 (from dash>=2.9.0->plotly-resampler>=0.8.3.1->pycaret)
#12 17.11   Downloading werkzeug-3.0.6-py3-none-any.whl.metadata (3.7 kB)
#12 17.13 Collecting retrying (from dash>=2.9.0->plotly-resampler>=0.8.3.1->pycaret)
#12 17.14   Downloading retrying-1.3.4-py3-none-any.whl.metadata (6.9 kB)
#12 17.27 Collecting wrapt<2,>=1.10 (from deprecated>=1.2.13->sktime!=0.17.1,!=0.17.2,!=0.18.0,<0.22.0,>=0.16.1->pycaret)
#12 17.28   Downloading wrapt-1.17.2-cp38-cp38-manylinux_2_5_x86_64.manylinux1_x86_64.manylinux_2_17_x86_64.manylinux2014_x86_64.whl.metadata (6.4 kB)
#12 17.32 Collecting attrs>=22.2.0 (from jsonschema>=4.18.0->jupyterlab-server<3,>=2.27.1->jupyterlab)
#12 17.33   Downloading attrs-25.3.0-py3-none-any.whl.metadata (10 kB)
#12 17.37 Collecting jsonschema-specifications>=2023.03.6 (from jsonschema>=4.18.0->jupyterlab-server<3,>=2.27.1->jupyterlab)
#12 17.38   Downloading jsonschema_specifications-2023.12.1-py3-none-any.whl.metadata (3.0 kB)
#12 17.41 Collecting pkgutil-resolve-name>=1.3.10 (from jsonschema>=4.18.0->jupyterlab-server<3,>=2.27.1->jupyterlab)
#12 17.42   Downloading pkgutil_resolve_name-1.3.10-py3-none-any.whl.metadata (624 bytes)
#12 17.46 Collecting referencing>=0.28.4 (from jsonschema>=4.18.0->jupyterlab-server<3,>=2.27.1->jupyterlab)
#12 17.47   Downloading referencing-0.35.1-py3-none-any.whl.metadata (2.8 kB)
#12 17.84 Collecting rpds-py>=0.7.1 (from jsonschema>=4.18.0->jupyterlab-server<3,>=2.27.1->jupyterlab)
#12 17.85   Downloading rpds_py-0.20.1-cp38-cp38-manylinux_2_17_x86_64.manylinux2014_x86_64.whl.metadata (4.2 kB)
#12 17.89 Collecting jupyter-events>=0.5.0 (from jupyter-server-fileid<1,>=0.6.0->jupyter-server-ydoc~=0.8.0->jupyterlab)
#12 17.90   Downloading jupyter_events-0.10.0-py3-none-any.whl.metadata (5.9 kB)
#12 18.02 Collecting aiofiles<23,>=22.1.0 (from ypy-websocket<0.9.0,>=0.8.2->jupyter-server-ydoc~=0.8.0->jupyterlab)
#12 18.04   Downloading aiofiles-22.1.0-py3-none-any.whl.metadata (8.0 kB)
#12 18.07 Collecting aiosqlite<1,>=0.17.0 (from ypy-websocket<0.9.0,>=0.8.2->jupyter-server-ydoc~=0.8.0->jupyterlab)
#12 18.09   Downloading aiosqlite-0.20.0-py3-none-any.whl.metadata (4.3 kB)
#12 18.21 Collecting cffi>=1.0.1 (from argon2-cffi-bindings->argon2-cffi->notebook)
#12 18.22   Downloading cffi-1.17.1-cp38-cp38-manylinux_2_17_x86_64.manylinux2014_x86_64.whl.metadata (1.5 kB)
#12 18.26 Collecting soupsieve>1.2 (from beautifulsoup4->nbconvert>=6.0->jupyter-contrib-nbextensions)
#12 18.27   Downloading soupsieve-2.7-py3-none-any.whl.metadata (4.6 kB)
#12 18.32 Collecting pycparser (from cffi>=1.0.1->argon2-cffi-bindings->argon2-cffi->notebook)
#12 18.33   Downloading pycparser-2.22-py3-none-any.whl.metadata (943 bytes)
#12 18.38 Collecting itsdangerous>=2.1.2 (from Flask<3.1,>=1.0.4->dash>=2.9.0->plotly-resampler>=0.8.3.1->pycaret)
#12 18.39   Downloading itsdangerous-2.2.0-py3-none-any.whl.metadata (1.9 kB)
#12 18.41 Collecting click>=8.1.3 (from Flask<3.1,>=1.0.4->dash>=2.9.0->plotly-resampler>=0.8.3.1->pycaret)
#12 18.42   Downloading click-8.1.8-py3-none-any.whl.metadata (2.3 kB)
#12 18.44 Collecting blinker>=1.6.2 (from Flask<3.1,>=1.0.4->dash>=2.9.0->plotly-resampler>=0.8.3.1->pycaret)
#12 18.45   Downloading blinker-1.8.2-py3-none-any.whl.metadata (1.6 kB)
#12 18.50 Collecting python-json-logger>=2.0.4 (from jupyter-events>=0.5.0->jupyter-server-fileid<1,>=0.6.0->jupyter-server-ydoc~=0.8.0->jupyterlab)
#12 18.51   Downloading python_json_logger-3.3.0-py3-none-any.whl.metadata (4.0 kB)
#12 18.54 Collecting rfc3339-validator (from jupyter-events>=0.5.0->jupyter-server-fileid<1,>=0.6.0->jupyter-server-ydoc~=0.8.0->jupyterlab)
#12 18.55   Downloading rfc3339_validator-0.1.4-py2.py3-none-any.whl.metadata (1.5 kB)
#12 18.57 Collecting rfc3986-validator>=0.1.1 (from jupyter-events>=0.5.0->jupyter-server-fileid<1,>=0.6.0->jupyter-server-ydoc~=0.8.0->jupyterlab)
#12 18.59   Downloading rfc3986_validator-0.1.1-py2.py3-none-any.whl.metadata (1.7 kB)
#12 18.68 Collecting fqdn (from jsonschema[format-nongpl]>=4.18.0->jupyter-events>=0.5.0->jupyter-server-fileid<1,>=0.6.0->jupyter-server-ydoc~=0.8.0->jupyterlab)
#12 18.69   Downloading fqdn-1.5.1-py3-none-any.whl.metadata (1.4 kB)
#12 18.71 Collecting isoduration (from jsonschema[format-nongpl]>=4.18.0->jupyter-events>=0.5.0->jupyter-server-fileid<1,>=0.6.0->jupyter-server-ydoc~=0.8.0->jupyterlab)
#12 18.72   Downloading isoduration-20.11.0-py3-none-any.whl.metadata (5.7 kB)
#12 18.74 Collecting jsonpointer>1.13 (from jsonschema[format-nongpl]>=4.18.0->jupyter-events>=0.5.0->jupyter-server-fileid<1,>=0.6.0->jupyter-server-ydoc~=0.8.0->jupyterlab)
#12 18.75   Downloading jsonpointer-3.0.0-py2.py3-none-any.whl.metadata (2.3 kB)
#12 18.77 Collecting uri-template (from jsonschema[format-nongpl]>=4.18.0->jupyter-events>=0.5.0->jupyter-server-fileid<1,>=0.6.0->jupyter-server-ydoc~=0.8.0->jupyterlab)
#12 18.78   Downloading uri_template-1.3.0-py3-none-any.whl.metadata (8.8 kB)
#12 18.81 Collecting webcolors>=24.6.0 (from jsonschema[format-nongpl]>=4.18.0->jupyter-events>=0.5.0->jupyter-server-fileid<1,>=0.6.0->jupyter-server-ydoc~=0.8.0->jupyterlab)
#12 18.81   Downloading webcolors-24.8.0-py3-none-any.whl.metadata (2.6 kB)
#12 18.87 Collecting arrow>=0.15.0 (from isoduration->jsonschema[format-nongpl]>=4.18.0->jupyter-events>=0.5.0->jupyter-server-fileid<1,>=0.6.0->jupyter-server-ydoc~=0.8.0->jupyterlab)
#12 18.89   Downloading arrow-1.3.0-py3-none-any.whl.metadata (7.5 kB)
#12 18.93 Collecting types-python-dateutil>=2.8.10 (from arrow>=0.15.0->isoduration->jsonschema[format-nongpl]>=4.18.0->jupyter-events>=0.5.0->jupyter-server-fileid<1,>=0.6.0->jupyter-server-ydoc~=0.8.0->jupyterlab)
#12 18.94   Downloading types_python_dateutil-2.9.0.20241206-py3-none-any.whl.metadata (2.1 kB)
#12 18.98 Downloading tornado-6.1-cp38-cp38-manylinux2010_x86_64.whl (427 kB)
#12 19.02 Downloading jupyter_client-7.3.2-py3-none-any.whl (131 kB)
#12 19.04 Downloading ipython-8.12.3-py3-none-any.whl (798 kB)
#12 19.09    ━━━━━━━━━━━━━━━━━━━━━━━━━━━━━━━━━━━━━━━━ 798.3/798.3 kB 14.1 MB/s eta 0:00:00
#12 19.10 Downloading psycopg2_binary-2.9.10-cp38-cp38-manylinux_2_17_x86_64.manylinux2014_x86_64.whl (3.0 MB)
#12 19.25    ━━━━━━━━━━━━━━━━━━━━━━━━━━━━━━━━━━━━━━━━ 3.0/3.0 MB 20.4 MB/s eta 0:00:00
#12 19.26 Downloading yapf-0.43.0-py3-none-any.whl (256 kB)
#12 19.29 Downloading requests-2.32.3-py3-none-any.whl (64 kB)
#12 19.31 Downloading cloudpickle-3.1.1-py3-none-any.whl (20 kB)
#12 19.32 Downloading ipywidgets-8.1.7-py3-none-any.whl (139 kB)
#12 19.34 Downloading pycaret-3.2.0-py3-none-any.whl (484 kB)
#12 19.37 Downloading schemdraw-0.15-py3-none-any.whl (106 kB)
#12 19.40 Downloading pandas-1.5.3-cp38-cp38-manylinux_2_17_x86_64.manylinux2014_x86_64.whl (12.2 MB)
#12 19.83    ━━━━━━━━━━━━━━━━━━━━━━━━━━━━━━━━━━━━━━━━ 12.2/12.2 MB 28.2 MB/s eta 0:00:00
#12 19.85 Downloading matplotlib-3.6.0-cp38-cp38-manylinux_2_12_x86_64.manylinux2010_x86_64.whl (9.4 MB)
#12 20.22    ━━━━━━━━━━━━━━━━━━━━━━━━━━━━━━━━━━━━━━━━ 9.4/9.4 MB 24.9 MB/s eta 0:00:00
#12 20.24 Downloading scikit_learn-1.2.2-cp38-cp38-manylinux_2_17_x86_64.manylinux2014_x86_64.whl (9.8 MB)
#12 20.55    ━━━━━━━━━━━━━━━━━━━━━━━━━━━━━━━━━━━━━━━━ 9.8/9.8 MB 32.8 MB/s eta 0:00:00
#12 20.56 Downloading jupyterlab-3.6.8-py3-none-any.whl (8.9 MB)
#12 20.80    ━━━━━━━━━━━━━━━━━━━━━━━━━━━━━━━━━━━━━━━━ 8.9/8.9 MB 37.6 MB/s eta 0:00:00
#12 20.82 Downloading notebook-6.5.7-py3-none-any.whl (529 kB)
#12 20.83    ━━━━━━━━━━━━━━━━━━━━━━━━━━━━━━━━━━━━━━━━ 529.8/529.8 kB 43.3 MB/s eta 0:00:00
#12 20.84 Downloading category_encoders-2.6.4-py2.py3-none-any.whl (82 kB)
#12 20.86 Downloading certifi-2025.4.26-py3-none-any.whl (159 kB)
#12 20.87 Downloading charset_normalizer-3.4.2-cp38-cp38-manylinux_2_17_x86_64.manylinux2014_x86_64.whl (147 kB)
#12 20.89 Downloading comm-0.2.2-py3-none-any.whl (7.2 kB)
#12 20.90 Downloading contourpy-1.1.1-cp38-cp38-manylinux_2_17_x86_64.manylinux2014_x86_64.whl (301 kB)
#12 20.93 Downloading cycler-0.12.1-py3-none-any.whl (8.3 kB)
#12 20.94 Downloading deprecation-2.1.0-py2.py3-none-any.whl (11 kB)
#12 20.96 Downloading fonttools-4.57.0-cp38-cp38-manylinux_2_17_x86_64.manylinux2014_x86_64.whl (4.7 MB)
#12 21.09    ━━━━━━━━━━━━━━━━━━━━━━━━━━━━━━━━━━━━━━━━ 4.7/4.7 MB 35.6 MB/s eta 0:00:00
#12 21.10 Downloading idna-3.10-py3-none-any.whl (70 kB)
#12 21.12 Downloading imbalanced_learn-0.12.4-py3-none-any.whl (258 kB)
#12 21.15 Downloading importlib_metadata-8.5.0-py3-none-any.whl (26 kB)
#12 21.17 Downloading jedi-0.19.2-py2.py3-none-any.whl (1.6 MB)
#12 21.20    ━━━━━━━━━━━━━━━━━━━━━━━━━━━━━━━━━━━━━━━━ 1.6/1.6 MB 39.1 MB/s eta 0:00:00
#12 21.22 Downloading jinja2-3.1.6-py3-none-any.whl (134 kB)
#12 21.24 Downloading joblib-1.4.2-py3-none-any.whl (301 kB)
#12 21.25 Downloading jupyter_core-5.7.2-py3-none-any.whl (28 kB)
#12 21.27 Downloading jupyter_highlight_selected_word-0.2.0-py2.py3-none-any.whl (11 kB)
#12 21.29 Downloading jupyter_nbextensions_configurator-0.6.4-py2.py3-none-any.whl (466 kB)
#12 21.32 Downloading jupyter_server-1.24.0-py3-none-any.whl (347 kB)
#12 21.35 Downloading jupyter_server_ydoc-0.8.0-py3-none-any.whl (11 kB)
#12 21.36 Downloading jupyter_ydoc-0.2.5-py3-none-any.whl (6.2 kB)
#12 21.38 Downloading jupyterlab_server-2.27.3-py3-none-any.whl (59 kB)
#12 21.40 Downloading jupyterlab_widgets-3.0.15-py3-none-any.whl (216 kB)
#12 21.41 Downloading kaleido-0.2.1-py2.py3-none-manylinux1_x86_64.whl (79.9 MB)
#12 23.59    ━━━━━━━━━━━━━━━━━━━━━━━━━━━━━━━━━━━━━━━━ 79.9/79.9 MB 36.7 MB/s eta 0:00:00
#12 23.60 Downloading kiwisolver-1.4.7-cp38-cp38-manylinux_2_5_x86_64.manylinux1_x86_64.whl (1.2 MB)
#12 23.63    ━━━━━━━━━━━━━━━━━━━━━━━━━━━━━━━━━━━━━━━━ 1.2/1.2 MB 36.0 MB/s eta 0:00:00
#12 23.65 Downloading lightgbm-4.6.0-py3-none-manylinux_2_28_x86_64.whl (3.6 MB)
#12 23.74    ━━━━━━━━━━━━━━━━━━━━━━━━━━━━━━━━━━━━━━━━ 3.6/3.6 MB 38.4 MB/s eta 0:00:00
#12 23.76 Downloading MarkupSafe-2.1.5-cp38-cp38-manylinux_2_17_x86_64.manylinux2014_x86_64.whl (26 kB)
#12 23.77 Downloading nbclassic-1.2.0-py3-none-any.whl (10.0 MB)
#12 24.63    ━━━━━━━━━━━━━━━━━━━━━━━━━━━━━━━━━━━━━━━━ 10.0/10.0 MB 11.5 MB/s eta 0:00:00
#12 24.65 Downloading nbconvert-7.16.6-py3-none-any.whl (258 kB)
#12 24.67 Downloading nbformat-5.10.4-py3-none-any.whl (78 kB)
#12 24.68 Downloading nest_asyncio-1.6.0-py3-none-any.whl (5.2 kB)
#12 24.70 Downloading numba-0.58.1-cp38-cp38-manylinux2014_x86_64.manylinux_2_17_x86_64.whl (3.7 MB)
#12 24.81    ━━━━━━━━━━━━━━━━━━━━━━━━━━━━━━━━━━━━━━━━ 3.7/3.7 MB 36.5 MB/s eta 0:00:00
#12 24.82 Downloading numpy-1.24.4-cp38-cp38-manylinux_2_17_x86_64.manylinux2014_x86_64.whl (17.3 MB)
#12 25.31    ━━━━━━━━━━━━━━━━━━━━━━━━━━━━━━━━━━━━━━━━ 17.3/17.3 MB 35.2 MB/s eta 0:00:00
#12 25.33 Downloading packaging-25.0-py3-none-any.whl (66 kB)
#12 25.35 Downloading pexpect-4.9.0-py2.py3-none-any.whl (63 kB)
#12 25.37 Downloading pillow-10.4.0-cp38-cp38-manylinux_2_28_x86_64.whl (4.5 MB)
#12 25.50    ━━━━━━━━━━━━━━━━━━━━━━━━━━━━━━━━━━━━━━━━ 4.5/4.5 MB 37.5 MB/s eta 0:00:00
#12 25.51 Downloading platformdirs-4.3.6-py3-none-any.whl (18 kB)
#12 25.53 Downloading plotly_resampler-0.10.0-py3-none-any.whl (80 kB)
#12 25.54 Downloading plotly-5.24.1-py3-none-any.whl (19.1 MB)
#12 26.05    ━━━━━━━━━━━━━━━━━━━━━━━━━━━━━━━━━━━━━━━━ 19.1/19.1 MB 37.9 MB/s eta 0:00:00
#12 26.07 Downloading pmdarima-2.0.4-cp38-cp38-manylinux_2_17_x86_64.manylinux2014_x86_64.manylinux_2_28_x86_64.whl (2.2 MB)
#12 26.13    ━━━━━━━━━━━━━━━━━━━━━━━━━━━━━━━━━━━━━━━━ 2.2/2.2 MB 37.9 MB/s eta 0:00:00
#12 26.14 Downloading prompt_toolkit-3.0.51-py3-none-any.whl (387 kB)
#12 26.17 Downloading psutil-7.0.0-cp36-abi3-manylinux_2_12_x86_64.manylinux2010_x86_64.manylinux_2_17_x86_64.manylinux2014_x86_64.whl (277 kB)
#12 26.19 Downloading pygments-2.19.1-py3-none-any.whl (1.2 MB)
#12 26.22    ━━━━━━━━━━━━━━━━━━━━━━━━━━━━━━━━━━━━━━━━ 1.2/1.2 MB 38.0 MB/s eta 0:00:00
#12 26.23 Downloading pyod-2.0.5-py3-none-any.whl (200 kB)
#12 26.25 Downloading pyparsing-3.1.4-py3-none-any.whl (104 kB)
#12 26.26 Downloading python_dateutil-2.9.0.post0-py2.py3-none-any.whl (229 kB)
#12 26.29 Downloading pytz-2025.2-py2.py3-none-any.whl (509 kB)
#12 26.32 Downloading pyzmq-26.4.0-cp38-cp38-manylinux_2_12_x86_64.manylinux2010_x86_64.whl (863 kB)
#12 26.34    ━━━━━━━━━━━━━━━━━━━━━━━━━━━━━━━━━━━━━━━━ 863.4/863.4 kB 33.2 MB/s eta 0:00:00
#12 26.36 Downloading scikit_plot-0.3.7-py3-none-any.whl (33 kB)
#12 26.38 Downloading scipy-1.10.1-cp38-cp38-manylinux_2_17_x86_64.manylinux2014_x86_64.whl (34.5 MB)
#12 27.27    ━━━━━━━━━━━━━━━━━━━━━━━━━━━━━━━━━━━━━━━━ 34.5/34.5 MB 38.7 MB/s eta 0:00:00
#12 27.28 Downloading Send2Trash-1.8.3-py3-none-any.whl (18 kB)
#12 27.30 Downloading sktime-0.21.1-py3-none-any.whl (17.1 MB)
#12 27.74    ━━━━━━━━━━━━━━━━━━━━━━━━━━━━━━━━━━━━━━━━ 17.1/17.1 MB 40.5 MB/s eta 0:00:00
#12 27.75 Downloading statsmodels-0.14.1-cp38-cp38-manylinux_2_17_x86_64.manylinux2014_x86_64.whl (10.9 MB)
#12 28.02    ━━━━━━━━━━━━━━━━━━━━━━━━━━━━━━━━━━━━━━━━ 10.9/10.9 MB 39.8 MB/s eta 0:00:00
#12 28.04 Downloading tbats-1.1.3-py3-none-any.whl (44 kB)
#12 28.06 Downloading terminado-0.18.1-py3-none-any.whl (14 kB)
#12 28.07 Downloading threadpoolctl-3.5.0-py3-none-any.whl (18 kB)
#12 28.08 Downloading tomli-2.2.1-py3-none-any.whl (14 kB)
#12 28.10 Downloading tqdm-4.67.1-py3-none-any.whl (78 kB)
#12 28.12 Downloading traitlets-5.14.3-py3-none-any.whl (85 kB)
#12 28.13 Downloading urllib3-2.2.3-py3-none-any.whl (126 kB)
#12 28.15 Downloading widgetsnbextension-4.0.14-py3-none-any.whl (2.2 MB)
#12 28.20    ━━━━━━━━━━━━━━━━━━━━━━━━━━━━━━━━━━━━━━━━ 2.2/2.2 MB 37.8 MB/s eta 0:00:00
#12 28.22 Downloading yellowbrick-1.5-py3-none-any.whl (282 kB)
#12 28.24 Downloading argon2_cffi-23.1.0-py3-none-any.whl (15 kB)
#12 28.26 Downloading backcall-0.2.0-py2.py3-none-any.whl (11 kB)
#12 28.27 Downloading decorator-5.2.1-py3-none-any.whl (9.2 kB)
#12 28.29 Downloading entrypoints-0.4-py3-none-any.whl (5.3 kB)
#12 28.30 Downloading ipykernel-6.29.5-py3-none-any.whl (117 kB)
#12 28.33 Downloading matplotlib_inline-0.1.7-py3-none-any.whl (9.9 kB)
#12 28.34 Downloading ipython_genutils-0.2.0-py2.py3-none-any.whl (26 kB)
#12 28.36 Downloading lxml-5.4.0-cp38-cp38-manylinux_2_28_x86_64.whl (5.0 MB)
#12 28.48    ━━━━━━━━━━━━━━━━━━━━━━━━━━━━━━━━━━━━━━━━ 5.0/5.0 MB 40.2 MB/s eta 0:00:00
#12 28.50 Downloading pickleshare-0.7.5-py2.py3-none-any.whl (6.9 kB)
#12 28.51 Downloading prometheus_client-0.21.1-py3-none-any.whl (54 kB)
#12 28.53 Downloading stack_data-0.6.3-py3-none-any.whl (24 kB)
#12 28.54 Downloading typing_extensions-4.13.2-py3-none-any.whl (45 kB)
#12 28.56 Downloading wurlitzer-3.1.1-py3-none-any.whl (8.6 kB)
#12 28.58 Downloading xxhash-3.5.0-cp38-cp38-manylinux_2_17_x86_64.manylinux2014_x86_64.whl (194 kB)
#12 28.60 Downloading anyio-3.7.1-py3-none-any.whl (80 kB)
#12 28.61 Downloading asttokens-3.0.0-py3-none-any.whl (26 kB)
#12 28.63 Downloading babel-2.17.0-py3-none-any.whl (10.2 MB)
#12 28.90    ━━━━━━━━━━━━━━━━━━━━━━━━━━━━━━━━━━━━━━━━ 10.2/10.2 MB 38.3 MB/s eta 0:00:00
#12 28.91 Downloading bleach-6.1.0-py3-none-any.whl (162 kB)
#12 28.93 Downloading cython-3.1.0-cp38-cp38-manylinux_2_17_x86_64.manylinux2014_x86_64.whl (3.2 MB)
#12 29.01    ━━━━━━━━━━━━━━━━━━━━━━━━━━━━━━━━━━━━━━━━ 3.2/3.2 MB 39.1 MB/s eta 0:00:00
#12 29.03 Downloading dash-3.0.4-py3-none-any.whl (7.9 MB)
#12 29.25    ━━━━━━━━━━━━━━━━━━━━━━━━━━━━━━━━━━━━━━━━ 7.9/7.9 MB 36.6 MB/s eta 0:00:00
#12 29.27 Downloading debugpy-1.8.14-cp38-cp38-manylinux_2_5_x86_64.manylinux1_x86_64.manylinux_2_17_x86_64.manylinux2014_x86_64.whl (3.6 MB)
#12 29.36    ━━━━━━━━━━━━━━━━━━━━━━━━━━━━━━━━━━━━━━━━ 3.6/3.6 MB 45.4 MB/s eta 0:00:00
#12 29.37 Downloading Deprecated-1.2.18-py2.py3-none-any.whl (10.0 kB)
#12 29.39 Downloading executing-2.2.0-py2.py3-none-any.whl (26 kB)
#12 29.41 Downloading fastjsonschema-2.21.1-py3-none-any.whl (23 kB)
#12 29.42 Downloading json5-0.12.0-py3-none-any.whl (36 kB)
#12 29.44 Downloading jsonschema-4.23.0-py3-none-any.whl (88 kB)
#12 29.46 Downloading importlib_resources-6.4.5-py3-none-any.whl (36 kB)
#12 29.47 Downloading jupyter_server_fileid-0.9.3-py3-none-any.whl (16 kB)
#12 29.49 Downloading llvmlite-0.41.1-cp38-cp38-manylinux_2_17_x86_64.manylinux2014_x86_64.whl (43.6 MB)
#12 30.71    ━━━━━━━━━━━━━━━━━━━━━━━━━━━━━━━━━━━━━━━━ 43.6/43.6 MB 35.9 MB/s eta 0:00:00
#12 30.84 Downloading mistune-3.1.3-py3-none-any.whl (53 kB)
#12 30.96 Downloading nbclient-0.10.1-py3-none-any.whl (25 kB)
#12 30.98 Downloading notebook_shim-0.2.4-py3-none-any.whl (13 kB)
#12 30.99 Downloading orjson-3.10.15-cp38-cp38-manylinux_2_17_x86_64.manylinux2014_x86_64.whl (130 kB)
#12 31.01 Downloading pandocfilters-1.5.1-py2.py3-none-any.whl (8.7 kB)
#12 31.02 Downloading parso-0.8.4-py2.py3-none-any.whl (103 kB)
#12 31.04 Downloading patsy-1.0.1-py2.py3-none-any.whl (232 kB)
#12 31.05 Downloading ptyprocess-0.7.0-py2.py3-none-any.whl (13 kB)
#12 31.07 Downloading scikit_base-0.5.2-py3-none-any.whl (118 kB)
#12 31.09 Downloading six-1.17.0-py2.py3-none-any.whl (11 kB)
#12 31.11 Downloading tenacity-9.0.0-py3-none-any.whl (28 kB)
#12 31.12 Downloading tsdownsample-0.1.4.1-cp38-cp38-manylinux_2_17_x86_64.manylinux2014_x86_64.whl (1.3 MB)
#12 31.16    ━━━━━━━━━━━━━━━━━━━━━━━━━━━━━━━━━━━━━━━━ 1.3/1.3 MB 37.0 MB/s eta 0:00:00
#12 31.17 Downloading y_py-0.6.2-cp38-cp38-manylinux_2_17_x86_64.manylinux2014_x86_64.whl (1.7 MB)
#12 31.22    ━━━━━━━━━━━━━━━━━━━━━━━━━━━━━━━━━━━━━━━━ 1.7/1.7 MB 38.2 MB/s eta 0:00:00
#12 31.23 Downloading ypy_websocket-0.8.4-py3-none-any.whl (10 kB)
#12 31.25 Downloading zipp-3.20.2-py3-none-any.whl (9.2 kB)
#12 31.26 Downloading argon2_cffi_bindings-21.2.0-cp36-abi3-manylinux_2_17_x86_64.manylinux2014_x86_64.whl (86 kB)
#12 31.28 Downloading beautifulsoup4-4.13.4-py3-none-any.whl (187 kB)
#12 31.29 Downloading defusedxml-0.7.1-py2.py3-none-any.whl (25 kB)
#12 31.31 Downloading jupyterlab_pygments-0.3.0-py3-none-any.whl (15 kB)
#12 31.33 Downloading pure_eval-0.2.3-py3-none-any.whl (11 kB)
#12 31.34 Downloading PyYAML-6.0.2-cp38-cp38-manylinux_2_17_x86_64.manylinux2014_x86_64.whl (746 kB)
#12 31.37    ━━━━━━━━━━━━━━━━━━━━━━━━━━━━━━━━━━━━━━━━ 746.5/746.5 kB 32.5 MB/s eta 0:00:00
#12 31.38 Downloading wcwidth-0.2.13-py2.py3-none-any.whl (34 kB)
#12 31.39 Downloading websocket_client-1.8.0-py3-none-any.whl (58 kB)
#12 31.41 Downloading aiofiles-22.1.0-py3-none-any.whl (14 kB)
#12 31.42 Downloading aiosqlite-0.20.0-py3-none-any.whl (15 kB)
#12 31.44 Downloading attrs-25.3.0-py3-none-any.whl (63 kB)
#12 31.45 Downloading cffi-1.17.1-cp38-cp38-manylinux_2_17_x86_64.manylinux2014_x86_64.whl (446 kB)
#12 31.48 Downloading flask-3.0.3-py3-none-any.whl (101 kB)
#12 31.49 Downloading jsonschema_specifications-2023.12.1-py3-none-any.whl (18 kB)
#12 31.51 Downloading jupyter_events-0.10.0-py3-none-any.whl (18 kB)
#12 31.53 Downloading pkgutil_resolve_name-1.3.10-py3-none-any.whl (4.7 kB)
#12 31.55 Downloading referencing-0.35.1-py3-none-any.whl (26 kB)
#12 31.56 Downloading rpds_py-0.20.1-cp38-cp38-manylinux_2_17_x86_64.manylinux2014_x86_64.whl (360 kB)
#12 31.58 Downloading sniffio-1.3.1-py3-none-any.whl (10 kB)
#12 31.60 Downloading soupsieve-2.7-py3-none-any.whl (36 kB)
#12 31.62 Downloading tinycss2-1.2.1-py3-none-any.whl (21 kB)
#12 31.63 Downloading webencodings-0.5.1-py2.py3-none-any.whl (11 kB)
#12 31.65 Downloading werkzeug-3.0.6-py3-none-any.whl (227 kB)
#12 31.67 Downloading wrapt-1.17.2-cp38-cp38-manylinux_2_5_x86_64.manylinux1_x86_64.manylinux_2_17_x86_64.manylinux2014_x86_64.whl (85 kB)
#12 31.68 Downloading exceptiongroup-1.3.0-py3-none-any.whl (16 kB)
#12 31.70 Downloading retrying-1.3.4-py3-none-any.whl (11 kB)
#12 31.71 Downloading blinker-1.8.2-py3-none-any.whl (9.5 kB)
#12 31.73 Downloading click-8.1.8-py3-none-any.whl (98 kB)
#12 31.75 Downloading itsdangerous-2.2.0-py3-none-any.whl (16 kB)
#12 31.76 Downloading python_json_logger-3.3.0-py3-none-any.whl (15 kB)
#12 31.78 Downloading rfc3986_validator-0.1.1-py2.py3-none-any.whl (4.2 kB)
#12 31.80 Downloading pycparser-2.22-py3-none-any.whl (117 kB)
#12 31.81 Downloading rfc3339_validator-0.1.4-py2.py3-none-any.whl (3.5 kB)
#12 31.83 Downloading jsonpointer-3.0.0-py2.py3-none-any.whl (7.6 kB)
#12 31.84 Downloading webcolors-24.8.0-py3-none-any.whl (15 kB)
#12 31.86 Downloading fqdn-1.5.1-py3-none-any.whl (9.1 kB)
#12 31.88 Downloading isoduration-20.11.0-py3-none-any.whl (11 kB)
#12 31.89 Downloading uri_template-1.3.0-py3-none-any.whl (11 kB)
#12 31.91 Downloading arrow-1.3.0-py3-none-any.whl (66 kB)
#12 31.92 Downloading types_python_dateutil-2.9.0.20241206-py3-none-any.whl (14 kB)
#12 32.93 Building wheels for collected packages: jupyter-contrib-core, jupyter-contrib-nbextensions
#12 32.93   Building wheel for jupyter-contrib-core (setup.py): started
#12 33.29   Building wheel for jupyter-contrib-core (setup.py): finished with status 'done'
#12 33.29   Created wheel for jupyter-contrib-core: filename=jupyter_contrib_core-0.4.2-py2.py3-none-any.whl size=17473 sha256=64745c994545c9e8850a2886a8040dd3ffc4a80d256beb36320543d433ed361e
#12 33.29   Stored in directory: /root/.cache/pip/wheels/c5/75/d2/b881eea79157be355b125d974ec85f88d6e6742acd14387872
#12 33.30   Building wheel for jupyter-contrib-nbextensions (setup.py): started
#12 34.66   Building wheel for jupyter-contrib-nbextensions (setup.py): finished with status 'done'
#12 34.71   Created wheel for jupyter-contrib-nbextensions: filename=jupyter_contrib_nbextensions-0.7.0-py2.py3-none-any.whl size=23428787 sha256=59b12c655026259d0474e95c85dd93cebee428a4df67f794fe1e01a3915e1aad
#12 34.71   Stored in directory: /root/.cache/pip/wheels/1a/60/9f/043697d3cd00df43b23bbf4e722366a2abfa68700b6d8411f4
#12 34.72 Successfully built jupyter-contrib-core jupyter-contrib-nbextensions
#12 35.25 Installing collected packages: y-py, webencodings, wcwidth, pytz, pure-eval, ptyprocess, pickleshare, kaleido, jupyter_highlight_selected_word, ipython_genutils, fastjsonschema, backcall, zipp, xxhash, wurlitzer, wrapt, widgetsnbextension, websocket-client, webcolors, urllib3, uri-template, typing-extensions, types-python-dateutil, traitlets, tqdm, tornado, tomli, tinycss2, threadpoolctl, tenacity, soupsieve, sniffio, six, Send2Trash, scikit-base, schemdraw, rpds-py, rfc3986-validator, pyzmq, pyyaml, pyparsing, pygments, pycparser, psycopg2-binary, psutil, prompt-toolkit, prometheus-client, platformdirs, pkgutil-resolve-name, pillow, pexpect, parso, pandocfilters, packaging, orjson, numpy, nest-asyncio, markupsafe, lxml, llvmlite, kiwisolver, jupyterlab_widgets, jupyterlab-pygments, jsonpointer, json5, joblib, itsdangerous, idna, fqdn, fonttools, executing, entrypoints, defusedxml, decorator, debugpy, Cython, cycler, cloudpickle, click, charset-normalizer, certifi, blinker, babel, attrs, asttokens, aiofiles, yapf, Werkzeug, tsdownsample, terminado, stack-data, scipy, rfc3339-validator, retrying, requests, referencing, python-json-logger, python-dateutil, plotly, patsy, mistune, matplotlib-inline, jupyter-core, jinja2, jedi, importlib-resources, importlib-metadata, exceptiongroup, deprecation, deprecated, contourpy, comm, cffi, bleach, beautifulsoup4, aiosqlite, ypy-websocket, scikit-learn, pandas, numba, matplotlib, lightgbm, jupyter-ydoc, jupyter-client, jsonschema-specifications, ipython, Flask, arrow, argon2-cffi-bindings, anyio, yellowbrick, statsmodels, sktime, scikit-plot, pyod, jsonschema, isoduration, ipywidgets, ipykernel, imbalanced-learn, dash, argon2-cffi, pmdarima, plotly-resampler, nbformat, category-encoders, tbats, nbclient, jupyter-events, pycaret, nbconvert, jupyter-server, notebook-shim, jupyterlab-server, jupyter-server-fileid, nbclassic, jupyter-server-ydoc, notebook, jupyterlab, jupyter-contrib-core, jupyter_nbextensions_configurator, jupyter-contrib-nbextensions
#12 76.80 Successfully installed Cython-3.1.0 Flask-3.0.3 Send2Trash-1.8.3 Werkzeug-3.0.6 aiofiles-22.1.0 aiosqlite-0.20.0 anyio-3.7.1 argon2-cffi-23.1.0 argon2-cffi-bindings-21.2.0 arrow-1.3.0 asttokens-3.0.0 attrs-25.3.0 babel-2.17.0 backcall-0.2.0 beautifulsoup4-4.13.4 bleach-6.1.0 blinker-1.8.2 category-encoders-2.6.4 certifi-2025.4.26 cffi-1.17.1 charset-normalizer-3.4.2 click-8.1.8 cloudpickle-3.1.1 comm-0.2.2 contourpy-1.1.1 cycler-0.12.1 dash-3.0.4 debugpy-1.8.14 decorator-5.2.1 defusedxml-0.7.1 deprecated-1.2.18 deprecation-2.1.0 entrypoints-0.4 exceptiongroup-1.3.0 executing-2.2.0 fastjsonschema-2.21.1 fonttools-4.57.0 fqdn-1.5.1 idna-3.10 imbalanced-learn-0.12.4 importlib-metadata-8.5.0 importlib-resources-6.4.5 ipykernel-6.29.5 ipython-8.12.3 ipython_genutils-0.2.0 ipywidgets-8.1.7 isoduration-20.11.0 itsdangerous-2.2.0 jedi-0.19.2 jinja2-3.1.6 joblib-1.4.2 json5-0.12.0 jsonpointer-3.0.0 jsonschema-4.23.0 jsonschema-specifications-2023.12.1 jupyter-client-7.3.2 jupyter-contrib-core-0.4.2 jupyter-contrib-nbextensions-0.7.0 jupyter-core-5.7.2 jupyter-events-0.10.0 jupyter-server-1.24.0 jupyter-server-fileid-0.9.3 jupyter-server-ydoc-0.8.0 jupyter-ydoc-0.2.5 jupyter_highlight_selected_word-0.2.0 jupyter_nbextensions_configurator-0.6.4 jupyterlab-3.6.8 jupyterlab-pygments-0.3.0 jupyterlab-server-2.27.3 jupyterlab_widgets-3.0.15 kaleido-0.2.1 kiwisolver-1.4.7 lightgbm-4.6.0 llvmlite-0.41.1 lxml-5.4.0 markupsafe-2.1.5 matplotlib-3.6.0 matplotlib-inline-0.1.7 mistune-3.1.3 nbclassic-1.2.0 nbclient-0.10.1 nbconvert-7.16.6 nbformat-5.10.4 nest-asyncio-1.6.0 notebook-6.5.7 notebook-shim-0.2.4 numba-0.58.1 numpy-1.24.4 orjson-3.10.15 packaging-25.0 pandas-1.5.3 pandocfilters-1.5.1 parso-0.8.4 patsy-1.0.1 pexpect-4.9.0 pickleshare-0.7.5 pillow-10.4.0 pkgutil-resolve-name-1.3.10 platformdirs-4.3.6 plotly-5.24.1 plotly-resampler-0.10.0 pmdarima-2.0.4 prometheus-client-0.21.1 prompt-toolkit-3.0.51 psutil-7.0.0 psycopg2-binary-2.9.10 ptyprocess-0.7.0 pure-eval-0.2.3 pycaret-3.2.0 pycparser-2.22 pygments-2.19.1 pyod-2.0.5 pyparsing-3.1.4 python-dateutil-2.9.0.post0 python-json-logger-3.3.0 pytz-2025.2 pyyaml-6.0.2 pyzmq-26.4.0 referencing-0.35.1 requests-2.32.3 retrying-1.3.4 rfc3339-validator-0.1.4 rfc3986-validator-0.1.1 rpds-py-0.20.1 schemdraw-0.15 scikit-base-0.5.2 scikit-learn-1.2.2 scikit-plot-0.3.7 scipy-1.10.1 six-1.17.0 sktime-0.21.1 sniffio-1.3.1 soupsieve-2.7 stack-data-0.6.3 statsmodels-0.14.1 tbats-1.1.3 tenacity-9.0.0 terminado-0.18.1 threadpoolctl-3.5.0 tinycss2-1.2.1 tomli-2.2.1 tornado-6.1 tqdm-4.67.1 traitlets-5.14.3 tsdownsample-0.1.4.1 types-python-dateutil-2.9.0.20241206 typing-extensions-4.13.2 uri-template-1.3.0 urllib3-2.2.3 wcwidth-0.2.13 webcolors-24.8.0 webencodings-0.5.1 websocket-client-1.8.0 widgetsnbextension-4.0.14 wrapt-1.17.2 wurlitzer-3.1.1 xxhash-3.5.0 y-py-0.6.2 yapf-0.43.0 yellowbrick-1.5 ypy-websocket-0.8.4 zipp-3.20.2
#12 76.80 WARNING: Running pip as the 'root' user can result in broken permissions and conflicting behaviour with the system package manager, possibly rendering your system unusable. It is recommended to use a virtual environment instead: https://pip.pypa.io/warnings/venv. Use the --root-user-action option if you know what you are doing and want to suppress this warning.
#12 DONE 78.3s

#13 [ 8/15] RUN mkdir /install
#13 DONE 0.5s

#14 [ 9/15] ADD install_jupyter_extensions.sh /install
#14 DONE 0.1s

#15 [10/15] RUN /install/install_jupyter_extensions.sh
#15 0.560 # Install Jupyter extensions
#15 0.561 + echo '# Install Jupyter extensions'
#15 0.563 ++ jupyter --data-dir
#15 0.782 Jupyter data dir: /root/.local/share/jupyter
#15 0.783 + DIR_NAME=/root/.local/share/jupyter
#15 0.783 + echo 'Jupyter data dir: /root/.local/share/jupyter'
#15 0.783 + [[ ! -d /root/.local/share/jupyter ]]
#15 0.783 + mkdir -p /root/.local/share/jupyter
#15 0.791 + sudo jupyter contrib nbextension install
#15 2.058 [I 03:19:30 InstallContribNbextensionsApp] jupyter contrib nbextension install 
#15 2.058 [I 03:19:30 InstallContribNbextensionsApp] Installing jupyter_contrib_nbextensions nbextension files to jupyter data directory
#15 2.092 [I 03:19:30 InstallContribNbextensionsApp] Installing /usr/local/lib/python3.8/dist-packages/jupyter_contrib_nbextensions/nbextensions/go_to_current_running_cell -> go_to_current_running_cell
#15 2.093 [I 03:19:30 InstallContribNbextensionsApp] Making directory: /usr/local/share/jupyter/nbextensions/go_to_current_running_cell/
#15 2.096 [I 03:19:30 InstallContribNbextensionsApp] Copying: /usr/local/lib/python3.8/dist-packages/jupyter_contrib_nbextensions/nbextensions/go_to_current_running_cell/eye.png -> /usr/local/share/jupyter/nbextensions/go_to_current_running_cell/eye.png
#15 2.097 [I 03:19:30 InstallContribNbextensionsApp] Copying: /usr/local/lib/python3.8/dist-packages/jupyter_contrib_nbextensions/nbextensions/go_to_current_running_cell/jump_to_cell.gif -> /usr/local/share/jupyter/nbextensions/go_to_current_running_cell/jump_to_cell.gif
#15 2.098 [I 03:19:30 InstallContribNbextensionsApp] Copying: /usr/local/lib/python3.8/dist-packages/jupyter_contrib_nbextensions/nbextensions/go_to_current_running_cell/auto_focus.gif -> /usr/local/share/jupyter/nbextensions/go_to_current_running_cell/auto_focus.gif
#15 2.099 [I 03:19:30 InstallContribNbextensionsApp] Copying: /usr/local/lib/python3.8/dist-packages/jupyter_contrib_nbextensions/nbextensions/go_to_current_running_cell/anchor.png -> /usr/local/share/jupyter/nbextensions/go_to_current_running_cell/anchor.png
#15 2.100 [I 03:19:30 InstallContribNbextensionsApp] Copying: /usr/local/lib/python3.8/dist-packages/jupyter_contrib_nbextensions/nbextensions/go_to_current_running_cell/main.js -> /usr/local/share/jupyter/nbextensions/go_to_current_running_cell/main.js
#15 2.100 [I 03:19:30 InstallContribNbextensionsApp] Copying: /usr/local/lib/python3.8/dist-packages/jupyter_contrib_nbextensions/nbextensions/go_to_current_running_cell/README.md -> /usr/local/share/jupyter/nbextensions/go_to_current_running_cell/README.md
#15 2.100 [I 03:19:30 InstallContribNbextensionsApp] Copying: /usr/local/lib/python3.8/dist-packages/jupyter_contrib_nbextensions/nbextensions/go_to_current_running_cell/go_to_current_running_cell.yaml -> /usr/local/share/jupyter/nbextensions/go_to_current_running_cell/go_to_current_running_cell.yaml
#15 2.100 [I 03:19:30 InstallContribNbextensionsApp] - Validating: [32mOK[0m
#15 2.101 [I 03:19:30 InstallContribNbextensionsApp] Installing /usr/local/lib/python3.8/dist-packages/jupyter_contrib_nbextensions/nbextensions/code_font_size -> code_font_size
#15 2.101 [I 03:19:30 InstallContribNbextensionsApp] Making directory: /usr/local/share/jupyter/nbextensions/code_font_size/
#15 2.101 [I 03:19:30 InstallContribNbextensionsApp] Copying: /usr/local/lib/python3.8/dist-packages/jupyter_contrib_nbextensions/nbextensions/code_font_size/code_font_size.js -> /usr/local/share/jupyter/nbextensions/code_font_size/code_font_size.js
#15 2.101 [I 03:19:30 InstallContribNbextensionsApp] Copying: /usr/local/lib/python3.8/dist-packages/jupyter_contrib_nbextensions/nbextensions/code_font_size/code_font_size.yaml -> /usr/local/share/jupyter/nbextensions/code_font_size/code_font_size.yaml
#15 2.101 [I 03:19:30 InstallContribNbextensionsApp] Copying: /usr/local/lib/python3.8/dist-packages/jupyter_contrib_nbextensions/nbextensions/code_font_size/README.md -> /usr/local/share/jupyter/nbextensions/code_font_size/README.md
#15 2.102 [I 03:19:30 InstallContribNbextensionsApp] - Validating: [32mOK[0m
#15 2.102 [I 03:19:30 InstallContribNbextensionsApp] Installing /usr/local/lib/python3.8/dist-packages/jupyter_contrib_nbextensions/nbextensions/exercise2 -> exercise2
#15 2.102 [I 03:19:30 InstallContribNbextensionsApp] Making directory: /usr/local/share/jupyter/nbextensions/exercise2/
#15 2.102 [I 03:19:30 InstallContribNbextensionsApp] Copying: /usr/local/lib/python3.8/dist-packages/jupyter_contrib_nbextensions/nbextensions/exercise2/exercise2.yaml -> /usr/local/share/jupyter/nbextensions/exercise2/exercise2.yaml
#15 2.102 [I 03:19:30 InstallContribNbextensionsApp] Copying: /usr/local/lib/python3.8/dist-packages/jupyter_contrib_nbextensions/nbextensions/exercise2/image.gif -> /usr/local/share/jupyter/nbextensions/exercise2/image.gif
#15 2.103 [I 03:19:30 InstallContribNbextensionsApp] Copying: /usr/local/lib/python3.8/dist-packages/jupyter_contrib_nbextensions/nbextensions/exercise2/main.css -> /usr/local/share/jupyter/nbextensions/exercise2/main.css
#15 2.103 [I 03:19:30 InstallContribNbextensionsApp] Copying: /usr/local/lib/python3.8/dist-packages/jupyter_contrib_nbextensions/nbextensions/exercise2/readme.md -> /usr/local/share/jupyter/nbextensions/exercise2/readme.md
#15 2.104 [I 03:19:30 InstallContribNbextensionsApp] Copying: /usr/local/lib/python3.8/dist-packages/jupyter_contrib_nbextensions/nbextensions/exercise2/main.js -> /usr/local/share/jupyter/nbextensions/exercise2/main.js
#15 2.104 [I 03:19:30 InstallContribNbextensionsApp] Copying: /usr/local/lib/python3.8/dist-packages/jupyter_contrib_nbextensions/nbextensions/exercise2/icon.png -> /usr/local/share/jupyter/nbextensions/exercise2/icon.png
#15 2.105 [I 03:19:30 InstallContribNbextensionsApp] - Validating: [32mOK[0m
#15 2.105 [I 03:19:30 InstallContribNbextensionsApp] Installing /usr/local/lib/python3.8/dist-packages/jupyter_contrib_nbextensions/nbextensions/skill -> skill
#15 2.105 [I 03:19:30 InstallContribNbextensionsApp] Making directory: /usr/local/share/jupyter/nbextensions/skill/
#15 2.105 [I 03:19:30 InstallContribNbextensionsApp] Copying: /usr/local/lib/python3.8/dist-packages/jupyter_contrib_nbextensions/nbextensions/skill/skill.yaml -> /usr/local/share/jupyter/nbextensions/skill/skill.yaml
#15 2.105 [I 03:19:30 InstallContribNbextensionsApp] Copying: /usr/local/lib/python3.8/dist-packages/jupyter_contrib_nbextensions/nbextensions/skill/skill.js -> /usr/local/share/jupyter/nbextensions/skill/skill.js
#15 2.105 [I 03:19:30 InstallContribNbextensionsApp] Copying: /usr/local/lib/python3.8/dist-packages/jupyter_contrib_nbextensions/nbextensions/skill/main.js -> /usr/local/share/jupyter/nbextensions/skill/main.js
#15 2.105 [I 03:19:30 InstallContribNbextensionsApp] Copying: /usr/local/lib/python3.8/dist-packages/jupyter_contrib_nbextensions/nbextensions/skill/README.md -> /usr/local/share/jupyter/nbextensions/skill/README.md
#15 2.106 [I 03:19:30 InstallContribNbextensionsApp] - Validating: [32mOK[0m
#15 2.106 [I 03:19:30 InstallContribNbextensionsApp] Installing /usr/local/lib/python3.8/dist-packages/jupyter_contrib_nbextensions/nbextensions/table_beautifier -> table_beautifier
#15 2.107 [I 03:19:30 InstallContribNbextensionsApp] Making directory: /usr/local/share/jupyter/nbextensions/table_beautifier/
#15 2.107 [I 03:19:30 InstallContribNbextensionsApp] Copying: /usr/local/lib/python3.8/dist-packages/jupyter_contrib_nbextensions/nbextensions/table_beautifier/main.css -> /usr/local/share/jupyter/nbextensions/table_beautifier/main.css
#15 2.107 [I 03:19:30 InstallContribNbextensionsApp] Copying: /usr/local/lib/python3.8/dist-packages/jupyter_contrib_nbextensions/nbextensions/table_beautifier/main.js -> /usr/local/share/jupyter/nbextensions/table_beautifier/main.js
#15 2.108 [I 03:19:30 InstallContribNbextensionsApp] Copying: /usr/local/lib/python3.8/dist-packages/jupyter_contrib_nbextensions/nbextensions/table_beautifier/README.md -> /usr/local/share/jupyter/nbextensions/table_beautifier/README.md
#15 2.108 [I 03:19:30 InstallContribNbextensionsApp] Copying: /usr/local/lib/python3.8/dist-packages/jupyter_contrib_nbextensions/nbextensions/table_beautifier/table_beautifier.yaml -> /usr/local/share/jupyter/nbextensions/table_beautifier/table_beautifier.yaml
#15 2.109 [I 03:19:30 InstallContribNbextensionsApp] - Validating: [32mOK[0m
#15 2.109 [I 03:19:30 InstallContribNbextensionsApp] Installing /usr/local/lib/python3.8/dist-packages/jupyter_contrib_nbextensions/nbextensions/skip-traceback -> skip-traceback
#15 2.109 [I 03:19:30 InstallContribNbextensionsApp] Making directory: /usr/local/share/jupyter/nbextensions/skip-traceback/
#15 2.109 [I 03:19:30 InstallContribNbextensionsApp] Copying: /usr/local/lib/python3.8/dist-packages/jupyter_contrib_nbextensions/nbextensions/skip-traceback/readme.md -> /usr/local/share/jupyter/nbextensions/skip-traceback/readme.md
#15 2.109 [I 03:19:30 InstallContribNbextensionsApp] Copying: /usr/local/lib/python3.8/dist-packages/jupyter_contrib_nbextensions/nbextensions/skip-traceback/main.js -> /usr/local/share/jupyter/nbextensions/skip-traceback/main.js
#15 2.109 [I 03:19:30 InstallContribNbextensionsApp] Copying: /usr/local/lib/python3.8/dist-packages/jupyter_contrib_nbextensions/nbextensions/skip-traceback/skip-traceback.yaml -> /usr/local/share/jupyter/nbextensions/skip-traceback/skip-traceback.yaml
#15 2.110 [I 03:19:30 InstallContribNbextensionsApp] Copying: /usr/local/lib/python3.8/dist-packages/jupyter_contrib_nbextensions/nbextensions/skip-traceback/skip-traceback.png -> /usr/local/share/jupyter/nbextensions/skip-traceback/skip-traceback.png
#15 2.110 [I 03:19:30 InstallContribNbextensionsApp] Copying: /usr/local/lib/python3.8/dist-packages/jupyter_contrib_nbextensions/nbextensions/skip-traceback/traceback.png -> /usr/local/share/jupyter/nbextensions/skip-traceback/traceback.png
#15 2.111 [I 03:19:30 InstallContribNbextensionsApp] Copying: /usr/local/lib/python3.8/dist-packages/jupyter_contrib_nbextensions/nbextensions/skip-traceback/icon.png -> /usr/local/share/jupyter/nbextensions/skip-traceback/icon.png
#15 2.111 [I 03:19:30 InstallContribNbextensionsApp] - Validating: [32mOK[0m
#15 2.111 [I 03:19:30 InstallContribNbextensionsApp] Installing /usr/local/lib/python3.8/dist-packages/jupyter_contrib_nbextensions/nbextensions/help_panel -> help_panel
#15 2.112 [I 03:19:30 InstallContribNbextensionsApp] Making directory: /usr/local/share/jupyter/nbextensions/help_panel/
#15 2.112 [I 03:19:30 InstallContribNbextensionsApp] Copying: /usr/local/lib/python3.8/dist-packages/jupyter_contrib_nbextensions/nbextensions/help_panel/help_panel.js -> /usr/local/share/jupyter/nbextensions/help_panel/help_panel.js
#15 2.113 [I 03:19:30 InstallContribNbextensionsApp] Copying: /usr/local/lib/python3.8/dist-packages/jupyter_contrib_nbextensions/nbextensions/help_panel/help_panel.css -> /usr/local/share/jupyter/nbextensions/help_panel/help_panel.css
#15 2.113 [I 03:19:30 InstallContribNbextensionsApp] Copying: /usr/local/lib/python3.8/dist-packages/jupyter_contrib_nbextensions/nbextensions/help_panel/help_panel_ext_fullscreen.png -> /usr/local/share/jupyter/nbextensions/help_panel/help_panel_ext_fullscreen.png
#15 2.114 [I 03:19:30 InstallContribNbextensionsApp] Copying: /usr/local/lib/python3.8/dist-packages/jupyter_contrib_nbextensions/nbextensions/help_panel/readme.md -> /usr/local/share/jupyter/nbextensions/help_panel/readme.md
#15 2.114 [I 03:19:30 InstallContribNbextensionsApp] Copying: /usr/local/lib/python3.8/dist-packages/jupyter_contrib_nbextensions/nbextensions/help_panel/help_panel_ext.png -> /usr/local/share/jupyter/nbextensions/help_panel/help_panel_ext.png
#15 2.115 [I 03:19:30 InstallContribNbextensionsApp] Copying: /usr/local/lib/python3.8/dist-packages/jupyter_contrib_nbextensions/nbextensions/help_panel/help_panel.yaml -> /usr/local/share/jupyter/nbextensions/help_panel/help_panel.yaml
#15 2.115 [I 03:19:30 InstallContribNbextensionsApp] Copying: /usr/local/lib/python3.8/dist-packages/jupyter_contrib_nbextensions/nbextensions/help_panel/icon.png -> /usr/local/share/jupyter/nbextensions/help_panel/icon.png
#15 2.116 [I 03:19:30 InstallContribNbextensionsApp] Making directory: /usr/local/share/jupyter/nbextensions/help_panel/img
#15 2.116 [I 03:19:30 InstallContribNbextensionsApp] Copying: /usr/local/lib/python3.8/dist-packages/jupyter_contrib_nbextensions/nbextensions/help_panel/img/handle-v.png -> /usr/local/share/jupyter/nbextensions/help_panel/img/handle-v.png
#15 2.116 [I 03:19:30 InstallContribNbextensionsApp] - Validating: [32mOK[0m
#15 2.117 [I 03:19:30 InstallContribNbextensionsApp] Installing /usr/local/lib/python3.8/dist-packages/jupyter_contrib_nbextensions/nbextensions/tree-filter -> tree-filter
#15 2.117 [I 03:19:30 InstallContribNbextensionsApp] Making directory: /usr/local/share/jupyter/nbextensions/tree-filter/
#15 2.117 [I 03:19:30 InstallContribNbextensionsApp] Copying: /usr/local/lib/python3.8/dist-packages/jupyter_contrib_nbextensions/nbextensions/tree-filter/tree-filter.yaml -> /usr/local/share/jupyter/nbextensions/tree-filter/tree-filter.yaml
#15 2.118 [I 03:19:30 InstallContribNbextensionsApp] Copying: /usr/local/lib/python3.8/dist-packages/jupyter_contrib_nbextensions/nbextensions/tree-filter/readme.md -> /usr/local/share/jupyter/nbextensions/tree-filter/readme.md
#15 2.118 [I 03:19:30 InstallContribNbextensionsApp] Copying: /usr/local/lib/python3.8/dist-packages/jupyter_contrib_nbextensions/nbextensions/tree-filter/demo.gif -> /usr/local/share/jupyter/nbextensions/tree-filter/demo.gif
#15 2.118 [I 03:19:30 InstallContribNbextensionsApp] Copying: /usr/local/lib/python3.8/dist-packages/jupyter_contrib_nbextensions/nbextensions/tree-filter/index.js -> /usr/local/share/jupyter/nbextensions/tree-filter/index.js
#15 2.119 [I 03:19:30 InstallContribNbextensionsApp] - Validating: [32mOK[0m
#15 2.119 [I 03:19:30 InstallContribNbextensionsApp] Installing /usr/local/lib/python3.8/dist-packages/jupyter_contrib_nbextensions/nbextensions/scroll_down -> scroll_down
#15 2.120 [I 03:19:30 InstallContribNbextensionsApp] Making directory: /usr/local/share/jupyter/nbextensions/scroll_down/
#15 2.120 [I 03:19:30 InstallContribNbextensionsApp] Copying: /usr/local/lib/python3.8/dist-packages/jupyter_contrib_nbextensions/nbextensions/scroll_down/readme.md -> /usr/local/share/jupyter/nbextensions/scroll_down/readme.md
#15 2.120 [I 03:19:30 InstallContribNbextensionsApp] Copying: /usr/local/lib/python3.8/dist-packages/jupyter_contrib_nbextensions/nbextensions/scroll_down/main.js -> /usr/local/share/jupyter/nbextensions/scroll_down/main.js
#15 2.121 [I 03:19:30 InstallContribNbextensionsApp] Copying: /usr/local/lib/python3.8/dist-packages/jupyter_contrib_nbextensions/nbextensions/scroll_down/config.yaml -> /usr/local/share/jupyter/nbextensions/scroll_down/config.yaml
#15 2.121 [I 03:19:30 InstallContribNbextensionsApp] Copying: /usr/local/lib/python3.8/dist-packages/jupyter_contrib_nbextensions/nbextensions/scroll_down/icon.png -> /usr/local/share/jupyter/nbextensions/scroll_down/icon.png
#15 2.122 [I 03:19:30 InstallContribNbextensionsApp] - Validating: [32mOK[0m
#15 2.122 [I 03:19:30 InstallContribNbextensionsApp] Installing /usr/local/lib/python3.8/dist-packages/jupyter_contrib_nbextensions/nbextensions/spellchecker -> spellchecker
#15 2.122 [I 03:19:30 InstallContribNbextensionsApp] Making directory: /usr/local/share/jupyter/nbextensions/spellchecker/
#15 2.122 [I 03:19:30 InstallContribNbextensionsApp] Copying: /usr/local/lib/python3.8/dist-packages/jupyter_contrib_nbextensions/nbextensions/spellchecker/screenshot.png -> /usr/local/share/jupyter/nbextensions/spellchecker/screenshot.png
#15 2.123 [I 03:19:30 InstallContribNbextensionsApp] Copying: /usr/local/lib/python3.8/dist-packages/jupyter_contrib_nbextensions/nbextensions/spellchecker/download_new_dict.py -> /usr/local/share/jupyter/nbextensions/spellchecker/download_new_dict.py
#15 2.123 [I 03:19:30 InstallContribNbextensionsApp] Copying: /usr/local/lib/python3.8/dist-packages/jupyter_contrib_nbextensions/nbextensions/spellchecker/main.css -> /usr/local/share/jupyter/nbextensions/spellchecker/main.css
#15 2.124 [I 03:19:30 InstallContribNbextensionsApp] Copying: /usr/local/lib/python3.8/dist-packages/jupyter_contrib_nbextensions/nbextensions/spellchecker/main.js -> /usr/local/share/jupyter/nbextensions/spellchecker/main.js
#15 2.124 [I 03:19:30 InstallContribNbextensionsApp] Copying: /usr/local/lib/python3.8/dist-packages/jupyter_contrib_nbextensions/nbextensions/spellchecker/README.md -> /usr/local/share/jupyter/nbextensions/spellchecker/README.md
#15 2.124 [I 03:19:30 InstallContribNbextensionsApp] Copying: /usr/local/lib/python3.8/dist-packages/jupyter_contrib_nbextensions/nbextensions/spellchecker/config.yaml -> /usr/local/share/jupyter/nbextensions/spellchecker/config.yaml
#15 2.126 [I 03:19:30 InstallContribNbextensionsApp] Making directory: /usr/local/share/jupyter/nbextensions/spellchecker/__pycache__
#15 2.126 [I 03:19:30 InstallContribNbextensionsApp] Copying: /usr/local/lib/python3.8/dist-packages/jupyter_contrib_nbextensions/nbextensions/spellchecker/__pycache__/download_new_dict.cpython-38.pyc -> /usr/local/share/jupyter/nbextensions/spellchecker/__pycache__/download_new_dict.cpython-38.pyc
#15 2.126 [I 03:19:30 InstallContribNbextensionsApp] Making directory: /usr/local/share/jupyter/nbextensions/spellchecker/typo
#15 2.126 [I 03:19:30 InstallContribNbextensionsApp] Copying: /usr/local/lib/python3.8/dist-packages/jupyter_contrib_nbextensions/nbextensions/spellchecker/typo/LICENSE.txt -> /usr/local/share/jupyter/nbextensions/spellchecker/typo/LICENSE.txt
#15 2.126 [I 03:19:30 InstallContribNbextensionsApp] Copying: /usr/local/lib/python3.8/dist-packages/jupyter_contrib_nbextensions/nbextensions/spellchecker/typo/typo.js -> /usr/local/share/jupyter/nbextensions/spellchecker/typo/typo.js
#15 2.126 [I 03:19:30 InstallContribNbextensionsApp] - Validating: [32mOK[0m
#15 2.126 [I 03:19:30 InstallContribNbextensionsApp] Installing /usr/local/lib/python3.8/dist-packages/jupyter_contrib_nbextensions/nbextensions/nbTranslate -> nbTranslate
#15 2.126 [I 03:19:30 InstallContribNbextensionsApp] Making directory: /usr/local/share/jupyter/nbextensions/nbTranslate/
#15 2.126 [I 03:19:30 InstallContribNbextensionsApp] Copying: /usr/local/lib/python3.8/dist-packages/jupyter_contrib_nbextensions/nbextensions/nbTranslate/mutils.js -> /usr/local/share/jupyter/nbextensions/nbTranslate/mutils.js
#15 2.127 [I 03:19:30 InstallContribNbextensionsApp] Copying: /usr/local/lib/python3.8/dist-packages/jupyter_contrib_nbextensions/nbextensions/nbTranslate/languages.js -> /usr/local/share/jupyter/nbextensions/nbTranslate/languages.js
#15 2.127 [I 03:19:30 InstallContribNbextensionsApp] Copying: /usr/local/lib/python3.8/dist-packages/jupyter_contrib_nbextensions/nbextensions/nbTranslate/nbTranslate.yaml -> /usr/local/share/jupyter/nbextensions/nbTranslate/nbTranslate.yaml
#15 2.128 [I 03:19:30 InstallContribNbextensionsApp] Copying: /usr/local/lib/python3.8/dist-packages/jupyter_contrib_nbextensions/nbextensions/nbTranslate/demo1.gif -> /usr/local/share/jupyter/nbextensions/nbTranslate/demo1.gif
#15 2.129 [I 03:19:30 InstallContribNbextensionsApp] Copying: /usr/local/lib/python3.8/dist-packages/jupyter_contrib_nbextensions/nbextensions/nbTranslate/main.js -> /usr/local/share/jupyter/nbextensions/nbTranslate/main.js
#15 2.130 [I 03:19:30 InstallContribNbextensionsApp] Copying: /usr/local/lib/python3.8/dist-packages/jupyter_contrib_nbextensions/nbextensions/nbTranslate/README.md -> /usr/local/share/jupyter/nbextensions/nbTranslate/README.md
#15 2.130 [I 03:19:30 InstallContribNbextensionsApp] Copying: /usr/local/lib/python3.8/dist-packages/jupyter_contrib_nbextensions/nbextensions/nbTranslate/demo2.gif -> /usr/local/share/jupyter/nbextensions/nbTranslate/demo2.gif
#15 2.133 [I 03:19:30 InstallContribNbextensionsApp] Copying: /usr/local/lib/python3.8/dist-packages/jupyter_contrib_nbextensions/nbextensions/nbTranslate/nbTranslate.js -> /usr/local/share/jupyter/nbextensions/nbTranslate/nbTranslate.js
#15 2.133 [I 03:19:30 InstallContribNbextensionsApp] - Validating: [32mOK[0m
#15 2.133 [I 03:19:30 InstallContribNbextensionsApp] Installing /usr/local/lib/python3.8/dist-packages/jupyter_contrib_nbextensions/nbextensions/load_tex_macros -> load_tex_macros
#15 2.133 [I 03:19:30 InstallContribNbextensionsApp] Making directory: /usr/local/share/jupyter/nbextensions/load_tex_macros/
#15 2.134 [I 03:19:30 InstallContribNbextensionsApp] Copying: /usr/local/lib/python3.8/dist-packages/jupyter_contrib_nbextensions/nbextensions/load_tex_macros/load_tex_macros.yaml -> /usr/local/share/jupyter/nbextensions/load_tex_macros/load_tex_macros.yaml
#15 2.135 [I 03:19:30 InstallContribNbextensionsApp] Copying: /usr/local/lib/python3.8/dist-packages/jupyter_contrib_nbextensions/nbextensions/load_tex_macros/readme.md -> /usr/local/share/jupyter/nbextensions/load_tex_macros/readme.md
#15 2.135 [I 03:19:30 InstallContribNbextensionsApp] Copying: /usr/local/lib/python3.8/dist-packages/jupyter_contrib_nbextensions/nbextensions/load_tex_macros/main.js -> /usr/local/share/jupyter/nbextensions/load_tex_macros/main.js
#15 2.135 [I 03:19:30 InstallContribNbextensionsApp] Copying: /usr/local/lib/python3.8/dist-packages/jupyter_contrib_nbextensions/nbextensions/load_tex_macros/icon.png -> /usr/local/share/jupyter/nbextensions/load_tex_macros/icon.png
#15 2.136 [I 03:19:30 InstallContribNbextensionsApp] - Validating: [32mOK[0m
#15 2.137 [I 03:19:30 InstallContribNbextensionsApp] Installing /usr/local/lib/python3.8/dist-packages/jupyter_contrib_nbextensions/nbextensions/contrib_nbextensions_help_item -> contrib_nbextensions_help_item
#15 2.137 [I 03:19:30 InstallContribNbextensionsApp] Making directory: /usr/local/share/jupyter/nbextensions/contrib_nbextensions_help_item/
#15 2.137 [I 03:19:30 InstallContribNbextensionsApp] Copying: /usr/local/lib/python3.8/dist-packages/jupyter_contrib_nbextensions/nbextensions/contrib_nbextensions_help_item/main.js -> /usr/local/share/jupyter/nbextensions/contrib_nbextensions_help_item/main.js
#15 2.138 [I 03:19:30 InstallContribNbextensionsApp] Copying: /usr/local/lib/python3.8/dist-packages/jupyter_contrib_nbextensions/nbextensions/contrib_nbextensions_help_item/README.md -> /usr/local/share/jupyter/nbextensions/contrib_nbextensions_help_item/README.md
#15 2.138 [I 03:19:30 InstallContribNbextensionsApp] Copying: /usr/local/lib/python3.8/dist-packages/jupyter_contrib_nbextensions/nbextensions/contrib_nbextensions_help_item/contrib_nbextensions_help_item.yaml -> /usr/local/share/jupyter/nbextensions/contrib_nbextensions_help_item/contrib_nbextensions_help_item.yaml
#15 2.138 [I 03:19:30 InstallContribNbextensionsApp] - Validating: [32mOK[0m
#15 2.139 [I 03:19:30 InstallContribNbextensionsApp] Installing /usr/local/lib/python3.8/dist-packages/jupyter_contrib_nbextensions/nbextensions/printview -> printview
#15 2.139 [I 03:19:30 InstallContribNbextensionsApp] Making directory: /usr/local/share/jupyter/nbextensions/printview/
#15 2.139 [I 03:19:30 InstallContribNbextensionsApp] Copying: /usr/local/lib/python3.8/dist-packages/jupyter_contrib_nbextensions/nbextensions/printview/printview-button.png -> /usr/local/share/jupyter/nbextensions/printview/printview-button.png
#15 2.139 [I 03:19:30 InstallContribNbextensionsApp] Copying: /usr/local/lib/python3.8/dist-packages/jupyter_contrib_nbextensions/nbextensions/printview/printview.yaml -> /usr/local/share/jupyter/nbextensions/printview/printview.yaml
#15 2.139 [I 03:19:30 InstallContribNbextensionsApp] Copying: /usr/local/lib/python3.8/dist-packages/jupyter_contrib_nbextensions/nbextensions/printview/readme.md -> /usr/local/share/jupyter/nbextensions/printview/readme.md
#15 2.139 [I 03:19:30 InstallContribNbextensionsApp] Copying: /usr/local/lib/python3.8/dist-packages/jupyter_contrib_nbextensions/nbextensions/printview/main.js -> /usr/local/share/jupyter/nbextensions/printview/main.js
#15 2.139 [I 03:19:30 InstallContribNbextensionsApp] Copying: /usr/local/lib/python3.8/dist-packages/jupyter_contrib_nbextensions/nbextensions/printview/icon.png -> /usr/local/share/jupyter/nbextensions/printview/icon.png
#15 2.140 [I 03:19:30 InstallContribNbextensionsApp] - Validating: [32mOK[0m
#15 2.140 [I 03:19:30 InstallContribNbextensionsApp] Installing /usr/local/lib/python3.8/dist-packages/jupyter_contrib_nbextensions/nbextensions/export_embedded -> export_embedded
#15 2.140 [I 03:19:30 InstallContribNbextensionsApp] Making directory: /usr/local/share/jupyter/nbextensions/export_embedded/
#15 2.140 [I 03:19:30 InstallContribNbextensionsApp] Copying: /usr/local/lib/python3.8/dist-packages/jupyter_contrib_nbextensions/nbextensions/export_embedded/export_embedded.yaml -> /usr/local/share/jupyter/nbextensions/export_embedded/export_embedded.yaml
#15 2.141 [I 03:19:30 InstallContribNbextensionsApp] Copying: /usr/local/lib/python3.8/dist-packages/jupyter_contrib_nbextensions/nbextensions/export_embedded/readme.md -> /usr/local/share/jupyter/nbextensions/export_embedded/readme.md
#15 2.141 [I 03:19:30 InstallContribNbextensionsApp] Copying: /usr/local/lib/python3.8/dist-packages/jupyter_contrib_nbextensions/nbextensions/export_embedded/main.js -> /usr/local/share/jupyter/nbextensions/export_embedded/main.js
#15 2.141 [I 03:19:30 InstallContribNbextensionsApp] Copying: /usr/local/lib/python3.8/dist-packages/jupyter_contrib_nbextensions/nbextensions/export_embedded/icon.png -> /usr/local/share/jupyter/nbextensions/export_embedded/icon.png
#15 2.142 [I 03:19:30 InstallContribNbextensionsApp] - Validating: [32mOK[0m
#15 2.142 [I 03:19:30 InstallContribNbextensionsApp] Installing /usr/local/lib/python3.8/dist-packages/jupyter_contrib_nbextensions/nbextensions/snippets -> snippets
#15 2.142 [I 03:19:30 InstallContribNbextensionsApp] Making directory: /usr/local/share/jupyter/nbextensions/snippets/
#15 2.143 [I 03:19:30 InstallContribNbextensionsApp] Copying: /usr/local/lib/python3.8/dist-packages/jupyter_contrib_nbextensions/nbextensions/snippets/snippets.yaml -> /usr/local/share/jupyter/nbextensions/snippets/snippets.yaml
#15 2.143 [I 03:19:30 InstallContribNbextensionsApp] Copying: /usr/local/lib/python3.8/dist-packages/jupyter_contrib_nbextensions/nbextensions/snippets/snippets-demo.gif -> /usr/local/share/jupyter/nbextensions/snippets/snippets-demo.gif
#15 2.143 [I 03:19:30 InstallContribNbextensionsApp] Copying: /usr/local/lib/python3.8/dist-packages/jupyter_contrib_nbextensions/nbextensions/snippets/main.js -> /usr/local/share/jupyter/nbextensions/snippets/main.js
#15 2.144 [I 03:19:30 InstallContribNbextensionsApp] Copying: /usr/local/lib/python3.8/dist-packages/jupyter_contrib_nbextensions/nbextensions/snippets/README.md -> /usr/local/share/jupyter/nbextensions/snippets/README.md
#15 2.144 [I 03:19:30 InstallContribNbextensionsApp] Copying: /usr/local/lib/python3.8/dist-packages/jupyter_contrib_nbextensions/nbextensions/snippets/snippets.json -> /usr/local/share/jupyter/nbextensions/snippets/snippets.json
#15 2.144 [I 03:19:30 InstallContribNbextensionsApp] - Validating: [32mOK[0m
#15 2.144 [I 03:19:30 InstallContribNbextensionsApp] Installing /usr/local/lib/python3.8/dist-packages/jupyter_contrib_nbextensions/nbextensions/toc2 -> toc2
#15 2.145 [I 03:19:30 InstallContribNbextensionsApp] Making directory: /usr/local/share/jupyter/nbextensions/toc2/
#15 2.145 [I 03:19:30 InstallContribNbextensionsApp] Copying: /usr/local/lib/python3.8/dist-packages/jupyter_contrib_nbextensions/nbextensions/toc2/toc2.js -> /usr/local/share/jupyter/nbextensions/toc2/toc2.js
#15 2.145 [I 03:19:30 InstallContribNbextensionsApp] Copying: /usr/local/lib/python3.8/dist-packages/jupyter_contrib_nbextensions/nbextensions/toc2/demo3.gif -> /usr/local/share/jupyter/nbextensions/toc2/demo3.gif
#15 2.146 [I 03:19:30 InstallContribNbextensionsApp] Copying: /usr/local/lib/python3.8/dist-packages/jupyter_contrib_nbextensions/nbextensions/toc2/main.css -> /usr/local/share/jupyter/nbextensions/toc2/main.css
#15 2.146 [I 03:19:30 InstallContribNbextensionsApp] Copying: /usr/local/lib/python3.8/dist-packages/jupyter_contrib_nbextensions/nbextensions/toc2/main.js -> /usr/local/share/jupyter/nbextensions/toc2/main.js
#15 2.146 [I 03:19:30 InstallContribNbextensionsApp] Copying: /usr/local/lib/python3.8/dist-packages/jupyter_contrib_nbextensions/nbextensions/toc2/toc2.yaml -> /usr/local/share/jupyter/nbextensions/toc2/toc2.yaml
#15 2.146 [I 03:19:30 InstallContribNbextensionsApp] Copying: /usr/local/lib/python3.8/dist-packages/jupyter_contrib_nbextensions/nbextensions/toc2/README.md -> /usr/local/share/jupyter/nbextensions/toc2/README.md
#15 2.147 [I 03:19:30 InstallContribNbextensionsApp] Copying: /usr/local/lib/python3.8/dist-packages/jupyter_contrib_nbextensions/nbextensions/toc2/image.png -> /usr/local/share/jupyter/nbextensions/toc2/image.png
#15 2.147 [I 03:19:30 InstallContribNbextensionsApp] Copying: /usr/local/lib/python3.8/dist-packages/jupyter_contrib_nbextensions/nbextensions/toc2/demo2.gif -> /usr/local/share/jupyter/nbextensions/toc2/demo2.gif
#15 2.148 [I 03:19:30 InstallContribNbextensionsApp] Copying: /usr/local/lib/python3.8/dist-packages/jupyter_contrib_nbextensions/nbextensions/toc2/demo_dark.png -> /usr/local/share/jupyter/nbextensions/toc2/demo_dark.png
#15 2.148 [I 03:19:30 InstallContribNbextensionsApp] Copying: /usr/local/lib/python3.8/dist-packages/jupyter_contrib_nbextensions/nbextensions/toc2/demo.gif -> /usr/local/share/jupyter/nbextensions/toc2/demo.gif
#15 2.150 [I 03:19:30 InstallContribNbextensionsApp] Copying: /usr/local/lib/python3.8/dist-packages/jupyter_contrib_nbextensions/nbextensions/toc2/icon.png -> /usr/local/share/jupyter/nbextensions/toc2/icon.png
#15 2.151 [I 03:19:30 InstallContribNbextensionsApp] - Validating: [32mOK[0m
#15 2.151 [I 03:19:30 InstallContribNbextensionsApp] Installing /usr/local/lib/python3.8/dist-packages/jupyter_contrib_nbextensions/nbextensions/livemdpreview -> livemdpreview
#15 2.151 [I 03:19:30 InstallContribNbextensionsApp] Making directory: /usr/local/share/jupyter/nbextensions/livemdpreview/
#15 2.152 [I 03:19:30 InstallContribNbextensionsApp] Copying: /usr/local/lib/python3.8/dist-packages/jupyter_contrib_nbextensions/nbextensions/livemdpreview/livemdpreview.js -> /usr/local/share/jupyter/nbextensions/livemdpreview/livemdpreview.js
#15 2.152 [I 03:19:30 InstallContribNbextensionsApp] Copying: /usr/local/lib/python3.8/dist-packages/jupyter_contrib_nbextensions/nbextensions/livemdpreview/livemdpreview.yml -> /usr/local/share/jupyter/nbextensions/livemdpreview/livemdpreview.yml
#15 2.152 [I 03:19:30 InstallContribNbextensionsApp] - Validating: [32mOK[0m
#15 2.152 [I 03:19:30 InstallContribNbextensionsApp] Installing /usr/local/lib/python3.8/dist-packages/jupyter_contrib_nbextensions/nbextensions/python-markdown -> python-markdown
#15 2.153 [I 03:19:30 InstallContribNbextensionsApp] Making directory: /usr/local/share/jupyter/nbextensions/python-markdown/
#15 2.153 [I 03:19:30 InstallContribNbextensionsApp] Copying: /usr/local/lib/python3.8/dist-packages/jupyter_contrib_nbextensions/nbextensions/python-markdown/trusted.png -> /usr/local/share/jupyter/nbextensions/python-markdown/trusted.png
#15 2.153 [I 03:19:30 InstallContribNbextensionsApp] Copying: /usr/local/lib/python3.8/dist-packages/jupyter_contrib_nbextensions/nbextensions/python-markdown/main.css -> /usr/local/share/jupyter/nbextensions/python-markdown/main.css
#15 2.153 [I 03:19:30 InstallContribNbextensionsApp] Copying: /usr/local/lib/python3.8/dist-packages/jupyter_contrib_nbextensions/nbextensions/python-markdown/readme.md -> /usr/local/share/jupyter/nbextensions/python-markdown/readme.md
#15 2.153 [I 03:19:30 InstallContribNbextensionsApp] Copying: /usr/local/lib/python3.8/dist-packages/jupyter_contrib_nbextensions/nbextensions/python-markdown/untrusted.png -> /usr/local/share/jupyter/nbextensions/python-markdown/untrusted.png
#15 2.153 [I 03:19:30 InstallContribNbextensionsApp] Copying: /usr/local/lib/python3.8/dist-packages/jupyter_contrib_nbextensions/nbextensions/python-markdown/python-markdown.yaml -> /usr/local/share/jupyter/nbextensions/python-markdown/python-markdown.yaml
#15 2.154 [I 03:19:30 InstallContribNbextensionsApp] Copying: /usr/local/lib/python3.8/dist-packages/jupyter_contrib_nbextensions/nbextensions/python-markdown/main.js -> /usr/local/share/jupyter/nbextensions/python-markdown/main.js
#15 2.154 [I 03:19:30 InstallContribNbextensionsApp] Copying: /usr/local/lib/python3.8/dist-packages/jupyter_contrib_nbextensions/nbextensions/python-markdown/python-markdown.png -> /usr/local/share/jupyter/nbextensions/python-markdown/python-markdown.png
#15 2.154 [I 03:19:30 InstallContribNbextensionsApp] Copying: /usr/local/lib/python3.8/dist-packages/jupyter_contrib_nbextensions/nbextensions/python-markdown/python-markdown-post.png -> /usr/local/share/jupyter/nbextensions/python-markdown/python-markdown-post.png
#15 2.154 [I 03:19:30 InstallContribNbextensionsApp] Copying: /usr/local/lib/python3.8/dist-packages/jupyter_contrib_nbextensions/nbextensions/python-markdown/python-markdown-pre.png -> /usr/local/share/jupyter/nbextensions/python-markdown/python-markdown-pre.png
#15 2.155 [I 03:19:30 InstallContribNbextensionsApp] - Validating: [32mOK[0m
#15 2.155 [I 03:19:30 InstallContribNbextensionsApp] Installing /usr/local/lib/python3.8/dist-packages/jupyter_contrib_nbextensions/nbextensions/execution_dependencies -> execution_dependencies
#15 2.155 [I 03:19:30 InstallContribNbextensionsApp] Making directory: /usr/local/share/jupyter/nbextensions/execution_dependencies/
#15 2.155 [I 03:19:30 InstallContribNbextensionsApp] Copying: /usr/local/lib/python3.8/dist-packages/jupyter_contrib_nbextensions/nbextensions/execution_dependencies/execution_dependencies.js -> /usr/local/share/jupyter/nbextensions/execution_dependencies/execution_dependencies.js
#15 2.156 [I 03:19:30 InstallContribNbextensionsApp] Copying: /usr/local/lib/python3.8/dist-packages/jupyter_contrib_nbextensions/nbextensions/execution_dependencies/README.md -> /usr/local/share/jupyter/nbextensions/execution_dependencies/README.md
#15 2.156 [I 03:19:30 InstallContribNbextensionsApp] Copying: /usr/local/lib/python3.8/dist-packages/jupyter_contrib_nbextensions/nbextensions/execution_dependencies/execution_dependencies.yml -> /usr/local/share/jupyter/nbextensions/execution_dependencies/execution_dependencies.yml
#15 2.156 [I 03:19:30 InstallContribNbextensionsApp] - Validating: [32mOK[0m
#15 2.156 [I 03:19:30 InstallContribNbextensionsApp] Installing /usr/local/lib/python3.8/dist-packages/jupyter_contrib_nbextensions/nbextensions/codefolding -> codefolding
#15 2.156 [I 03:19:30 InstallContribNbextensionsApp] Making directory: /usr/local/share/jupyter/nbextensions/codefolding/
#15 2.156 [I 03:19:30 InstallContribNbextensionsApp] Copying: /usr/local/lib/python3.8/dist-packages/jupyter_contrib_nbextensions/nbextensions/codefolding/foldgutter.css -> /usr/local/share/jupyter/nbextensions/codefolding/foldgutter.css
#15 2.156 [I 03:19:30 InstallContribNbextensionsApp] Copying: /usr/local/lib/python3.8/dist-packages/jupyter_contrib_nbextensions/nbextensions/codefolding/codefolding_firstline_folded.png -> /usr/local/share/jupyter/nbextensions/codefolding/codefolding_firstline_folded.png
#15 2.157 [I 03:19:30 InstallContribNbextensionsApp] Copying: /usr/local/lib/python3.8/dist-packages/jupyter_contrib_nbextensions/nbextensions/codefolding/codefolding.yaml -> /usr/local/share/jupyter/nbextensions/codefolding/codefolding.yaml
#15 2.157 [I 03:19:30 InstallContribNbextensionsApp] Copying: /usr/local/lib/python3.8/dist-packages/jupyter_contrib_nbextensions/nbextensions/codefolding/codefolding_indent_folded_2.png -> /usr/local/share/jupyter/nbextensions/codefolding/codefolding_indent_folded_2.png
#15 2.157 [I 03:19:30 InstallContribNbextensionsApp] Copying: /usr/local/lib/python3.8/dist-packages/jupyter_contrib_nbextensions/nbextensions/codefolding/firstline-fold.js -> /usr/local/share/jupyter/nbextensions/codefolding/firstline-fold.js
#15 2.157 [I 03:19:30 InstallContribNbextensionsApp] Copying: /usr/local/lib/python3.8/dist-packages/jupyter_contrib_nbextensions/nbextensions/codefolding/magic-folded.png -> /usr/local/share/jupyter/nbextensions/codefolding/magic-folded.png
#15 2.158 [I 03:19:30 InstallContribNbextensionsApp] Copying: /usr/local/lib/python3.8/dist-packages/jupyter_contrib_nbextensions/nbextensions/codefolding/codefolding_indent_unfolded.png -> /usr/local/share/jupyter/nbextensions/codefolding/codefolding_indent_unfolded.png
#15 2.158 [I 03:19:30 InstallContribNbextensionsApp] Copying: /usr/local/lib/python3.8/dist-packages/jupyter_contrib_nbextensions/nbextensions/codefolding/readme.md -> /usr/local/share/jupyter/nbextensions/codefolding/readme.md
#15 2.158 [I 03:19:30 InstallContribNbextensionsApp] Copying: /usr/local/lib/python3.8/dist-packages/jupyter_contrib_nbextensions/nbextensions/codefolding/codefolding_editor.png -> /usr/local/share/jupyter/nbextensions/codefolding/codefolding_editor.png
#15 2.159 [I 03:19:30 InstallContribNbextensionsApp] Copying: /usr/local/lib/python3.8/dist-packages/jupyter_contrib_nbextensions/nbextensions/codefolding/edit.js -> /usr/local/share/jupyter/nbextensions/codefolding/edit.js
#15 2.159 [I 03:19:30 InstallContribNbextensionsApp] Copying: /usr/local/lib/python3.8/dist-packages/jupyter_contrib_nbextensions/nbextensions/codefolding/codefolding_editor.yaml -> /usr/local/share/jupyter/nbextensions/codefolding/codefolding_editor.yaml
#15 2.160 [I 03:19:30 InstallContribNbextensionsApp] Copying: /usr/local/lib/python3.8/dist-packages/jupyter_contrib_nbextensions/nbextensions/codefolding/magic-fold.js -> /usr/local/share/jupyter/nbextensions/codefolding/magic-fold.js
#15 2.160 [I 03:19:30 InstallContribNbextensionsApp] Copying: /usr/local/lib/python3.8/dist-packages/jupyter_contrib_nbextensions/nbextensions/codefolding/main.js -> /usr/local/share/jupyter/nbextensions/codefolding/main.js
#15 2.160 [I 03:19:30 InstallContribNbextensionsApp] Copying: /usr/local/lib/python3.8/dist-packages/jupyter_contrib_nbextensions/nbextensions/codefolding/codefolding_indent_folded_1.png -> /usr/local/share/jupyter/nbextensions/codefolding/codefolding_indent_folded_1.png
#15 2.161 [I 03:19:30 InstallContribNbextensionsApp] Copying: /usr/local/lib/python3.8/dist-packages/jupyter_contrib_nbextensions/nbextensions/codefolding/codefolding_firstline_unfolded.png -> /usr/local/share/jupyter/nbextensions/codefolding/codefolding_firstline_unfolded.png
#15 2.161 [I 03:19:30 InstallContribNbextensionsApp] Copying: /usr/local/lib/python3.8/dist-packages/jupyter_contrib_nbextensions/nbextensions/codefolding/blockcomment-fold.js -> /usr/local/share/jupyter/nbextensions/codefolding/blockcomment-fold.js
#15 2.161 [I 03:19:30 InstallContribNbextensionsApp] Copying: /usr/local/lib/python3.8/dist-packages/jupyter_contrib_nbextensions/nbextensions/codefolding/icon.png -> /usr/local/share/jupyter/nbextensions/codefolding/icon.png
#15 2.161 [I 03:19:30 InstallContribNbextensionsApp] Copying: /usr/local/lib/python3.8/dist-packages/jupyter_contrib_nbextensions/nbextensions/codefolding/magic-unfolded.png -> /usr/local/share/jupyter/nbextensions/codefolding/magic-unfolded.png
#15 2.161 [I 03:19:30 InstallContribNbextensionsApp] - Validating: [32mOK[0m
#15 2.161 [I 03:19:30 InstallContribNbextensionsApp] Installing /usr/local/lib/python3.8/dist-packages/jupyter_contrib_nbextensions/nbextensions/codefolding -> codefolding
#15 2.161 [I 03:19:30 InstallContribNbextensionsApp] Up to date: /usr/local/share/jupyter/nbextensions/codefolding/foldgutter.css
#15 2.161 [I 03:19:30 InstallContribNbextensionsApp] Up to date: /usr/local/share/jupyter/nbextensions/codefolding/codefolding_firstline_folded.png
#15 2.162 [I 03:19:30 InstallContribNbextensionsApp] Up to date: /usr/local/share/jupyter/nbextensions/codefolding/codefolding.yaml
#15 2.162 [I 03:19:30 InstallContribNbextensionsApp] Up to date: /usr/local/share/jupyter/nbextensions/codefolding/codefolding_indent_folded_2.png
#15 2.162 [I 03:19:30 InstallContribNbextensionsApp] Up to date: /usr/local/share/jupyter/nbextensions/codefolding/firstline-fold.js
#15 2.162 [I 03:19:30 InstallContribNbextensionsApp] Up to date: /usr/local/share/jupyter/nbextensions/codefolding/magic-folded.png
#15 2.162 [I 03:19:30 InstallContribNbextensionsApp] Up to date: /usr/local/share/jupyter/nbextensions/codefolding/codefolding_indent_unfolded.png
#15 2.162 [I 03:19:30 InstallContribNbextensionsApp] Up to date: /usr/local/share/jupyter/nbextensions/codefolding/readme.md
#15 2.163 [I 03:19:30 InstallContribNbextensionsApp] Up to date: /usr/local/share/jupyter/nbextensions/codefolding/codefolding_editor.png
#15 2.163 [I 03:19:30 InstallContribNbextensionsApp] Up to date: /usr/local/share/jupyter/nbextensions/codefolding/edit.js
#15 2.163 [I 03:19:30 InstallContribNbextensionsApp] Up to date: /usr/local/share/jupyter/nbextensions/codefolding/codefolding_editor.yaml
#15 2.163 [I 03:19:30 InstallContribNbextensionsApp] Up to date: /usr/local/share/jupyter/nbextensions/codefolding/magic-fold.js
#15 2.163 [I 03:19:30 InstallContribNbextensionsApp] Up to date: /usr/local/share/jupyter/nbextensions/codefolding/main.js
#15 2.163 [I 03:19:30 InstallContribNbextensionsApp] Up to date: /usr/local/share/jupyter/nbextensions/codefolding/codefolding_indent_folded_1.png
#15 2.163 [I 03:19:30 InstallContribNbextensionsApp] Up to date: /usr/local/share/jupyter/nbextensions/codefolding/codefolding_firstline_unfolded.png
#15 2.163 [I 03:19:30 InstallContribNbextensionsApp] Up to date: /usr/local/share/jupyter/nbextensions/codefolding/blockcomment-fold.js
#15 2.163 [I 03:19:30 InstallContribNbextensionsApp] Up to date: /usr/local/share/jupyter/nbextensions/codefolding/icon.png
#15 2.163 [I 03:19:30 InstallContribNbextensionsApp] Up to date: /usr/local/share/jupyter/nbextensions/codefolding/magic-unfolded.png
#15 2.163 [I 03:19:30 InstallContribNbextensionsApp] - Validating: [32mOK[0m
#15 2.163 [I 03:19:30 InstallContribNbextensionsApp] Installing /usr/local/lib/python3.8/dist-packages/jupyter_contrib_nbextensions/nbextensions/highlighter -> highlighter
#15 2.163 [I 03:19:30 InstallContribNbextensionsApp] Making directory: /usr/local/share/jupyter/nbextensions/highlighter/
#15 2.163 [I 03:19:30 InstallContribNbextensionsApp] Copying: /usr/local/lib/python3.8/dist-packages/jupyter_contrib_nbextensions/nbextensions/highlighter/export_highlights.tex -> /usr/local/share/jupyter/nbextensions/highlighter/export_highlights.tex
#15 2.163 [I 03:19:30 InstallContribNbextensionsApp] Copying: /usr/local/lib/python3.8/dist-packages/jupyter_contrib_nbextensions/nbextensions/highlighter/image.gif -> /usr/local/share/jupyter/nbextensions/highlighter/image.gif
#15 2.164 [I 03:19:30 InstallContribNbextensionsApp] Copying: /usr/local/lib/python3.8/dist-packages/jupyter_contrib_nbextensions/nbextensions/highlighter/export_highlights.pdf -> /usr/local/share/jupyter/nbextensions/highlighter/export_highlights.pdf
#15 2.164 [I 03:19:30 InstallContribNbextensionsApp] Copying: /usr/local/lib/python3.8/dist-packages/jupyter_contrib_nbextensions/nbextensions/highlighter/demo_highlighter.ipynb -> /usr/local/share/jupyter/nbextensions/highlighter/demo_highlighter.ipynb
#15 2.165 [I 03:19:30 InstallContribNbextensionsApp] Copying: /usr/local/lib/python3.8/dist-packages/jupyter_contrib_nbextensions/nbextensions/highlighter/readme.md -> /usr/local/share/jupyter/nbextensions/highlighter/readme.md
#15 2.165 [I 03:19:30 InstallContribNbextensionsApp] Copying: /usr/local/lib/python3.8/dist-packages/jupyter_contrib_nbextensions/nbextensions/highlighter/export_highlights.html -> /usr/local/share/jupyter/nbextensions/highlighter/export_highlights.html
#15 2.165 [I 03:19:30 InstallContribNbextensionsApp] Copying: /usr/local/lib/python3.8/dist-packages/jupyter_contrib_nbextensions/nbextensions/highlighter/demo_highlighter.html -> /usr/local/share/jupyter/nbextensions/highlighter/demo_highlighter.html
#15 2.165 [I 03:19:30 InstallContribNbextensionsApp] Copying: /usr/local/lib/python3.8/dist-packages/jupyter_contrib_nbextensions/nbextensions/highlighter/tst_highlights.tex -> /usr/local/share/jupyter/nbextensions/highlighter/tst_highlights.tex
#15 2.166 [I 03:19:30 InstallContribNbextensionsApp] Copying: /usr/local/lib/python3.8/dist-packages/jupyter_contrib_nbextensions/nbextensions/highlighter/tst_highlights.html -> /usr/local/share/jupyter/nbextensions/highlighter/tst_highlights.html
#15 2.166 [I 03:19:30 InstallContribNbextensionsApp] Copying: /usr/local/lib/python3.8/dist-packages/jupyter_contrib_nbextensions/nbextensions/highlighter/highlighter.yaml -> /usr/local/share/jupyter/nbextensions/highlighter/highlighter.yaml
#15 2.166 [I 03:19:30 InstallContribNbextensionsApp] Copying: /usr/local/lib/python3.8/dist-packages/jupyter_contrib_nbextensions/nbextensions/highlighter/export_highlights.ipynb -> /usr/local/share/jupyter/nbextensions/highlighter/export_highlights.ipynb
#15 2.167 [I 03:19:30 InstallContribNbextensionsApp] Copying: /usr/local/lib/python3.8/dist-packages/jupyter_contrib_nbextensions/nbextensions/highlighter/tst_highlights.pdf -> /usr/local/share/jupyter/nbextensions/highlighter/tst_highlights.pdf
#15 2.168 [I 03:19:30 InstallContribNbextensionsApp] Copying: /usr/local/lib/python3.8/dist-packages/jupyter_contrib_nbextensions/nbextensions/highlighter/highlighter.css -> /usr/local/share/jupyter/nbextensions/highlighter/highlighter.css
#15 2.168 [I 03:19:30 InstallContribNbextensionsApp] Copying: /usr/local/lib/python3.8/dist-packages/jupyter_contrib_nbextensions/nbextensions/highlighter/highlighter.js -> /usr/local/share/jupyter/nbextensions/highlighter/highlighter.js
#15 2.168 [I 03:19:30 InstallContribNbextensionsApp] Copying: /usr/local/lib/python3.8/dist-packages/jupyter_contrib_nbextensions/nbextensions/highlighter/tst_highlights.ipynb -> /usr/local/share/jupyter/nbextensions/highlighter/tst_highlights.ipynb
#15 2.168 [I 03:19:30 InstallContribNbextensionsApp] Copying: /usr/local/lib/python3.8/dist-packages/jupyter_contrib_nbextensions/nbextensions/highlighter/icon.png -> /usr/local/share/jupyter/nbextensions/highlighter/icon.png
#15 2.169 [I 03:19:30 InstallContribNbextensionsApp] - Validating: [32mOK[0m
#15 2.169 [I 03:19:30 InstallContribNbextensionsApp] Installing /usr/local/lib/python3.8/dist-packages/jupyter_contrib_nbextensions/nbextensions/qtconsole -> qtconsole
#15 2.169 [I 03:19:30 InstallContribNbextensionsApp] Making directory: /usr/local/share/jupyter/nbextensions/qtconsole/
#15 2.169 [I 03:19:30 InstallContribNbextensionsApp] Copying: /usr/local/lib/python3.8/dist-packages/jupyter_contrib_nbextensions/nbextensions/qtconsole/qtconsole.yaml -> /usr/local/share/jupyter/nbextensions/qtconsole/qtconsole.yaml
#15 2.169 [I 03:19:30 InstallContribNbextensionsApp] Copying: /usr/local/lib/python3.8/dist-packages/jupyter_contrib_nbextensions/nbextensions/qtconsole/README.md -> /usr/local/share/jupyter/nbextensions/qtconsole/README.md
#15 2.170 [I 03:19:30 InstallContribNbextensionsApp] Copying: /usr/local/lib/python3.8/dist-packages/jupyter_contrib_nbextensions/nbextensions/qtconsole/qtconsole.js -> /usr/local/share/jupyter/nbextensions/qtconsole/qtconsole.js
#15 2.170 [I 03:19:30 InstallContribNbextensionsApp] - Validating: [32mOK[0m
#15 2.170 [I 03:19:30 InstallContribNbextensionsApp] Installing /usr/local/lib/python3.8/dist-packages/jupyter_contrib_nbextensions/nbextensions/snippets_menu -> snippets_menu
#15 2.170 [I 03:19:30 InstallContribNbextensionsApp] Making directory: /usr/local/share/jupyter/nbextensions/snippets_menu/
#15 2.171 [I 03:19:30 InstallContribNbextensionsApp] Copying: /usr/local/lib/python3.8/dist-packages/jupyter_contrib_nbextensions/nbextensions/snippets_menu/screenshot3.png -> /usr/local/share/jupyter/nbextensions/snippets_menu/screenshot3.png
#15 2.171 [I 03:19:30 InstallContribNbextensionsApp] Copying: /usr/local/lib/python3.8/dist-packages/jupyter_contrib_nbextensions/nbextensions/snippets_menu/screenshot2.png -> /usr/local/share/jupyter/nbextensions/snippets_menu/screenshot2.png
#15 2.172 [I 03:19:30 InstallContribNbextensionsApp] Copying: /usr/local/lib/python3.8/dist-packages/jupyter_contrib_nbextensions/nbextensions/snippets_menu/snippets_menu.css -> /usr/local/share/jupyter/nbextensions/snippets_menu/snippets_menu.css
#15 2.172 [I 03:19:30 InstallContribNbextensionsApp] Copying: /usr/local/lib/python3.8/dist-packages/jupyter_contrib_nbextensions/nbextensions/snippets_menu/snippets_submenu_python.js -> /usr/local/share/jupyter/nbextensions/snippets_menu/snippets_submenu_python.js
#15 2.172 [I 03:19:30 InstallContribNbextensionsApp] Copying: /usr/local/lib/python3.8/dist-packages/jupyter_contrib_nbextensions/nbextensions/snippets_menu/readme.md -> /usr/local/share/jupyter/nbextensions/snippets_menu/readme.md
#15 2.172 [I 03:19:30 InstallContribNbextensionsApp] Copying: /usr/local/lib/python3.8/dist-packages/jupyter_contrib_nbextensions/nbextensions/snippets_menu/main.js -> /usr/local/share/jupyter/nbextensions/snippets_menu/main.js
#15 2.173 [I 03:19:30 InstallContribNbextensionsApp] Copying: /usr/local/lib/python3.8/dist-packages/jupyter_contrib_nbextensions/nbextensions/snippets_menu/snippets_submenu_markdown.js -> /usr/local/share/jupyter/nbextensions/snippets_menu/snippets_submenu_markdown.js
#15 2.173 [I 03:19:30 InstallContribNbextensionsApp] Copying: /usr/local/lib/python3.8/dist-packages/jupyter_contrib_nbextensions/nbextensions/snippets_menu/config.yaml -> /usr/local/share/jupyter/nbextensions/snippets_menu/config.yaml
#15 2.173 [I 03:19:30 InstallContribNbextensionsApp] Copying: /usr/local/lib/python3.8/dist-packages/jupyter_contrib_nbextensions/nbextensions/snippets_menu/thumbnail.png -> /usr/local/share/jupyter/nbextensions/snippets_menu/thumbnail.png
#15 2.173 [I 03:19:30 InstallContribNbextensionsApp] Copying: /usr/local/lib/python3.8/dist-packages/jupyter_contrib_nbextensions/nbextensions/snippets_menu/screenshot1.png -> /usr/local/share/jupyter/nbextensions/snippets_menu/screenshot1.png
#15 2.174 [I 03:19:30 InstallContribNbextensionsApp] Copying: /usr/local/lib/python3.8/dist-packages/jupyter_contrib_nbextensions/nbextensions/snippets_menu/examples_for_custom.js -> /usr/local/share/jupyter/nbextensions/snippets_menu/examples_for_custom.js
#15 2.174 [I 03:19:30 InstallContribNbextensionsApp] Making directory: /usr/local/share/jupyter/nbextensions/snippets_menu/snippets_submenus_python
#15 2.174 [I 03:19:30 InstallContribNbextensionsApp] Copying: /usr/local/lib/python3.8/dist-packages/jupyter_contrib_nbextensions/nbextensions/snippets_menu/snippets_submenus_python/scipy.js -> /usr/local/share/jupyter/nbextensions/snippets_menu/snippets_submenus_python/scipy.js
#15 2.174 [I 03:19:30 InstallContribNbextensionsApp] Copying: /usr/local/lib/python3.8/dist-packages/jupyter_contrib_nbextensions/nbextensions/snippets_menu/snippets_submenus_python/h5py.js -> /usr/local/share/jupyter/nbextensions/snippets_menu/snippets_submenus_python/h5py.js
#15 2.174 [I 03:19:30 InstallContribNbextensionsApp] Copying: /usr/local/lib/python3.8/dist-packages/jupyter_contrib_nbextensions/nbextensions/snippets_menu/snippets_submenus_python/sympy_functions.js -> /usr/local/share/jupyter/nbextensions/snippets_menu/snippets_submenus_python/sympy_functions.js
#15 2.175 [I 03:19:30 InstallContribNbextensionsApp] Copying: /usr/local/lib/python3.8/dist-packages/jupyter_contrib_nbextensions/nbextensions/snippets_menu/snippets_submenus_python/sympy.js -> /usr/local/share/jupyter/nbextensions/snippets_menu/snippets_submenus_python/sympy.js
#15 2.175 [I 03:19:30 InstallContribNbextensionsApp] Copying: /usr/local/lib/python3.8/dist-packages/jupyter_contrib_nbextensions/nbextensions/snippets_menu/snippets_submenus_python/matplotlib.js -> /usr/local/share/jupyter/nbextensions/snippets_menu/snippets_submenus_python/matplotlib.js
#15 2.176 [I 03:19:30 InstallContribNbextensionsApp] Copying: /usr/local/lib/python3.8/dist-packages/jupyter_contrib_nbextensions/nbextensions/snippets_menu/snippets_submenus_python/astropy.js -> /usr/local/share/jupyter/nbextensions/snippets_menu/snippets_submenus_python/astropy.js
#15 2.176 [I 03:19:30 InstallContribNbextensionsApp] Copying: /usr/local/lib/python3.8/dist-packages/jupyter_contrib_nbextensions/nbextensions/snippets_menu/snippets_submenus_python/python.js -> /usr/local/share/jupyter/nbextensions/snippets_menu/snippets_submenus_python/python.js
#15 2.176 [I 03:19:30 InstallContribNbextensionsApp] Copying: /usr/local/lib/python3.8/dist-packages/jupyter_contrib_nbextensions/nbextensions/snippets_menu/snippets_submenus_python/pandas.js -> /usr/local/share/jupyter/nbextensions/snippets_menu/snippets_submenus_python/pandas.js
#15 2.176 [I 03:19:30 InstallContribNbextensionsApp] Copying: /usr/local/lib/python3.8/dist-packages/jupyter_contrib_nbextensions/nbextensions/snippets_menu/snippets_submenus_python/scipy_special.js -> /usr/local/share/jupyter/nbextensions/snippets_menu/snippets_submenus_python/scipy_special.js
#15 2.177 [I 03:19:30 InstallContribNbextensionsApp] Copying: /usr/local/lib/python3.8/dist-packages/jupyter_contrib_nbextensions/nbextensions/snippets_menu/snippets_submenus_python/numpy_polynomial.js -> /usr/local/share/jupyter/nbextensions/snippets_menu/snippets_submenus_python/numpy_polynomial.js
#15 2.177 [I 03:19:30 InstallContribNbextensionsApp] Copying: /usr/local/lib/python3.8/dist-packages/jupyter_contrib_nbextensions/nbextensions/snippets_menu/snippets_submenus_python/numpy.js -> /usr/local/share/jupyter/nbextensions/snippets_menu/snippets_submenus_python/numpy.js
#15 2.178 [I 03:19:30 InstallContribNbextensionsApp] Copying: /usr/local/lib/python3.8/dist-packages/jupyter_contrib_nbextensions/nbextensions/snippets_menu/snippets_submenus_python/numpy_ufuncs.js -> /usr/local/share/jupyter/nbextensions/snippets_menu/snippets_submenus_python/numpy_ufuncs.js
#15 2.178 [I 03:19:30 InstallContribNbextensionsApp] Copying: /usr/local/lib/python3.8/dist-packages/jupyter_contrib_nbextensions/nbextensions/snippets_menu/snippets_submenus_python/python_regex.js -> /usr/local/share/jupyter/nbextensions/snippets_menu/snippets_submenus_python/python_regex.js
#15 2.178 [I 03:19:30 InstallContribNbextensionsApp] Copying: /usr/local/lib/python3.8/dist-packages/jupyter_contrib_nbextensions/nbextensions/snippets_menu/snippets_submenus_python/numba.js -> /usr/local/share/jupyter/nbextensions/snippets_menu/snippets_submenus_python/numba.js
#15 2.179 [I 03:19:30 InstallContribNbextensionsApp] Copying: /usr/local/lib/python3.8/dist-packages/jupyter_contrib_nbextensions/nbextensions/snippets_menu/snippets_submenus_python/scipy_constants.js -> /usr/local/share/jupyter/nbextensions/snippets_menu/snippets_submenus_python/scipy_constants.js
#15 2.179 [I 03:19:30 InstallContribNbextensionsApp] Copying: /usr/local/lib/python3.8/dist-packages/jupyter_contrib_nbextensions/nbextensions/snippets_menu/snippets_submenus_python/sympy_assumptions.js -> /usr/local/share/jupyter/nbextensions/snippets_menu/snippets_submenus_python/sympy_assumptions.js
#15 2.179 [I 03:19:30 InstallContribNbextensionsApp] - Validating: [32mOK[0m
#15 2.179 [I 03:19:30 InstallContribNbextensionsApp] Installing /usr/local/lib/python3.8/dist-packages/jupyter_contrib_nbextensions/nbextensions/init_cell -> init_cell
#15 2.179 [I 03:19:30 InstallContribNbextensionsApp] Making directory: /usr/local/share/jupyter/nbextensions/init_cell/
#15 2.179 [I 03:19:30 InstallContribNbextensionsApp] Copying: /usr/local/lib/python3.8/dist-packages/jupyter_contrib_nbextensions/nbextensions/init_cell/main.js -> /usr/local/share/jupyter/nbextensions/init_cell/main.js
#15 2.180 [I 03:19:30 InstallContribNbextensionsApp] Copying: /usr/local/lib/python3.8/dist-packages/jupyter_contrib_nbextensions/nbextensions/init_cell/README.md -> /usr/local/share/jupyter/nbextensions/init_cell/README.md
#15 2.180 [I 03:19:30 InstallContribNbextensionsApp] Copying: /usr/local/lib/python3.8/dist-packages/jupyter_contrib_nbextensions/nbextensions/init_cell/cell_toolbar_menu.png -> /usr/local/share/jupyter/nbextensions/init_cell/cell_toolbar_menu.png
#15 2.180 [I 03:19:30 InstallContribNbextensionsApp] Copying: /usr/local/lib/python3.8/dist-packages/jupyter_contrib_nbextensions/nbextensions/init_cell/init_cell.yaml -> /usr/local/share/jupyter/nbextensions/init_cell/init_cell.yaml
#15 2.180 [I 03:19:30 InstallContribNbextensionsApp] Copying: /usr/local/lib/python3.8/dist-packages/jupyter_contrib_nbextensions/nbextensions/init_cell/icon.png -> /usr/local/share/jupyter/nbextensions/init_cell/icon.png
#15 2.180 [I 03:19:30 InstallContribNbextensionsApp] - Validating: [32mOK[0m
#15 2.180 [I 03:19:30 InstallContribNbextensionsApp] Installing /usr/local/lib/python3.8/dist-packages/jupyter_contrib_nbextensions/nbextensions/notify -> notify
#15 2.181 [I 03:19:30 InstallContribNbextensionsApp] Making directory: /usr/local/share/jupyter/nbextensions/notify/
#15 2.181 [I 03:19:30 InstallContribNbextensionsApp] Copying: /usr/local/lib/python3.8/dist-packages/jupyter_contrib_nbextensions/nbextensions/notify/notify.mp3 -> /usr/local/share/jupyter/nbextensions/notify/notify.mp3
#15 2.181 [I 03:19:30 InstallContribNbextensionsApp] Copying: /usr/local/lib/python3.8/dist-packages/jupyter_contrib_nbextensions/nbextensions/notify/readme.md -> /usr/local/share/jupyter/nbextensions/notify/readme.md
#15 2.181 [I 03:19:30 InstallContribNbextensionsApp] Copying: /usr/local/lib/python3.8/dist-packages/jupyter_contrib_nbextensions/nbextensions/notify/notify.js -> /usr/local/share/jupyter/nbextensions/notify/notify.js
#15 2.182 [I 03:19:30 InstallContribNbextensionsApp] Copying: /usr/local/lib/python3.8/dist-packages/jupyter_contrib_nbextensions/nbextensions/notify/notify.yaml -> /usr/local/share/jupyter/nbextensions/notify/notify.yaml
#15 2.182 [I 03:19:30 InstallContribNbextensionsApp] Copying: /usr/local/lib/python3.8/dist-packages/jupyter_contrib_nbextensions/nbextensions/notify/notification.png -> /usr/local/share/jupyter/nbextensions/notify/notification.png
#15 2.183 [I 03:19:30 InstallContribNbextensionsApp] - Validating: [32mOK[0m
#15 2.183 [I 03:19:30 InstallContribNbextensionsApp] Installing /usr/local/lib/python3.8/dist-packages/jupyter_contrib_nbextensions/nbextensions/keyboard_shortcut_editor -> keyboard_shortcut_editor
#15 2.183 [I 03:19:30 InstallContribNbextensionsApp] Making directory: /usr/local/share/jupyter/nbextensions/keyboard_shortcut_editor/
#15 2.183 [I 03:19:30 InstallContribNbextensionsApp] Copying: /usr/local/lib/python3.8/dist-packages/jupyter_contrib_nbextensions/nbextensions/keyboard_shortcut_editor/readme_menu_item.png -> /usr/local/share/jupyter/nbextensions/keyboard_shortcut_editor/readme_menu_item.png
#15 2.183 [I 03:19:30 InstallContribNbextensionsApp] Copying: /usr/local/lib/python3.8/dist-packages/jupyter_contrib_nbextensions/nbextensions/keyboard_shortcut_editor/keyboard_shortcut_editor.yaml -> /usr/local/share/jupyter/nbextensions/keyboard_shortcut_editor/keyboard_shortcut_editor.yaml
#15 2.184 [I 03:19:30 InstallContribNbextensionsApp] Copying: /usr/local/lib/python3.8/dist-packages/jupyter_contrib_nbextensions/nbextensions/keyboard_shortcut_editor/readme_dropdown.png -> /usr/local/share/jupyter/nbextensions/keyboard_shortcut_editor/readme_dropdown.png
#15 2.184 [I 03:19:30 InstallContribNbextensionsApp] Copying: /usr/local/lib/python3.8/dist-packages/jupyter_contrib_nbextensions/nbextensions/keyboard_shortcut_editor/readme_add_new_select_action.png -> /usr/local/share/jupyter/nbextensions/keyboard_shortcut_editor/readme_add_new_select_action.png
#15 2.184 [I 03:19:30 InstallContribNbextensionsApp] Copying: /usr/local/lib/python3.8/dist-packages/jupyter_contrib_nbextensions/nbextensions/keyboard_shortcut_editor/main.css -> /usr/local/share/jupyter/nbextensions/keyboard_shortcut_editor/main.css
#15 2.184 [I 03:19:30 InstallContribNbextensionsApp] Copying: /usr/local/lib/python3.8/dist-packages/jupyter_contrib_nbextensions/nbextensions/keyboard_shortcut_editor/readme_reset_disabled.png -> /usr/local/share/jupyter/nbextensions/keyboard_shortcut_editor/readme_reset_disabled.png
#15 2.185 [I 03:19:30 InstallContribNbextensionsApp] Copying: /usr/local/lib/python3.8/dist-packages/jupyter_contrib_nbextensions/nbextensions/keyboard_shortcut_editor/main.js -> /usr/local/share/jupyter/nbextensions/keyboard_shortcut_editor/main.js
#15 2.185 [I 03:19:30 InstallContribNbextensionsApp] Copying: /usr/local/lib/python3.8/dist-packages/jupyter_contrib_nbextensions/nbextensions/keyboard_shortcut_editor/readme_add_new_link.png -> /usr/local/share/jupyter/nbextensions/keyboard_shortcut_editor/readme_add_new_link.png
#15 2.185 [I 03:19:30 InstallContribNbextensionsApp] Copying: /usr/local/lib/python3.8/dist-packages/jupyter_contrib_nbextensions/nbextensions/keyboard_shortcut_editor/README.md -> /usr/local/share/jupyter/nbextensions/keyboard_shortcut_editor/README.md
#15 2.186 [I 03:19:30 InstallContribNbextensionsApp] Copying: /usr/local/lib/python3.8/dist-packages/jupyter_contrib_nbextensions/nbextensions/keyboard_shortcut_editor/kse_components.js -> /usr/local/share/jupyter/nbextensions/keyboard_shortcut_editor/kse_components.js
#15 2.186 [I 03:19:30 InstallContribNbextensionsApp] Copying: /usr/local/lib/python3.8/dist-packages/jupyter_contrib_nbextensions/nbextensions/keyboard_shortcut_editor/readme_shortcut_editor_blank.png -> /usr/local/share/jupyter/nbextensions/keyboard_shortcut_editor/readme_shortcut_editor_blank.png
#15 2.186 [I 03:19:30 InstallContribNbextensionsApp] Copying: /usr/local/lib/python3.8/dist-packages/jupyter_contrib_nbextensions/nbextensions/keyboard_shortcut_editor/readme_conflict.png -> /usr/local/share/jupyter/nbextensions/keyboard_shortcut_editor/readme_conflict.png
#15 2.187 [I 03:19:30 InstallContribNbextensionsApp] Copying: /usr/local/lib/python3.8/dist-packages/jupyter_contrib_nbextensions/nbextensions/keyboard_shortcut_editor/readme_shortcut_editor_success.png -> /usr/local/share/jupyter/nbextensions/keyboard_shortcut_editor/readme_shortcut_editor_success.png
#15 2.187 [I 03:19:30 InstallContribNbextensionsApp] Copying: /usr/local/lib/python3.8/dist-packages/jupyter_contrib_nbextensions/nbextensions/keyboard_shortcut_editor/readme_comma.png -> /usr/local/share/jupyter/nbextensions/keyboard_shortcut_editor/readme_comma.png
#15 2.187 [I 03:19:30 InstallContribNbextensionsApp] Copying: /usr/local/lib/python3.8/dist-packages/jupyter_contrib_nbextensions/nbextensions/keyboard_shortcut_editor/quickhelp_shim.js -> /usr/local/share/jupyter/nbextensions/keyboard_shortcut_editor/quickhelp_shim.js
#15 2.187 [I 03:19:30 InstallContribNbextensionsApp] Copying: /usr/local/lib/python3.8/dist-packages/jupyter_contrib_nbextensions/nbextensions/keyboard_shortcut_editor/readme_undefined_key.png -> /usr/local/share/jupyter/nbextensions/keyboard_shortcut_editor/readme_undefined_key.png
#15 2.188 [I 03:19:30 InstallContribNbextensionsApp] Copying: /usr/local/lib/python3.8/dist-packages/jupyter_contrib_nbextensions/nbextensions/keyboard_shortcut_editor/icon.png -> /usr/local/share/jupyter/nbextensions/keyboard_shortcut_editor/icon.png
#15 2.188 [I 03:19:30 InstallContribNbextensionsApp] - Validating: [32mOK[0m
#15 2.188 [I 03:19:30 InstallContribNbextensionsApp] Installing /usr/local/lib/python3.8/dist-packages/jupyter_contrib_nbextensions/nbextensions/exercise -> exercise
#15 2.188 [I 03:19:30 InstallContribNbextensionsApp] Making directory: /usr/local/share/jupyter/nbextensions/exercise/
#15 2.189 [I 03:19:30 InstallContribNbextensionsApp] Copying: /usr/local/lib/python3.8/dist-packages/jupyter_contrib_nbextensions/nbextensions/exercise/exercise.yaml -> /usr/local/share/jupyter/nbextensions/exercise/exercise.yaml
#15 2.189 [I 03:19:30 InstallContribNbextensionsApp] Copying: /usr/local/lib/python3.8/dist-packages/jupyter_contrib_nbextensions/nbextensions/exercise/image.gif -> /usr/local/share/jupyter/nbextensions/exercise/image.gif
#15 2.189 [I 03:19:30 InstallContribNbextensionsApp] Copying: /usr/local/lib/python3.8/dist-packages/jupyter_contrib_nbextensions/nbextensions/exercise/main.css -> /usr/local/share/jupyter/nbextensions/exercise/main.css
#15 2.190 [I 03:19:30 InstallContribNbextensionsApp] Copying: /usr/local/lib/python3.8/dist-packages/jupyter_contrib_nbextensions/nbextensions/exercise/history.md -> /usr/local/share/jupyter/nbextensions/exercise/history.md
#15 2.190 [I 03:19:30 InstallContribNbextensionsApp] Copying: /usr/local/lib/python3.8/dist-packages/jupyter_contrib_nbextensions/nbextensions/exercise/readme.md -> /usr/local/share/jupyter/nbextensions/exercise/readme.md
#15 2.190 [I 03:19:30 InstallContribNbextensionsApp] Copying: /usr/local/lib/python3.8/dist-packages/jupyter_contrib_nbextensions/nbextensions/exercise/main.js -> /usr/local/share/jupyter/nbextensions/exercise/main.js
#15 2.191 [I 03:19:30 InstallContribNbextensionsApp] Copying: /usr/local/lib/python3.8/dist-packages/jupyter_contrib_nbextensions/nbextensions/exercise/icon.png -> /usr/local/share/jupyter/nbextensions/exercise/icon.png
#15 2.191 [I 03:19:30 InstallContribNbextensionsApp] - Validating: [32mOK[0m
#15 2.191 [I 03:19:30 InstallContribNbextensionsApp] Installing /usr/local/lib/python3.8/dist-packages/jupyter_contrib_nbextensions/nbextensions/move_selected_cells -> move_selected_cells
#15 2.191 [I 03:19:30 InstallContribNbextensionsApp] Making directory: /usr/local/share/jupyter/nbextensions/move_selected_cells/
#15 2.191 [I 03:19:30 InstallContribNbextensionsApp] Copying: /usr/local/lib/python3.8/dist-packages/jupyter_contrib_nbextensions/nbextensions/move_selected_cells/move_selected_cells.yaml -> /usr/local/share/jupyter/nbextensions/move_selected_cells/move_selected_cells.yaml
#15 2.192 [I 03:19:30 InstallContribNbextensionsApp] Copying: /usr/local/lib/python3.8/dist-packages/jupyter_contrib_nbextensions/nbextensions/move_selected_cells/main.js -> /usr/local/share/jupyter/nbextensions/move_selected_cells/main.js
#15 2.192 [I 03:19:30 InstallContribNbextensionsApp] Copying: /usr/local/lib/python3.8/dist-packages/jupyter_contrib_nbextensions/nbextensions/move_selected_cells/README.md -> /usr/local/share/jupyter/nbextensions/move_selected_cells/README.md
#15 2.192 [I 03:19:30 InstallContribNbextensionsApp] - Validating: [32mOK[0m
#15 2.192 [I 03:19:30 InstallContribNbextensionsApp] Installing /usr/local/lib/python3.8/dist-packages/jupyter_contrib_nbextensions/nbextensions/hinterland -> hinterland
#15 2.192 [I 03:19:30 InstallContribNbextensionsApp] Making directory: /usr/local/share/jupyter/nbextensions/hinterland/
#15 2.193 [I 03:19:30 InstallContribNbextensionsApp] Copying: /usr/local/lib/python3.8/dist-packages/jupyter_contrib_nbextensions/nbextensions/hinterland/hinterland.js -> /usr/local/share/jupyter/nbextensions/hinterland/hinterland.js
#15 2.193 [I 03:19:30 InstallContribNbextensionsApp] Copying: /usr/local/lib/python3.8/dist-packages/jupyter_contrib_nbextensions/nbextensions/hinterland/README.md -> /usr/local/share/jupyter/nbextensions/hinterland/README.md
#15 2.194 [I 03:19:30 InstallContribNbextensionsApp] Copying: /usr/local/lib/python3.8/dist-packages/jupyter_contrib_nbextensions/nbextensions/hinterland/hinterland.yaml -> /usr/local/share/jupyter/nbextensions/hinterland/hinterland.yaml
#15 2.194 [I 03:19:30 InstallContribNbextensionsApp] - Validating: [32mOK[0m
#15 2.194 [I 03:19:30 InstallContribNbextensionsApp] Installing /usr/local/lib/python3.8/dist-packages/jupyter_contrib_nbextensions/nbextensions/navigation-hotkeys -> navigation-hotkeys
#15 2.194 [I 03:19:30 InstallContribNbextensionsApp] Making directory: /usr/local/share/jupyter/nbextensions/navigation-hotkeys/
#15 2.194 [I 03:19:30 InstallContribNbextensionsApp] Copying: /usr/local/lib/python3.8/dist-packages/jupyter_contrib_nbextensions/nbextensions/navigation-hotkeys/readme.md -> /usr/local/share/jupyter/nbextensions/navigation-hotkeys/readme.md
#15 2.194 [I 03:19:30 InstallContribNbextensionsApp] Copying: /usr/local/lib/python3.8/dist-packages/jupyter_contrib_nbextensions/nbextensions/navigation-hotkeys/main.js -> /usr/local/share/jupyter/nbextensions/navigation-hotkeys/main.js
#15 2.194 [I 03:19:30 InstallContribNbextensionsApp] Copying: /usr/local/lib/python3.8/dist-packages/jupyter_contrib_nbextensions/nbextensions/navigation-hotkeys/icon.png -> /usr/local/share/jupyter/nbextensions/navigation-hotkeys/icon.png
#15 2.195 [I 03:19:30 InstallContribNbextensionsApp] Copying: /usr/local/lib/python3.8/dist-packages/jupyter_contrib_nbextensions/nbextensions/navigation-hotkeys/hotkeys.yaml -> /usr/local/share/jupyter/nbextensions/navigation-hotkeys/hotkeys.yaml
#15 2.195 [I 03:19:30 InstallContribNbextensionsApp] - Validating: [32mOK[0m
#15 2.195 [I 03:19:30 InstallContribNbextensionsApp] Installing /usr/local/lib/python3.8/dist-packages/jupyter_contrib_nbextensions/nbextensions/ruler -> ruler
#15 2.196 [I 03:19:30 InstallContribNbextensionsApp] Making directory: /usr/local/share/jupyter/nbextensions/ruler/
#15 2.196 [I 03:19:30 InstallContribNbextensionsApp] Copying: /usr/local/lib/python3.8/dist-packages/jupyter_contrib_nbextensions/nbextensions/ruler/ruler.yaml -> /usr/local/share/jupyter/nbextensions/ruler/ruler.yaml
#15 2.196 [I 03:19:30 InstallContribNbextensionsApp] Copying: /usr/local/lib/python3.8/dist-packages/jupyter_contrib_nbextensions/nbextensions/ruler/readme.md -> /usr/local/share/jupyter/nbextensions/ruler/readme.md
#15 2.197 [I 03:19:30 InstallContribNbextensionsApp] Copying: /usr/local/lib/python3.8/dist-packages/jupyter_contrib_nbextensions/nbextensions/ruler/ruler_editor.yaml -> /usr/local/share/jupyter/nbextensions/ruler/ruler_editor.yaml
#15 2.197 [I 03:19:30 InstallContribNbextensionsApp] Copying: /usr/local/lib/python3.8/dist-packages/jupyter_contrib_nbextensions/nbextensions/ruler/edit.js -> /usr/local/share/jupyter/nbextensions/ruler/edit.js
#15 2.197 [I 03:19:30 InstallContribNbextensionsApp] Copying: /usr/local/lib/python3.8/dist-packages/jupyter_contrib_nbextensions/nbextensions/ruler/main.js -> /usr/local/share/jupyter/nbextensions/ruler/main.js
#15 2.197 [I 03:19:30 InstallContribNbextensionsApp] Copying: /usr/local/lib/python3.8/dist-packages/jupyter_contrib_nbextensions/nbextensions/ruler/icon.png -> /usr/local/share/jupyter/nbextensions/ruler/icon.png
#15 2.198 [I 03:19:30 InstallContribNbextensionsApp] - Validating: [32mOK[0m
#15 2.198 [I 03:19:30 InstallContribNbextensionsApp] Installing /usr/local/lib/python3.8/dist-packages/jupyter_contrib_nbextensions/nbextensions/ruler -> ruler
#15 2.198 [I 03:19:30 InstallContribNbextensionsApp] Up to date: /usr/local/share/jupyter/nbextensions/ruler/ruler.yaml
#15 2.198 [I 03:19:30 InstallContribNbextensionsApp] Up to date: /usr/local/share/jupyter/nbextensions/ruler/readme.md
#15 2.198 [I 03:19:30 InstallContribNbextensionsApp] Up to date: /usr/local/share/jupyter/nbextensions/ruler/ruler_editor.yaml
#15 2.198 [I 03:19:30 InstallContribNbextensionsApp] Up to date: /usr/local/share/jupyter/nbextensions/ruler/edit.js
#15 2.198 [I 03:19:30 InstallContribNbextensionsApp] Up to date: /usr/local/share/jupyter/nbextensions/ruler/main.js
#15 2.198 [I 03:19:30 InstallContribNbextensionsApp] Up to date: /usr/local/share/jupyter/nbextensions/ruler/icon.png
#15 2.198 [I 03:19:30 InstallContribNbextensionsApp] - Validating: [32mOK[0m
#15 2.198 [I 03:19:30 InstallContribNbextensionsApp] Installing /usr/local/lib/python3.8/dist-packages/jupyter_contrib_nbextensions/nbextensions/comment-uncomment -> comment-uncomment
#15 2.199 [I 03:19:30 InstallContribNbextensionsApp] Making directory: /usr/local/share/jupyter/nbextensions/comment-uncomment/
#15 2.199 [I 03:19:30 InstallContribNbextensionsApp] Copying: /usr/local/lib/python3.8/dist-packages/jupyter_contrib_nbextensions/nbextensions/comment-uncomment/comment-uncomment.yaml -> /usr/local/share/jupyter/nbextensions/comment-uncomment/comment-uncomment.yaml
#15 2.199 [I 03:19:30 InstallContribNbextensionsApp] Copying: /usr/local/lib/python3.8/dist-packages/jupyter_contrib_nbextensions/nbextensions/comment-uncomment/readme.md -> /usr/local/share/jupyter/nbextensions/comment-uncomment/readme.md
#15 2.199 [I 03:19:30 InstallContribNbextensionsApp] Copying: /usr/local/lib/python3.8/dist-packages/jupyter_contrib_nbextensions/nbextensions/comment-uncomment/main.js -> /usr/local/share/jupyter/nbextensions/comment-uncomment/main.js
#15 2.199 [I 03:19:30 InstallContribNbextensionsApp] Copying: /usr/local/lib/python3.8/dist-packages/jupyter_contrib_nbextensions/nbextensions/comment-uncomment/icon.png -> /usr/local/share/jupyter/nbextensions/comment-uncomment/icon.png
#15 2.200 [I 03:19:30 InstallContribNbextensionsApp] - Validating: [32mOK[0m
#15 2.200 [I 03:19:30 InstallContribNbextensionsApp] Installing /usr/local/lib/python3.8/dist-packages/jupyter_contrib_nbextensions/nbextensions/datestamper -> datestamper
#15 2.200 [I 03:19:30 InstallContribNbextensionsApp] Making directory: /usr/local/share/jupyter/nbextensions/datestamper/
#15 2.200 [I 03:19:30 InstallContribNbextensionsApp] Copying: /usr/local/lib/python3.8/dist-packages/jupyter_contrib_nbextensions/nbextensions/datestamper/main.yaml -> /usr/local/share/jupyter/nbextensions/datestamper/main.yaml
#15 2.200 [I 03:19:30 InstallContribNbextensionsApp] Copying: /usr/local/lib/python3.8/dist-packages/jupyter_contrib_nbextensions/nbextensions/datestamper/readme.md -> /usr/local/share/jupyter/nbextensions/datestamper/readme.md
#15 2.201 [I 03:19:30 InstallContribNbextensionsApp] Copying: /usr/local/lib/python3.8/dist-packages/jupyter_contrib_nbextensions/nbextensions/datestamper/main.js -> /usr/local/share/jupyter/nbextensions/datestamper/main.js
#15 2.201 [I 03:19:30 InstallContribNbextensionsApp] Copying: /usr/local/lib/python3.8/dist-packages/jupyter_contrib_nbextensions/nbextensions/datestamper/icon.png -> /usr/local/share/jupyter/nbextensions/datestamper/icon.png
#15 2.201 [I 03:19:30 InstallContribNbextensionsApp] - Validating: [32mOK[0m
#15 2.201 [I 03:19:30 InstallContribNbextensionsApp] Installing /usr/local/lib/python3.8/dist-packages/jupyter_contrib_nbextensions/nbextensions/hide_input -> hide_input
#15 2.201 [I 03:19:30 InstallContribNbextensionsApp] Making directory: /usr/local/share/jupyter/nbextensions/hide_input/
#15 2.203 [I 03:19:30 InstallContribNbextensionsApp] Copying: /usr/local/lib/python3.8/dist-packages/jupyter_contrib_nbextensions/nbextensions/hide_input/readme.md -> /usr/local/share/jupyter/nbextensions/hide_input/readme.md
#15 2.203 [I 03:19:30 InstallContribNbextensionsApp] Copying: /usr/local/lib/python3.8/dist-packages/jupyter_contrib_nbextensions/nbextensions/hide_input/hide-input.yaml -> /usr/local/share/jupyter/nbextensions/hide_input/hide-input.yaml
#15 2.203 [I 03:19:30 InstallContribNbextensionsApp] Copying: /usr/local/lib/python3.8/dist-packages/jupyter_contrib_nbextensions/nbextensions/hide_input/main.js -> /usr/local/share/jupyter/nbextensions/hide_input/main.js
#15 2.203 [I 03:19:30 InstallContribNbextensionsApp] Copying: /usr/local/lib/python3.8/dist-packages/jupyter_contrib_nbextensions/nbextensions/hide_input/icon.png -> /usr/local/share/jupyter/nbextensions/hide_input/icon.png
#15 2.203 [I 03:19:30 InstallContribNbextensionsApp] - Validating: [32mOK[0m
#15 2.203 [I 03:19:30 InstallContribNbextensionsApp] Installing /usr/local/lib/python3.8/dist-packages/jupyter_contrib_nbextensions/nbextensions/varInspector -> varInspector
#15 2.203 [I 03:19:30 InstallContribNbextensionsApp] Making directory: /usr/local/share/jupyter/nbextensions/varInspector/
#15 2.203 [I 03:19:30 InstallContribNbextensionsApp] Copying: /usr/local/lib/python3.8/dist-packages/jupyter_contrib_nbextensions/nbextensions/varInspector/tablesorter_LICENSE.txt -> /usr/local/share/jupyter/nbextensions/varInspector/tablesorter_LICENSE.txt
#15 2.203 [I 03:19:30 InstallContribNbextensionsApp] Copying: /usr/local/lib/python3.8/dist-packages/jupyter_contrib_nbextensions/nbextensions/varInspector/var_list.r -> /usr/local/share/jupyter/nbextensions/varInspector/var_list.r
#15 2.203 [I 03:19:30 InstallContribNbextensionsApp] Copying: /usr/local/lib/python3.8/dist-packages/jupyter_contrib_nbextensions/nbextensions/varInspector/main.css -> /usr/local/share/jupyter/nbextensions/varInspector/main.css
#15 2.203 [I 03:19:30 InstallContribNbextensionsApp] Copying: /usr/local/lib/python3.8/dist-packages/jupyter_contrib_nbextensions/nbextensions/varInspector/main.js -> /usr/local/share/jupyter/nbextensions/varInspector/main.js
#15 2.203 [I 03:19:30 InstallContribNbextensionsApp] Copying: /usr/local/lib/python3.8/dist-packages/jupyter_contrib_nbextensions/nbextensions/varInspector/README.md -> /usr/local/share/jupyter/nbextensions/varInspector/README.md
#15 2.204 [I 03:19:30 InstallContribNbextensionsApp] Copying: /usr/local/lib/python3.8/dist-packages/jupyter_contrib_nbextensions/nbextensions/varInspector/var_list.py -> /usr/local/share/jupyter/nbextensions/varInspector/var_list.py
#15 2.204 [I 03:19:30 InstallContribNbextensionsApp] Copying: /usr/local/lib/python3.8/dist-packages/jupyter_contrib_nbextensions/nbextensions/varInspector/demo.gif -> /usr/local/share/jupyter/nbextensions/varInspector/demo.gif
#15 2.204 [I 03:19:30 InstallContribNbextensionsApp] Copying: /usr/local/lib/python3.8/dist-packages/jupyter_contrib_nbextensions/nbextensions/varInspector/jquery.tablesorter.min.js -> /usr/local/share/jupyter/nbextensions/varInspector/jquery.tablesorter.min.js
#15 2.205 [I 03:19:30 InstallContribNbextensionsApp] Copying: /usr/local/lib/python3.8/dist-packages/jupyter_contrib_nbextensions/nbextensions/varInspector/icon.png -> /usr/local/share/jupyter/nbextensions/varInspector/icon.png
#15 2.205 [I 03:19:30 InstallContribNbextensionsApp] Copying: /usr/local/lib/python3.8/dist-packages/jupyter_contrib_nbextensions/nbextensions/varInspector/varInspector.yaml -> /usr/local/share/jupyter/nbextensions/varInspector/varInspector.yaml
#15 2.205 [I 03:19:30 InstallContribNbextensionsApp] Making directory: /usr/local/share/jupyter/nbextensions/varInspector/__pycache__
#15 2.206 [I 03:19:30 InstallContribNbextensionsApp] Copying: /usr/local/lib/python3.8/dist-packages/jupyter_contrib_nbextensions/nbextensions/varInspector/__pycache__/var_list.cpython-38.pyc -> /usr/local/share/jupyter/nbextensions/varInspector/__pycache__/var_list.cpython-38.pyc
#15 2.206 [I 03:19:30 InstallContribNbextensionsApp] - Validating: [32mOK[0m
#15 2.206 [I 03:19:30 InstallContribNbextensionsApp] Installing /usr/local/lib/python3.8/dist-packages/jupyter_contrib_nbextensions/nbextensions/codemirror_mode_extensions -> codemirror_mode_extensions
#15 2.206 [I 03:19:30 InstallContribNbextensionsApp] Making directory: /usr/local/share/jupyter/nbextensions/codemirror_mode_extensions/
#15 2.206 [I 03:19:30 InstallContribNbextensionsApp] Copying: /usr/local/lib/python3.8/dist-packages/jupyter_contrib_nbextensions/nbextensions/codemirror_mode_extensions/main.js -> /usr/local/share/jupyter/nbextensions/codemirror_mode_extensions/main.js
#15 2.206 [I 03:19:30 InstallContribNbextensionsApp] Copying: /usr/local/lib/python3.8/dist-packages/jupyter_contrib_nbextensions/nbextensions/codemirror_mode_extensions/codemirror_mode_extensions.yaml -> /usr/local/share/jupyter/nbextensions/codemirror_mode_extensions/codemirror_mode_extensions.yaml
#15 2.207 [I 03:19:30 InstallContribNbextensionsApp] - Validating: [32mOK[0m
#15 2.207 [I 03:19:30 InstallContribNbextensionsApp] Installing /usr/local/lib/python3.8/dist-packages/jupyter_contrib_nbextensions/nbextensions/execute_time -> execute_time
#15 2.207 [I 03:19:30 InstallContribNbextensionsApp] Making directory: /usr/local/share/jupyter/nbextensions/execute_time/
#15 2.208 [I 03:19:30 InstallContribNbextensionsApp] Copying: /usr/local/lib/python3.8/dist-packages/jupyter_contrib_nbextensions/nbextensions/execute_time/readme.md -> /usr/local/share/jupyter/nbextensions/execute_time/readme.md
#15 2.209 [I 03:19:30 InstallContribNbextensionsApp] Copying: /usr/local/lib/python3.8/dist-packages/jupyter_contrib_nbextensions/nbextensions/execute_time/ExecuteTime.yaml -> /usr/local/share/jupyter/nbextensions/execute_time/ExecuteTime.yaml
#15 2.209 [I 03:19:30 InstallContribNbextensionsApp] Copying: /usr/local/lib/python3.8/dist-packages/jupyter_contrib_nbextensions/nbextensions/execute_time/ExecuteTime.css -> /usr/local/share/jupyter/nbextensions/execute_time/ExecuteTime.css
#15 2.209 [I 03:19:30 InstallContribNbextensionsApp] Copying: /usr/local/lib/python3.8/dist-packages/jupyter_contrib_nbextensions/nbextensions/execute_time/execution-timings-box.png -> /usr/local/share/jupyter/nbextensions/execute_time/execution-timings-box.png
#15 2.209 [I 03:19:30 InstallContribNbextensionsApp] Copying: /usr/local/lib/python3.8/dist-packages/jupyter_contrib_nbextensions/nbextensions/execute_time/execution-timings-menu.png -> /usr/local/share/jupyter/nbextensions/execute_time/execution-timings-menu.png
#15 2.209 [I 03:19:30 InstallContribNbextensionsApp] Copying: /usr/local/lib/python3.8/dist-packages/jupyter_contrib_nbextensions/nbextensions/execute_time/ExecuteTime.js -> /usr/local/share/jupyter/nbextensions/execute_time/ExecuteTime.js
#15 2.209 [I 03:19:30 InstallContribNbextensionsApp] Copying: /usr/local/lib/python3.8/dist-packages/jupyter_contrib_nbextensions/nbextensions/execute_time/icon.png -> /usr/local/share/jupyter/nbextensions/execute_time/icon.png
#15 2.209 [I 03:19:30 InstallContribNbextensionsApp] - Validating: [32mOK[0m
#15 2.209 [I 03:19:30 InstallContribNbextensionsApp] Installing /usr/local/lib/python3.8/dist-packages/jupyter_contrib_nbextensions/nbextensions/select_keymap -> select_keymap
#15 2.210 [I 03:19:30 InstallContribNbextensionsApp] Making directory: /usr/local/share/jupyter/nbextensions/select_keymap/
#15 2.210 [I 03:19:30 InstallContribNbextensionsApp] Copying: /usr/local/lib/python3.8/dist-packages/jupyter_contrib_nbextensions/nbextensions/select_keymap/select_keymap.png -> /usr/local/share/jupyter/nbextensions/select_keymap/select_keymap.png
#15 2.210 [I 03:19:30 InstallContribNbextensionsApp] Copying: /usr/local/lib/python3.8/dist-packages/jupyter_contrib_nbextensions/nbextensions/select_keymap/main.js -> /usr/local/share/jupyter/nbextensions/select_keymap/main.js
#15 2.210 [I 03:19:30 InstallContribNbextensionsApp] Copying: /usr/local/lib/python3.8/dist-packages/jupyter_contrib_nbextensions/nbextensions/select_keymap/select_keymap.yaml -> /usr/local/share/jupyter/nbextensions/select_keymap/select_keymap.yaml
#15 2.211 [I 03:19:30 InstallContribNbextensionsApp] Copying: /usr/local/lib/python3.8/dist-packages/jupyter_contrib_nbextensions/nbextensions/select_keymap/README.md -> /usr/local/share/jupyter/nbextensions/select_keymap/README.md
#15 2.211 [I 03:19:30 InstallContribNbextensionsApp] - Validating: [32mOK[0m
#15 2.211 [I 03:19:30 InstallContribNbextensionsApp] Installing /usr/local/lib/python3.8/dist-packages/jupyter_contrib_nbextensions/nbextensions/collapsible_headings -> collapsible_headings
#15 2.211 [I 03:19:30 InstallContribNbextensionsApp] Making directory: /usr/local/share/jupyter/nbextensions/collapsible_headings/
#15 2.211 [I 03:19:30 InstallContribNbextensionsApp] Copying: /usr/local/lib/python3.8/dist-packages/jupyter_contrib_nbextensions/nbextensions/collapsible_headings/screenshot.png -> /usr/local/share/jupyter/nbextensions/collapsible_headings/screenshot.png
#15 2.212 [I 03:19:30 InstallContribNbextensionsApp] Copying: /usr/local/lib/python3.8/dist-packages/jupyter_contrib_nbextensions/nbextensions/collapsible_headings/main.css -> /usr/local/share/jupyter/nbextensions/collapsible_headings/main.css
#15 2.212 [I 03:19:30 InstallContribNbextensionsApp] Copying: /usr/local/lib/python3.8/dist-packages/jupyter_contrib_nbextensions/nbextensions/collapsible_headings/readme.md -> /usr/local/share/jupyter/nbextensions/collapsible_headings/readme.md
#15 2.213 [I 03:19:30 InstallContribNbextensionsApp] Copying: /usr/local/lib/python3.8/dist-packages/jupyter_contrib_nbextensions/nbextensions/collapsible_headings/collapsible_headings.yaml -> /usr/local/share/jupyter/nbextensions/collapsible_headings/collapsible_headings.yaml
#15 2.213 [I 03:19:30 InstallContribNbextensionsApp] Copying: /usr/local/lib/python3.8/dist-packages/jupyter_contrib_nbextensions/nbextensions/collapsible_headings/main.js -> /usr/local/share/jupyter/nbextensions/collapsible_headings/main.js
#15 2.213 [I 03:19:30 InstallContribNbextensionsApp] Copying: /usr/local/lib/python3.8/dist-packages/jupyter_contrib_nbextensions/nbextensions/collapsible_headings/icon.png -> /usr/local/share/jupyter/nbextensions/collapsible_headings/icon.png
#15 2.214 [I 03:19:30 InstallContribNbextensionsApp] - Validating: [32mOK[0m
#15 2.214 [I 03:19:30 InstallContribNbextensionsApp] Installing /usr/local/lib/python3.8/dist-packages/jupyter_contrib_nbextensions/nbextensions/autoscroll -> autoscroll
#15 2.216 [I 03:19:30 InstallContribNbextensionsApp] Making directory: /usr/local/share/jupyter/nbextensions/autoscroll/
#15 2.216 [I 03:19:30 InstallContribNbextensionsApp] Copying: /usr/local/lib/python3.8/dist-packages/jupyter_contrib_nbextensions/nbextensions/autoscroll/autoscroll.yaml -> /usr/local/share/jupyter/nbextensions/autoscroll/autoscroll.yaml
#15 2.216 [I 03:19:30 InstallContribNbextensionsApp] Copying: /usr/local/lib/python3.8/dist-packages/jupyter_contrib_nbextensions/nbextensions/autoscroll/main.js -> /usr/local/share/jupyter/nbextensions/autoscroll/main.js
#15 2.216 [I 03:19:30 InstallContribNbextensionsApp] Copying: /usr/local/lib/python3.8/dist-packages/jupyter_contrib_nbextensions/nbextensions/autoscroll/README.md -> /usr/local/share/jupyter/nbextensions/autoscroll/README.md
#15 2.216 [I 03:19:30 InstallContribNbextensionsApp] Copying: /usr/local/lib/python3.8/dist-packages/jupyter_contrib_nbextensions/nbextensions/autoscroll/icon.png -> /usr/local/share/jupyter/nbextensions/autoscroll/icon.png
#15 2.216 [I 03:19:30 InstallContribNbextensionsApp] - Validating: [32mOK[0m
#15 2.216 [I 03:19:30 InstallContribNbextensionsApp] Installing /usr/local/lib/python3.8/dist-packages/jupyter_contrib_nbextensions/nbextensions/hide_input_all -> hide_input_all
#15 2.216 [I 03:19:30 InstallContribNbextensionsApp] Making directory: /usr/local/share/jupyter/nbextensions/hide_input_all/
#15 2.216 [I 03:19:30 InstallContribNbextensionsApp] Copying: /usr/local/lib/python3.8/dist-packages/jupyter_contrib_nbextensions/nbextensions/hide_input_all/readme.md -> /usr/local/share/jupyter/nbextensions/hide_input_all/readme.md
#15 2.216 [I 03:19:30 InstallContribNbextensionsApp] Copying: /usr/local/lib/python3.8/dist-packages/jupyter_contrib_nbextensions/nbextensions/hide_input_all/hide_input_all_show.png -> /usr/local/share/jupyter/nbextensions/hide_input_all/hide_input_all_show.png
#15 2.216 [I 03:19:30 InstallContribNbextensionsApp] Copying: /usr/local/lib/python3.8/dist-packages/jupyter_contrib_nbextensions/nbextensions/hide_input_all/main.js -> /usr/local/share/jupyter/nbextensions/hide_input_all/main.js
#15 2.216 [I 03:19:30 InstallContribNbextensionsApp] Copying: /usr/local/lib/python3.8/dist-packages/jupyter_contrib_nbextensions/nbextensions/hide_input_all/hide_input_all.yaml -> /usr/local/share/jupyter/nbextensions/hide_input_all/hide_input_all.yaml
#15 2.216 [I 03:19:30 InstallContribNbextensionsApp] Copying: /usr/local/lib/python3.8/dist-packages/jupyter_contrib_nbextensions/nbextensions/hide_input_all/icon.png -> /usr/local/share/jupyter/nbextensions/hide_input_all/icon.png
#15 2.217 [I 03:19:30 InstallContribNbextensionsApp] Copying: /usr/local/lib/python3.8/dist-packages/jupyter_contrib_nbextensions/nbextensions/hide_input_all/hide_input_all_hide.png -> /usr/local/share/jupyter/nbextensions/hide_input_all/hide_input_all_hide.png
#15 2.217 [I 03:19:30 InstallContribNbextensionsApp] - Validating: [32mOK[0m
#15 2.218 [I 03:19:30 InstallContribNbextensionsApp] Installing /usr/local/lib/python3.8/dist-packages/jupyter_contrib_nbextensions/nbextensions/runtools -> runtools
#15 2.218 [I 03:19:30 InstallContribNbextensionsApp] Making directory: /usr/local/share/jupyter/nbextensions/runtools/
#15 2.218 [I 03:19:30 InstallContribNbextensionsApp] Copying: /usr/local/lib/python3.8/dist-packages/jupyter_contrib_nbextensions/nbextensions/runtools/runtools_lock.png -> /usr/local/share/jupyter/nbextensions/runtools/runtools_lock.png
#15 2.219 [I 03:19:30 InstallContribNbextensionsApp] Copying: /usr/local/lib/python3.8/dist-packages/jupyter_contrib_nbextensions/nbextensions/runtools/runtools.yaml -> /usr/local/share/jupyter/nbextensions/runtools/runtools.yaml
#15 2.219 [I 03:19:30 InstallContribNbextensionsApp] Copying: /usr/local/lib/python3.8/dist-packages/jupyter_contrib_nbextensions/nbextensions/runtools/cellstate.js -> /usr/local/share/jupyter/nbextensions/runtools/cellstate.js
#15 2.220 [I 03:19:30 InstallContribNbextensionsApp] Copying: /usr/local/lib/python3.8/dist-packages/jupyter_contrib_nbextensions/nbextensions/runtools/main.css -> /usr/local/share/jupyter/nbextensions/runtools/main.css
#15 2.220 [I 03:19:30 InstallContribNbextensionsApp] Copying: /usr/local/lib/python3.8/dist-packages/jupyter_contrib_nbextensions/nbextensions/runtools/gutter.css -> /usr/local/share/jupyter/nbextensions/runtools/gutter.css
#15 2.220 [I 03:19:30 InstallContribNbextensionsApp] Copying: /usr/local/lib/python3.8/dist-packages/jupyter_contrib_nbextensions/nbextensions/runtools/readme.md -> /usr/local/share/jupyter/nbextensions/runtools/readme.md
#15 2.220 [I 03:19:30 InstallContribNbextensionsApp] Copying: /usr/local/lib/python3.8/dist-packages/jupyter_contrib_nbextensions/nbextensions/runtools/annotations.odg -> /usr/local/share/jupyter/nbextensions/runtools/annotations.odg
#15 2.221 [I 03:19:30 InstallContribNbextensionsApp] Copying: /usr/local/lib/python3.8/dist-packages/jupyter_contrib_nbextensions/nbextensions/runtools/runtools_show_hide.png -> /usr/local/share/jupyter/nbextensions/runtools/runtools_show_hide.png
#15 2.221 [I 03:19:30 InstallContribNbextensionsApp] Copying: /usr/local/lib/python3.8/dist-packages/jupyter_contrib_nbextensions/nbextensions/runtools/runtools_marker.png -> /usr/local/share/jupyter/nbextensions/runtools/runtools_marker.png
#15 2.221 [I 03:19:30 InstallContribNbextensionsApp] Copying: /usr/local/lib/python3.8/dist-packages/jupyter_contrib_nbextensions/nbextensions/runtools/main.js -> /usr/local/share/jupyter/nbextensions/runtools/main.js
#15 2.221 [I 03:19:30 InstallContribNbextensionsApp] Copying: /usr/local/lib/python3.8/dist-packages/jupyter_contrib_nbextensions/nbextensions/runtools/runtools_execute.png -> /usr/local/share/jupyter/nbextensions/runtools/runtools_execute.png
#15 2.222 [I 03:19:30 InstallContribNbextensionsApp] Copying: /usr/local/lib/python3.8/dist-packages/jupyter_contrib_nbextensions/nbextensions/runtools/demo.gif -> /usr/local/share/jupyter/nbextensions/runtools/demo.gif
#15 2.222 [I 03:19:30 InstallContribNbextensionsApp] Copying: /usr/local/lib/python3.8/dist-packages/jupyter_contrib_nbextensions/nbextensions/runtools/icon.png -> /usr/local/share/jupyter/nbextensions/runtools/icon.png
#15 2.223 [I 03:19:30 InstallContribNbextensionsApp] Copying: /usr/local/lib/python3.8/dist-packages/jupyter_contrib_nbextensions/nbextensions/runtools/runtools_nb.png -> /usr/local/share/jupyter/nbextensions/runtools/runtools_nb.png
#15 2.223 [I 03:19:30 InstallContribNbextensionsApp] - Validating: [32mOK[0m
#15 2.223 [I 03:19:30 InstallContribNbextensionsApp] Installing /usr/local/lib/python3.8/dist-packages/jupyter_contrib_nbextensions/nbextensions/toggle_all_line_numbers -> toggle_all_line_numbers
#15 2.223 [I 03:19:30 InstallContribNbextensionsApp] Making directory: /usr/local/share/jupyter/nbextensions/toggle_all_line_numbers/
#15 2.224 [I 03:19:30 InstallContribNbextensionsApp] Copying: /usr/local/lib/python3.8/dist-packages/jupyter_contrib_nbextensions/nbextensions/toggle_all_line_numbers/main.yaml -> /usr/local/share/jupyter/nbextensions/toggle_all_line_numbers/main.yaml
#15 2.224 [I 03:19:30 InstallContribNbextensionsApp] Copying: /usr/local/lib/python3.8/dist-packages/jupyter_contrib_nbextensions/nbextensions/toggle_all_line_numbers/readme.md -> /usr/local/share/jupyter/nbextensions/toggle_all_line_numbers/readme.md
#15 2.224 [I 03:19:30 InstallContribNbextensionsApp] Copying: /usr/local/lib/python3.8/dist-packages/jupyter_contrib_nbextensions/nbextensions/toggle_all_line_numbers/main.js -> /usr/local/share/jupyter/nbextensions/toggle_all_line_numbers/main.js
#15 2.224 [I 03:19:30 InstallContribNbextensionsApp] Copying: /usr/local/lib/python3.8/dist-packages/jupyter_contrib_nbextensions/nbextensions/toggle_all_line_numbers/icon.png -> /usr/local/share/jupyter/nbextensions/toggle_all_line_numbers/icon.png
#15 2.225 [I 03:19:30 InstallContribNbextensionsApp] - Validating: [32mOK[0m
#15 2.225 [I 03:19:30 InstallContribNbextensionsApp] Installing /usr/local/lib/python3.8/dist-packages/jupyter_contrib_nbextensions/nbextensions/freeze -> freeze
#15 2.225 [I 03:19:30 InstallContribNbextensionsApp] Making directory: /usr/local/share/jupyter/nbextensions/freeze/
#15 2.227 [I 03:19:30 InstallContribNbextensionsApp] Copying: /usr/local/lib/python3.8/dist-packages/jupyter_contrib_nbextensions/nbextensions/freeze/readme.md -> /usr/local/share/jupyter/nbextensions/freeze/readme.md
#15 2.227 [I 03:19:30 InstallContribNbextensionsApp] Copying: /usr/local/lib/python3.8/dist-packages/jupyter_contrib_nbextensions/nbextensions/freeze/main.js -> /usr/local/share/jupyter/nbextensions/freeze/main.js
#15 2.227 [I 03:19:30 InstallContribNbextensionsApp] Copying: /usr/local/lib/python3.8/dist-packages/jupyter_contrib_nbextensions/nbextensions/freeze/config.yaml -> /usr/local/share/jupyter/nbextensions/freeze/config.yaml
#15 2.227 [I 03:19:30 InstallContribNbextensionsApp] Copying: /usr/local/lib/python3.8/dist-packages/jupyter_contrib_nbextensions/nbextensions/freeze/icon.png -> /usr/local/share/jupyter/nbextensions/freeze/icon.png
#15 2.227 [I 03:19:30 InstallContribNbextensionsApp] - Validating: [32mOK[0m
#15 2.227 [I 03:19:30 InstallContribNbextensionsApp] Installing /usr/local/lib/python3.8/dist-packages/jupyter_contrib_nbextensions/nbextensions/gist_it -> gist_it
#15 2.227 [I 03:19:30 InstallContribNbextensionsApp] Making directory: /usr/local/share/jupyter/nbextensions/gist_it/
#15 2.227 [I 03:19:30 InstallContribNbextensionsApp] Copying: /usr/local/lib/python3.8/dist-packages/jupyter_contrib_nbextensions/nbextensions/gist_it/readme.md -> /usr/local/share/jupyter/nbextensions/gist_it/readme.md
#15 2.227 [I 03:19:30 InstallContribNbextensionsApp] Copying: /usr/local/lib/python3.8/dist-packages/jupyter_contrib_nbextensions/nbextensions/gist_it/main.js -> /usr/local/share/jupyter/nbextensions/gist_it/main.js
#15 2.227 [I 03:19:30 InstallContribNbextensionsApp] Copying: /usr/local/lib/python3.8/dist-packages/jupyter_contrib_nbextensions/nbextensions/gist_it/gist_it.yaml -> /usr/local/share/jupyter/nbextensions/gist_it/gist_it.yaml
#15 2.227 [I 03:19:30 InstallContribNbextensionsApp] Copying: /usr/local/lib/python3.8/dist-packages/jupyter_contrib_nbextensions/nbextensions/gist_it/icon.png -> /usr/local/share/jupyter/nbextensions/gist_it/icon.png
#15 2.227 [I 03:19:30 InstallContribNbextensionsApp] - Validating: [32mOK[0m
#15 2.227 [I 03:19:30 InstallContribNbextensionsApp] Installing /usr/local/lib/python3.8/dist-packages/jupyter_contrib_nbextensions/nbextensions/cell_filter -> cell_filter
#15 2.227 [I 03:19:30 InstallContribNbextensionsApp] Making directory: /usr/local/share/jupyter/nbextensions/cell_filter/
#15 2.228 [I 03:19:30 InstallContribNbextensionsApp] Copying: /usr/local/lib/python3.8/dist-packages/jupyter_contrib_nbextensions/nbextensions/cell_filter/cell_filter.js -> /usr/local/share/jupyter/nbextensions/cell_filter/cell_filter.js
#15 2.228 [I 03:19:30 InstallContribNbextensionsApp] Copying: /usr/local/lib/python3.8/dist-packages/jupyter_contrib_nbextensions/nbextensions/cell_filter/cell_filter.yml -> /usr/local/share/jupyter/nbextensions/cell_filter/cell_filter.yml
#15 2.228 [I 03:19:30 InstallContribNbextensionsApp] Copying: /usr/local/lib/python3.8/dist-packages/jupyter_contrib_nbextensions/nbextensions/cell_filter/README.md -> /usr/local/share/jupyter/nbextensions/cell_filter/README.md
#15 2.229 [I 03:19:30 InstallContribNbextensionsApp] - Validating: [32mOK[0m
#15 2.229 [I 03:19:30 InstallContribNbextensionsApp] Installing /usr/local/lib/python3.8/dist-packages/jupyter_contrib_nbextensions/nbextensions/zenmode -> zenmode
#15 2.229 [I 03:19:30 InstallContribNbextensionsApp] Making directory: /usr/local/share/jupyter/nbextensions/zenmode/
#15 2.229 [I 03:19:30 InstallContribNbextensionsApp] Copying: /usr/local/lib/python3.8/dist-packages/jupyter_contrib_nbextensions/nbextensions/zenmode/main.css -> /usr/local/share/jupyter/nbextensions/zenmode/main.css
#15 2.229 [I 03:19:30 InstallContribNbextensionsApp] Copying: /usr/local/lib/python3.8/dist-packages/jupyter_contrib_nbextensions/nbextensions/zenmode/zenmode.yaml -> /usr/local/share/jupyter/nbextensions/zenmode/zenmode.yaml
#15 2.229 [I 03:19:30 InstallContribNbextensionsApp] Copying: /usr/local/lib/python3.8/dist-packages/jupyter_contrib_nbextensions/nbextensions/zenmode/main.js -> /usr/local/share/jupyter/nbextensions/zenmode/main.js
#15 2.230 [I 03:19:30 InstallContribNbextensionsApp] Copying: /usr/local/lib/python3.8/dist-packages/jupyter_contrib_nbextensions/nbextensions/zenmode/README.md -> /usr/local/share/jupyter/nbextensions/zenmode/README.md
#15 2.230 [I 03:19:30 InstallContribNbextensionsApp] Making directory: /usr/local/share/jupyter/nbextensions/zenmode/images
#15 2.230 [I 03:19:30 InstallContribNbextensionsApp] Copying: /usr/local/lib/python3.8/dist-packages/jupyter_contrib_nbextensions/nbextensions/zenmode/images/back3.jpg -> /usr/local/share/jupyter/nbextensions/zenmode/images/back3.jpg
#15 2.231 [I 03:19:30 InstallContribNbextensionsApp] Copying: /usr/local/lib/python3.8/dist-packages/jupyter_contrib_nbextensions/nbextensions/zenmode/images/back21.jpg -> /usr/local/share/jupyter/nbextensions/zenmode/images/back21.jpg
#15 2.231 [I 03:19:30 InstallContribNbextensionsApp] Copying: /usr/local/lib/python3.8/dist-packages/jupyter_contrib_nbextensions/nbextensions/zenmode/images/back12.jpg -> /usr/local/share/jupyter/nbextensions/zenmode/images/back12.jpg
#15 2.232 [I 03:19:30 InstallContribNbextensionsApp] Copying: /usr/local/lib/python3.8/dist-packages/jupyter_contrib_nbextensions/nbextensions/zenmode/images/ipynblogo1.png -> /usr/local/share/jupyter/nbextensions/zenmode/images/ipynblogo1.png
#15 2.232 [I 03:19:30 InstallContribNbextensionsApp] Copying: /usr/local/lib/python3.8/dist-packages/jupyter_contrib_nbextensions/nbextensions/zenmode/images/back22.jpg -> /usr/local/share/jupyter/nbextensions/zenmode/images/back22.jpg
#15 2.233 [I 03:19:30 InstallContribNbextensionsApp] Copying: /usr/local/lib/python3.8/dist-packages/jupyter_contrib_nbextensions/nbextensions/zenmode/images/back2.jpg -> /usr/local/share/jupyter/nbextensions/zenmode/images/back2.jpg
#15 2.233 [I 03:19:30 InstallContribNbextensionsApp] Copying: /usr/local/lib/python3.8/dist-packages/jupyter_contrib_nbextensions/nbextensions/zenmode/images/ipynblogo0.png -> /usr/local/share/jupyter/nbextensions/zenmode/images/ipynblogo0.png
#15 2.233 [I 03:19:30 InstallContribNbextensionsApp] Copying: /usr/local/lib/python3.8/dist-packages/jupyter_contrib_nbextensions/nbextensions/zenmode/images/back11.jpg -> /usr/local/share/jupyter/nbextensions/zenmode/images/back11.jpg
#15 2.234 [I 03:19:30 InstallContribNbextensionsApp] Copying: /usr/local/lib/python3.8/dist-packages/jupyter_contrib_nbextensions/nbextensions/zenmode/images/back1.jpg -> /usr/local/share/jupyter/nbextensions/zenmode/images/back1.jpg
#15 2.234 [I 03:19:30 InstallContribNbextensionsApp] - Validating: [32mOK[0m
#15 2.234 [I 03:19:30 InstallContribNbextensionsApp] Installing /usr/local/lib/python3.8/dist-packages/jupyter_contrib_nbextensions/nbextensions/splitcell -> splitcell
#15 2.235 [I 03:19:30 InstallContribNbextensionsApp] Making directory: /usr/local/share/jupyter/nbextensions/splitcell/
#15 2.235 [I 03:19:30 InstallContribNbextensionsApp] Copying: /usr/local/lib/python3.8/dist-packages/jupyter_contrib_nbextensions/nbextensions/splitcell/splitcell.js -> /usr/local/share/jupyter/nbextensions/splitcell/splitcell.js
#15 2.235 [I 03:19:30 InstallContribNbextensionsApp] Copying: /usr/local/lib/python3.8/dist-packages/jupyter_contrib_nbextensions/nbextensions/splitcell/readme.md -> /usr/local/share/jupyter/nbextensions/splitcell/readme.md
#15 2.235 [I 03:19:30 InstallContribNbextensionsApp] Copying: /usr/local/lib/python3.8/dist-packages/jupyter_contrib_nbextensions/nbextensions/splitcell/splitcell.yaml -> /usr/local/share/jupyter/nbextensions/splitcell/splitcell.yaml
#15 2.236 [I 03:19:30 InstallContribNbextensionsApp] Copying: /usr/local/lib/python3.8/dist-packages/jupyter_contrib_nbextensions/nbextensions/splitcell/icon.png -> /usr/local/share/jupyter/nbextensions/splitcell/icon.png
#15 2.236 [I 03:19:30 InstallContribNbextensionsApp] - Validating: [32mOK[0m
#15 2.236 [I 03:19:30 InstallContribNbextensionsApp] Installing /usr/local/lib/python3.8/dist-packages/jupyter_contrib_nbextensions/nbextensions/rubberband -> rubberband
#15 2.236 [I 03:19:30 InstallContribNbextensionsApp] Making directory: /usr/local/share/jupyter/nbextensions/rubberband/
#15 2.236 [I 03:19:30 InstallContribNbextensionsApp] Copying: /usr/local/lib/python3.8/dist-packages/jupyter_contrib_nbextensions/nbextensions/rubberband/rubberband.yaml -> /usr/local/share/jupyter/nbextensions/rubberband/rubberband.yaml
#15 2.236 [I 03:19:30 InstallContribNbextensionsApp] Copying: /usr/local/lib/python3.8/dist-packages/jupyter_contrib_nbextensions/nbextensions/rubberband/main.css -> /usr/local/share/jupyter/nbextensions/rubberband/main.css
#15 2.237 [I 03:19:30 InstallContribNbextensionsApp] Copying: /usr/local/lib/python3.8/dist-packages/jupyter_contrib_nbextensions/nbextensions/rubberband/readme.md -> /usr/local/share/jupyter/nbextensions/rubberband/readme.md
#15 2.237 [I 03:19:30 InstallContribNbextensionsApp] Copying: /usr/local/lib/python3.8/dist-packages/jupyter_contrib_nbextensions/nbextensions/rubberband/main.js -> /usr/local/share/jupyter/nbextensions/rubberband/main.js
#15 2.237 [I 03:19:30 InstallContribNbextensionsApp] Copying: /usr/local/lib/python3.8/dist-packages/jupyter_contrib_nbextensions/nbextensions/rubberband/icon.png -> /usr/local/share/jupyter/nbextensions/rubberband/icon.png
#15 2.237 [I 03:19:30 InstallContribNbextensionsApp] - Validating: [32mOK[0m
#15 2.237 [I 03:19:30 InstallContribNbextensionsApp] Installing /usr/local/lib/python3.8/dist-packages/jupyter_contrib_nbextensions/nbextensions/scratchpad -> scratchpad
#15 2.237 [I 03:19:30 InstallContribNbextensionsApp] Making directory: /usr/local/share/jupyter/nbextensions/scratchpad/
#15 2.237 [I 03:19:30 InstallContribNbextensionsApp] Copying: /usr/local/lib/python3.8/dist-packages/jupyter_contrib_nbextensions/nbextensions/scratchpad/main.js -> /usr/local/share/jupyter/nbextensions/scratchpad/main.js
#15 2.238 [I 03:19:30 InstallContribNbextensionsApp] Copying: /usr/local/lib/python3.8/dist-packages/jupyter_contrib_nbextensions/nbextensions/scratchpad/README.md -> /usr/local/share/jupyter/nbextensions/scratchpad/README.md
#15 2.238 [I 03:19:30 InstallContribNbextensionsApp] Copying: /usr/local/lib/python3.8/dist-packages/jupyter_contrib_nbextensions/nbextensions/scratchpad/scratchpad.css -> /usr/local/share/jupyter/nbextensions/scratchpad/scratchpad.css
#15 2.238 [I 03:19:30 InstallContribNbextensionsApp] Copying: /usr/local/lib/python3.8/dist-packages/jupyter_contrib_nbextensions/nbextensions/scratchpad/demo.gif -> /usr/local/share/jupyter/nbextensions/scratchpad/demo.gif
#15 2.239 [I 03:19:30 InstallContribNbextensionsApp] Copying: /usr/local/lib/python3.8/dist-packages/jupyter_contrib_nbextensions/nbextensions/scratchpad/LICENSE -> /usr/local/share/jupyter/nbextensions/scratchpad/LICENSE
#15 2.239 [I 03:19:30 InstallContribNbextensionsApp] Copying: /usr/local/lib/python3.8/dist-packages/jupyter_contrib_nbextensions/nbextensions/scratchpad/scratchpad.yaml -> /usr/local/share/jupyter/nbextensions/scratchpad/scratchpad.yaml
#15 2.240 [I 03:19:30 InstallContribNbextensionsApp] - Validating: [32mOK[0m
#15 2.240 [I 03:19:30 InstallContribNbextensionsApp] Installing /usr/local/lib/python3.8/dist-packages/jupyter_contrib_nbextensions/nbextensions/autosavetime -> autosavetime
#15 2.240 [I 03:19:30 InstallContribNbextensionsApp] Making directory: /usr/local/share/jupyter/nbextensions/autosavetime/
#15 2.240 [I 03:19:30 InstallContribNbextensionsApp] Copying: /usr/local/lib/python3.8/dist-packages/jupyter_contrib_nbextensions/nbextensions/autosavetime/autosavetime.yaml -> /usr/local/share/jupyter/nbextensions/autosavetime/autosavetime.yaml
#15 2.241 [I 03:19:30 InstallContribNbextensionsApp] Copying: /usr/local/lib/python3.8/dist-packages/jupyter_contrib_nbextensions/nbextensions/autosavetime/main.js -> /usr/local/share/jupyter/nbextensions/autosavetime/main.js
#15 2.241 [I 03:19:30 InstallContribNbextensionsApp] Copying: /usr/local/lib/python3.8/dist-packages/jupyter_contrib_nbextensions/nbextensions/autosavetime/README.md -> /usr/local/share/jupyter/nbextensions/autosavetime/README.md
#15 2.241 [I 03:19:30 InstallContribNbextensionsApp] Copying: /usr/local/lib/python3.8/dist-packages/jupyter_contrib_nbextensions/nbextensions/autosavetime/icon.png -> /usr/local/share/jupyter/nbextensions/autosavetime/icon.png
#15 2.242 [I 03:19:30 InstallContribNbextensionsApp] - Validating: [32mOK[0m
#15 2.242 [I 03:19:30 InstallContribNbextensionsApp] Installing /usr/local/lib/python3.8/dist-packages/jupyter_contrib_nbextensions/nbextensions/limit_output -> limit_output
#15 2.242 [I 03:19:30 InstallContribNbextensionsApp] Making directory: /usr/local/share/jupyter/nbextensions/limit_output/
#15 2.242 [I 03:19:30 InstallContribNbextensionsApp] Copying: /usr/local/lib/python3.8/dist-packages/jupyter_contrib_nbextensions/nbextensions/limit_output/readme.md -> /usr/local/share/jupyter/nbextensions/limit_output/readme.md
#15 2.242 [I 03:19:30 InstallContribNbextensionsApp] Copying: /usr/local/lib/python3.8/dist-packages/jupyter_contrib_nbextensions/nbextensions/limit_output/limit-output.yaml -> /usr/local/share/jupyter/nbextensions/limit_output/limit-output.yaml
#15 2.243 [I 03:19:30 InstallContribNbextensionsApp] Copying: /usr/local/lib/python3.8/dist-packages/jupyter_contrib_nbextensions/nbextensions/limit_output/main.js -> /usr/local/share/jupyter/nbextensions/limit_output/main.js
#15 2.243 [I 03:19:30 InstallContribNbextensionsApp] Copying: /usr/local/lib/python3.8/dist-packages/jupyter_contrib_nbextensions/nbextensions/limit_output/icon.png -> /usr/local/share/jupyter/nbextensions/limit_output/icon.png
#15 2.243 [I 03:19:30 InstallContribNbextensionsApp] - Validating: [32mOK[0m
#15 2.243 [I 03:19:30 InstallContribNbextensionsApp] Installing /usr/local/lib/python3.8/dist-packages/jupyter_contrib_nbextensions/nbextensions/addbefore -> addbefore
#15 2.244 [I 03:19:30 InstallContribNbextensionsApp] Making directory: /usr/local/share/jupyter/nbextensions/addbefore/
#15 2.244 [I 03:19:30 InstallContribNbextensionsApp] Copying: /usr/local/lib/python3.8/dist-packages/jupyter_contrib_nbextensions/nbextensions/addbefore/addbefore.yaml -> /usr/local/share/jupyter/nbextensions/addbefore/addbefore.yaml
#15 2.244 [I 03:19:30 InstallContribNbextensionsApp] Copying: /usr/local/lib/python3.8/dist-packages/jupyter_contrib_nbextensions/nbextensions/addbefore/readme.md -> /usr/local/share/jupyter/nbextensions/addbefore/readme.md
#15 2.245 [I 03:19:30 InstallContribNbextensionsApp] Copying: /usr/local/lib/python3.8/dist-packages/jupyter_contrib_nbextensions/nbextensions/addbefore/main.js -> /usr/local/share/jupyter/nbextensions/addbefore/main.js
#15 2.245 [I 03:19:30 InstallContribNbextensionsApp] Copying: /usr/local/lib/python3.8/dist-packages/jupyter_contrib_nbextensions/nbextensions/addbefore/icon.png -> /usr/local/share/jupyter/nbextensions/addbefore/icon.png
#15 2.246 [I 03:19:30 InstallContribNbextensionsApp] - Validating: [32mOK[0m
#15 2.246 [I 03:19:30 InstallContribNbextensionsApp] Installing /usr/local/lib/python3.8/dist-packages/jupyter_contrib_nbextensions/nbextensions/equation-numbering -> equation-numbering
#15 2.246 [I 03:19:30 InstallContribNbextensionsApp] Making directory: /usr/local/share/jupyter/nbextensions/equation-numbering/
#15 2.246 [I 03:19:30 InstallContribNbextensionsApp] Copying: /usr/local/lib/python3.8/dist-packages/jupyter_contrib_nbextensions/nbextensions/equation-numbering/info.yaml -> /usr/local/share/jupyter/nbextensions/equation-numbering/info.yaml
#15 2.247 [I 03:19:30 InstallContribNbextensionsApp] Copying: /usr/local/lib/python3.8/dist-packages/jupyter_contrib_nbextensions/nbextensions/equation-numbering/button.png -> /usr/local/share/jupyter/nbextensions/equation-numbering/button.png
#15 2.247 [I 03:19:30 InstallContribNbextensionsApp] Copying: /usr/local/lib/python3.8/dist-packages/jupyter_contrib_nbextensions/nbextensions/equation-numbering/readme.md -> /usr/local/share/jupyter/nbextensions/equation-numbering/readme.md
#15 2.248 [I 03:19:30 InstallContribNbextensionsApp] Copying: /usr/local/lib/python3.8/dist-packages/jupyter_contrib_nbextensions/nbextensions/equation-numbering/main.js -> /usr/local/share/jupyter/nbextensions/equation-numbering/main.js
#15 2.248 [I 03:19:30 InstallContribNbextensionsApp] Copying: /usr/local/lib/python3.8/dist-packages/jupyter_contrib_nbextensions/nbextensions/equation-numbering/icon.png -> /usr/local/share/jupyter/nbextensions/equation-numbering/icon.png
#15 2.248 [I 03:19:30 InstallContribNbextensionsApp] - Validating: [32mOK[0m
#15 2.248 [I 03:19:30 InstallContribNbextensionsApp] Installing /usr/local/lib/python3.8/dist-packages/jupyter_contrib_nbextensions/nbextensions/hide_header -> hide_header
#15 2.248 [I 03:19:30 InstallContribNbextensionsApp] Making directory: /usr/local/share/jupyter/nbextensions/hide_header/
#15 2.248 [I 03:19:30 InstallContribNbextensionsApp] Copying: /usr/local/lib/python3.8/dist-packages/jupyter_contrib_nbextensions/nbextensions/hide_header/hide_header.yaml -> /usr/local/share/jupyter/nbextensions/hide_header/hide_header.yaml
#15 2.248 [I 03:19:30 InstallContribNbextensionsApp] Copying: /usr/local/lib/python3.8/dist-packages/jupyter_contrib_nbextensions/nbextensions/hide_header/main.js -> /usr/local/share/jupyter/nbextensions/hide_header/main.js
#15 2.248 [I 03:19:30 InstallContribNbextensionsApp] Copying: /usr/local/lib/python3.8/dist-packages/jupyter_contrib_nbextensions/nbextensions/hide_header/README.md -> /usr/local/share/jupyter/nbextensions/hide_header/README.md
#15 2.249 [I 03:19:30 InstallContribNbextensionsApp] - Validating: [32mOK[0m
#15 2.249 [I 03:19:30 InstallContribNbextensionsApp] Installing /usr/local/lib/python3.8/dist-packages/jupyter_contrib_nbextensions/nbextensions/code_prettify -> code_prettify
#15 2.249 [I 03:19:30 InstallContribNbextensionsApp] Making directory: /usr/local/share/jupyter/nbextensions/code_prettify/
#15 2.250 [I 03:19:30 InstallContribNbextensionsApp] Copying: /usr/local/lib/python3.8/dist-packages/jupyter_contrib_nbextensions/nbextensions/code_prettify/autopep8.yaml -> /usr/local/share/jupyter/nbextensions/code_prettify/autopep8.yaml
#15 2.250 [I 03:19:30 InstallContribNbextensionsApp] Copying: /usr/local/lib/python3.8/dist-packages/jupyter_contrib_nbextensions/nbextensions/code_prettify/README_code_prettify.md -> /usr/local/share/jupyter/nbextensions/code_prettify/README_code_prettify.md
#15 2.251 [I 03:19:30 InstallContribNbextensionsApp] Copying: /usr/local/lib/python3.8/dist-packages/jupyter_contrib_nbextensions/nbextensions/code_prettify/isort.yaml -> /usr/local/share/jupyter/nbextensions/code_prettify/isort.yaml
#15 2.251 [I 03:19:30 InstallContribNbextensionsApp] Copying: /usr/local/lib/python3.8/dist-packages/jupyter_contrib_nbextensions/nbextensions/code_prettify/autopep8.js -> /usr/local/share/jupyter/nbextensions/code_prettify/autopep8.js
#15 2.251 [I 03:19:30 InstallContribNbextensionsApp] Copying: /usr/local/lib/python3.8/dist-packages/jupyter_contrib_nbextensions/nbextensions/code_prettify/2to3.yaml -> /usr/local/share/jupyter/nbextensions/code_prettify/2to3.yaml
#15 2.252 [I 03:19:30 InstallContribNbextensionsApp] Copying: /usr/local/lib/python3.8/dist-packages/jupyter_contrib_nbextensions/nbextensions/code_prettify/demo-R.gif -> /usr/local/share/jupyter/nbextensions/code_prettify/demo-R.gif
#15 2.252 [I 03:19:30 InstallContribNbextensionsApp] Copying: /usr/local/lib/python3.8/dist-packages/jupyter_contrib_nbextensions/nbextensions/code_prettify/demo-jv.gif -> /usr/local/share/jupyter/nbextensions/code_prettify/demo-jv.gif
#15 2.253 [I 03:19:30 InstallContribNbextensionsApp] Copying: /usr/local/lib/python3.8/dist-packages/jupyter_contrib_nbextensions/nbextensions/code_prettify/README_2to3.md -> /usr/local/share/jupyter/nbextensions/code_prettify/README_2to3.md
#15 2.253 [I 03:19:30 InstallContribNbextensionsApp] Copying: /usr/local/lib/python3.8/dist-packages/jupyter_contrib_nbextensions/nbextensions/code_prettify/demo_2to3.gif -> /usr/local/share/jupyter/nbextensions/code_prettify/demo_2to3.gif
#15 2.253 [I 03:19:30 InstallContribNbextensionsApp] Copying: /usr/local/lib/python3.8/dist-packages/jupyter_contrib_nbextensions/nbextensions/code_prettify/kernel_exec_on_cell.js -> /usr/local/share/jupyter/nbextensions/code_prettify/kernel_exec_on_cell.js
#15 2.254 [I 03:19:30 InstallContribNbextensionsApp] Copying: /usr/local/lib/python3.8/dist-packages/jupyter_contrib_nbextensions/nbextensions/code_prettify/README_isort.md -> /usr/local/share/jupyter/nbextensions/code_prettify/README_isort.md
#15 2.254 [I 03:19:30 InstallContribNbextensionsApp] Copying: /usr/local/lib/python3.8/dist-packages/jupyter_contrib_nbextensions/nbextensions/code_prettify/README.md -> /usr/local/share/jupyter/nbextensions/code_prettify/README.md
#15 2.255 [I 03:19:30 InstallContribNbextensionsApp] Copying: /usr/local/lib/python3.8/dist-packages/jupyter_contrib_nbextensions/nbextensions/code_prettify/code_prettify.yaml -> /usr/local/share/jupyter/nbextensions/code_prettify/code_prettify.yaml
#15 2.255 [I 03:19:30 InstallContribNbextensionsApp] Copying: /usr/local/lib/python3.8/dist-packages/jupyter_contrib_nbextensions/nbextensions/code_prettify/2to3.js -> /usr/local/share/jupyter/nbextensions/code_prettify/2to3.js
#15 2.255 [I 03:19:30 InstallContribNbextensionsApp] Copying: /usr/local/lib/python3.8/dist-packages/jupyter_contrib_nbextensions/nbextensions/code_prettify/README_autopep8.md -> /usr/local/share/jupyter/nbextensions/code_prettify/README_autopep8.md
#15 2.256 [I 03:19:30 InstallContribNbextensionsApp] Copying: /usr/local/lib/python3.8/dist-packages/jupyter_contrib_nbextensions/nbextensions/code_prettify/demo-py.gif -> /usr/local/share/jupyter/nbextensions/code_prettify/demo-py.gif
#15 2.256 [I 03:19:30 InstallContribNbextensionsApp] Copying: /usr/local/lib/python3.8/dist-packages/jupyter_contrib_nbextensions/nbextensions/code_prettify/isort.js -> /usr/local/share/jupyter/nbextensions/code_prettify/isort.js
#15 2.256 [I 03:19:30 InstallContribNbextensionsApp] Copying: /usr/local/lib/python3.8/dist-packages/jupyter_contrib_nbextensions/nbextensions/code_prettify/code_prettify.js -> /usr/local/share/jupyter/nbextensions/code_prettify/code_prettify.js
#15 2.257 [I 03:19:30 InstallContribNbextensionsApp] - Validating: [32mOK[0m
#15 2.257 [I 03:19:30 InstallContribNbextensionsApp] Installing /usr/local/lib/python3.8/dist-packages/jupyter_contrib_nbextensions/nbextensions/code_prettify -> code_prettify
#15 2.257 [I 03:19:30 InstallContribNbextensionsApp] Up to date: /usr/local/share/jupyter/nbextensions/code_prettify/autopep8.yaml
#15 2.257 [I 03:19:30 InstallContribNbextensionsApp] Up to date: /usr/local/share/jupyter/nbextensions/code_prettify/README_code_prettify.md
#15 2.257 [I 03:19:30 InstallContribNbextensionsApp] Up to date: /usr/local/share/jupyter/nbextensions/code_prettify/isort.yaml
#15 2.257 [I 03:19:30 InstallContribNbextensionsApp] Up to date: /usr/local/share/jupyter/nbextensions/code_prettify/autopep8.js
#15 2.257 [I 03:19:30 InstallContribNbextensionsApp] Up to date: /usr/local/share/jupyter/nbextensions/code_prettify/2to3.yaml
#15 2.257 [I 03:19:30 InstallContribNbextensionsApp] Up to date: /usr/local/share/jupyter/nbextensions/code_prettify/demo-R.gif
#15 2.257 [I 03:19:30 InstallContribNbextensionsApp] Up to date: /usr/local/share/jupyter/nbextensions/code_prettify/demo-jv.gif
#15 2.257 [I 03:19:30 InstallContribNbextensionsApp] Up to date: /usr/local/share/jupyter/nbextensions/code_prettify/README_2to3.md
#15 2.257 [I 03:19:30 InstallContribNbextensionsApp] Up to date: /usr/local/share/jupyter/nbextensions/code_prettify/demo_2to3.gif
#15 2.257 [I 03:19:30 InstallContribNbextensionsApp] Up to date: /usr/local/share/jupyter/nbextensions/code_prettify/kernel_exec_on_cell.js
#15 2.257 [I 03:19:30 InstallContribNbextensionsApp] Up to date: /usr/local/share/jupyter/nbextensions/code_prettify/README_isort.md
#15 2.257 [I 03:19:30 InstallContribNbextensionsApp] Up to date: /usr/local/share/jupyter/nbextensions/code_prettify/README.md
#15 2.258 [I 03:19:30 InstallContribNbextensionsApp] Up to date: /usr/local/share/jupyter/nbextensions/code_prettify/code_prettify.yaml
#15 2.258 [I 03:19:30 InstallContribNbextensionsApp] Up to date: /usr/local/share/jupyter/nbextensions/code_prettify/2to3.js
#15 2.258 [I 03:19:30 InstallContribNbextensionsApp] Up to date: /usr/local/share/jupyter/nbextensions/code_prettify/README_autopep8.md
#15 2.258 [I 03:19:30 InstallContribNbextensionsApp] Up to date: /usr/local/share/jupyter/nbextensions/code_prettify/demo-py.gif
#15 2.258 [I 03:19:30 InstallContribNbextensionsApp] Up to date: /usr/local/share/jupyter/nbextensions/code_prettify/isort.js
#15 2.258 [I 03:19:30 InstallContribNbextensionsApp] Up to date: /usr/local/share/jupyter/nbextensions/code_prettify/code_prettify.js
#15 2.258 [I 03:19:30 InstallContribNbextensionsApp] - Validating: [32mOK[0m
#15 2.258 [I 03:19:30 InstallContribNbextensionsApp] Installing /usr/local/lib/python3.8/dist-packages/jupyter_contrib_nbextensions/nbextensions/code_prettify -> code_prettify
#15 2.258 [I 03:19:30 InstallContribNbextensionsApp] Up to date: /usr/local/share/jupyter/nbextensions/code_prettify/autopep8.yaml
#15 2.258 [I 03:19:30 InstallContribNbextensionsApp] Up to date: /usr/local/share/jupyter/nbextensions/code_prettify/README_code_prettify.md
#15 2.258 [I 03:19:30 InstallContribNbextensionsApp] Up to date: /usr/local/share/jupyter/nbextensions/code_prettify/isort.yaml
#15 2.258 [I 03:19:30 InstallContribNbextensionsApp] Up to date: /usr/local/share/jupyter/nbextensions/code_prettify/autopep8.js
#15 2.258 [I 03:19:30 InstallContribNbextensionsApp] Up to date: /usr/local/share/jupyter/nbextensions/code_prettify/2to3.yaml
#15 2.258 [I 03:19:30 InstallContribNbextensionsApp] Up to date: /usr/local/share/jupyter/nbextensions/code_prettify/demo-R.gif
#15 2.258 [I 03:19:30 InstallContribNbextensionsApp] Up to date: /usr/local/share/jupyter/nbextensions/code_prettify/demo-jv.gif
#15 2.258 [I 03:19:30 InstallContribNbextensionsApp] Up to date: /usr/local/share/jupyter/nbextensions/code_prettify/README_2to3.md
#15 2.258 [I 03:19:30 InstallContribNbextensionsApp] Up to date: /usr/local/share/jupyter/nbextensions/code_prettify/demo_2to3.gif
#15 2.262 [I 03:19:30 InstallContribNbextensionsApp] Up to date: /usr/local/share/jupyter/nbextensions/code_prettify/kernel_exec_on_cell.js
#15 2.262 [I 03:19:30 InstallContribNbextensionsApp] Up to date: /usr/local/share/jupyter/nbextensions/code_prettify/README_isort.md
#15 2.262 [I 03:19:30 InstallContribNbextensionsApp] Up to date: /usr/local/share/jupyter/nbextensions/code_prettify/README.md
#15 2.262 [I 03:19:30 InstallContribNbextensionsApp] Up to date: /usr/local/share/jupyter/nbextensions/code_prettify/code_prettify.yaml
#15 2.262 [I 03:19:30 InstallContribNbextensionsApp] Up to date: /usr/local/share/jupyter/nbextensions/code_prettify/2to3.js
#15 2.262 [I 03:19:30 InstallContribNbextensionsApp] Up to date: /usr/local/share/jupyter/nbextensions/code_prettify/README_autopep8.md
#15 2.262 [I 03:19:30 InstallContribNbextensionsApp] Up to date: /usr/local/share/jupyter/nbextensions/code_prettify/demo-py.gif
#15 2.262 [I 03:19:30 InstallContribNbextensionsApp] Up to date: /usr/local/share/jupyter/nbextensions/code_prettify/isort.js
#15 2.262 [I 03:19:30 InstallContribNbextensionsApp] Up to date: /usr/local/share/jupyter/nbextensions/code_prettify/code_prettify.js
#15 2.262 [I 03:19:30 InstallContribNbextensionsApp] - Validating: [32mOK[0m
#15 2.262 [I 03:19:30 InstallContribNbextensionsApp] Installing /usr/local/lib/python3.8/dist-packages/jupyter_contrib_nbextensions/nbextensions/code_prettify -> code_prettify
#15 2.263 [I 03:19:30 InstallContribNbextensionsApp] Up to date: /usr/local/share/jupyter/nbextensions/code_prettify/autopep8.yaml
#15 2.263 [I 03:19:30 InstallContribNbextensionsApp] Up to date: /usr/local/share/jupyter/nbextensions/code_prettify/README_code_prettify.md
#15 2.263 [I 03:19:30 InstallContribNbextensionsApp] Up to date: /usr/local/share/jupyter/nbextensions/code_prettify/isort.yaml
#15 2.263 [I 03:19:30 InstallContribNbextensionsApp] Up to date: /usr/local/share/jupyter/nbextensions/code_prettify/autopep8.js
#15 2.263 [I 03:19:30 InstallContribNbextensionsApp] Up to date: /usr/local/share/jupyter/nbextensions/code_prettify/2to3.yaml
#15 2.263 [I 03:19:30 InstallContribNbextensionsApp] Up to date: /usr/local/share/jupyter/nbextensions/code_prettify/demo-R.gif
#15 2.263 [I 03:19:30 InstallContribNbextensionsApp] Up to date: /usr/local/share/jupyter/nbextensions/code_prettify/demo-jv.gif
#15 2.263 [I 03:19:30 InstallContribNbextensionsApp] Up to date: /usr/local/share/jupyter/nbextensions/code_prettify/README_2to3.md
#15 2.263 [I 03:19:30 InstallContribNbextensionsApp] Up to date: /usr/local/share/jupyter/nbextensions/code_prettify/demo_2to3.gif
#15 2.263 [I 03:19:30 InstallContribNbextensionsApp] Up to date: /usr/local/share/jupyter/nbextensions/code_prettify/kernel_exec_on_cell.js
#15 2.263 [I 03:19:30 InstallContribNbextensionsApp] Up to date: /usr/local/share/jupyter/nbextensions/code_prettify/README_isort.md
#15 2.264 [I 03:19:30 InstallContribNbextensionsApp] Up to date: /usr/local/share/jupyter/nbextensions/code_prettify/README.md
#15 2.264 [I 03:19:30 InstallContribNbextensionsApp] Up to date: /usr/local/share/jupyter/nbextensions/code_prettify/code_prettify.yaml
#15 2.264 [I 03:19:30 InstallContribNbextensionsApp] Up to date: /usr/local/share/jupyter/nbextensions/code_prettify/2to3.js
#15 2.264 [I 03:19:30 InstallContribNbextensionsApp] Up to date: /usr/local/share/jupyter/nbextensions/code_prettify/README_autopep8.md
#15 2.264 [I 03:19:30 InstallContribNbextensionsApp] Up to date: /usr/local/share/jupyter/nbextensions/code_prettify/demo-py.gif
#15 2.264 [I 03:19:30 InstallContribNbextensionsApp] Up to date: /usr/local/share/jupyter/nbextensions/code_prettify/isort.js
#15 2.264 [I 03:19:30 InstallContribNbextensionsApp] Up to date: /usr/local/share/jupyter/nbextensions/code_prettify/code_prettify.js
#15 2.264 [I 03:19:30 InstallContribNbextensionsApp] - Validating: [32mOK[0m
#15 2.264 [I 03:19:30 InstallContribNbextensionsApp] Installing /usr/local/lib/python3.8/dist-packages/jupyter_highlight_selected_word/static/highlight_selected_word -> highlight_selected_word
#15 2.264 [I 03:19:30 InstallContribNbextensionsApp] Making directory: /usr/local/share/jupyter/nbextensions/highlight_selected_word/
#15 2.264 [I 03:19:30 InstallContribNbextensionsApp] Copying: /usr/local/lib/python3.8/dist-packages/jupyter_highlight_selected_word/static/highlight_selected_word/configurator.yaml -> /usr/local/share/jupyter/nbextensions/highlight_selected_word/configurator.yaml
#15 2.268 [I 03:19:30 InstallContribNbextensionsApp] Copying: /usr/local/lib/python3.8/dist-packages/jupyter_highlight_selected_word/static/highlight_selected_word/main.js -> /usr/local/share/jupyter/nbextensions/highlight_selected_word/main.js
#15 2.270 [I 03:19:30 InstallContribNbextensionsApp] Copying: /usr/local/lib/python3.8/dist-packages/jupyter_highlight_selected_word/static/highlight_selected_word/README.md -> /usr/local/share/jupyter/nbextensions/highlight_selected_word/README.md
#15 2.270 [I 03:19:30 InstallContribNbextensionsApp] - Validating: [32mOK[0m
#15 2.271 [I 03:19:30 InstallContribNbextensionsApp] Installing jupyter_contrib_nbextensions items to config in /usr/local/etc/jupyter
#15 2.272 Enabling: jupyter_nbextensions_configurator
#15 2.272 - Writing config: /usr/local/etc/jupyter
#15 2.274     - Validating...
#15 2.274       jupyter_nbextensions_configurator 0.6.4 [32mOK[0m
#15 2.275 Enabling notebook nbextension nbextensions_configurator/config_menu/main...
#15 2.279 Enabling tree nbextension nbextensions_configurator/tree_tab/main...
#15 2.280 [I 03:19:30 InstallContribNbextensionsApp] Enabling notebook extension contrib_nbextensions_help_item/main...
#15 2.281 [I 03:19:30 InstallContribNbextensionsApp]       - Validating: [32mOK[0m
#15 2.283 [I 03:19:30 InstallContribNbextensionsApp] - Editing config: /usr/local/etc/jupyter/jupyter_nbconvert_config.json
#15 2.283 [I 03:19:30 InstallContribNbextensionsApp] --  Configuring nbconvert template path
#15 2.283 [I 03:19:30 InstallContribNbextensionsApp] --  Configuring nbconvert preprocessors
#15 2.283 [I 03:19:30 InstallContribNbextensionsApp] - Writing config: /usr/local/etc/jupyter/jupyter_nbconvert_config.json
#15 2.283 [I 03:19:30 InstallContribNbextensionsApp] --  Writing updated config file /usr/local/etc/jupyter/jupyter_nbconvert_config.json
#15 2.377 + extensions='
#15 2.377 autosavetime/main
#15 2.377 code_prettify/code_prettify
#15 2.377 collapsible_headings/main
#15 2.377 comment-uncomment/main
#15 2.377 contrib_nbextensions_help_item/main
#15 2.377 execute_time/ExecuteTime
#15 2.377 highlighter/highlighter
#15 2.377 jupyter-js-widgets/extension
#15 2.377 notify/notify
#15 2.377 runtools/main
#15 2.377 toc2/main
#15 2.377 spellchecker/main'
#15 2.377 + for v in $extensions
#15 2.377 + jupyter nbextension enable autosavetime/main
#15 2.540 Enabling notebook extension autosavetime/main...
#15 2.540       - Validating: [32mOK[0m
#15 2.562 + for v in $extensions
#15 2.562 + jupyter nbextension enable code_prettify/code_prettify
#15 2.742 Enabling notebook extension code_prettify/code_prettify...
#15 2.742       - Validating: [32mOK[0m
#15 2.758 + for v in $extensions
#15 2.758 + jupyter nbextension enable collapsible_headings/main
#15 2.924 Enabling notebook extension collapsible_headings/main...
#15 2.925       - Validating: [32mOK[0m
#15 2.945 + for v in $extensions
#15 2.945 + jupyter nbextension enable comment-uncomment/main
#15 3.118 Enabling notebook extension comment-uncomment/main...
#15 3.120       - Validating: [32mOK[0m
#15 3.137 + for v in $extensions
#15 3.137 + jupyter nbextension enable contrib_nbextensions_help_item/main
#15 3.316 Enabling notebook extension contrib_nbextensions_help_item/main...
#15 3.318       - Validating: [32mOK[0m
#15 3.334 + for v in $extensions
#15 3.334 + jupyter nbextension enable execute_time/ExecuteTime
#15 3.503 Enabling notebook extension execute_time/ExecuteTime...
#15 3.504       - Validating: [32mOK[0m
#15 3.519 + for v in $extensions
#15 3.519 + jupyter nbextension enable highlighter/highlighter
#15 3.685 Enabling notebook extension highlighter/highlighter...
#15 3.687       - Validating: [32mOK[0m
#15 3.700 + for v in $extensions
#15 3.700 + jupyter nbextension enable jupyter-js-widgets/extension
#15 3.865 Enabling notebook extension jupyter-js-widgets/extension...
#15 3.866       - Validating: [32mOK[0m
#15 3.880 + for v in $extensions
#15 3.880 + jupyter nbextension enable notify/notify
#15 4.049 Enabling notebook extension notify/notify...
#15 4.049       - Validating: [32mOK[0m
#15 4.072 + for v in $extensions
#15 4.072 + jupyter nbextension enable runtools/main
#15 4.233 Enabling notebook extension runtools/main...
#15 4.234       - Validating: [32mOK[0m
#15 4.248 + for v in $extensions
#15 4.248 + jupyter nbextension enable toc2/main
#15 4.425 Enabling notebook extension toc2/main...
#15 4.427       - Validating: [32mOK[0m
#15 4.446 + for v in $extensions
#15 4.446 + jupyter nbextension enable spellchecker/main
#15 4.618 Enabling notebook extension spellchecker/main...
#15 4.618       - Validating: [32mOK[0m
#15 4.633 + echo '{"nbext_hide_incompat": false}'
#15 4.634 ++ jupyter --data-dir
#15 4.709 + DIR=/root/.local/share/jupyter/nbextensions
#15 4.709 + [[ ! -e /root/.local/share/jupyter/nbextensions ]]
#15 4.709 + mkdir /root/.local/share/jupyter/nbextensions
#15 4.711 + cd /root/.local/share/jupyter/nbextensions
#15 4.711 + [[ -e vim_binding ]]
#15 4.712 + git clone https://github.com/lambdalisue/jupyter-vim-binding vim_binding
#15 4.731 Cloning into 'vim_binding'...
#15 5.390 + jupyter notebook --generate-config -y
#15 5.789 Writing default config to: /root/.jupyter/jupyter_notebook_config.py
#15 DONE 5.9s

#16 [11/15] ADD etc_sudoers /install/
#16 DONE 0.1s

#17 [12/15] COPY etc_sudoers /etc/sudoers
#17 DONE 0.0s

#18 [13/15] COPY bashrc /root/.bashrc
#18 DONE 0.0s

#19 [14/15] ADD version.sh /install/
#19 DONE 0.0s

#20 [15/15] RUN /install/version.sh 2>&1 | tee version.log
#20 0.228 # Pytho3
#20 0.235 Python 3.8.10
#20 0.236 # pip3
#20 0.499 pip 25.0.1 from /usr/local/lib/python3.8/dist-packages/pip (python 3.8)
#20 0.533 # jupyter
#20 1.396 Selected Jupyter core packages...
#20 1.396 IPython          : 8.12.3
#20 1.396 ipykernel        : 6.29.5
#20 1.396 ipywidgets       : 8.1.7
#20 1.396 jupyter_client   : 7.3.2
#20 1.396 jupyter_core     : 5.7.2
#20 1.396 jupyter_server   : 1.24.0
#20 1.396 jupyterlab       : 3.6.8
#20 1.396 nbclient         : 0.10.1
#20 1.396 nbconvert        : 7.16.6
#20 1.396 nbformat         : 5.10.4
#20 1.396 notebook         : 6.5.7
#20 1.396 qtconsole        : not installed
#20 1.396 traitlets        : 5.14.3
#20 1.514 # Python packages
#20 1.814 Package                           Version
#20 1.814 --------------------------------- --------------
#20 1.818 aiofiles                          22.1.0
#20 1.818 aiosqlite                         0.20.0
#20 1.818 anyio                             3.7.1
#20 1.818 argon2-cffi                       23.1.0
#20 1.818 argon2-cffi-bindings              21.2.0
#20 1.818 arrow                             1.3.0
#20 1.818 asttokens                         3.0.0
#20 1.818 attrs                             25.3.0
#20 1.818 babel                             2.17.0
#20 1.818 backcall                          0.2.0
#20 1.818 beautifulsoup4                    4.13.4
#20 1.819 bleach                            6.1.0
#20 1.819 blinker                           1.8.2
#20 1.819 category-encoders                 2.6.4
#20 1.819 certifi                           2025.4.26
#20 1.819 cffi                              1.17.1
#20 1.820 charset-normalizer                3.4.2
#20 1.820 click                             8.1.8
#20 1.820 cloudpickle                       3.1.1
#20 1.821 comm                              0.2.2
#20 1.821 contourpy                         1.1.1
#20 1.822 cycler                            0.12.1
#20 1.822 Cython                            3.1.0
#20 1.822 dash                              3.0.4
#20 1.822 debugpy                           1.8.14
#20 1.823 decorator                         5.2.1
#20 1.823 defusedxml                        0.7.1
#20 1.823 Deprecated                        1.2.18
#20 1.823 deprecation                       2.1.0
#20 1.824 entrypoints                       0.4
#20 1.824 exceptiongroup                    1.3.0
#20 1.824 executing                         2.2.0
#20 1.824 fastjsonschema                    2.21.1
#20 1.824 Flask                             3.0.3
#20 1.825 fonttools                         4.57.0
#20 1.825 fqdn                              1.5.1
#20 1.825 idna                              3.10
#20 1.825 imbalanced-learn                  0.12.4
#20 1.825 importlib_metadata                8.5.0
#20 1.825 importlib_resources               6.4.5
#20 1.826 ipykernel                         6.29.5
#20 1.826 ipython                           8.12.3
#20 1.826 ipython-genutils                  0.2.0
#20 1.826 ipywidgets                        8.1.7
#20 1.826 isoduration                       20.11.0
#20 1.826 itsdangerous                      2.2.0
#20 1.827 jedi                              0.19.2
#20 1.827 Jinja2                            3.1.6
#20 1.827 joblib                            1.4.2
#20 1.827 json5                             0.12.0
#20 1.827 jsonpointer                       3.0.0
#20 1.827 jsonschema                        4.23.0
#20 1.828 jsonschema-specifications         2023.12.1
#20 1.828 jupyter-client                    7.3.2
#20 1.828 jupyter-contrib-core              0.4.2
#20 1.828 jupyter-contrib-nbextensions      0.7.0
#20 1.828 jupyter_core                      5.7.2
#20 1.829 jupyter-events                    0.10.0
#20 1.829 jupyter-highlight-selected-word   0.2.0
#20 1.829 jupyter_nbextensions_configurator 0.6.4
#20 1.829 jupyter-server                    1.24.0
#20 1.830 jupyter_server_fileid             0.9.3
#20 1.830 jupyter_server_ydoc               0.8.0
#20 1.830 jupyter-ydoc                      0.2.5
#20 1.830 jupyterlab                        3.6.8
#20 1.830 jupyterlab_pygments               0.3.0
#20 1.830 jupyterlab_server                 2.27.3
#20 1.830 jupyterlab_widgets                3.0.15
#20 1.831 kaleido                           0.2.1
#20 1.831 kiwisolver                        1.4.7
#20 1.831 lightgbm                          4.6.0
#20 1.831 llvmlite                          0.41.1
#20 1.831 lxml                              5.4.0
#20 1.831 MarkupSafe                        2.1.5
#20 1.831 matplotlib                        3.6.0
#20 1.832 matplotlib-inline                 0.1.7
#20 1.832 mistune                           3.1.3
#20 1.832 nbclassic                         1.2.0
#20 1.832 nbclient                          0.10.1
#20 1.832 nbconvert                         7.16.6
#20 1.832 nbformat                          5.10.4
#20 1.833 nest-asyncio                      1.6.0
#20 1.833 notebook                          6.5.7
#20 1.833 notebook_shim                     0.2.4
#20 1.834 numba                             0.58.1
#20 1.834 numpy                             1.24.4
#20 1.834 orjson                            3.10.15
#20 1.834 packaging                         25.0
#20 1.834 pandas                            1.5.3
#20 1.835 pandocfilters                     1.5.1
#20 1.835 parso                             0.8.4
#20 1.835 patsy                             1.0.1
#20 1.835 pexpect                           4.9.0
#20 1.835 pickleshare                       0.7.5
#20 1.836 pillow                            10.4.0
#20 1.836 pip                               25.0.1
#20 1.836 pkgutil_resolve_name              1.3.10
#20 1.836 platformdirs                      4.3.6
#20 1.837 plotly                            5.24.1
#20 1.837 plotly-resampler                  0.10.0
#20 1.837 pmdarima                          2.0.4
#20 1.837 prometheus_client                 0.21.1
#20 1.837 prompt_toolkit                    3.0.51
#20 1.837 psutil                            7.0.0
#20 1.837 psycopg2-binary                   2.9.10
#20 1.838 ptyprocess                        0.7.0
#20 1.838 pure_eval                         0.2.3
#20 1.838 pycaret                           3.2.0
#20 1.838 pycparser                         2.22
#20 1.838 Pygments                          2.19.1
#20 1.838 pyod                              2.0.5
#20 1.838 pyparsing                         3.1.4
#20 1.839 python-dateutil                   2.9.0.post0
#20 1.839 python-json-logger                3.3.0
#20 1.839 pytz                              2025.2
#20 1.839 PyYAML                            6.0.2
#20 1.839 pyzmq                             26.4.0
#20 1.839 referencing                       0.35.1
#20 1.839 requests                          2.32.3
#20 1.839 retrying                          1.3.4
#20 1.840 rfc3339-validator                 0.1.4
#20 1.840 rfc3986-validator                 0.1.1
#20 1.840 rpds-py                           0.20.1
#20 1.840 schemdraw                         0.15
#20 1.841 scikit-base                       0.5.2
#20 1.841 scikit-learn                      1.2.2
#20 1.841 scikit-plot                       0.3.7
#20 1.841 scipy                             1.10.1
#20 1.842 Send2Trash                        1.8.3
#20 1.842 setuptools                        45.2.0
#20 1.842 six                               1.17.0
#20 1.842 sktime                            0.21.1
#20 1.842 sniffio                           1.3.1
#20 1.843 soupsieve                         2.7
#20 1.843 stack-data                        0.6.3
#20 1.843 statsmodels                       0.14.1
#20 1.844 tbats                             1.1.3
#20 1.844 tenacity                          9.0.0
#20 1.844 terminado                         0.18.1
#20 1.845 threadpoolctl                     3.5.0
#20 1.845 tinycss2                          1.2.1
#20 1.845 tomli                             2.2.1
#20 1.846 tornado                           6.1
#20 1.846 tqdm                              4.67.1
#20 1.846 traitlets                         5.14.3
#20 1.846 tsdownsample                      0.1.4.1
#20 1.846 types-python-dateutil             2.9.0.20241206
#20 1.846 typing_extensions                 4.13.2
#20 1.846 uri-template                      1.3.0
#20 1.847 urllib3                           2.2.3
#20 1.847 wcwidth                           0.2.13
#20 1.847 webcolors                         24.8.0
#20 1.847 webencodings                      0.5.1
#20 1.848 websocket-client                  1.8.0
#20 1.848 Werkzeug                          3.0.6
#20 1.848 wheel                             0.34.2
#20 1.848 widgetsnbextension                4.0.14
#20 1.849 wrapt                             1.17.2
#20 1.849 wurlitzer                         3.1.1
#20 1.849 xxhash                            3.5.0
#20 1.849 y-py                              0.6.2
#20 1.850 yapf                              0.43.0
#20 1.850 yellowbrick                       1.5
#20 1.850 ypy-websocket                     0.8.4
#20 1.850 zipp                              3.20.2
#20 1.878 # mongo
#20 1.878 /install/version.sh: line 11: mongod: command not found
#20 DONE 1.9s

#21 exporting to image
#21 exporting layers
#21 exporting layers 22.2s done
#21 writing image sha256:fa3ce1574044c9d15990782fb23a78d7b7fba1545b80caf4baf4e4f4def853bb done
#21 naming to docker.io/umd_data605/umd_data605_template done
#21 DONE 22.2s
