timestamp,price,market_cap,volume
2025-01-19 22:03:47.721,103522.29406215232,2053492939758.6113,60718738044.74748
2025-01-19 23:03:49.268,103221.86907925215,2040375565467.1672,61507831451.87798
2025-01-20 00:00:35.807,101275.33714814208,2014842808849.5005,72970313683.92325
2025-01-20 01:03:41.017,99717.60975037608,1975730474078.837,77366499863.15007
2025-01-20 02:03:33.559,100542.11260095066,1982950711042.8284,90750654260.42874
2025-01-20 03:03:21.316,101655.82318713676,2014609616887.5244,92757500180.13882
2025-01-20 04:03:40.445,101817.43508803177,2015281631006.2478,92747322898.54636
2025-01-20 05:03:52.180,102058.75404251853,2022015931782.1143,94283270370.3527
2025-01-20 06:08:17.577,102455.24137078089,2025206921800.0852,95055992422.63972
2025-01-20 07:04:13.192,107294.60981195435,2147821598052.8906,103953487064.96997
2025-01-20 08:04:21.028,107127.07048412197,2128270490774.7427,116675360998.78345
2025-01-20 09:03:43.103,108228.26762528597,2142327181303.8625,118476861530.58003
2025-01-20 10:06:15.411,108013.55026978825,2141163659892.4927,118082391793.32466
2025-01-20 11:00:15.374,108041.04174416988,2140687011396.5784,118203796040.64821
2025-01-20 12:03:41.215,108161.99567857297,2142718780774.7983,88432147911.89171
2025-01-20 13:03:47.784,106822.73509873448,2117034566480.3809,121629749415.97955
2025-01-20 14:03:50.561,107813.34871276142,2135139617103.2354,112877733532.54012
2025-01-20 15:03:51.077,107706.0110635397,2135906323100.8423,121680907028.02881
2025-01-20 16:03:45.691,104908.16562559467,2074846859684.1245,121121526431.759
2025-01-20 17:03:49.066,106427.96405865643,2109181993165.4636,112072418729.16286
2025-01-20 18:03:53.254,102864.58353348567,2040285881207.2769,139544235814.68033
2025-01-20 19:03:12.889,104072.56426573706,2061969213501.8867,142911561152.7625
2025-01-20 20:03:36.568,103686.82991966167,2054881026217.866,141771148813.59714
2025-01-20 21:03:54.187,103497.42529916775,2054052647318.7905,153503964651.05222
2025-01-20 22:03:57.834,102377.84102066602,2035716697620.8906,148762031639.76978
2025-01-20 23:03:50.997,103446.73844314495,2052785117030.3086,144430586526.66348
2025-01-21 00:03:59.455,102094.72883937496,2019675226133.4543,130908993847.84991
2025-01-21 01:03:51.394,101063.53964636955,2024135970024.9392,132349028986.87318
2025-01-21 02:08:32.915,101243.9137563174,2003331919924.4583,133475580564.65007
2025-01-21 03:03:26.032,102447.6852125143,2028481355736.6882,114547220952.31783
2025-01-21 04:03:38.795,102966.85852955778,2039233146450.0984,132377371987.42104
2025-01-21 05:08:22.644,101978.34294917599,2025965240960.383,132952746427.11633
2025-01-21 06:03:36.434,101243.17261680542,2006302572212.2422,131981586186.39648
2025-01-21 07:02:01.431,101924.34094024563,2010649044665.9395,130311079032.64166
2025-01-21 08:02:29.875,101885.47607960703,2017636740889.9924,111100187590.16711
2025-01-21 09:03:44.058,102336.84862624663,2025790932540.4312,116920420135.58043
2025-01-21 10:02:04.125,102574.84629104717,2033093552725.5215,92294585798.96106
2025-01-21 11:03:25.375,103051.92019929607,2042532159983.0518,114864821818.59978
2025-01-21 12:01:10.436,103680.99694575471,2054089936075.4885,115491365978.66591
2025-01-21 13:03:51.018,104383.96704387927,2068231858479.0723,105544005308.69992
2025-01-21 14:08:24.633,104476.60703758195,2067890194301.004,110757748970.32304
2025-01-21 15:03:44.899,103459.5911102788,2057243140907.9565,112358117287.39313
2025-01-21 16:06:29.188,104071.02014123625,2058628184540.6746,111980873320.65442
2025-01-21 17:03:36.864,104858.63180812451,2081479999129.2983,106901570044.45741
2025-01-21 18:03:46.637,106132.12214687715,2098087076052.5317,91805508143.2693
2025-01-21 19:03:39.258,106789.70708043047,2119632710352.153,90811058101.32574
2025-01-21 20:03:50.545,106969.68100810557,2122011370344.3774,81953818595.76321
2025-01-21 21:03:38.206,106189.88295143405,2102936685719.1367,94694073663.82579
2025-01-21 22:03:53.206,106817.77660526973,2116757945168.439,97217268039.43297
2025-01-21 23:03:48.136,106011.73551990329,2101985967480.1875,95521734421.4995
2025-01-22 00:03:56.285,106193.34179411683,2105167677828.1416,94588850854.51552
2025-01-22 01:07:51.434,106194.21780148889,2103209403422.602,92217846745.42621
2025-01-22 02:03:46.442,105769.31457674179,2095627909000.8752,82354405381.32039
2025-01-22 03:03:42.084,105588.50079040088,2093465482560.447,85552027474.33493
2025-01-22 04:01:52.618,105676.93931147885,2094062544665.4534,83124446402.94469
2025-01-22 05:05:58.507,105715.69067946191,2091356718438.1116,82086987767.75522
2025-01-22 06:03:53.641,105684.2986472254,2093966213958.9607,71225276014.23238
2025-01-22 07:04:13.059,105375.25471417564,2087608980620.0696,78412934479.54207
2025-01-22 08:03:33.876,105121.58311323935,2082386524265.4802,78018368903.51836
2025-01-22 09:03:38.751,105265.54039003127,2085702045239.1023,74286566163.6113
2025-01-22 10:02:51.930,104964.5927061866,2079278811176.0393,73544526285.17328
2025-01-22 11:03:49.650,105125.72871098916,2082816409643.9482,66134605090.95423
2025-01-22 12:03:53.648,105064.6017722564,2087149243247.3064,73266311052.40459
2025-01-22 13:03:51.756,105274.67946424602,2087586129030.464,70707383234.0653
2025-01-22 14:03:49.674,104058.3806290983,2062079119970.4866,64668528545.566444
2025-01-22 15:07:40.597,104461.75496730869,2065515676980.735,69438025022.59985
2025-01-22 16:00:11.802,104585.95000093221,2063840368538.9778,68259285263.69587
2025-01-22 17:04:05.496,103809.42598027962,2055084698608.9238,57980964888.95685
2025-01-22 18:02:38.733,104404.40751192812,2068900668288.1309,62770027097.922585
2025-01-22 19:04:00.639,103862.59857173236,2057840550639.4553,59672415288.21975
2025-01-22 20:01:31.015,104604.75924580242,2073570503666.0437,55810889064.50527
2025-01-22 21:03:41.164,104270.85038371527,2067207913704.7715,57728690385.554535
2025-01-22 22:03:39.610,104063.7203689605,2062087410499.7388,55154762847.06376
2025-01-22 23:03:48.831,103889.57174880913,2061317579504.2202,56134924026.78908
2025-01-23 00:03:51.303,103610.2884720945,2053369753962.5918,52302024099.73323
2025-01-23 01:01:12.223,103213.21801098887,2044756970016.7886,54686321094.10982
2025-01-23 02:02:32.971,102932.26960635831,2039839933186.8208,55208600015.840996
2025-01-23 03:03:34.822,102652.0766969804,2033628551280.9263,56137707554.651146
2025-01-23 04:03:40.249,102393.49466027308,2027119724597.5515,47541105090.54679
2025-01-23 05:03:56.984,101968.18865279967,2021864777901.2068,55637865915.79038
2025-01-23 06:03:53.176,102477.01865221249,2029703892618.9194,60129710980.9678
2025-01-23 07:03:32.310,102348.1246088757,2028117572144.4377,46018383534.049484
2025-01-23 08:03:31.927,102601.69451384385,2032944666933.1814,53581405203.82535
2025-01-23 09:03:51.202,102187.99212580184,2024865866696.8784,57507324449.78339
2025-01-23 10:03:37.948,101564.38402240237,2012375264912.3037,62778897981.70006
2025-01-23 11:03:47.028,101524.9578065445,2010153001614.973,58212697255.60591
2025-01-23 12:03:48.164,101920.04764680567,2020104478011.2732,62006926943.73563
2025-01-23 13:03:51.981,101594.67223835022,2013068246637.8286,62392373383.00829
2025-01-23 14:03:50.951,102542.27463064871,2030501561657.9355,64735127127.000755
2025-01-23 15:03:46.393,105043.4453232807,2077552186155.0288,69745981914.28154
2025-01-23 16:03:35.575,105232.58350232254,2081794734434.319,79133509006.42305
2025-01-23 17:02:44.470,105174.05793380646,2087461813784.183,79173978004.61972
2025-01-23 18:03:43.949,105928.72626806023,2099654473435.1235,86236562446.15205
2025-01-23 19:08:23.726,105191.8127327177,2088098136408.2039,89127462476.23912
2025-01-23 20:01:33.542,103770.54132314972,2047596753176.5142,85419955533.17697
2025-01-23 21:08:46.584,103209.18071494896,2041422259814.3916,85063385236.14105
2025-01-23 22:03:51.478,102970.65650816544,2034259977477.6748,109638885842.44633
2025-01-23 23:03:51.212,103996.38358573921,2058765535087.8228,107915731945.21402
2025-01-24 00:03:34.402,104067.60991206947,2062360759045.0,102455227371.20761
2025-01-24 01:03:40.648,103434.51990433177,2049661979935.93,96529017651.93845
2025-01-24 02:01:47.728,103076.00196581223,2043588365132.5962,109128797916.93205
2025-01-24 03:03:37.238,103007.08090172919,2041249931897.0552,102252610596.68776
2025-01-24 04:03:45.015,103996.44661167011,2058535373518.5586,106686294694.14355
2025-01-24 05:03:35.112,104619.85404136483,2070089024796.6743,107335857671.58276
2025-01-24 06:03:34.323,105272.24517544167,2080803732365.3274,107368518180.79544
2025-01-24 07:08:24.397,105139.69976015505,2079965905549.398,106541346479.01193
2025-01-24 08:03:43.044,105052.05466479034,2081706986713.5366,103539667190.15005
2025-01-24 09:00:51.185,105525.55511099196,2087822226203.5288,101419707986.19122
2025-01-24 11:03:38.650,105260.18282658844,2085719313380.9778,97150334340.0336
2025-01-24 12:03:43.938,105462.11123381382,2090101707482.9849,90928294279.42918
2025-01-24 13:03:50.044,105540.321482502,2089782411911.3213,99716133133.37604
2025-01-24 14:03:38.683,105130.34603584596,2084858855901.5273,92790285803.5726
2025-01-24 15:03:39.191,105859.7275241652,2096890201954.4917,85220402114.15976
2025-01-24 16:03:41.667,105950.67934141024,2098767095967.58,74907016780.54788
2025-01-24 17:03:35.526,105673.01827900164,2100657482585.0293,76451881524.59409
2025-01-24 18:03:53.500,106462.47510536018,2108754664613.2773,74999221406.48251
2025-01-24 19:00:51.731,106270.02361618343,2101994901022.3337,75646625923.03722
2025-01-24 20:03:45.028,105773.10157051326,2097850137479.166,72861947201.7898
2025-01-24 21:03:43.718,105218.22708661461,2084743387394.958,61671330060.4463
2025-01-24 22:03:34.447,105090.6031924864,2081928209940.5127,52190467470.88886
2025-01-24 23:00:28.947,104828.41023433676,2079324020423.8052,54027540551.981
2025-01-25 00:03:25.210,104865.34040196025,2077922184453.5635,53506260321.534096
2025-01-25 01:03:58.408,104425.97081052078,2068407945510.5496,51127107248.18642
2025-01-25 02:02:54.081,104682.38613952263,2074240914548.3567,52238958847.02772
2025-01-25 03:03:53.709,104525.98725962896,2071261993829.2314,47791695760.974144
2025-01-25 04:03:53.463,105196.8110903439,2084693098831.9463,50129079325.37122
2025-01-25 05:03:42.032,104739.18830450674,2076288924648.1677,48722919094.145294
2025-01-25 06:03:42.069,104297.64110327902,2067551283411.8496,43047067730.79531
2025-01-25 07:03:32.346,104322.52268544042,2066233637351.1982,46068629775.90698
2025-01-25 08:02:50.178,104351.20375978928,2067823125489.098,43786393328.62617
2025-01-25 09:00:47.056,104318.97199786601,2066607701694.5703,43044125554.43833
2025-01-25 10:03:38.548,104357.26605159743,2067700434163.6152,40436844106.30154
2025-01-25 11:01:36.915,104529.24290738242,2071409486184.1438,35175107381.26211
2025-01-25 12:03:48.655,104629.57499842832,2073087143079.0264,41222949994.45963
2025-01-25 13:03:40.199,104747.03513533014,2076317793289.0308,38395699071.64579
2025-01-25 14:01:52.221,104717.30641848323,2074461843003.087,41051665547.87289
2025-01-25 15:03:26.697,104586.81029852289,2072082757275.7876,37779962915.16148
2025-01-25 16:08:24.330,104882.16753037032,2078420491031.879,32697910928.394024
2025-01-25 17:03:54.021,104651.52346384723,2073431039576.028,30657082583.40356
2025-01-25 18:00:09.198,104817.00540588601,2077048230144.7278,22833318180.966267
2025-01-25 19:03:43.888,105060.31985224345,2081838505104.5588,29979293017.07675
2025-01-25 20:02:27.055,105057.75920696749,2080748591808.294,27932659840.324013
2025-01-25 21:03:33.902,104932.80976131176,2079293097748.2004,25702372487.5294
2025-01-25 22:03:48.138,105115.58851030763,2082808967600.2925,21560456932.371834
2025-01-25 23:02:28.784,105043.52337871982,2082833038898.615,23400456426.569286
2025-01-26 00:05:30.976,104757.72169371562,2074506054539.7112,22611723831.30401
2025-01-26 01:04:09.235,104581.61343927286,2071711015862.8943,21775295914.618725
2025-01-26 02:03:37.099,104600.84394681461,2072850398475.4897,21152175711.019894
2025-01-26 03:03:22.321,104666.63517826005,2073401160448.454,20955577208.548206
2025-01-26 04:03:41.877,105022.7586042194,2080494600642.6042,16863103580.527859
2025-01-26 05:08:33.097,105124.49967086142,2083035130563.9626,19257631487.350594
2025-01-26 06:03:27.490,105074.1904986591,2082285655954.7915,20787990349.93211
2025-01-26 07:03:47.383,104977.34707393417,2079665848986.559,19827939844.100876
2025-01-26 08:04:50.117,104977.55779459586,2080136331208.4966,16915394282.771215
2025-01-26 09:03:11.555,105012.99705012147,2080891514623.0083,19737405714.487045
2025-01-26 10:01:31.101,104626.84268435907,2072338941964.063,18777297407.82678
2025-01-26 11:03:39.696,104699.98623132128,2073514527212.4453,20089834147.681213
2025-01-26 12:03:45.725,104824.49421411689,2076295759360.243,19741554725.54765
2025-01-26 13:01:46.714,104806.4631323314,2076404837068.6223,19677173035.600227
2025-01-26 14:02:31.601,104946.3964345607,2079314478691.7773,19430778546.726925
2025-01-26 15:03:42.149,104922.61570855931,2079888684036.3896,19309375839.233715
2025-01-26 16:03:43.471,104946.39234830825,2079827718541.048,18677959188.729893
2025-01-26 17:03:45.092,104918.25372650998,2079133392058.3813,16053789374.055458
2025-01-26 18:03:48.362,104955.009255737,2080307688887.0076,17481712894.63128
2025-01-26 19:03:47.189,105205.034734833,2083474786128.6177,17115339471.78222
2025-01-26 20:03:29.325,105063.78317116658,2081884461218.5605,16483078538.857496
2025-01-26 21:03:37.236,104888.56792573529,2078972683475.2292,16247530996.451385
2025-01-26 22:03:39.212,104656.02333256452,2075663113085.0972,14791550512.447086
2025-01-26 23:03:39.912,104252.44945477527,2067678293544.4365,17304344876.5781
2025-01-27 00:01:08.984,102624.65334083581,2030978163919.553,20744082547.069904
2025-01-27 01:03:43.607,101908.79856833804,2021124113425.4326,23597715479.255947
2025-01-27 02:03:46.662,101234.88956868813,2008728964979.0835,28592804794.495796
2025-01-27 03:03:32.256,100923.40894694143,1999111344801.3416,30729035944.185787
2025-01-27 04:00:40.941,101284.67459905501,2007373785978.895,33399878421.878517
2025-01-27 05:03:57.692,100383.21348858169,1989637757529.337,35867084582.28275
2025-01-27 06:02:16.576,100385.40284056596,1989606128548.9338,39399285048.76101
2025-01-27 07:03:44.853,98910.61330253117,1960006747496.8037,41017922942.65467
2025-01-27 08:00:25.454,99264.17133349284,1966561844819.0642,46661047265.0807
2025-01-27 09:08:25.540,99136.857895724,1963580436736.797,50418563787.37618
2025-01-27 10:03:42.675,99371.29777466608,1968675935175.8167,51333094053.10523
2025-01-27 11:03:51.897,98380.59207932772,1953433189637.4365,57061325014.16501
2025-01-27 12:03:07.693,98942.7402158788,1960615614639.017,50411293155.58739
2025-01-27 13:02:56.677,100751.62780133018,1996449825043.2969,61331265002.57265
2025-01-27 14:03:48.153,100519.74186061068,1992386301039.0266,65853220209.72479
2025-01-27 15:03:49.422,101907.9836785745,2024324526686.689,65741200758.58891
2025-01-27 16:04:02.880,101043.12534952544,2009910076275.775,78321331647.49019
2025-01-27 17:01:35.243,99598.86853780368,1975404949389.884,81377941203.27098
2025-01-27 18:02:04.557,99162.03326598273,1965862285317.4111,81398783736.6273
2025-01-27 19:03:50.500,99143.84212430805,1959930470914.0906,83731269386.36734
2025-01-27 20:02:23.439,99644.37967075614,1972000578988.1174,89975875650.69685
2025-01-27 21:04:03.607,101486.5818079567,2015548117187.0442,76795794575.84346
2025-01-27 22:08:33.504,101584.40962558467,2012912823636.1921,89836501592.60274
2025-01-27 23:02:16.492,101728.82790773972,2017597184688.3171,96564977795.63347
2025-01-28 00:03:16.719,102101.49013927419,2020768161655.183,93724977880.38113
2025-01-28 01:03:55.720,101840.79975571838,2019962510894.2673,92195650727.20552
2025-01-28 02:08:28.168,101433.10979499303,2008234630352.1848,87573508607.66335
2025-01-28 03:03:58.399,102411.57444755935,2027642030606.1,84093532336.27197
2025-01-28 04:01:27.356,102592.05437467458,2034829989211.3442,86209825824.30925
2025-01-28 05:03:53.425,102922.52934594444,2039197919742.278,76691997887.8302
2025-01-28 06:03:49.391,102992.57835984608,2040862349340.991,81916066066.0825
2025-01-28 07:03:53.604,102684.42718421642,2036134691870.3381,71259163318.72241
2025-01-28 08:03:44.184,102766.35271308372,2034675055022.8894,61774038441.5233
2025-01-28 09:03:44.779,102855.90000083558,2038113157463.9673,69613781592.17575
2025-01-28 10:04:00.188,102933.50523548406,2039764305416.4587,57368133404.35514
2025-01-28 11:02:00.584,102740.42074274186,2035589938541.3716,58627230785.891106
2025-01-28 12:03:51.865,102784.33565971034,2036817227113.4158,58932805093.06194
2025-01-28 13:03:51.078,102563.30480114298,2032872234745.473,56867451751.26169
2025-01-28 14:03:53.877,102574.81008182403,2032061261578.1177,56299720511.00197
2025-01-28 15:03:51.968,102700.26221764315,2035784424920.212,43451432038.04903
2025-01-28 16:03:39.613,102692.70970442574,2036817971407.8037,53893737726.64615
2025-01-28 17:04:04.551,102298.89275485853,2025917720275.0222,51977037580.88953
2025-01-28 18:02:59.073,102659.64718958936,2033912414290.9045,51673010701.19289
2025-01-28 19:03:56.615,102180.32884007423,2026194774178.4312,47800451641.450165
2025-01-28 20:04:04.896,102395.47703023312,2031250905805.48,49466641952.53679
2025-01-28 21:08:32.721,101325.03464318452,2007888167586.0603,44341352168.83777
2025-01-28 22:03:43.465,100272.25743332352,1987087299612.1772,46735091342.52568
2025-01-28 23:03:53.662,101191.8542200963,2003288626068.7031,47754931912.40608
2025-01-29 00:04:00.450,101340.77163007476,2008329332382.7295,38416124726.74373
2025-01-29 01:03:53.494,101745.6374749012,2014693581455.8606,46141017717.70596
2025-01-29 02:03:39.357,101807.1531272082,2017722393894.6765,42721215170.87334
2025-01-29 03:02:36.666,101754.883654293,2015660193514.7922,44705432032.70965
2025-01-29 04:01:35.472,101972.19437391097,2020682540269.769,40223955427.444725
2025-01-29 05:03:48.624,101995.0326605567,2020837386443.96,41427586648.95881
2025-01-29 06:03:56.698,102245.25754593858,2026134455204.8594,37008398956.47037
2025-01-29 07:03:43.479,102748.17207859305,2035887453386.946,42981103420.23279
2025-01-29 08:03:34.733,102678.89310173855,2034569431342.751,36794434343.496086
2025-01-29 09:00:58.690,102697.42551218392,2035086184740.9226,37517199822.58994
2025-01-29 10:04:02.591,102267.58068692396,2026745812040.714,42302495252.56043
2025-01-29 11:03:55.506,102465.81108516718,2031193216047.938,42077386141.22969
2025-01-29 12:03:45.366,102578.2266858994,2031984878284.2695,42346586074.23816
2025-01-29 13:03:58.610,102184.30912747399,2025525949139.369,42275010980.789055
2025-01-29 14:08:24.548,101764.76415521317,2018046445655.7495,43904499590.867325
2025-01-29 15:04:01.369,102053.61102757561,2022140815072.901,42246692085.51449
2025-01-29 16:00:15.220,102063.53362483064,2022206205922.7678,38284582436.4194
2025-01-29 17:03:47.900,102064.07066474401,2021068311583.9038,38441243818.27906
2025-01-29 18:01:45.257,102542.84134196813,2031853565920.8164,37366254287.201836
2025-01-29 19:03:46.781,102910.23934445361,2039464666407.616,36966232490.225006
2025-01-29 20:01:23.403,103621.21550924935,2053628972752.0974,37709067803.47067
2025-01-29 21:04:01.470,104302.57891352312,2067678208022.7075,45371932792.88584
2025-01-29 22:03:49.266,103725.06679541634,2056341600987.3433,44195747455.49798
2025-01-29 23:03:57.446,103505.30962657207,2052239710988.8335,43773914149.59221
2025-01-30 00:03:56.976,103715.7684209174,2055327189251.6147,37078121598.28359
2025-01-30 01:03:40.817,104106.091328276,2062119925253.944,42835738044.413826
2025-01-30 02:09:12.032,104062.16245379577,2063043172067.156,49071176299.39287
2025-01-30 03:03:44.742,104621.97745138497,2069948465141.5525,50063514106.37197
2025-01-30 04:01:57.045,105178.04867984517,2083169713824.325,51224702765.590065
2025-01-30 05:03:49.518,105402.31611817043,2085122380968.819,52882342643.45471
2025-01-30 06:03:48.600,105125.3428552742,2082954919033.1184,53551735349.309906
2025-01-30 07:03:40.755,105192.17716115106,2084171059413.8213,52978788318.9612
2025-01-30 08:03:39.373,105162.28920688407,2082945764739.2288,54031750925.23464
2025-01-30 09:04:03.323,105068.55618632458,2083052064245.2876,50162089926.63977
2025-01-30 10:04:02.800,105300.60344458018,2090106317164.876,53704688583.899864
2025-01-30 11:03:46.786,105314.44377232197,2087161779273.0767,46389879991.796684
2025-01-30 12:04:44.070,105294.1238143463,2087800184583.9817,53172202194.2579
2025-01-30 13:03:57.467,105033.27812610562,2082263260916.2437,49840264903.20271
2025-01-30 14:03:45.989,104869.32058130573,2078722839831.4814,51363272568.96799
2025-01-30 15:03:48.355,105892.90682330292,2103995956099.3372,51423827977.22578
2025-01-30 16:03:42.085,105700.60377366941,2095561015855.7952,55412445080.94161
2025-01-30 17:04:04.815,105684.10403389746,2095963271156.5557,55971048969.96401
2025-01-30 18:04:03.176,105320.05136169468,2085295057985.4314,56302963094.284386
2025-01-30 19:04:00.127,105611.5739729221,2092073947985.9143,52939225582.67675
2025-01-30 20:03:52.221,105790.75505709808,2096806666048.443,48246315371.62608
2025-01-30 21:03:51.336,105188.81506348633,2083627757498.6628,37851487550.49997
2025-01-30 22:03:41.158,105031.3530846565,2083238365438.547,43705540007.520836
2025-01-30 23:08:42.127,105121.06862147224,2082146283598.9119,41379593261.503815
2025-01-31 00:03:42.553,104719.69018312056,2075524236404.4956,41744206469.04635
2025-01-31 01:03:58.232,104859.2039947492,2078899150639.6797,38512182060.15703
2025-01-31 02:04:01.918,104736.87599130778,2076078651674.884,39365717387.99521
2025-01-31 03:04:02.745,104322.18868785404,2069832174379.3752,39267749387.88425
2025-01-31 04:04:00.347,104325.00174294008,2066995040778.033,29353141253.237312
2025-01-31 05:04:04.895,103991.35346005936,2060806204308.0117,28000266035.163265
2025-01-31 06:03:39.901,104285.77813469055,2066385796000.2498,32940063836.878822
2025-01-31 07:03:47.028,104506.3300564099,2070832883912.4705,35863397902.61589
2025-01-31 08:08:41.111,104217.79035004404,2065411902007.7122,28509095825.085934
2025-01-31 09:03:49.222,104030.89604475061,2062640349611.0596,37403828772.40668
2025-01-31 10:08:35.249,104310.04406200137,2066196087542.0693,33715320815.841316
2025-01-31 11:03:53.757,104274.53389246491,2066439135255.361,37339348114.45696
2025-01-31 12:03:58.237,104740.66194955219,2076240839858.6072,33946809860.549797
2025-01-31 13:03:39.917,104668.68597425931,2074121221661.2686,38100622366.93912
2025-01-31 14:03:58.995,104614.28446002454,2072328882804.1284,38343768166.16326
2025-01-31 15:03:57.258,104475.41308585052,2068651171678.9658,33850718634.037865
2025-01-31 16:03:51.787,105480.45394517481,2091055373835.6348,33056793479.31714
2025-01-31 17:03:24.091,105071.25945425681,2081589252107.8606,34644104334.72545
2025-01-31 18:01:52.530,104623.76134295262,2074810208948.7834,31499316826.5201
2025-01-31 19:03:37.911,102524.21520732481,2037005548310.4556,39256489931.29626
2025-01-31 20:03:42.567,102310.35586633568,2028245639231.6992,39431597548.23111
2025-01-31 21:03:46.250,101598.16372711949,2013447407362.377,42495844065.454155
2025-01-31 22:03:47.520,101921.93619140107,2021679509069.2493,45372763898.17131
2025-01-31 23:02:43.624,102231.1283769451,2023592866953.4978,46390618358.545944
2025-02-01 00:03:41.032,102404.93376107872,2029226920291.1497,37366136226.18833
2025-02-01 01:03:55.213,102470.38402887621,2030932639481.3865,42483296885.68748
2025-02-01 02:03:53.898,102512.46698695565,2032431644471.2717,46248883536.45287
2025-02-01 03:02:18.060,102403.77977300351,2031287020915.5964,46043695672.33697
2025-02-01 04:04:00.119,102249.72937645671,2026640317446.256,37219847751.11721
2025-02-01 05:03:50.170,102293.87636307711,2027429410522.027,44716554004.741455
2025-02-01 06:03:52.868,102475.68101584575,2030849839686.854,38468575084.29137
2025-02-01 07:03:34.749,102392.6088536625,2029215419908.2444,40854196148.388084
2025-02-01 08:01:44.168,102185.38756205894,2024374272328.8574,41017867899.581894
2025-02-01 09:00:32.068,101992.51177679887,2020109958891.8381,43170756687.62666
2025-02-01 10:01:58.541,101615.24850144365,2011116353962.8718,40950630637.33616
2025-02-01 11:03:29.726,101592.66990862337,2013571991726.725,44199401579.59235
2025-02-01 12:03:27.151,102019.51548371714,2020795152216.1936,43390671077.62543
2025-02-01 13:08:14.013,102149.95154515926,2024805565450.9731,40263757357.49234
2025-02-01 14:01:43.267,101860.22271648972,2018892168040.9985,42760494494.903145
2025-02-01 15:03:35.304,101823.14984091595,2018191211803.5496,36012347712.763176
2025-02-01 16:03:46.677,102108.3490479744,2023810890278.4912,38898994915.755135
2025-02-01 17:04:17.276,101882.43146116784,2019554845666.6638,36372572010.067406
2025-02-01 18:03:52.509,102239.73795237648,2025967806051.7249,33982983819.328705
2025-02-01 19:03:48.670,101992.1932854985,2021301643105.8303,31529163673.42172
2025-02-01 20:08:38.590,101476.28084876582,2012995142205.3684,27948766656.074245
2025-02-01 21:02:12.714,101341.21144517073,2005707798333.4507,26701827670.974792
2025-02-01 22:06:41.288,101393.69478953844,2007732949790.6438,25369237126.299778
2025-02-01 23:03:47.631,100522.89746094769,1992300478317.287,25233528730.879044
2025-02-02 00:08:32.693,100503.92993660411,1992554585447.9705,25367338078.921898
2025-02-02 01:03:46.645,101237.55570873898,2006349247831.8027,21185081725.01439
2025-02-02 02:03:46.706,101161.8529126038,2004853198752.8284,25624590580.91779
2025-02-02 03:03:32.220,100488.42869471373,1990708006435.527,26840136822.459103
2025-02-02 04:07:15.956,99092.333588406,1965157905742.4265,30869540941.338337
2025-02-02 05:03:36.344,99511.03304807426,1974773534296.998,32800550446.45657
2025-02-02 06:03:39.315,100272.9911974196,1988012923311.1807,33268112611.040897
2025-02-02 07:00:43.585,100355.30821794734,1989047190935.6055,34162940923.42494
2025-02-02 08:03:58.356,99593.13977161376,1975566614487.7935,23015348982.818996
2025-02-02 09:03:54.032,99794.68350624843,1977782731372.8877,34844975742.23547
2025-02-02 10:03:36.248,99645.40771022183,1974612397152.8308,35442664401.439514
2025-02-02 11:03:06.477,99342.03532242186,1972482542408.0698,30277774414.931026
2025-02-02 12:03:48.001,98933.28243566968,1958507453981.8325,38247378242.980705
2025-02-02 13:03:25.768,98201.26569873706,1947043865840.095,37287450038.32532
2025-02-02 14:03:58.403,98791.6437249441,1957697763146.0278,41310151090.22821
2025-02-02 15:03:39.736,99259.48949920906,1966823415612.4854,42312437070.84253
2025-02-02 16:01:38.424,99306.8359207168,1968910563155.1064,39546583950.865974
2025-02-02 17:02:35.650,98196.81871091944,1944551549814.6738,43695997575.17394
2025-02-02 18:03:38.840,97157.76217158206,1923804771116.4446,49580332802.86192
2025-02-02 19:03:45.446,96896.82676418213,1922884264795.0588,46951141125.63808
2025-02-02 20:03:43.139,98235.87175043522,1946163482674.5852,57044419317.02325
2025-02-02 21:00:45.736,97793.53821562871,1937072986217.3457,47658398897.50707
2025-02-02 22:02:15.812,96988.74415938454,1921781912853.0679,35209897594.59467
2025-02-02 23:03:47.863,97815.84535257479,1936077131894.8628,61901167209.33174
2025-02-03 00:03:55.006,97652.02866142086,1936888649851.0564,60384282261.70392
2025-02-03 01:03:25.784,96653.10505164102,1917176952320.4697,60807571362.72603
2025-02-03 02:03:58.171,93517.87531879066,1854405898143.0222,73996991110.01198
2025-02-03 03:02:39.228,93529.88153166145,1856974062327.3806,86745524901.59636
2025-02-03 04:03:57.250,94068.23649713039,1864269272699.6116,83478298819.85269
2025-02-03 05:03:42.326,92876.12162304203,1839654517603.3994,98097710393.03694
2025-02-03 06:04:01.126,93885.07988775491,1861048741708.0745,99315354839.13647
2025-02-03 07:04:21.688,93984.49582240354,1860597067537.651,100307372330.12206
2025-02-03 08:03:10.198,95437.74841070815,1890927751785.6184,85311350557.95201
2025-02-03 09:03:50.939,95431.53785259378,1890807210416.958,103867869869.16586
2025-02-03 10:03:40.239,95373.35106292863,1889960386268.8286,107172072534.73138
2025-02-03 11:03:55.347,95770.80181571534,1896073570182.0574,103609670806.10979
2025-02-03 12:03:46.010,95184.99000103062,1885724436619.9724,94169826919.72453
2025-02-03 13:03:33.432,94848.74372319518,1882582025353.0466,107299460403.68948
2025-02-03 14:03:56.837,94721.98536030206,1876967273887.9797,102962964871.67091
2025-02-03 15:05:03.441,96874.2426135226,1920251727565.7903,114257806050.93373
2025-02-03 16:03:37.068,99175.4839366473,1965578354535.2644,111661891455.78627
2025-02-03 17:03:56.331,98664.16766125984,1959916846295.3113,119758900481.58565
2025-02-03 18:03:51.143,99427.091812037,1968907002259.9075,117879665837.13199
2025-02-03 19:08:57.978,100109.60169399311,1983857635197.1255,122455060850.30626
2025-02-03 20:03:58.656,102038.29415299969,2021383503656.402,111582183938.67041
2025-02-03 21:04:12.060,101776.9704902056,2015604553591.8442,121321852108.73674
2025-02-03 22:03:45.958,102011.13759922635,2021122999580.6067,115772211445.63112
2025-02-03 23:04:03.967,101786.57409375272,2017429742855.147,120256344524.31786
2025-02-04 00:01:56.275,101392.3150300614,2009529623603.9858,122749494414.58522
2025-02-04 01:04:04.126,101177.50269250017,2004664144594.5635,106383963793.45781
2025-02-04 02:08:36.302,101468.37868950945,2010746121684.4475,94073526759.69113
2025-02-04 03:03:52.232,100843.17354271388,1998470211478.4229,92102393533.95076
2025-02-04 04:03:52.533,100696.1326357584,1995344523843.5984,87651622834.69707
2025-02-04 05:04:05.375,100163.72562649935,1984541524164.3762,72952755920.01064
2025-02-04 06:03:54.372,99248.39363079518,1969896393260.275,76465079658.76259
2025-02-04 07:04:03.227,99414.93416195072,1970868039212.482,60436000104.01706
2025-02-04 08:02:57.118,98461.65323336356,1952078498775.6504,82145717943.17612
2025-02-04 09:03:52.878,98361.85276813261,1949146553609.0137,80623384073.77437
2025-02-04 10:08:40.006,98707.16429232086,1955809791815.9773,85163200808.70135
2025-02-04 11:02:02.244,98900.15664785431,1958716186987.2158,84356821442.94563
2025-02-04 12:03:49.625,99125.47947716463,1963121121230.6562,84245877835.39243
2025-02-04 13:04:02.382,99369.05940581522,1972651391948.453,77859938569.08894
2025-02-04 14:03:57.983,99132.60917545018,1966843752511.4111,77977195427.76498
2025-02-04 15:03:55.742,100160.09279025279,1984499659364.219,77917819238.94751
2025-02-04 16:04:10.533,99503.28222371545,1972464851382.641,68777861809.85078
2025-02-04 17:01:34.919,99207.7117070122,1966809686192.739,74809681758.29611
2025-02-04 18:04:06.155,99243.8917964687,1967386052776.6208,69080437478.94475
2025-02-04 19:04:02.973,99359.35824162222,1971958628515.774,70334377435.27542
2025-02-04 20:04:02.905,98860.42539595038,1964636531586.007,67598315870.481285
2025-02-04 21:08:44.686,97972.8075370943,1940968625032.7832,69926712222.66504
2025-02-04 22:04:10.694,96386.5143187413,1911889150781.2688,69806752688.80084
2025-02-04 23:01:55.641,97690.61739242118,1936202930229.118,73745720028.94376
2025-02-05 00:03:56.312,97888.30731950274,1939466897604.7148,70848078818.16441
2025-02-05 01:03:57.514,98360.40524167611,1949357736224.9463,67452737653.302284
2025-02-05 02:02:52.157,97742.4722066188,1940199665151.6875,75620359307.37105
2025-02-05 03:03:34.380,98029.77668903438,1946138783681.1057,75573254340.80864
2025-02-05 04:00:06.424,98006.5293424413,1941845305093.8616,71048646341.07883
2025-02-05 05:04:09.895,98094.7373713875,1943556046123.9329,74715359475.47362
2025-02-05 06:03:38.079,98200.71650096471,1947471094770.5242,70695973879.37779
2025-02-05 07:03:50.074,97513.92279729006,1934520528206.3818,69757236486.12773
2025-02-05 08:03:50.441,97904.93450676241,1941946184933.7866,65991866385.41032
2025-02-05 09:03:58.345,97656.24528073946,1935505316905.9082,60966733666.95137
2025-02-05 10:03:50.353,97450.19613346204,1929594637462.4597,65340119612.3701
2025-02-05 11:03:52.815,97759.8831753512,1939220631155.2617,63661409426.48481
2025-02-05 12:01:03.860,98193.32303841642,1947087707314.6372,62522123802.24687
2025-02-05 13:02:35.879,98045.78183003876,1943193879569.8738,63566547078.482956
2025-02-05 14:04:13.296,98611.46674060835,1954284796727.2085,60332904286.854904
2025-02-05 15:03:15.819,98351.26868548083,1945856257737.2688,63497417766.762856
2025-02-05 16:01:49.250,98192.99346867306,1944460505482.3672,54531337458.07715
2025-02-05 17:03:47.273,98044.92329209218,1942901305196.3958,50763815445.45226
2025-02-05 18:04:04.941,97736.3008613856,1934586504889.8875,57480673064.42257
2025-02-05 19:04:09.173,96709.7362968561,1917582987600.7473,55105632143.78032
2025-02-05 20:02:38.875,97377.74729659544,1929917450504.1558,51852905809.584724
2025-02-05 21:04:00.438,97326.90138999239,1930166402859.6177,50337047593.89105
2025-02-05 22:04:10.280,96870.39922901063,1920989629341.9377,50184096669.00326
2025-02-05 23:03:48.268,96439.88149814382,1911456067310.7488,45802910614.77849
2025-02-06 00:03:59.513,96613.00809483857,1915206132511.6934,48424844834.31546
2025-02-06 01:03:45.864,96839.96420150516,1919516834018.9648,45613416274.847786
2025-02-06 02:04:01.898,97130.53973144067,1924425074224.7393,45530559556.22462
2025-02-06 03:00:24.898,97355.35589817187,1929947724905.9907,43971271852.17172
2025-02-06 04:04:11.043,97355.40414806851,1929242613811.154,34063809752.540348
2025-02-06 05:03:40.870,97643.75264902429,1936139293689.744,45670471904.97418
2025-02-06 06:08:28.951,97775.60672474427,1939221215693.2317,42812331107.02168
2025-02-06 07:04:11.555,98402.46047835614,1950744640854.8384,45308164953.25447
2025-02-06 08:00:08.101,98232.29586759426,1943644996871.1702,44552543426.437
2025-02-06 09:08:32.486,98211.45992465959,1946003039402.1946,41983974258.19127
2025-02-06 10:03:55.136,98692.44773552474,1957025538344.1013,44274855881.157104
2025-02-06 11:04:02.195,98975.0605619712,1960398063820.3357,42446703675.78118
2025-02-06 12:01:57.109,98901.87439582883,1961497043151.0955,43974370982.34012
2025-02-06 13:01:52.501,98359.249482822,1949684988011.0737,39742340087.030495
2025-02-06 14:08:31.052,98548.2185810839,1956232334213.452,44941632922.58047
2025-02-06 15:01:09.316,97920.76851950152,1945628686309.786,45815980073.34397
2025-02-06 16:02:47.492,97232.86007013674,1924831802527.8474,45213714515.312355
2025-02-06 17:03:43.384,96581.82206855995,1915265105765.2388,45367143288.728516
2025-02-06 18:04:00.401,96720.71725520355,1918318144688.986,47544544863.592285
2025-02-06 19:02:56.212,96340.12998876366,1909931116226.7698,47453778874.68803
2025-02-06 20:04:01.843,95967.15004023662,1904561170506.8054,48238348711.00766
2025-02-06 21:03:56.060,96900.66888552891,1920608338946.8264,43866385347.56357
2025-02-06 22:01:12.092,96784.5850446752,1918649664878.3948,45419083111.48007
2025-02-06 23:04:09.795,96928.85157608312,1920145791854.1646,47746489916.790535
2025-02-07 00:03:51.765,96567.63486519158,1914854237778.9666,40634556219.60184
2025-02-07 01:08:28.742,96656.38389228036,1915352830897.6958,46211007582.07942
2025-02-07 02:04:10.825,97463.82094798237,1934888687588.816,40953763202.94942
2025-02-07 03:04:01.886,97585.5765251919,1932853005680.9236,34793975159.46879
2025-02-07 04:03:58.031,97442.04681675724,1931208403866.0127,44873710195.24256
2025-02-07 05:03:41.061,97459.12539682529,1933156098799.6096,45943522426.98768
2025-02-07 06:01:37.655,97354.27325739387,1929631037559.488,47224888036.506836
2025-02-07 07:00:26.442,96876.89154634211,1919785723118.7559,43132988547.965546
2025-02-07 08:03:51.391,96765.55824275386,1917965092506.525,45897471768.220375
2025-02-07 09:04:09.234,97129.2131679456,1923456429485.7163,48187051335.53498
2025-02-07 10:03:50.207,97337.03098963221,1929118873287.0195,46094063217.365425
2025-02-07 11:03:34.511,97316.41651615771,1928829657139.63,45266780016.46561
2025-02-07 12:00:56.631,97760.09397417755,1936685585120.0764,45519001806.337395
2025-02-07 13:03:55.385,98006.31102408515,1940941030558.076,44400319162.1062
2025-02-07 14:03:06.155,98873.42490634344,1957119331911.7642,44613012888.34079
2025-02-07 15:03:09.508,99606.01843437883,1977551816778.1816,52107561086.88309
2025-02-07 16:04:13.816,98081.80812585702,1944762847689.565,51217455745.6655
2025-02-07 17:03:52.752,97880.47132241819,1942371025482.0554,56326078097.331245
2025-02-07 18:04:23.151,97416.13593512993,1934229441321.1108,57442106786.21046
2025-02-07 19:04:05.117,97758.33738706807,1940868581974.573,53562454458.88723
2025-02-07 20:04:14.604,96896.28982042264,1922299307168.9988,52541123983.63478
2025-02-07 21:03:42.904,95746.87395405429,1899127950567.1765,56984028906.25164
2025-02-07 22:03:50.336,96040.13865031378,1901476808580.8726,53811499315.18562
2025-02-07 23:04:02.331,96108.29568062663,1902251003510.893,56879988980.40387
2025-02-08 00:04:04.306,96558.4563096667,1911296376425.356,57077722340.22422
2025-02-08 01:04:16.292,96670.89656751913,1915456774377.0676,54275625601.30127
2025-02-08 02:04:15.147,96548.21819135682,1913869501490.7144,56394933048.741264
2025-02-08 03:03:44.400,96786.35922159553,1918562431283.455,50064787809.72729
2025-02-08 04:03:45.095,96713.24797153489,1916990249759.0955,54868430326.46576
2025-02-08 05:04:11.997,96320.34813679579,1909146916198.783,52603351791.539444
2025-02-08 06:04:06.448,96154.76117032336,1907008432297.584,54911182944.88288
2025-02-08 07:03:49.795,95952.52432602612,1902203504065.374,54230777971.19762
2025-02-08 08:04:00.625,96223.7407871112,1908554459881.2783,48877961713.68644
2025-02-08 09:03:47.457,95905.61306579997,1901957038104.5386,49835735211.81784
2025-02-08 10:02:34.123,96095.3786132481,1903857164426.553,33779012281.34095
2025-02-08 11:03:43.068,96039.32910256689,1903760064179.5105,50214106922.782135
2025-02-08 12:04:08.355,96003.7579365969,1902611374172.639,48519612817.70902
2025-02-08 13:08:45.465,96087.21179559056,1904605186076.5173,47569291077.40405
2025-02-08 14:03:52.395,96218.75936833651,1908475267913.714,45665493929.15969
2025-02-08 15:03:56.703,96072.01389415626,1904386214945.3662,39283879483.27032
2025-02-08 16:03:51.360,95836.79513855922,1898427935868.06,34918779522.04886
2025-02-08 17:04:08.165,96168.08067753738,1906187955165.2336,31875390298.452736
2025-02-08 18:03:56.480,96355.02099871126,1909239776753.684,28794818586.082424
2025-02-08 19:04:24.996,96518.94915955854,1913156543697.5225,30442540403.465054
2025-02-08 20:04:01.049,96645.85029878837,1914563536752.8406,26942398096.454567
2025-02-08 21:04:11.842,96484.13257174032,1912711321081.4639,25714366487.092205
2025-02-08 22:03:47.816,96501.1504913647,1912576925841.0989,23107198698.432243
2025-02-08 23:03:50.607,96487.0543625433,1912518704714.4302,17309338168.577934
2025-02-09 00:04:17.343,96454.44602149501,1912742717871.6714,20932503231.866684
2025-02-09 01:03:49.419,96569.42155748123,1914144678004.04,20981661059.98133
2025-02-09 02:03:48.177,97011.60027792904,1919341614158.239,22300055938.266335
2025-02-09 03:03:53.688,96779.30602990102,1918552782939.359,22065219206.383408
2025-02-09 04:08:40.312,97259.00138784561,1928991479028.1665,20585553113.938736
2025-02-09 05:03:52.099,97267.4076648532,1928291799235.9827,23244550689.437756
2025-02-09 06:03:57.204,97046.2789388488,1923427493683.4175,19864425680.990257
2025-02-09 07:03:49.412,97028.92076912236,1923312604412.956,21122295067.019207
2025-02-09 08:04:08.033,97117.2428080168,1924237068808.4802,18280665751.130898
2025-02-09 09:03:52.948,97108.03391440804,1925288087697.5227,22060758822.330208
2025-02-09 10:03:54.094,96890.28323028823,1921409730716.0417,21946827190.285763
2025-02-09 11:03:57.408,96808.57964192933,1918546778372.9604,18838000900.018387
2025-02-09 12:05:50.891,96603.27364795694,1915330393756.7566,22748791215.609726
2025-02-09 13:03:52.621,96550.38390104315,1913712225325.2095,22870617866.118927
2025-02-09 14:03:56.421,95906.49171654721,1900675686548.407,19310317195.125618
2025-02-09 15:04:06.468,96162.13377205859,1906106926795.6362,23728640906.73392
2025-02-09 16:01:09.843,96498.54652003417,1913813618179.823,23579923703.93695
2025-02-09 17:04:12.396,96458.06093493411,1912661115505.2324,23429213696.988644
2025-02-09 18:08:51.218,96125.10211989976,1904378656917.0105,23331648361.121193
2025-02-09 19:08:46.829,96218.25827497702,1906928203540.1707,23036708422.72594
2025-02-09 20:03:51.775,96096.82739593633,1903828632107.1768,21356462271.22973
2025-02-09 21:03:53.818,96325.2632461819,1908216372369.6587,23209059872.5124
2025-02-09 22:03:52.847,95340.48294665758,1886981719580.8208,25510285898.292694
2025-02-09 23:03:03.213,95841.1801230943,1899681798074.2817,25191329921.97537
2025-02-10 00:04:12.806,96519.99549282841,1913864166395.361,25697652234.320942
2025-02-10 01:04:09.496,96766.93559529584,1917841613974.1616,25354766674.198795
2025-02-10 02:03:44.925,95524.22026320195,1892656435995.069,25417575362.88839
2025-02-10 03:00:37.956,95821.87762306974,1899149768357.3105,27609000168.191387
2025-02-10 04:03:41.360,96805.44643078477,1918269253818.0906,25810054598.26094
2025-02-10 05:04:20.006,96961.36839920148,1921358328080.2776,32774998964.8579
2025-02-10 06:02:42.650,97071.92621073166,1928930417984.2683,34632428227.22591
2025-02-10 07:04:15.757,97151.54613521088,1924790403771.4248,31070602337.694397
2025-02-10 08:07:13.748,97464.14633368152,1931287479605.011,35425573682.77953
2025-02-10 09:03:47.056,97701.28028726348,1937560385964.8298,37427365008.18969
2025-02-10 10:01:24.403,97510.84742833716,1932225880653.2375,37704157728.473434
2025-02-10 11:04:29.824,97730.66462298081,1937412708361.842,38583089432.12534
2025-02-10 12:04:12.943,97731.48183582605,1939341021292.1616,38921302935.18796
2025-02-10 13:04:00.182,97403.90940767614,1929657215859.9976,36270590027.48066
2025-02-10 14:04:27.572,98334.08502172824,1948986595316.6543,34301086244.4831
2025-02-10 15:04:07.909,97346.47301436782,1929839505775.869,40588055641.04282
2025-02-10 16:03:57.314,97251.75237452232,1927728467018.2703,35504283777.21286
2025-02-10 17:04:17.780,97303.13910111328,1929453970702.2773,33154955947.82968
2025-02-10 18:04:02.921,97523.71433146537,1933277099137.5505,35329189335.16302
2025-02-10 19:08:43.736,97585.55088034495,1934308501124.7957,42356934588.79209
2025-02-10 20:04:33.853,97367.3655911921,1931178008597.118,44764263708.92695
2025-02-10 21:03:57.706,97343.1682807978,1929884960319.9573,43104322310.41142
2025-02-10 22:00:51.728,97398.42007998587,1930827914741.7715,42778213423.536804
2025-02-10 23:03:51.098,97390.4434974332,1930669526541.8044,40268514005.312454
2025-02-11 00:03:16.889,97465.03795561657,1931524441475.5403,39624814322.33576
2025-02-11 01:08:51.459,97996.74379122132,1939823001070.9834,39637135442.290306
2025-02-11 02:04:00.545,98062.17536313026,1944110052449.4038,37671396341.51483
2025-02-11 03:02:11.821,97840.1754897783,1940230868576.669,31399695755.728317
2025-02-11 04:04:07.829,97607.9294183258,1934759112630.5676,35700859618.30299
2025-02-11 05:04:12.556,98044.67328804094,1944103539232.3955,33929758357.091007
2025-02-11 06:03:58.166,98467.0013054058,1952938766277.0095,34397015197.978745
2025-02-11 07:04:26.923,98423.6912281288,1951670998494.2393,31354307815.116634
2025-02-11 08:03:57.944,98291.91112214026,1949024000008.1328,33464191867.445045
2025-02-11 09:04:08.177,98271.14915988536,1947149039025.9956,32385499035.88515
2025-02-11 10:04:11.776,98047.45718678787,1942685294381.383,32335813511.28321
2025-02-11 11:03:47.853,98009.83713490752,1942846650020.973,28970624371.076366
2025-02-11 12:04:20.249,98146.26604694665,1945690378462.5784,30559256100.71597
2025-02-11 13:03:55.918,97785.0383083442,1939412178902.4634,31028473737.089172
2025-02-11 14:04:06.434,96938.19708318585,1921592052061.887,30814095723.90075
2025-02-11 15:03:47.119,96977.78556048905,1923160149897.2163,28095282270.18622
2025-02-11 16:07:07.324,96889.91975757855,1921026643636.1772,30570938831.747387
2025-02-11 17:04:19.151,96315.37542059057,1909508836545.673,30683591187.481007
2025-02-11 18:04:19.864,96084.83930864246,1904387673666.3862,29908172785.70353
2025-02-11 19:07:04.093,95551.77083156312,1892425319235.3171,28386667867.09025
2025-02-11 20:02:59.012,95017.42507160608,1883722067610.7273,31111418200.1038
2025-02-11 21:04:08.503,95303.46815226416,1888778756700.6545,34639249253.16455
2025-02-11 22:04:19.586,96328.03689038444,1906733467557.1008,35243866069.22306
2025-02-11 23:04:23.283,95561.70494164275,1892098465778.7751,36339421755.373985
2025-02-12 00:04:04.920,95743.13972459143,1897962292582.8396,36217275431.85843
2025-02-12 01:00:50.639,96077.33083493997,1905064630847.8335,31188479057.54265
2025-02-12 02:04:10.902,96150.97841210228,1905793039265.278,30959230038.088356
2025-02-12 03:01:52.354,95535.57535709743,1893512775501.8704,36250038613.73426
2025-02-12 04:03:03.459,95372.30093011959,1890568077879.0894,37068679718.48957
2025-02-12 05:03:50.149,95508.78766861194,1893284958368.6555,34324627246.21348
2025-02-12 06:04:12.696,95862.97586573691,1899975990134.7463,33132226397.972836
2025-02-12 07:04:09.592,95809.99388128315,1898857740169.548,32932229525.341328
2025-02-12 08:01:43.765,95946.08824913332,1901853632813.7815,30233887925.408043
2025-02-12 09:04:30.071,96281.23094009243,1909641072098.612,36230486128.091805
2025-02-12 10:03:32.376,96126.64137548784,1906305859804.048,36421346279.85789
2025-02-12 11:04:04.437,95982.41228195447,1902544909264.5798,30625625085.82217
2025-02-12 12:04:06.062,96108.54335491334,1904134221009.5205,33133583841.205208
2025-02-12 13:04:08.493,95918.14912302299,1904362361406.3875,36907872128.08934
2025-02-12 14:04:09.506,94907.03940613412,1878254181626.6978,35169286210.106224
2025-02-12 15:04:15.421,95383.62955535506,1890812580746.8967,39019781006.7105
2025-02-12 16:03:50.406,95853.86268315182,1899051463740.9355,46381111559.90415
2025-02-12 17:04:26.154,97131.40302480535,1922172087503.7979,39694721405.60746
2025-02-12 18:04:16.791,97372.92506928637,1928381640133.7407,50148303590.0775
2025-02-12 19:04:00.157,96927.40233152782,1923420240392.1614,49039647383.004074
2025-02-12 20:09:02.782,97041.14442247873,1923676300476.9893,48500243045.26295
2025-02-12 21:04:31.577,96953.21159837977,1922025780799.5203,48529257288.85076
2025-02-12 22:04:06.802,97581.66121244403,1934759858111.789,44794774468.09467
2025-02-12 23:04:30.772,97917.74883920769,1939519916877.9893,48425213977.48271
2025-02-13 00:04:19.716,97886.93195784716,1940385592431.8413,50369860070.37656
2025-02-13 01:04:02.071,97822.8847791465,1937474539000.2166,50468333161.9236
2025-02-13 02:04:21.301,97984.76780314116,1943575073008.436,50242884557.82895
2025-02-13 03:04:25.132,97482.69236537757,1932298631694.3594,38578065779.12365
2025-02-13 04:04:10.538,97545.82090794371,1934917781157.13,46015617778.3396
2025-02-13 05:04:07.599,96884.50484747115,1920219920499.3586,45769104406.88777
2025-02-13 06:04:33.632,96702.94414130866,1916437639205.5273,46888575960.023
2025-02-13 07:03:40.197,96045.87665482667,1904271263446.6538,48000653682.65004
2025-02-13 08:04:12.989,96036.93855574471,1903836699556.5654,48223428320.83907
2025-02-13 09:04:17.948,95893.42457979695,1900732310089.25,50217651502.55278
2025-02-13 10:00:25.788,96255.72778377474,1908050392577.5342,49001805102.99907
2025-02-13 11:04:14.032,96139.62356455375,1906010494028.1,51243222498.3022
2025-02-13 12:04:00.551,95946.82224702308,1900463288623.3372,51507770285.089584
2025-02-13 13:08:52.578,95767.65830889478,1898452432836.9238,51259526084.777016
2025-02-13 14:04:22.419,96113.53673267111,1905375376896.9307,45129686456.497375
2025-02-13 15:04:10.462,95878.64612431273,1901286667528.4622,41106852483.17892
2025-02-13 16:03:59.822,95917.38358350989,1902862042878.9707,44110184347.51042
2025-02-13 17:00:31.421,95458.140300641,1893428438142.0635,43864467742.57989
2025-02-13 18:04:14.750,95637.78525555778,1895779045483.6616,40591327962.89098
2025-02-13 19:03:54.469,96003.14980785846,1898655133449.0159,40380946896.67321
2025-02-13 20:09:06.939,95782.51396129551,1898079063827.7324,40278854186.601265
2025-02-13 21:04:01.322,96300.0609397171,1905121040372.0637,39965005522.61664
2025-02-13 22:07:21.359,96497.23557421484,1913554681077.215,38758315804.2621
2025-02-13 23:01:45.959,96374.20669516998,1910506638170.8984,37851333295.0051
2025-02-14 00:08:26.474,96666.70960779543,1916291112330.9202,37085070163.58575
2025-02-14 01:04:18.947,96828.89943203412,1918588343847.5007,34548092069.91561
2025-02-14 02:03:59.693,96532.5779782049,1915283460656.6287,36812567404.516106
2025-02-14 03:04:10.767,96579.33951604052,1914661522819.106,36690774756.57478
2025-02-14 04:04:25.171,97152.49941358573,1925489923436.099,31964977730.714203
2025-02-14 05:04:15.695,96779.1732418888,1918419069276.3125,35174669064.43306
2025-02-14 06:04:27.249,96703.60390210796,1918170279373.3997,36028439026.26637
2025-02-14 07:00:19.209,96772.32613035057,1918266051736.034,31995644605.267014
2025-02-14 08:04:14.366,97004.55038734362,1922996607010.55,31237979211.523098
2025-02-14 09:04:20.803,96886.55281117093,1920776671867.3066,27729957440.069016
2025-02-14 10:04:13.742,97140.50472343343,1926077759757.2002,30437066846.788654
2025-02-14 11:04:14.630,97031.12535349325,1923609094272.3853,27206257310.40074
2025-02-14 12:04:09.226,96901.61280060273,1921086597210.414,23917464254.35174
2025-02-14 13:03:35.410,96674.16542518875,1916222634187.073,28818030813.68744
2025-02-14 14:04:16.536,96817.72457029505,1919287960509.4197,28270830592.701797
2025-02-14 15:04:08.030,97324.06933798644,1932120496106.3623,26735585631.783546
2025-02-14 16:04:00.368,96961.0929667185,1923385859338.715,28260000993.916294
2025-02-14 17:04:14.298,97772.85353304356,1931054056510.9712,28104120691.318405
2025-02-14 18:04:18.324,98623.62137807804,1960037722109.873,28686787184.564198
2025-02-14 19:03:35.581,98214.29854725617,1949293125443.3538,31122854291.139046
2025-02-14 20:04:27.377,97961.4270398272,1940552997348.8313,31223824020.313194
2025-02-14 21:08:51.836,97314.71761687646,1929197616173.0083,31591482716.704964
2025-02-14 22:04:21.801,97381.31607548901,1930849633615.8767,27923561765.57988
2025-02-14 23:04:09.783,97190.84281503958,1922798235660.6257,32315092384.24408
2025-02-15 00:04:07.449,97525.56432832252,1932710481626.8657,31912421268.459515
2025-02-15 01:02:44.761,97465.74346570221,1932090766691.4253,29560439983.607162
2025-02-15 02:04:21.757,97811.65069075664,1938895602092.1755,28339767693.128605
2025-02-15 03:01:10.495,97810.11853984169,1939333619720.4875,26770075958.68243
2025-02-15 04:03:51.511,97680.37583137362,1936589226200.6543,31181431992.82566
2025-02-15 05:09:01.276,97555.50423518383,1933872062051.384,31506600889.880848
2025-02-15 06:04:11.294,97596.36340969727,1934785034207.8958,30991380767.134174
2025-02-15 07:09:24.932,97534.03412413939,1933208898547.9583,30657111559.625156
2025-02-15 08:03:58.198,97401.87016895857,1930783602394.5403,30480921112.481415
2025-02-15 09:04:11.383,97504.16571792305,1932992769901.0574,27645983741.152985
2025-02-15 10:09:13.164,97524.57452619587,1934613072388.061,27636800510.861076
2025-02-15 11:00:59.437,97726.54687428048,1937529352136.3333,30001105156.15559
2025-02-15 12:04:18.755,97599.45342665966,1935269529733.3914,27123846018.64413
2025-02-15 13:01:43.979,97755.57301650841,1939131047773.4749,29536528258.406834
2025-02-15 14:04:00.850,97743.06912727187,1938271667336.2485,29356263682.872425
2025-02-15 15:04:20.336,97643.02998914919,1935916839024.311,28095022918.428986
2025-02-15 16:09:10.344,97690.30146549319,1936111049982.0647,26029707857.059334
2025-02-15 17:03:55.009,97533.1040216401,1933639599418.1707,23769658656.07321
2025-02-15 18:00:40.667,97422.02899712167,1930270152340.1396,22005571844.832317
2025-02-15 19:00:33.236,97595.31113086389,1934282470282.1035,19792572380.666374
2025-02-15 20:04:19.773,97588.83350317659,1934221819114.0845,18118512648.267227
2025-02-15 21:04:15.188,97552.17038179221,1933721789761.4375,15692094770.918232
2025-02-15 22:04:16.328,97709.33332248866,1936107552408.7493,14260599617.37751
2025-02-15 23:03:30.801,97545.4160810322,1932470989678.6975,14680927133.062716
2025-02-16 00:08:58.860,97651.63779310409,1934560908205.9382,15095114124.185019
2025-02-16 01:03:17.474,97619.7866463706,1935070696348.6086,12776086201.377264
2025-02-16 02:03:35.776,97670.43504008041,1936036302067.8853,14091643924.901743
2025-02-16 03:00:38.025,97548.37442069995,1932706197133.1206,13942868864.138897
2025-02-16 04:03:56.282,97557.1527649986,1934066261051.3755,12238542322.116524
2025-02-16 05:03:59.283,97540.4302583713,1933552637179.8743,13736480703.217913
2025-02-16 06:03:58.157,97602.86236725133,1934975477593.5469,10715510918.722769
2025-02-16 07:01:12.853,97485.10316361366,1932610896675.1892,12600689292.045734
2025-02-16 08:04:05.580,97230.9985896581,1927644281705.479,13706217334.425184
2025-02-16 09:07:02.379,97125.39953728911,1925261762168.948,13328804103.56002
2025-02-16 10:02:25.441,97374.59042056215,1930462012319.886,12393348060.12913
2025-02-16 11:03:27.604,97179.53603625878,1926344979680.66,13877564233.397774
2025-02-16 12:03:49.790,97336.20781895904,1929586758451.4583,13857363674.724987
2025-02-16 13:03:56.263,97102.97273794797,1924882702750.3103,12829087417.170279
2025-02-16 14:03:53.782,96820.88754034557,1919464423463.4524,13578576794.291811
2025-02-16 15:04:03.853,96973.53423641954,1922464136347.678,12959969976.900866
2025-02-16 16:04:02.746,96965.21530590902,1922641521882.7048,7168382996.288533
2025-02-16 17:04:15.153,97074.7553724119,1924113707742.574,10922443039.37593
2025-02-16 18:04:16.263,96972.41824936462,1922244372961.0127,11505586027.095198
2025-02-16 19:02:37.915,96911.18680524954,1921334343084.8335,12396441857.152328
2025-02-16 20:01:05.214,97057.54396616183,1924111890476.385,12927994608.219841
2025-02-16 21:03:54.909,96915.58776734979,1921260839511.104,13000447198.650002
2025-02-16 22:04:18.072,97161.8859953998,1925806142943.3308,13875641367.773146
2025-02-16 23:03:42.553,96889.88885007307,1920526548847.5732,12394650067.541912
2025-02-17 00:04:01.303,96122.86600485025,1906788427878.0713,13845334001.297956
2025-02-17 01:04:16.994,96306.8893048766,1908327000610.1235,15601263595.978914
2025-02-17 02:01:57.801,96529.14863264606,1913768847155.041,15852849154.007685
2025-02-17 03:00:53.065,96203.28295054514,1907046513353.4182,14341275565.190908
2025-02-17 04:06:49.888,96185.61060460084,1907282765262.5117,14611204827.422426
2025-02-17 05:04:01.732,96124.05481404,1904736209740.8848,16653673921.216747
2025-02-17 06:03:47.584,96258.4683507194,1908962007211.1396,17244873622.953552
2025-02-17 07:04:03.554,96363.60291349764,1910730268669.8745,16092845848.025742
2025-02-17 08:04:02.845,96103.04905731311,1904949287799.3076,18945726144.55995
2025-02-17 09:04:09.644,96125.59652377032,1906185168741.8647,17883275843.384888
2025-02-17 10:04:47.383,96162.96642649428,1906476877223.2117,19162630577.355244
2025-02-17 11:04:12.831,96115.17848679269,1905659621822.9775,18040777708.302776
2025-02-17 12:04:09.411,96070.76836745605,1903899779665.1394,18358807044.562477
2025-02-17 13:03:56.823,96472.19885359015,1912876176830.333,20089843574.081627
2025-02-17 14:09:01.694,96469.90302563595,1912032013556.917,20941631880.295856
2025-02-17 15:03:19.163,96825.39185696325,1919378985523.2766,22355142767.86915
2025-02-17 16:03:59.096,95601.77121160176,1897767894540.5125,22341237276.249218
2025-02-17 17:03:49.983,95367.30839787448,1891838407450.2407,25396238657.029022
2025-02-17 18:04:08.444,95473.9227113629,1895539397165.2664,26932755830.40105
2025-02-17 19:04:17.506,95305.81471590063,1888827711528.0,25210154267.500793
2025-02-17 20:04:24.419,95517.3362841228,1894263560512.1018,26369026448.230213
2025-02-17 21:04:25.810,96001.22510228083,1903298052449.1328,25922568514.33841
2025-02-17 22:04:28.726,96394.20010452533,1911097928188.221,28668565900.603367
2025-02-17 23:03:53.370,95910.6343997475,1902326086653.527,26620552713.17731
2025-02-18 00:04:13.462,95784.62953852078,1898604999079.4915,25289167088.713013
2025-02-18 01:04:27.335,95657.12403089936,1895482837426.0618,26953185131.93754
2025-02-18 02:04:14.216,96283.17216937791,1908490650085.8066,24508238057.184044
2025-02-18 03:04:04.967,96049.47160409925,1904046037424.449,26096614359.668068
2025-02-18 04:03:52.652,96188.68435164474,1907104377569.762,25045459000.283855
2025-02-18 05:04:58.619,96057.16749618895,1904245963530.7961,22429739812.983974
2025-02-18 06:04:36.443,95607.02526683104,1895956701200.4434,26040128292.972603
2025-02-18 07:05:29.280,95364.76732236886,1889241813703.9863,25300860826.96148
2025-02-18 08:09:27.434,95318.63732379173,1892745954033.7168,27526363005.884895
2025-02-18 09:04:26.644,95189.2521445793,1887032955306.9792,26177428059.82858
2025-02-18 10:00:45.871,95719.26020920448,1897493799338.512,24886394429.79508
2025-02-18 11:06:02.748,95713.43307222998,1897630585725.563,26396320338.18101
2025-02-18 12:00:37.611,95626.63610131448,1896192948701.3086,27449839956.989994
2025-02-18 13:04:36.561,96171.78850952118,1906323441406.7812,26673694929.554764
2025-02-18 14:04:52.860,96130.53749194527,1906133360819.651,25030894362.224125
2025-02-18 15:04:52.776,95503.68783507988,1896898562290.0122,29235986518.58622
2025-02-18 16:07:39.716,95429.11009120086,1894533818571.3313,25685879102.903564
2025-02-18 17:04:41.400,94580.67364083909,1878586017230.3213,26817783093.64636
2025-02-18 18:04:52.675,94035.03488149004,1864600918866.9185,29663930096.04931
2025-02-18 19:04:43.717,93902.52254777655,1861853420548.082,32132410196.123608
2025-02-18 20:01:48.970,94054.50815083837,1864838907070.936,34101140216.555668
2025-02-18 21:04:45.201,94134.52184393156,1867643808993.5408,32986706955.637634
2025-02-18 22:02:04.924,94953.73212288553,1880690210103.8596,33505515646.569016
2025-02-18 23:05:35.383,95259.61791981726,1888325489338.8987,34991516686.618744
2025-02-19 00:03:23.374,95613.70786478418,1894275982332.9355,38189980861.72503
2025-02-19 01:03:28.072,95280.7459174621,1889793198686.9233,38936860217.42859
2025-02-19 02:04:50.779,95317.50472754847,1889992401029.912,34879430429.27512
2025-02-19 03:04:27.107,95727.74865208809,1898377795893.8975,38543959790.93307
2025-02-19 04:09:39.896,95665.49231937547,1897529353943.5144,36491031913.63244
2025-02-19 05:04:21.217,95176.94369782117,1887937612780.523,39329749750.40558
2025-02-19 06:04:30.541,95224.12571943826,1888390402396.2327,36274564455.40661
2025-02-19 07:04:54.369,95586.35220471295,1894537843509.7378,37233916037.78116
2025-02-19 08:09:25.956,95680.7581641533,1897065571011.2246,34539851587.89084
2025-02-19 09:04:36.363,95590.61583351126,1895732341562.598,38125459673.794876
2025-02-19 10:04:49.901,95949.78606201638,1901648932018.4246,36020241395.91935
2025-02-19 11:04:19.894,96302.84963715746,1909318107832.998,37707528876.34131
2025-02-19 12:06:38.418,96414.46175112732,1911482961269.004,34825591307.41759
2025-02-19 13:04:30.798,96194.7062967688,1907843635566.6633,36226773685.114914
2025-02-19 14:04:39.998,96235.09041058479,1909619825634.4277,38383692515.84453
2025-02-19 15:04:21.303,95728.44469201894,1899331425241.6099,37738984181.19528
2025-02-19 16:00:33.141,95946.65997661931,1902451729953.6853,36273354831.27524
2025-02-19 17:04:53.114,96051.7756014956,1904944441747.9736,36267619661.35819
2025-02-19 18:04:53.124,96386.72652871323,1912032458712.961,30660707333.55004
2025-02-19 19:07:06.834,95622.78488625766,1895838284936.8271,30138401759.685772
2025-02-19 20:04:39.239,96157.47075255743,1906808332047.865,28773738346.312393
2025-02-19 21:04:44.679,96137.40416742311,1906528494782.15,31141800823.488235
2025-02-19 22:05:34.349,96423.82994264697,1909866291395.9446,27485073802.78284
2025-02-19 23:03:42.693,96540.84301900618,1913818170181.2195,23038836937.136932
2025-02-20 00:06:16.528,96631.9764747056,1916017581316.9956,27829799240.490257
2025-02-20 01:04:55.780,96836.56956169584,1920542151574.443,24414022788.20056
2025-02-20 02:03:02.861,96753.44819523895,1917538976920.8442,20293158129.001976
2025-02-20 03:00:38.172,97179.21961256368,1928270018982.5393,23700632395.144863
2025-02-20 04:04:44.986,97060.52011571353,1924386417060.0134,28459190012.16188
2025-02-20 05:00:35.014,97183.01235981267,1926422715080.2847,24510229798.47329
2025-02-20 06:05:01.256,96922.7147115594,1922756955276.1147,28206271207.55033
2025-02-20 07:01:07.175,96913.83407061106,1921018415565.3267,28046697790.946465
2025-02-20 08:04:41.781,97004.88168451515,1923442422610.2505,24931469587.043407
2025-02-20 09:01:01.985,97188.8027667773,1927543967752.7686,24413495276.43508
2025-02-20 10:04:45.189,97192.89155485418,1926894729854.7559,23367692797.65633
2025-02-20 11:05:54.364,97406.95451404073,1930718414383.4734,26132133862.50507
2025-02-20 12:04:53.780,97248.13930504581,1927161254662.1667,26925922984.531998
2025-02-20 13:04:21.306,97439.5651782597,1931914088799.3633,27110893528.127083
2025-02-20 14:05:43.049,97597.5898426476,1934257234743.5444,27255999333.531757
2025-02-20 15:09:30.030,97202.8689987542,1926922621929.254,27282671732.611103
2025-02-20 16:04:41.884,96876.26093402511,1921720319736.4573,27901088936.550987
2025-02-20 17:06:49.908,97714.3371744566,1937442441767.5703,28613901292.424763
2025-02-20 18:03:34.411,98018.59661832507,1942880495218.0186,29900165641.533195
2025-02-20 19:04:46.413,98338.7018272712,1950030314761.3906,29843326786.58495
2025-02-20 20:07:50.481,98481.54369856586,1951386050803.741,30502516670.253407
2025-02-20 21:04:48.201,98519.0592307595,1952973941365.052,30786916724.13033
2025-02-20 22:04:20.397,98022.05812096567,1944662152628.4802,29843859995.207157
2025-02-20 23:04:56.646,98227.3320679309,1946512875120.1768,28199527779.23245
2025-02-21 00:04:28.449,98336.68799774042,1949452084035.1829,28413454737.835297
2025-02-21 01:07:45.226,98250.85003188688,1947630175225.2068,28855752905.12628
2025-02-21 02:04:57.538,98368.18235937174,1950197096789.56,24920050199.02887
2025-02-21 03:04:46.043,98126.16133511938,1945662602436.5557,28593196910.661728
2025-02-21 04:04:36.364,98241.82244249899,1946580563571.827,29275601082.483658
2025-02-21 05:04:43.530,98247.45441227335,1947968624952.759,29408443793.79684
2025-02-21 06:09:18.155,98328.75213668121,1950235596568.0593,24684319951.491024
2025-02-21 07:00:30.275,98421.66598679434,1950916300588.1677,29588907780.303143
2025-02-21 08:04:23.729,98190.5219426655,1947415819221.0823,30042184966.693783
2025-02-21 09:04:49.539,98306.70568096745,1947479833052.1401,30244271161.609722
2025-02-21 10:04:26.847,98354.95929916999,1950272527590.0635,24227088887.685234
2025-02-21 11:00:52.127,98635.9937326328,1955272300049.4636,30795672771.728134
2025-02-21 12:04:51.988,98641.48664582448,1956137670902.715,26765665365.877144
2025-02-21 13:03:40.066,98941.1725782136,1961151500361.1628,31792093311.84099
2025-02-21 14:07:40.214,99244.09049710589,1967937581097.418,33827623887.584812
2025-02-21 15:04:38.351,98689.12290385604,1959515871821.0437,33521153131.910942
2025-02-21 16:01:43.142,98200.30835870569,1938450177702.1526,33487988278.48033
2025-02-21 17:04:16.439,98208.05256779343,1946554285135.4336,33663916839.296513
2025-02-21 18:04:42.447,97057.94737411733,1922348599686.325,41047664313.43925
2025-02-21 19:04:57.810,96432.40639733619,1914909090399.566,42745822146.91186
2025-02-21 20:04:57.717,95188.4232914197,1886971687085.949,45923965982.78666
2025-02-21 21:01:41.905,94909.23471393716,1882506768778.1719,47538396800.35265
2025-02-21 22:04:46.216,95374.40372435798,1891523966800.6685,50011074636.91984
2025-02-21 23:04:58.218,95744.67131189487,1898921992324.5488,43728538160.090706
2025-02-22 00:04:32.453,96135.15541305285,1906058197506.3809,42477472950.92155
2025-02-22 01:03:49.822,96175.80021236626,1906777875461.2402,40213838928.73109
2025-02-22 02:04:57.978,96214.64163369463,1907697619036.175,51240335192.06845
2025-02-22 03:03:51.217,96324.83585906116,1909332283689.208,47038653529.24028
2025-02-22 04:05:58.222,96379.27904139952,1909685021760.6614,51330874065.9991
2025-02-22 05:00:34.202,96361.62676840216,1912051713683.331,51101262817.92746
2025-02-22 06:04:58.495,96448.06002721623,1911903069945.3704,42307176938.55069
2025-02-22 07:04:54.123,96389.686033179,1911297303169.5447,46349080398.46455
2025-02-22 08:03:34.715,96304.5157111551,1909840156700.8193,50437099374.82441
2025-02-22 09:05:12.632,96211.30637187278,1907268295549.7957,50235651141.3879
2025-02-22 10:04:05.336,96479.11808533416,1913316362867.0835,47360903214.71842
2025-02-22 11:04:46.590,96480.22631988948,1912809612348.9426,45102895890.47096
2025-02-22 12:04:29.298,96594.85836473043,1914538828745.6216,47616774188.804886
2025-02-22 13:01:07.696,96857.71626951931,1920069978878.5688,47287258860.83904
2025-02-22 14:09:22.015,96640.432707833,1915272282753.1301,45548031181.34358
2025-02-22 15:05:21.603,96533.46795238968,1914084848259.3599,40343224755.35737
2025-02-22 16:04:48.803,96582.88770834969,1916614145604.421,33120507599.799072
2025-02-22 17:04:43.302,96493.95352259732,1913097498378.1382,34945155357.54187
2025-02-22 18:04:59.220,96668.33083690105,1916385137318.1821,32034310846.470707
2025-02-22 19:02:15.198,96417.94490841779,1911714246860.0242,29331436433.798298
2025-02-22 20:04:50.643,96631.34570897685,1915985361474.8591,26045423991.642757
2025-02-22 21:04:44.980,96576.69186359123,1914901495975.7688,22320190049.46291
2025-02-22 22:01:33.157,96676.44236752397,1916378697121.2043,17599883816.199932
2025-02-22 23:05:45.135,96635.74766480611,1916750815560.4211,18863333654.078506
2025-02-23 00:04:47.721,96526.3245193673,1914340927566.5305,18573069489.322983
2025-02-23 01:04:50.090,96652.72840228872,1916273784575.8806,18079936669.303177
2025-02-23 02:04:51.387,96486.16095700496,1912968967005.0461,15665744905.74161
2025-02-23 03:04:36.316,96413.29570390456,1912230415885.3691,17250349724.60702
2025-02-23 04:04:41.720,96433.35114701596,1912482530748.4426,17146490189.538015
2025-02-23 05:04:46.475,96423.40572186683,1912437801353.127,17067949837.98017
2025-02-23 06:04:37.616,96216.37468385046,1908283572575.259,16997699842.659517
2025-02-23 07:02:03.265,96345.70036309761,1910186586178.0916,12879961431.80666
2025-02-23 08:04:31.344,96532.36465453282,1914063419326.5752,16746841508.455725
2025-02-23 09:04:53.321,96345.45264741067,1909967277479.8289,16363305263.566639
2025-02-23 10:00:21.052,96327.06984242801,1910282554188.766,13967394873.317518
2025-02-23 11:04:48.539,96170.77690652086,1906385939343.4485,15717574505.962608
2025-02-23 12:00:50.617,96113.94673119442,1905728025423.12,14812624308.338205
2025-02-23 13:04:51.833,95729.51884312728,1898099315057.4385,14881914518.0658
2025-02-23 14:04:49.250,95910.3437706451,1902146857683.7625,13006459568.270264
2025-02-23 15:04:45.840,95578.6571267704,1895659213950.1938,16279844961.718296
2025-02-23 16:04:37.446,95432.65221910209,1893914141590.8926,14380630041.035685
2025-02-23 17:04:48.221,95425.30528594145,1894194513775.5715,16153182426.724945
2025-02-23 18:05:32.331,95664.86676122127,1897884415311.3362,15941004697.939243
2025-02-23 19:09:24.749,95807.78271920708,1898522788793.9797,16793034143.143463
2025-02-23 20:04:57.514,95748.56191472913,1898663155970.1587,16213134932.692854
2025-02-23 21:04:48.030,95784.84215984003,1899343656213.4377,11968612532.591763
2025-02-23 22:04:56.654,95764.18321415772,1898659927518.2686,15653378879.882114
2025-02-23 23:09:21.219,96100.14512743866,1904561170797.394,16666706255.082392
2025-02-24 00:03:58.045,96265.42843123179,1909267175265.4783,15357703644.91575
2025-02-24 01:04:32.015,96235.4969392334,1909042967554.4155,18418267627.855816
2025-02-24 02:04:40.171,95980.26132457636,1903826238604.2917,18605618557.62663
2025-02-24 03:04:27.810,95792.0954841429,1899020003799.6506,19165956216.87887
2025-02-24 04:04:56.717,95444.921653889,1893639840650.125,19573206271.599316
2025-02-24 05:01:04.500,95286.7956865605,1889360899099.7197,19393567136.189953
2025-02-24 06:04:32.274,95738.04972301621,1898613360295.6648,21907979890.707195
2025-02-24 07:04:24.571,95913.34522050363,1900013987215.283,22326834325.576653
2025-02-24 08:04:48.274,95901.8386976779,1901828054846.79,21614386194.539314
2025-02-24 09:04:55.513,95542.30879671387,1895161399620.514,21192459268.14618
2025-02-24 10:04:38.788,95806.49386697571,1900268520963.95,21909831863.90759
2025-02-24 11:04:29.936,95640.85834666436,1896318596827.1353,20334508492.040634
2025-02-24 12:04:45.829,95832.80810182482,1901058383642.8376,21969121393.213276
2025-02-24 13:04:42.429,95796.86204044832,1899312938324.9553,21195102880.023293
2025-02-24 14:04:10.530,95536.92475658203,1895548322417.6648,25747894652.387363
2025-02-24 15:05:00.194,94752.9231933443,1882000793643.7454,25086188611.723347
2025-02-24 16:07:36.417,94242.24036204048,1868636911062.3494,29870131766.980896
2025-02-24 17:04:48.544,94308.47790279647,1869736834706.3906,32710600198.619728
2025-02-24 18:04:55.855,94634.09914253639,1876321108225.039,31012672288.31584
2025-02-24 19:04:43.068,94136.87035612758,1866781249994.1592,35430259556.494026
2025-02-24 20:04:32.403,93870.86137654915,1861458311666.809,33043964995.875618
2025-02-24 21:03:37.801,93976.22734751913,1867573877327.0986,39477603238.45223
2025-02-24 22:04:58.981,93954.42572459971,1863905213508.56,40811126718.608986
2025-02-24 23:04:10.160,92361.39840402018,1834409048727.0303,39862846872.6093
2025-02-25 00:04:59.811,91581.54822567313,1811646671301.7656,43517976327.902794
2025-02-25 01:01:30.844,91837.13011638554,1824262891340.2627,51213227344.00521
2025-02-25 02:04:20.838,92013.31215072384,1824501418217.069,53448662202.62272
2025-02-25 03:04:56.335,92306.01372151902,1830452089410.4177,53544836879.487076
2025-02-25 04:04:46.408,92105.6033404217,1827971946582.7393,54814224151.37516
2025-02-25 05:09:18.813,91820.5412072708,1819093662170.775,50911157964.31408
2025-02-25 06:06:35.030,91940.55326491955,1824037372096.328,55249732661.94768
2025-02-25 07:04:47.171,91256.70542813146,1809369878103.366,47081274708.06086
2025-02-25 08:04:15.825,89090.97043741599,1766268042264.339,58727498748.31095
2025-02-25 09:01:02.370,89396.73950666585,1774041210855.8936,63921438401.71314
2025-02-25 10:05:57.382,88440.37884721062,1747316425039.6956,71125725671.49629
2025-02-25 11:04:36.059,88201.3382303592,1749131894137.8281,66095186354.68333
2025-02-25 12:04:46.178,89256.52949098358,1770484358819.669,72127408750.2223
2025-02-25 13:04:40.670,89391.201092851,1764621402954.7607,78698275794.06529
2025-02-25 14:09:28.139,88789.8197934742,1760606322289.0361,81049990163.57509
2025-02-25 15:09:24.610,86867.66638189416,1731204367644.946,88933388595.50702
2025-02-25 16:09:24.690,86776.4546745387,1721146767112.169,92444646902.58954
2025-02-25 17:09:15.140,87366.87218874015,1735684777044.0952,95421557256.55904
2025-02-25 18:09:41.791,87392.79936497574,1730849925865.499,97098251032.13916
2025-02-25 19:01:49.546,86941.61569710268,1726153569197.384,93147708695.7248
2025-02-25 20:04:53.681,87837.98611845393,1742579467273.5596,94611962113.19905
2025-02-25 21:01:39.627,88056.54698126936,1745380635964.7517,97912511332.68088
2025-02-25 22:09:45.639,89142.8156418093,1760128275966.8276,103283525961.80804
2025-02-25 23:09:38.390,89006.72620143932,1759775902216.9827,79531697446.36389
2025-02-26 00:08:53.938,88463.02814951622,1754641969936.6802,97560110938.7967
2025-02-26 01:09:45.658,88129.4582649271,1747554285065.7288,88514880473.02888
2025-02-26 02:05:27.951,88582.89007988699,1759436697765.123,81820813903.36995
2025-02-26 03:08:26.575,89010.2709977032,1766530843184.0618,79847591550.36002
2025-02-26 04:09:26.619,88849.42547092162,1762066490935.6587,82822628163.64062
2025-02-26 05:04:43.636,88627.54762623741,1757125704428.4404,86379082671.62964
2025-02-26 06:04:48.324,88377.108768736,1753708770056.1602,90470966953.65767
2025-02-26 07:09:08.380,88829.00914641502,1761276770018.358,85642432018.19295
2025-02-26 08:04:36.710,88672.10610119285,1757988255247.3652,74596252668.6756
2025-02-26 09:04:17.986,88447.98677406105,1753803671294.992,67872554863.41055
2025-02-26 10:04:49.265,89035.46679968933,1766310331847.1128,70293623842.77264
2025-02-26 11:05:30.847,89191.07152838832,1769331563832.426,68047520048.90093
2025-02-26 12:04:19.989,88591.27153709585,1756834880108.749,61183715592.494705
2025-02-26 13:04:57.308,87915.24559540932,1738783857371.4,63290231245.27464
2025-02-26 14:04:53.742,86973.31331258506,1729546825437.4866,62880535383.686455
2025-02-26 15:04:41.245,87527.16336925325,1735567142513.7805,51125948986.23724
2025-02-26 16:01:06.530,87384.08580336162,1735119363050.624,57610961506.69793
2025-02-26 17:05:35.340,86693.74231687622,1721485928624.323,54485145225.08099
2025-02-26 18:04:52.167,85901.66149196563,1697818285094.4844,52898129275.70132
2025-02-26 19:04:58.494,84103.29594104021,1667649635572.956,51761814175.407005
2025-02-26 20:07:03.343,83753.25723879317,1661298352481.992,63064438117.02264
2025-02-26 21:05:29.701,84033.67383603823,1673294537276.797,62621889327.03597
2025-02-26 22:04:51.580,84508.0886401965,1673686745016.6326,66237384826.02213
2025-02-26 23:04:44.223,84301.81196811788,1677252757508.4766,73362422188.8593
2025-02-27 00:04:57.146,84136.6270309708,1664976819548.179,74044510241.06297
2025-02-27 01:00:33.204,84539.85867570058,1676398990936.7651,69977969622.64894
2025-02-27 02:07:39.379,84559.84873137249,1678513490673.3628,76352121348.05775
2025-02-27 03:03:23.975,84283.81642317647,1674820976518.801,65271559553.18467
2025-02-27 04:04:18.422,85132.65827117102,1690268788084.3044,75533805606.17079
2025-02-27 05:09:12.323,85035.83826254253,1685826548146.0154,63952167225.46571
2025-02-27 06:04:45.122,85749.7757679238,1699826998007.4436,70093045604.55304
2025-02-27 07:04:28.938,86174.31224944406,1709153172515.6626,75858126896.7453
2025-02-27 08:04:28.696,86219.35590995634,1711771124534.5195,331670527353.8223
2025-02-27 09:04:38.683,85993.04087670334,1703398250068.9424,330447171326.3013
2025-02-27 10:04:44.385,86074.32031147683,1705888554152.9592,330632968587.44403
2025-02-27 11:04:50.652,86951.11150965454,1721942790527.3584,334400706706.1867
2025-02-27 12:04:58.578,86658.62256231347,1717023570659.3606,326501077491.41943
2025-02-27 13:04:42.833,86247.63680503149,1709719822932.2607,330972704776.7876
2025-02-27 14:04:54.100,86051.58311473635,1705976145364.5325,334466092137.7238
2025-02-27 15:04:44.189,84937.58784593474,1686346759784.4456,322690988185.7205
2025-02-27 16:12:05.479,85465.98308790909,1695925670410.6475,331363456444.3897
2025-02-27 17:06:45.252,84434.42898184851,1673647598095.4534,63296248564.62486
2025-02-27 18:04:35.450,84484.3560760712,1672713837160.7334,324972573304.96716
2025-02-27 19:09:29.693,84308.63045291128,1673896980064.5833,319879966660.3555
2025-02-27 20:04:49.162,83946.71468689031,1667103700305.9248,315187986074.10944
2025-02-27 21:04:41.086,83456.54639867684,1654813180850.306,296714610323.62146
2025-02-27 22:04:57.260,84201.35039951056,1669378767487.2915,302772853864.829
2025-02-27 23:04:30.095,84575.08070076704,1676735999156.739,308899963927.0698
2025-02-28 00:05:00.195,84689.50963635083,1679321826296.2173,304948385609.3969
2025-02-28 01:04:49.739,84174.60386136748,1670149068579.2407,46876896661.988396
2025-02-28 02:05:42.417,81731.45985922733,1619966613504.1714,238056925482.39716
2025-02-28 03:09:52.358,81150.26278342587,1603465830893.4053,237661145583.74957
2025-02-28 04:04:55.802,80450.79294794661,1595964294232.2458,246864274110.3372
2025-02-28 05:01:46.910,80327.90968370625,1598780073461.891,247513551509.2326
2025-02-28 06:04:43.440,79873.24246763966,1570500039508.6782,72608242328.10298
2025-02-28 07:08:53.466,79796.03338247676,1579664612418.3752,75323581826.58492
2025-02-28 08:04:36.289,79079.23853988826,1568046692431.3062,76729186273.08028
2025-02-28 09:04:31.902,78940.43864942867,1565198556637.8933,72758078937.3309
2025-02-28 10:09:24.105,79998.57693365982,1593099384467.8782,83051067648.1451
2025-02-28 11:04:46.563,79962.43838770282,1586097155827.0115,83822747550.54698
2025-02-28 12:03:00.812,80435.1886242044,1593454527216.6235,84608546297.97093
2025-02-28 13:04:36.416,80772.67815795937,1600088570400.9553,85933863174.76102
2025-02-28 14:04:47.958,81473.42315333462,1615190732866.8318,76294413649.54355
2025-02-28 15:09:21.818,82319.00615781517,1632313816725.4602,88220779776.54863
2025-02-28 16:03:36.928,83979.37551380234,1662376474799.4443,80862694173.74829
2025-02-28 17:02:36.098,84391.42017096882,1675132872818.9226,87258296982.93349
2025-02-28 18:01:49.181,83657.49178573994,1661512060304.7202,88193443418.954
2025-02-28 19:03:23.947,84357.8359375325,1673872299813.2654,88762927498.40147
2025-02-28 20:04:47.805,84401.15171227718,1673751953610.8145,78770518884.27618
2025-02-28 21:04:46.499,84180.34506243317,1670812600939.5063,79370937645.19196
2025-02-28 22:07:23.300,84366.4982526792,1673114548675.435,90762524981.76361
2025-02-28 23:09:29.129,84116.90940478408,1668237744382.8064,78337950628.10304
2025-03-01 00:04:49.222,84316.57799844211,1672949062387.7764,89841884852.7533
2025-03-01 01:04:45.960,83818.25957742738,1662147154092.196,77167341039.22475
2025-03-01 02:06:09.617,84377.49004801741,1673012053067.5115,75916201618.55559
2025-03-01 03:04:50.497,85258.01997722525,1690017069322.5098,76184696031.1537
2025-03-01 04:04:52.221,85288.51830750107,1692622871987.6904,73326042005.30675
2025-03-01 05:04:58.266,86187.61560877925,1709450750796.164,58702857582.73804
2025-03-01 06:09:43.335,85499.73208015299,1697743419739.6355,65901215240.08838
2025-03-01 07:04:40.353,85040.27992527063,1685302294232.6804,60930537335.55504
2025-03-01 08:09:49.820,84987.8829445724,1683720474462.1287,62579484111.05111
2025-03-01 09:04:56.475,85248.50951064646,1690675305383.048,59659324913.79499
2025-03-01 10:03:00.727,85333.49904975179,1692143274616.1128,47704751012.16165
2025-03-01 11:04:40.471,84842.21597267754,1681965093706.8162,55495573003.716835
2025-03-01 12:04:47.671,84600.52864758584,1677221904983.7988,53697675851.50823
2025-03-01 13:01:32.159,84785.19164229938,1682876656577.4556,50259170411.784065
2025-03-01 14:04:57.680,84452.16671372668,1673543072176.2632,47844617223.283455
2025-03-01 15:03:19.617,84684.87464077682,1679362898695.669,41699600738.00294
2025-03-01 16:09:39.057,84659.92894806841,1681256124732.168,40281969684.75396
2025-03-01 17:04:56.828,85280.03180448567,1689130259050.4155,39240754571.28185
2025-03-01 18:04:48.755,85167.93027730213,1689578221230.4326,36193504481.89691
2025-03-01 19:09:40.183,85261.85384218712,1690807130195.4465,31876038048.78682
2025-03-01 20:08:47.032,85357.75007854645,1694520938611.1655,32508031210.90039
2025-03-01 21:09:43.546,85499.63370083639,1694575011550.546,30461496454.611004
2025-03-01 22:04:49.001,86040.13401090879,1702188858448.892,30683188301.416725
2025-03-01 23:09:48.398,86064.6646695572,1707986472026.645,28751386217.347446
2025-03-02 00:04:58.408,85982.6656372778,1706216300401.5674,30158590655.711796
2025-03-02 01:04:52.943,85984.92968484931,1706356398519.2136,27954400606.052162
2025-03-02 02:04:41.101,86325.16846001119,1711901576131.496,29763989316.547443
2025-03-02 03:05:40.359,85726.58136584464,1699652129825.2852,25935317987.42294
2025-03-02 04:05:00.204,85824.99311969621,1704473978113.422,28333489330.553936
2025-03-02 05:06:10.915,85655.19135378071,1698676356869.7583,24914607497.327583
2025-03-02 06:04:57.684,85930.4029532836,1702109219706.8848,25933202419.545273
2025-03-02 07:06:07.098,86246.64068135856,1710355100418.9385,24297474750.917767
2025-03-02 08:04:59.622,86207.33731471795,1710793840752.7432,23502453425.96007
2025-03-02 09:04:42.644,85733.27090027815,1703688154038.6763,23898664329.709972
2025-03-02 10:03:21.159,85861.56494055038,1702893711938.796,23448488480.602604
2025-03-02 11:02:33.052,85974.46210057012,1703793277781.509,22256654104.80858
2025-03-02 12:08:17.642,85952.41873108123,1706458260927.358,21461179466.726265
2025-03-02 13:04:34.513,85945.65637691983,1704492332260.691,19913910760.445816
2025-03-02 14:03:32.213,85673.0709138241,1698046139336.2817,19054357261.70903
2025-03-02 15:02:50.195,85075.19099390629,1687897582084.986,19870782906.989964
2025-03-02 16:04:56.774,87445.5430848164,1735350536795.6033,23634434010.556572
2025-03-02 17:02:27.716,91378.26201151186,1818640490926.9458,34058435949.470005
2025-03-02 18:01:37.716,94183.67640464348,1859499686700.1,46748462990.50989
2025-03-02 19:04:59.772,92908.06234717843,1836789401710.556,50504343807.726074
2025-03-02 20:04:41.055,93553.2099599375,1853101939239.7305,47695192827.43166
2025-03-02 21:04:10.894,94442.43103320176,1871795494690.2664,55358718444.737465
2025-03-02 22:06:28.822,93993.49502205626,1864737133154.407,59645262390.83331
2025-03-02 23:09:28.211,94770.10370201574,1873638235045.3464,61167710399.12147
2025-03-03 00:04:52.201,94261.53286538439,1868321705444.4878,61859112550.80991
2025-03-03 01:09:34.401,93235.73548423624,1850798648200.8765,56502599398.86635
2025-03-03 02:06:06.737,92994.25280972291,1846405872906.6748,62359189965.43705
2025-03-03 03:03:23.792,93323.7976962091,1850795330998.3357,67138091834.80722
2025-03-03 04:07:38.593,92682.02628626079,1837934858986.1174,61384112106.638954
2025-03-03 05:09:02.287,93025.760601398,1843155513508.7864,68962864872.89346
2025-03-03 06:04:27.545,93302.25115067598,1847887516719.7783,69677061501.03363
2025-03-03 07:01:06.305,91464.20916332758,1809591420720.601,68888218298.05142
2025-03-03 08:08:22.419,92319.03215389892,1827923243175.0706,70907636816.24669
2025-03-03 09:04:48.537,91365.5560267108,1809867557590.2734,69284949217.00845
2025-03-03 10:04:53.548,91840.96195107298,1823568128500.8062,75938932566.36786
2025-03-03 11:04:57.225,92520.05256903946,1832140433033.5176,77144019858.7058
2025-03-03 12:02:23.152,92704.99332627936,1835711039205.7415,78155795046.34752
2025-03-03 13:09:42.742,93184.11440212942,1843862735889.5913,80224770991.49811
2025-03-03 14:00:29.738,93288.33219257377,1851284093289.37,81009690565.92838
2025-03-03 15:09:47.133,89948.47284407713,1785807448743.2004,76621152597.5572
2025-03-03 16:03:35.519,90078.29699874723,1797367485901.247,81766823350.17839
2025-03-03 17:00:50.731,90100.55793547307,1786951583086.3757,72289915427.27774
2025-03-03 18:00:27.806,90362.03357256715,1792584976224.4019,60481360329.609764
2025-03-03 19:09:53.449,87491.4206062274,1735830785930.8975,62343113025.66655
2025-03-03 20:04:59.600,85545.7625233458,1700796568078.4517,56886566046.44117
2025-03-03 21:09:57.763,86058.30490682101,1708850236662.3936,66370654823.354485
2025-03-03 22:04:20.857,85204.63043242115,1697954467053.9895,73874059372.56435
2025-03-03 23:09:52.654,86170.71147754729,1709977428347.8018,68948554925.63377
2025-03-04 00:07:26.499,86009.33348231346,1704025219382.4402,71889993413.67072
2025-03-04 01:05:15.772,86121.81430043305,1704537628005.519,71920248617.34053
2025-03-04 02:09:42.514,83547.88761068918,1656514714675.6091,71853048767.47128
2025-03-04 03:04:40.863,83972.72380658488,1667507912326.9888,77494018870.42064
2025-03-04 04:04:42.805,83894.60765773285,1669956107408.8643,77406269933.70871
2025-03-04 05:02:36.907,83415.32852921398,1654112664750.6184,77920189860.71147
2025-03-04 06:09:47.788,84208.53292141939,1670983928980.298,77873388614.03662
2025-03-04 07:02:51.018,83856.74936488515,1658801476655.347,76874329254.54816
2025-03-04 08:04:42.529,83176.65536982972,1647639528626.7808,75727345618.37674
2025-03-04 09:04:38.281,83842.65217935151,1664730002882.0776,76628137688.89372
2025-03-04 10:04:50.960,83797.859996219,1661959336680.046,68880569779.90886
2025-03-04 11:09:25.426,83870.76608750969,1662792227877.6665,71855150654.97823
2025-03-04 12:09:27.712,83840.8128569342,1663555240321.2646,71747353855.59306
2025-03-04 13:04:46.725,83704.19016400714,1660886536250.0718,71336382005.7557
2025-03-04 14:00:49.130,82681.05172860001,1644738040232.0017,65884430702.75422
2025-03-04 15:04:53.276,83066.2270465692,1664173585233.9275,69214395607.88177
2025-03-04 16:03:54.010,82922.8590885219,1643113821324.9531,67510017479.10123
2025-03-04 17:05:34.581,83663.71104143023,1659320733618.5,59850408794.60879
2025-03-04 18:09:22.346,85454.70850609809,1694052785980.2393,70205184832.79301
2025-03-04 19:02:35.062,86734.75594854711,1721946098215.6245,64841459089.5342
2025-03-04 20:09:31.356,87903.09912509412,1744706030646.3884,68693811566.09502
2025-03-04 21:09:09.072,86892.91764570212,1722109908448.5112,60917197979.21443
2025-03-04 22:09:37.480,87654.10477359233,1737847128578.4778,63363061328.15918
2025-03-04 23:05:05.626,87536.70299445765,1737381784517.406,70035180729.90804
2025-03-05 00:05:17.158,87310.80531078295,1731441668069.6523,65863356680.42408
2025-03-05 01:09:28.500,86671.69226701841,1720857098384.173,65501086430.39104
2025-03-05 02:04:59.180,87636.02617297841,1736832725298.7947,65364046414.38747
2025-03-05 03:04:22.285,87336.45385836615,1736855079090.4436,62917483483.22576
2025-03-05 04:02:20.356,86728.88847600293,1731303373162.8396,60319448590.26196
2025-03-05 05:04:50.902,86938.4775519185,1725483369426.8882,59771958762.97294
2025-03-05 06:04:38.467,87196.79381349821,1728265912883.4036,57403745820.549484
2025-03-05 07:09:27.015,87572.61283398556,1735817347692.2031,58931446738.02882
2025-03-05 08:09:35.131,87642.61154756158,1738384139186.3796,51647426053.31684
2025-03-05 09:02:37.473,87717.3980065317,1739738441943.482,59496891880.850945
2025-03-05 10:09:24.495,88641.41361763507,1756934956820.6084,57358759848.6191
2025-03-05 11:05:18.006,89850.54371051837,1782222158616.7412,60938257045.89527
2025-03-05 12:03:04.102,89753.15776222358,1786444479506.3167,57448200172.93529
2025-03-05 13:01:53.736,90352.05950695107,1791764438752.9658,50751908080.991066
2025-03-05 14:04:40.511,89433.26802498609,1773615960317.9155,60081174494.9784
2025-03-05 15:09:07.195,89053.99855085106,1764639498819.4436,54794469304.497925
2025-03-05 16:04:55.249,88337.21345459952,1758011744801.255,60187955341.95861
2025-03-05 17:04:39.969,89190.8514508287,1757102715071.332,61547905745.66404
2025-03-05 18:08:45.387,89693.88203144133,1772825513280.7017,57405038359.247635
2025-03-05 19:04:51.192,89762.80824021908,1776226914017.209,57165320219.83549
2025-03-05 20:04:49.214,89840.50983422284,1782421778361.2905,51070601939.67914
2025-03-05 21:04:42.924,90363.81178680262,1794311752751.4841,54136127822.42089
2025-03-05 22:09:34.888,90315.43269286388,1792541168344.0334,51865040790.19625
2025-03-05 23:03:30.643,90503.36669781877,1794153142475.3542,51742728636.56275
2025-03-06 00:09:15.277,90746.37808455544,1799831157299.499,51792224128.6096
2025-03-06 01:07:27.861,90173.67851810707,1788642755969.027,50508575783.33527
2025-03-06 02:08:58.379,91565.19124357773,1807361176316.53,52198249363.37467
2025-03-06 03:06:46.257,91833.40344858613,1823230905779.2124,46861331349.52848
2025-03-06 04:03:45.636,91778.32417365785,1816045175463.1575,49177030044.21839
2025-03-06 05:04:33.957,92300.44149363266,1832168119328.4634,47633856078.249115
2025-03-06 07:04:29.884,91906.28728287248,1824453752606.309,51925651488.235214
2025-03-06 08:04:57.205,91331.32236389222,1810583891610.171,43958051045.742386
2025-03-06 09:04:41.899,91202.75078154197,1810311240391.8452,54277834205.09184
2025-03-06 10:01:39.106,90733.51714965983,1799248772807.6487,43766695294.27222
2025-03-06 11:08:33.421,91044.06230513072,1805687695697.3572,52111484531.23207
2025-03-06 12:02:29.709,91336.03520982015,1810829363124.6833,50705193326.386314
2025-03-06 13:05:14.115,90211.93247418404,1788740466315.4622,49795879728.19815
2025-03-06 14:04:25.290,89582.37084959116,1781754582707.7737,48869632983.6031
2025-03-06 15:04:54.100,89907.2491350427,1781716054156.034,48301814632.226944
2025-03-06 16:09:58.971,90975.81551374556,1802188590311.1367,47094202784.46353
2025-03-06 17:09:37.465,88376.11449099529,1761289904221.3906,46030957638.49938
2025-03-06 18:09:45.210,88647.72782696952,1759366904953.5957,40079290568.47492
2025-03-06 19:04:57.636,88396.31309600835,1754812554593.9468,46519870714.0301
2025-03-06 20:04:52.643,89057.38701611568,1771499571198.773,46919677969.90095
2025-03-06 21:04:51.470,89144.13673375164,1769227045806.434,43299571692.75057
2025-03-06 22:03:41.873,89469.52920050574,1775588184990.663,36403691192.21701
2025-03-06 23:09:42.954,90450.752622387,1790638839415.8406,44083082601.13379
2025-03-07 00:04:45.916,89924.21242214506,1783490195339.4204,49087408455.31045
2025-03-07 01:04:38.655,85590.46644276992,1693961769430.976,50945853938.72636
2025-03-07 02:04:53.352,88065.84191323837,1744132910123.6284,59455382731.29164
2025-03-07 03:03:51.158,87271.80248912342,1731743047672.3867,58676154942.22805
2025-03-07 04:09:13.683,87042.73344323806,1724482221591.3972,57491714632.91844
2025-03-07 05:04:51.520,87679.70424451,1739651353704.835,59566696173.142204
2025-03-07 06:04:47.877,88258.51066032593,1751571436109.6116,57931561407.84056
2025-03-07 07:05:31.022,88314.21615036289,1750865568450.1973,59720633109.9638
2025-03-07 08:04:52.441,88320.92622329212,1751699223864.2473,60541137865.366905
2025-03-07 09:04:51.273,88405.65836333216,1751044665379.5715,60849218235.053764
2025-03-07 10:03:16.463,88924.81213521794,1764370032098.5786,60226555002.24265
2025-03-07 11:09:01.052,89111.65620602341,1769100087583.968,60226653455.19818
2025-03-07 12:04:28.809,88902.02000740796,1763352567979.0508,59911985679.91203
2025-03-07 13:04:45.729,89125.67845016974,1766457122177.5647,59835466082.20887
2025-03-07 14:04:19.443,89244.5516035285,1774809630259.3186,62062565985.92941
2025-03-07 15:09:30.238,90647.79774677548,1798402346933.8271,60013650573.982475
2025-03-07 16:03:46.811,88400.14740092268,1760113687241.908,60967154891.64588
2025-03-07 17:04:45.624,87154.86514264582,1728184837139.2383,63988622833.11931
2025-03-07 18:09:34.770,88141.8174666587,1744862054257.8357,64509750351.37044
2025-03-07 19:04:49.766,88541.86793090396,1756791904611.083,66760602563.62371
2025-03-07 20:04:35.701,87732.0584170869,1739761021118.1597,62268446494.37211
2025-03-07 21:04:50.673,87087.52556159606,1728117746418.4238,68364372999.3204
2025-03-07 22:07:52.114,86074.17176417045,1705085229250.3232,69356336965.63359
2025-03-07 23:05:40.479,86744.24445440294,1721000656346.249,61076888866.1753
2025-03-08 00:05:14.713,86719.52967663977,1720029923684.7087,62653663924.44229
2025-03-08 01:05:21.368,86828.25763790608,1722411703308.0679,56138031549.80615
2025-03-08 02:05:41.100,85996.318846237,1702234684331.4768,54944052443.71158
2025-03-08 03:08:01.201,86033.33085080402,1707762772968.2812,55816447047.18446
2025-03-08 04:00:31.701,85923.7255070287,1705465591827.6409,54408916906.450745
2025-03-08 05:04:42.108,86429.28703776673,1713776986346.8425,52345938597.614426
2025-03-08 06:04:54.087,86272.32934188849,1710990121781.6404,45935682064.4375
2025-03-08 07:04:57.243,86446.61234844815,1713756818936.73,52712511116.173225
2025-03-08 08:04:51.873,86159.46358384956,1710145190102.257,52466106582.61178
2025-03-08 09:05:03.808,86086.71730752365,1706993545074.0007,51515907183.67715
2025-03-08 10:04:45.239,85917.18104453273,1703310426036.519,41888123825.215355
2025-03-08 11:04:17.792,86117.70061095654,1707371909537.1763,50134145601.69014
2025-03-08 12:04:04.970,85921.73893775303,1703451070368.792,48146807544.987526
2025-03-08 13:04:51.717,86191.79335973802,1711057947723.8625,49191426182.351585
2025-03-08 14:09:33.538,86367.34063862744,1712073633862.5967,46160965309.82275
2025-03-08 15:04:45.879,86321.57388571232,1711557534717.1997,43495282873.45695
2025-03-08 16:09:48.789,86336.38588461682,1713789583680.6643,36542913028.77803
2025-03-08 17:03:52.315,86100.88808714508,1708279583502.8772,34265793160.388557
2025-03-08 18:05:28.054,85960.72871801039,1704649788761.598,31348091462.820206
2025-03-08 19:03:35.924,86012.24203443361,1705950555451.444,23603196287.30605
2025-03-08 20:09:52.114,86275.61641153895,1710314065592.5117,25605961243.54775
2025-03-08 21:09:47.105,86250.70845899022,1710780868039.1497,19759871729.117058
2025-03-08 22:09:49.671,86212.46281249195,1710031005401.9963,14531775688.323904
2025-03-08 23:09:58.589,86295.78124249187,1712865264454.124,18898687953.212597
2025-03-09 00:04:52.375,86173.28335601451,1708748870976.7776,16274034837.384953
2025-03-09 01:08:18.782,86482.71540062728,1713706006396.0532,17883284176.690697
2025-03-09 02:05:33.990,86209.52375647992,1709176326144.998,16491334245.449852
2025-03-09 03:08:45.440,85961.58647248213,1705610692101.1838,15391398327.481052
2025-03-09 04:09:32.795,86047.49036384479,1706580600162.539,14309039282.19877
2025-03-09 05:04:50.869,86040.18356410651,1707241652117.9148,14792262714.01143
2025-03-09 06:04:50.680,86000.70936885416,1705741403640.008,13260500221.936295
2025-03-09 07:08:53.886,85920.96629797174,1702995402380.5486,14470948980.79645
2025-03-09 08:04:59.072,85977.0787526352,1704982861571.8396,14466138098.244398
2025-03-09 09:02:08.911,85799.05874600667,1701764917977.0854,14245480442.739183
2025-03-09 10:04:34.285,85560.22495548673,1698183112943.1917,14705113476.813753
2025-03-09 11:04:51.262,84910.69583247308,1682126116345.073,12882119860.711767
2025-03-09 12:03:21.493,85036.72284003632,1685309255973.485,15738426352.572817
2025-03-09 13:09:49.477,84685.97978656797,1679620171123.259,16412388801.123829
2025-03-09 14:09:38.579,83332.0655384259,1659837325954.614,17140344449.946768
2025-03-09 15:09:53.965,83574.5108562199,1661200644452.6824,18680912408.534866
2025-03-09 16:02:27.130,83052.85746851926,1647367452604.4727,16703618878.574768
2025-03-09 17:04:47.921,82556.83567815712,1634063957931.1772,20855568526.423393
2025-03-09 18:09:32.873,82584.92274538855,1633755471579.7556,22687296341.169598
2025-03-09 19:07:08.861,82470.08205523597,1637958272140.6055,24468139849.257023
2025-03-09 20:04:48.983,82654.8713552498,1637103180905.5845,25268133573.750854
2025-03-09 21:04:49.758,83065.63858118771,1644922341314.5542,25948485652.791164
2025-03-09 22:01:57.639,81876.58012977014,1623909810300.5576,27355680037.257572
2025-03-09 23:09:24.782,80182.87188781645,1595392896143.8347,27325944895.641483
2025-03-10 00:05:56.716,80674.95605846473,1598830805325.7644,30215020198.266373
2025-03-10 01:04:52.018,81296.78489902265,1612109638348.7834,31118171095.402702
2025-03-10 02:08:18.322,81585.60219948366,1617799920017.2156,36348899421.11769
2025-03-10 03:04:30.203,82153.9633762446,1631874713670.7876,37312994252.75005
2025-03-10 04:09:43.365,82275.77503867827,1631918273266.3381,39043134023.19929
2025-03-10 05:01:11.568,82594.63758054533,1637300957754.8977,39078573842.42203
2025-03-10 06:03:14.886,82318.71368767633,1633035751439.2087,39273219992.18651
2025-03-10 07:04:37.855,82358.2750533279,1634221395423.4275,37211771619.97821
2025-03-10 08:04:56.102,82343.42704338364,1632311295805.3704,40472854457.761986
2025-03-10 09:02:41.882,81313.3266600055,1612188695620.7915,39306176612.57209
2025-03-10 10:09:44.132,82487.28911920935,1636576819923.021,40753078032.13382
2025-03-10 11:09:46.110,82429.6316250025,1635787613329.6687,39448653776.391304
2025-03-10 12:06:03.868,83620.17030648564,1659816748071.0522,43524802986.576065
2025-03-10 13:04:51.946,83263.6093863294,1651426406238.8325,41595634516.79688
2025-03-10 14:08:27.016,80589.75308067302,1615351745705.0684,47612671561.56004
2025-03-10 15:05:44.084,79367.30394685987,1574270360366.558,48134580523.782875
2025-03-10 16:04:50.724,80035.9520312988,1592550731004.6985,50701233204.36553
2025-03-10 17:04:48.287,79195.70533532878,1570402996500.5483,47774634608.88061
2025-03-10 18:01:39.725,78538.34915812933,1552847076812.5188,53128313686.70479
2025-03-10 19:04:45.249,77494.5999450215,1557565270770.823,54034077466.56035
2025-03-10 20:08:52.201,78880.11223709627,1561358256491.4446,57003622005.05825
2025-03-10 21:04:43.016,79366.4867385192,1579618697410.3643,57229633755.39629
2025-03-10 22:06:13.338,79473.53229603526,1575125458057.242,58931143921.08885
2025-03-10 23:04:37.499,79505.93316264477,1580492621822.0017,58190267365.77554
2025-03-11 00:04:46.566,78537.05805794513,1562520027359.2979,56456261686.39293
2025-03-11 01:05:36.450,77186.92631492284,1558077898084.2305,52989205716.43158
2025-03-11 02:03:36.428,79080.26510244102,1565911898516.3586,59696372764.66558
2025-03-11 03:09:44.099,79348.17308679354,1574789469732.6104,58302944523.954895
2025-03-11 04:04:52.436,79475.39891601757,1578506494412.2424,60260802172.27767
2025-03-11 05:02:02.474,79779.07033567471,1583541563648.2844,60590895945.02616
2025-03-11 06:05:25.747,80271.29118843551,1592160440655.731,55598658484.82086
2025-03-11 07:09:54.603,80305.86988849436,1591699226429.506,60661021527.27272
2025-03-11 08:09:53.415,80428.12261085547,1594152047202.5403,61373977816.44833
2025-03-11 09:04:24.174,81207.40156455616,1609188187417.937,62916104037.44204
2025-03-11 10:01:11.265,81494.18849077556,1618237464130.7434,58380569868.477455
2025-03-11 11:01:27.631,81788.49157040409,1621498008250.4285,61726666789.13417
2025-03-11 12:09:48.503,81525.57519757233,1620495623079.486,61249872380.51666
2025-03-11 13:03:06.137,81136.77348524275,1620495623079.486,57869930129.09117
2025-03-11 14:04:45.337,80881.78302235727,1604342120926.188,58264100618.50261
2025-03-11 15:04:56.277,79828.50693030546,1583624889019.5435,56939951111.18562
2025-03-11 16:02:41.900,81232.56177617155,1617136155278.8406,63648569829.58226
2025-03-11 17:02:28.324,81217.85170939227,1614983696125.2224,63090822357.89643
2025-03-11 18:04:57.732,81336.13046672981,1611967978114.0322,61338244412.39345
2025-03-11 19:08:34.019,83185.92996285958,1611967978114.0322,58962324262.25423
2025-03-11 20:09:46.071,83019.95454728934,1646357825438.7378,57276614522.32379
2025-03-11 21:04:52.582,82804.22144356178,1642698280754.1138,54617591123.309944
2025-03-11 22:05:27.043,83196.76104395698,1647827852679.5188,57639954371.51776
2025-03-11 23:01:23.248,83157.48605838082,1649912057361.183,56991396254.73114
2025-03-12 00:09:44.594,82753.77759522418,1643023053437.441,56316616634.57754
2025-03-12 01:05:45.444,82751.87792950893,1643023053437.441,52449578634.893814
2025-03-12 02:04:57.366,83297.33630586542,1653926040665.8442,51045563100.66663
2025-03-12 03:09:41.580,82338.26682572266,1633187893020.512,49764550042.80338
2025-03-12 04:09:31.727,81766.78389449522,1628213018604.6028,50156911296.57301
2025-03-12 05:03:24.218,81754.1245019308,1622710501589.94,43715602951.05303
2025-03-12 06:04:51.939,81962.70572429236,1625630800406.2834,46908704666.95959
2025-03-12 07:09:58.117,81450.3753315832,1623779253097.341,42756879589.21258
2025-03-12 08:06:39.156,82626.00983988849,1635848046999.2983,50092296685.358696
2025-03-12 09:09:48.883,82867.53648272774,1643987368948.9685,50115284394.732216
2025-03-12 10:07:52.316,82561.32217876334,1637780359843.864,49302920992.15834
2025-03-12 11:01:37.287,82486.2091764555,1636355638969.2954,40619780553.50552
2025-03-12 12:04:12.948,83005.6112865534,1645276537845.3176,46269437747.597374
2025-03-12 13:09:41.796,83969.50401830622,1646995380806.993,45979407008.141594
2025-03-12 14:04:52.821,82566.35571707349,1641287380096.985,49550026977.62093
2025-03-12 15:10:02.168,80869.73779222043,1608411497013.9143,44657965444.45162
2025-03-12 16:10:14.350,81943.80956736875,1621024605077.7349,44665089353.67604
2025-03-12 17:09:58.794,82134.7668472382,1626680227250.319,41143783613.14508
2025-03-12 18:00:35.175,81756.64455396934,1626717766706.342,45047543676.659676
2025-03-12 19:14:50.099,82749.3005623581,1622092473377.789,43102947974.477486
2025-03-12 20:09:42.888,82714.73111902464,1642896808511.188,42141892996.65534
2025-03-12 21:00:07.721,83030.39791191753,1646989893585.6233,40012623684.25763
2025-03-12 22:00:44.905,83052.15476723097,1645215739109.4312,41604247147.76983
2025-03-12 23:02:11.954,83667.40552069119,1659818900693.3718,37891271142.81455
2025-03-13 00:01:31.524,83678.46552437067,1661736369389.8845,41720755211.84819
2025-03-13 01:03:17.916,83447.21124752637,1659564145191.5571,38511766182.80463
2025-03-13 02:04:56.825,83939.38948062022,1665748838608.0425,39904065255.55904
2025-03-13 03:00:03.565,83863.46234378686,1664988277237.6926,40354834259.168594
2025-03-13 04:09:46.970,83615.50444912049,1657995182198.6792,39771531124.78344
2025-03-13 05:09:42.837,83394.01020328267,1652006239837.768,37806645022.61793
2025-03-13 06:04:57.261,83164.68423944434,1648871681166.7212,37526940740.052216
2025-03-13 07:09:58.822,83325.27644551267,1649439371104.1658,32383187544.358646
2025-03-13 08:04:36.894,83215.88772029582,1652282294281.2935,38974849639.01932
2025-03-13 09:01:52.512,83033.68182451143,1646603068524.7695,37991156516.30935
2025-03-13 10:04:54.165,83436.61690895562,1653163067311.4775,36251585205.7888
2025-03-13 11:06:27.741,83144.63136911465,1650118483355.4956,37239021069.55934
2025-03-13 12:04:57.523,82952.69797861924,1644971545227.6333,36977034990.86393
2025-03-13 13:03:19.493,82434.36146393258,1644971545227.6333,35209031627.796616
2025-03-13 14:01:46.586,81656.03101584468,1621754733204.2432,29879689382.614597
2025-03-13 15:08:53.332,81825.63712399587,1626168479854.1836,32632792605.714367
2025-03-13 16:04:47.145,81014.47157692818,1606045893376.0955,25728381239.478886
2025-03-13 17:12:15.955,80684.14399248677,1598743961719.883,30956721260.595917
2025-03-13 18:09:57.127,80383.07163334191,1587555912640.2444,31992772242.193542
2025-03-13 19:03:35.222,80796.81759111806,1587555912640.2444,31851684838.136456
2025-03-13 20:04:59.379,80217.83930689494,1594273593993.7815,32903134702.75841
2025-03-13 21:09:56.452,80339.66102446825,1593130805056.3057,30683535694.68577
2025-03-13 22:05:14.752,80647.62378166379,1600261299965.4192,33078492044.43687
2025-03-13 23:17:54.208,81318.85219010353,1613057379597.1025,32205867368.038174
2025-03-14 00:14:42.006,80857.26701703468,1606733177583.642,32844733242.47362
2025-03-14 01:01:12.907,81572.1907424432,1606733177583.642,30691575217.260548
2025-03-14 02:09:42.635,81700.5458810393,1618241561675.7285,31994367176.102154
2025-03-14 03:09:41.695,82029.29376942904,1628692255409.4084,31404589554.246323
2025-03-14 04:01:42.009,81814.60028807537,1622167060299.462,31537894787.55958
2025-03-14 05:00:30.032,81929.68374665309,1625196300514.582,28144553411.901085
2025-03-14 06:09:47.673,82109.20290001745,1630173727173.9507,30438562411.84445
2025-03-14 07:08:51.504,81961.84041200494,1625670842634.7375,29964249674.103806
2025-03-14 08:06:41.610,82293.4314146896,1629987272287.1536,30508061539.545284
2025-03-14 09:04:10.784,82591.2804864649,1638149371044.7756,27269670418.90295
2025-03-14 10:03:30.150,82765.49277586125,1642669511370.0317,30156942081.9926
2025-03-14 11:05:36.747,83032.3513594644,1647946281804.9944,28185901449.612354
2025-03-14 12:04:53.658,83285.94816925052,1651861466054.926,30364675924.34654
2025-03-14 13:04:45.028,83412.0919014835,1651438860567.7104,29734706227.69059
2025-03-14 14:02:04.791,83596.51735562595,1658383462811.714,29435278256.18218
2025-03-14 15:04:31.069,83264.95867344199,1652204630951.115,29137757121.861244
2025-03-14 16:08:45.726,84727.83488216766,1683573241271.8499,32601036256.844658
2025-03-14 17:10:37.259,84622.75627876476,1681268363883.0613,32706034686.63875
2025-03-14 18:08:53.081,84553.36384711522,1673822900843.9272,31941658413.73037
2025-03-14 19:01:21.868,84565.22545311949,1673822900843.9272,28898519366.379787
2025-03-14 20:04:44.117,84536.46356442082,1676350823065.5913,30484124511.981735
2025-03-14 21:09:43.239,84131.61719559043,1669770059347.7715,30173974746.34349
2025-03-14 22:05:39.281,84207.15781003753,1670433551161.618,30022103065.737347
2025-03-14 23:10:11.528,84346.89648742026,1674235591090.534,30369963013.171387
2025-03-15 00:03:07.120,83955.00378884435,1665560062672.5334,27119771397.538395
2025-03-15 01:04:56.647,84316.41004792161,1667848599736.5889,26774521812.918533
2025-03-15 02:04:51.660,84378.94751072212,1673843705226.3733,29675799066.994473
2025-03-15 03:09:40.158,84505.5781189017,1676565564074.4595,28792840991.786884
2025-03-15 04:02:54.927,84476.52475723809,1675450483811.2417,26242073394.89059
2025-03-15 05:07:20.634,84381.74557966145,1674490912286.8865,28903527583.628666
2025-03-15 06:04:14.908,84314.86749685973,1672874157306.5947,28369219022.97462
2025-03-15 07:04:53.862,84170.28914764302,1672216264129.9917,28786997704.097115
2025-03-15 08:09:47.702,83863.26278107218,1663552600372.1309,22859466796.415012
2025-03-15 09:00:28.305,83953.64902106512,1665485631217.547,26926489264.343285
2025-03-15 10:09:56.545,83931.86372679561,1665292569062.9424,26672608241.977066
2025-03-15 11:04:59.472,83924.71665747926,1664629990349.0737,25867433070.861675
2025-03-15 12:04:55.566,84077.984480905,1669007359240.8838,27591446338.786438
2025-03-15 13:05:02.074,84133.58364594172,1669007359240.8838,25173959905.068546
2025-03-15 14:04:52.340,84397.93103623143,1675281279897.2112,18179422852.540733
2025-03-15 15:03:13.955,84141.80648875001,1670786647557.2832,24209420246.310966
2025-03-15 16:11:31.681,84282.5733553542,1672575531360.1194,19744188022.86745
2025-03-15 17:04:00.332,84351.03100749975,1673292216039.7612,16659279255.456709
2025-03-15 18:09:25.080,84450.69621702406,1674603836863.477,16984983685.599894
2025-03-15 19:09:50.983,84173.30840256019,1674603836863.477,16418330860.511461
2025-03-15 20:04:57.504,84295.2224544024,1671958463137.2632,11065312912.27951
2025-03-15 21:02:18.200,84369.37930960456,1673560276383.1367,13331740190.379087
2025-03-15 22:04:59.786,84374.89491697127,1674832745560.4924,14528954524.659504
2025-03-15 23:09:39.407,84358.9159883021,1673646919623.4114,12972595922.421322
2025-03-16 00:08:46.119,84354.47191448158,1673829074380.0486,12705231846.716425
2025-03-16 01:04:44.371,84244.23238441288,1673829074380.0486,13492951467.967623
2025-03-16 02:02:06.515,83899.48633774147,1664227825778.955,12856923441.967043
2025-03-16 03:02:06.534,83955.58636192667,1666780394038.4402,13601873441.803398
2025-03-16 04:04:52.346,84323.27268421142,1670805397323.1792,13388797504.830301
2025-03-16 05:04:55.469,84418.91164824746,1673123262233.6238,13183270658.585733
2025-03-16 06:04:54.666,84356.03663149933,1673042919260.5303,13170392436.34612
2025-03-16 07:06:12.598,84219.52762087784,1673807887011.9382,12444771371.03758
2025-03-16 08:04:51.494,84278.08716723607,1671989577554.914,10783008598.615726
2025-03-16 09:07:28.503,84223.87397209837,1670882939586.7952,11987469678.829721
2025-03-16 10:04:59.794,83875.92487677633,1664367018401.794,10829654595.77627
2025-03-16 11:09:59.680,83404.4666080581,1654707243855.4624,12121542180.028017
2025-03-16 12:04:54.861,82420.98968021553,1635558985063.7285,12875618655.547762
2025-03-16 13:08:03.310,82904.91793465686,1635311023715.0254,13851651444.960236
2025-03-16 14:09:41.610,82891.18824385572,1639568735771.1873,13480713786.341652
2025-03-16 15:03:58.489,83368.7697151249,1653779954158.0417,14567492767.953434
2025-03-16 16:03:49.887,83327.41736609103,1654044774035.2227,14782524315.520037
2025-03-16 17:10:45.596,83963.75617065372,1662582940463.4248,17685205115.31107
2025-03-16 18:09:56.347,83850.26919968214,1665041349433.205,18096767197.734604
2025-03-16 19:11:05.959,83673.10408191198,1665041349433.205,17671536978.509552
2025-03-16 20:09:45.562,83257.2524364498,1650250579784.3699,19568002942.424572
2025-03-16 21:09:52.499,83054.93850488712,1647210200954.5461,19920591555.355083
2025-03-16 22:04:49.388,82743.13181426356,1641440624644.2842,19808657240.13956
2025-03-16 23:04:36.763,82077.84518119802,1630167839348.9658,20945977227.046154
2025-03-17 00:09:48.565,82617.7331241566,1638737651555.1702,21877544080.929176
2025-03-17 01:09:39.987,83064.70985538384,1638737651555.1702,22530942838.022583
2025-03-17 02:04:49.745,83208.95029801303,1652104204949.9353,21395089633.29459
2025-03-17 03:04:59.644,83260.16652548696,1651197556871.9058,22821166197.4404
2025-03-17 04:04:51.969,83712.82326596747,1660655900116.381,23704778969.681656
2025-03-17 05:08:24.494,83431.48057163977,1654928382036.7798,24248374514.16546
2025-03-17 06:09:52.918,83272.61714728127,1648485428740.153,24705767710.93197
2025-03-17 07:07:04.946,83393.68086720291,1648485428740.153,25371694015.88135
2025-03-17 08:04:55.798,83528.44238695232,1657528198923.9094,21692964670.68874
2025-03-17 09:09:01.238,83476.89973804823,1656443619145.9617,25901365412.885525
2025-03-17 10:05:23.532,83625.88247117506,1658719570591.489,26464681961.55716
2025-03-17 11:09:49.971,83284.93030929644,1652864313079.37,26377399208.68291
2025-03-17 12:09:48.018,83333.77147533474,1657141047227.9456,25629928222.645393
2025-03-17 13:04:49.787,83054.86326244925,1657141047227.9456,22116000257.661633
2025-03-17 14:04:53.348,82932.58142558922,1647119754579.2239,23148448508.515636
2025-03-17 15:04:32.566,82888.72671035347,1644209507965.1384,26511085523.81332
2025-03-17 16:09:48.870,83583.93818642639,1656710107693.776,26943548872.965168
2025-03-17 17:04:59.198,83415.90071838192,1655376603685.0264,23430389698.329144
2025-03-17 18:00:56.990,84228.23544937836,1669735430524.1096,25658515033.301575
2025-03-17 19:09:47.967,84448.92794202417,1672917701803.2563,27310053284.31897
2025-03-17 20:05:38.530,84430.83006819447,1675596200256.427,26093746484.92529
2025-03-17 21:09:55.756,83977.89583491963,1666487561301.9407,25195709278.11418
2025-03-17 22:04:51.757,84088.43956648538,1668515946303.0237,26933760221.662228
2025-03-17 23:09:50.509,83980.78904995437,1666630743417.9995,24453935389.109447
2025-03-18 00:09:50.724,83920.30721263391,1665623962996.5786,25406030310.38451
2025-03-18 01:10:18.377,83877.42295483136,1665623962996.5786,24963184481.79632
2025-03-18 02:04:56.090,83130.45397201553,1648334393587.6042,24693323398.25316
2025-03-18 03:04:53.586,83351.13970133282,1654115647571.714,24817786672.629723
2025-03-18 04:04:43.054,83100.42286596482,1648742307097.336,23380519283.610775
2025-03-18 05:05:26.572,82998.59763474177,1646004973381.647,24198138125.40394
2025-03-18 06:05:34.401,82988.83415321489,1646383779951.7625,24124854930.08559
2025-03-18 07:04:56.844,82428.06846517629,1646383779951.7625,20675051265.921352
2025-03-18 08:09:51.650,83261.71116076875,1649824646755.9438,25124364227.717854
2025-03-18 09:09:55.433,83276.43582703028,1651507071631.5947,24074781714.29111
2025-03-18 10:08:11.714,82922.10615223943,1644576895323.773,25120390042.723526
2025-03-18 11:01:52.388,82787.295493254,1641653623088.7156,24634342591.65418
2025-03-18 12:00:27.284,82545.12487759089,1637344909119.1125,22028190672.979668
2025-03-18 13:04:29.694,82384.51632667694,1638967058222.329,22992352660.92518
2025-03-18 14:00:58.454,81259.85862657995,1611138153862.041,23699260803.43509
2025-03-18 15:09:29.308,81632.93965990763,1621503352563.6401,24847670750.08072
2025-03-18 16:03:57.520,81559.34875411353,1619161157057.0076,21937457072.598576
2025-03-18 17:09:57.799,81873.62930637106,1625204064351.956,22334056602.3728
2025-03-18 18:09:33.732,81380.28829871821,1614727579245.8455,23894308988.031937
2025-03-18 19:06:12.655,81839.8881631514,1614727579245.8455,17603193115.19384
2025-03-18 20:04:44.736,82201.79412495729,1634130632815.2031,24394194996.636242
2025-03-18 21:09:49.790,82051.95957857351,1627388105018.7031,23221256411.428757
2025-03-18 22:04:54.632,82001.52920368989,1626804888247.587,23660841746.178078
2025-03-18 23:09:43.793,82500.92476738001,1636163450244.5188,23817385164.65097
2025-03-19 00:04:44.135,82780.03048688271,1642578274105.806,24557570268.85276
2025-03-19 01:04:53.381,83100.88640848425,1641054865495.4958,25061583047.479454
2025-03-19 02:04:43.475,82703.69232896074,1642507994882.2207,24850348828.382732
2025-03-19 03:09:47.349,82938.50804446227,1644703593847.2737,24583947266.031067
2025-03-19 04:06:29.964,83058.47252533144,1648257123504.4487,24895518515.04881
2025-03-19 05:08:41.242,82996.62990102176,1646037323989.959,23267734922.366863
2025-03-19 06:09:42.092,83177.70738079348,1651490282732.821,22003890242.44255
2025-03-19 07:04:37.914,83171.46725678681,1651490282732.821,23654362013.355713
2025-03-19 08:04:54.827,83182.95823272505,1649962449310.7227,18825325290.573246
2025-03-19 09:07:04.438,83388.41592982221,1655273858387.589,21316171526.79614
2025-03-19 10:00:39.083,83531.79129549615,1657211338610.313,21760289137.461716
2025-03-19 11:05:34.537,83486.04202178019,1656647283904.9587,22048671333.88125
2025-03-19 12:08:32.064,83776.84720807298,1663866425862.851,24879326186.87394
2025-03-19 13:01:52.346,83761.43747882382,1663866425862.851,25271417114.573776
2025-03-19 14:04:35.249,84191.81444671717,1670048025872.3596,23414030527.62542
2025-03-19 15:04:47.607,84218.7779651746,1671441195494.543,22419141553.9543
2025-03-19 16:09:55.991,84620.39023500234,1679943952929.2769,25639232119.21216
2025-03-19 17:04:50.905,84590.9687216577,1678144958000.5242,26029403437.764484
2025-03-19 18:04:48.509,84258.56237624737,1669682270512.3386,23654130609.912506
2025-03-19 19:04:45.580,85888.99366381548,1669682270512.3386,23970187785.044983
2025-03-19 20:04:50.222,85452.54273371371,1691618628631.3025,31666067131.128265
2025-03-19 21:04:33.933,85343.76599188604,1690886416186.5674,31185280253.29358
2025-03-19 22:04:49.130,85629.40668023448,1696513992261.873,28408108419.99417
2025-03-19 23:04:53.861,86185.41143785912,1711682857860.0273,35287513708.10233
2025-03-20 00:04:56.352,86815.44109470697,1721565138141.278,33871216993.304657
2025-03-20 01:05:33.760,86023.02793690139,1726811709370.6262,37657952378.238594
2025-03-20 02:04:23.058,85865.46977691361,1704623497025.2627,37385039834.94244
2025-03-20 03:01:13.197,86081.32251805106,1708479204015.47,38065875351.94843
2025-03-20 04:06:20.572,85924.85863959961,1704223984501.0798,37934115796.560295
2025-03-20 05:16:13.222,85636.4698965906,1698966503945.3213,36523419889.539
2025-03-20 06:23:30.852,85894.57540910708,1702696269673.3582,37370562679.71329
2025-03-20 07:04:43.368,85779.65947424584,1702696269673.3582,35455260037.62761
2025-03-20 08:04:40.385,85846.60645541982,1702693988178.52,37504030617.76805
2025-03-20 09:09:21.861,86229.67963508387,1710516594143.749,37952466491.31484
2025-03-20 10:04:56.892,85882.7039898859,1703616873401.0193,38405126625.67551
2025-03-20 11:09:45.527,85222.63297451382,1690558032363.9478,38182250017.602806
2025-03-20 12:09:30.931,85380.33161914661,1694714912351.8013,34984243686.8415
2025-03-20 13:04:48.987,85310.96814284839,1694714912351.8013,37282066364.0617
2025-03-20 14:04:38.923,85504.94400788672,1694475588654.565,32804167875.871655
2025-03-20 15:07:38.884,85405.15657351525,1694322697119.1274,37033963486.112366
2025-03-20 16:04:51.036,84683.88848622817,1680053331506.578,35797163043.33246
2025-03-20 17:02:37.273,83735.87324881191,1661703939049.7744,36912417957.42944
2025-03-20 18:04:32.534,84006.03482067536,1669695194690.7668,38491996467.37394
2025-03-20 19:05:28.951,84040.25543267331,1667966503291.2627,34851360781.284386
2025-03-20 20:01:53.316,84134.39141427614,1671272775571.5288,32338096572.124634
2025-03-20 21:07:32.669,84531.19085429756,1677094125571.8171,29424074117.38823
2025-03-20 22:04:48.566,84309.65715170768,1672661453358.495,24442168397.204414
2025-03-20 23:04:57.112,84087.18295443771,1668563659240.3408,26212151279.36154
2025-03-21 00:07:16.021,84326.23460828917,1670792449939.0652,29074301901.64253
2025-03-21 01:04:55.872,84473.8179802995,1674990749440.0823,25528849965.027836
2025-03-21 02:04:51.821,84743.39249862774,1674990749440.0823,24649378617.677856
2025-03-21 03:04:06.012,84634.46695960859,1679119725835.6038,26305893030.713013
2025-03-21 04:04:55.452,84474.66633967978,1675949334590.022,21187365707.13271
2025-03-21 05:03:49.726,84630.85046766164,1679583071958.224,25832190316.857716
2025-03-21 06:04:41.835,84437.76675727686,1673505019358.9233,23433509662.58122
2025-03-21 07:06:31.572,84179.23584511163,1669291687492.811,24976598677.522617
2025-03-21 08:02:16.823,83881.93676879247,1664198613888.7217,21492673588.27407
2025-03-21 09:04:56.072,83989.60535436933,1665736093517.2964,23854737339.51809
2025-03-21 10:01:33.900,84094.71763124721,1667561668672.912,22673140189.179096
2025-03-21 11:01:11.378,84153.42484945175,1669584741547.8948,20029385480.56109
2025-03-21 12:09:27.011,84090.37418372162,1666612073375.86,24089178525.739376
2025-03-21 13:09:28.668,83378.30606761425,1653241943073.5032,22232109834.804947
2025-03-21 14:04:33.272,83962.6562833777,1664423240465.2524,22276056949.216503
2025-03-21 15:09:49.697,84086.27070181312,1669304106298.2278,23655329813.772423
2025-03-21 16:09:48.273,83441.73355131772,1655326006309.6172,21796540841.81103
2025-03-21 17:04:59.819,84061.42075215005,1668107700501.7776,20452876710.6468
2025-03-21 18:04:40.575,83979.4455154189,1666147160260.2302,19206674856.65841
2025-03-21 19:09:35.355,83969.07347934862,1665912981129.6396,19091601400.656483
2025-03-21 20:04:40.747,83956.06190164157,1665742561573.1663,15022867810.873013
2025-03-21 21:04:52.393,84195.35014198667,1670354735793.1653,18636020081.81139
2025-03-21 22:04:50.392,84331.08912652876,1672177289758.1426,18399321941.40538
2025-03-21 23:01:17.806,84143.3705534662,1669452580854.7131,15889602790.965174
2025-03-22 00:05:00.207,84009.532917822,1666749159154.2927,18091004975.919056
2025-03-22 01:05:11.252,84167.8697252113,1669698131778.226,17960968394.634296
2025-03-22 02:06:50.265,84014.19303884667,1667786783477.4531,17677897505.98951
2025-03-22 03:04:57.034,84158.98941802121,1669557028895.6956,17713343258.573483
2025-03-22 04:04:53.997,84228.4931007714,1671239508746.661,17303209446.59256
2025-03-22 05:04:41.205,84349.53250237869,1672806639661.2197,16098701675.453403
2025-03-22 06:02:46.938,84267.59944731584,1671758678979.4897,17198334581.934456
2025-03-22 07:04:49.989,84314.71637816796,1672590503376.8555,15886664749.724594
2025-03-22 08:07:33.014,84238.86837592987,1671364718722.004,13764917059.874195
2025-03-22 09:01:31.570,84203.20734855889,1670612377155.2798,15772265960.401066
2025-03-22 10:03:54.953,84346.3661567513,1673621395495.6235,14334859274.157944
2025-03-22 11:04:43.065,84392.82009721096,1674392155956.0356,12727152911.31574
2025-03-22 12:04:10.151,84208.98723312806,1670880161410.1294,15147062484.532446
2025-03-22 13:04:55.227,84212.39615152313,1670604320840.6553,12444139980.26951
2025-03-22 14:05:27.025,84148.9958208313,1669551783044.6565,12339984243.804409
2025-03-22 15:00:52.609,84003.42768297587,1667132792980.3098,12134454946.941154
2025-03-22 16:00:40.710,84106.99527875872,1668900484962.4631,11631464983.243954
2025-03-22 17:07:48.007,84112.46732431548,1669026815099.7498,10523788954.093693
2025-03-22 18:00:32.867,84228.27462397689,1671706288179.8838,10503076876.839512
2025-03-22 19:05:13.389,84228.95217301375,1671014377396.7021,9283241544.593723
2025-03-22 20:04:50.124,84164.286334733,1669745495451.0713,6876701064.264157
2025-03-22 21:04:56.272,83914.13490809177,1665048029389.7747,9562664426.43806
2025-03-22 22:04:57.312,83994.80525653713,1666563846605.169,8681064590.46009
2025-03-22 23:04:56.175,83948.80437413476,1666040545665.5435,8517906326.995917
2025-03-23 00:04:56.860,83823.01245126098,1662413111988.9397,9217017633.213474
2025-03-23 01:01:44.609,83994.73650641015,1666497270565.351,8987587807.2735
2025-03-23 02:04:45.378,84054.10410734905,1667244873574.8267,9063080390.136333
2025-03-23 03:01:53.072,84220.40851733647,1671097352910.6763,8062133345.223995
2025-03-23 04:04:47.779,84199.37799419848,1670558447354.842,6317210083.131712
2025-03-23 05:09:34.802,84125.97474677162,1668940377253.298,8851785851.528778
2025-03-23 06:04:57.079,84204.78308895703,1671376110314.0674,8893240791.127125
2025-03-23 07:04:49.362,84255.48012582533,1671936612244.8901,7709194176.688952
2025-03-23 08:09:35.553,84281.47572220222,1672174791953.826,7122608472.25863
2025-03-23 09:04:54.939,84338.92959046464,1672619692469.82,7729564388.260283
2025-03-23 10:09:43.596,84308.26196392841,1672725337213.726,6705021628.486908
2025-03-23 11:04:47.110,84445.14986317117,1675435232331.1287,8368986857.309823
2025-03-23 12:02:29.342,84658.59701739515,1678755484287.8503,8095626252.280974
2025-03-23 13:04:50.300,84705.0272672479,1680399921180.3894,7902760769.991239
2025-03-23 14:04:50.859,85060.61255461848,1685453331371.5486,9969357472.516552
2025-03-23 15:08:33.578,84946.52220438045,1685390310477.767,10355871169.506824
2025-03-23 16:14:30.962,85149.72744367947,1688479094185.1006,10627840380.840954
2025-03-23 17:09:42.266,85371.1391031313,1691774192995.5513,10776823490.207102
2025-03-23 18:09:45.764,84954.75634459515,1686072633341.2156,11412097479.984419
2025-03-23 19:07:02.661,84930.81430153771,1685616962204.8423,10167019399.615282
2025-03-23 20:01:38.964,85011.00877668706,1686976548642.671,10325443627.049824
2025-03-23 21:06:25.198,85050.65759373661,1688386391864.4404,10864157568.679825
2025-03-23 22:04:46.735,85194.14813792474,1689452565934.1055,11680826449.986683
2025-03-23 23:05:28.734,85396.29041826307,1694313001348.4167,11193035182.352144
2025-03-24 00:04:50.591,86114.33370456511,1702009594329.4495,12944902999.00793
2025-03-24 01:06:43.288,85858.27751657135,1704788987549.3484,12685913040.034721
2025-03-24 02:06:00.414,85560.23956148796,1698706113022.3198,14678104683.07983
2025-03-24 03:04:43.755,85883.039117483,1704697891064.477,12101896024.219042
2025-03-24 04:04:55.539,86587.00817085963,1716195553943.1392,16249596879.025938
2025-03-24 05:04:49.483,86894.07650042877,1723102576811.4084,14764336995.938797
2025-03-24 06:06:00.777,86946.04244661995,1723717485912.183,18144408239.11632
2025-03-24 07:03:09.256,87126.56799401094,1728673495964.3264,17012596961.198837
2025-03-24 08:09:30.685,87083.94017266696,1725165765224.261,20387538419.47386
2025-03-24 09:04:25.158,87419.9071984332,1735477296721.482,18677489441.22024
2025-03-24 10:04:52.924,87172.88980549254,1729167624093.7988,19052142506.309254
2025-03-24 11:04:57.114,87807.28866290172,1741786174238.8196,20718094826.585716
2025-03-24 12:05:39.697,87686.17138536507,1740008427327.473,21785734940.058273
2025-03-24 13:04:36.379,87346.75998699872,1732082162720.5327,21904634622.155514
2025-03-24 14:09:42.611,88039.63937738597,1743509302232.9683,24794759977.028492
2025-03-24 15:04:53.797,87952.73226527461,1744965136789.3057,21408583763.969894
2025-03-24 16:04:52.429,88339.89035924661,1752863379278.3064,19923798010.15974
2025-03-24 17:04:33.095,88015.45327020861,1746281724512.0085,28005373243.39807
2025-03-24 18:04:48.419,88462.86393414128,1755046334716.8225,30090057216.029556
2025-03-24 19:04:45.767,88474.3135894229,1756464414567.623,29585074727.55511
2025-03-24 20:04:58.636,88259.76395777306,1751822766980.2302,29356071617.620415
2025-03-24 21:04:48.266,87866.17486946298,1743397769666.8113,30878620238.41873
2025-03-24 22:02:19.480,88188.34015751413,1749804663223.7083,35039346443.25662
2025-03-24 23:08:01.895,87355.15333559812,1735189501350.797,35781712292.725075
2025-03-25 00:05:35.024,87404.87649068212,1736010009543.4463,35787475027.20128
2025-03-25 01:04:32.481,87622.78459104586,1738675244270.562,34346993239.181965
2025-03-25 02:04:34.878,87132.16734771413,1731672424127.459,35387482745.78712
2025-03-25 03:04:39.460,86869.50462202856,1723543947639.8936,28131060113.33063
2025-03-25 04:04:46.977,86427.65033425306,1716589184381.494,32210161922.646458
2025-03-25 05:00:27.507,86436.2290521335,1716407047147.2285,29585889920.07701
2025-03-25 06:04:46.330,86671.25268250058,1720227052736.2507,32116989300.095264
2025-03-25 07:05:00.079,86618.22840507625,1718635702200.5706,23831871159.226776
2025-03-25 08:04:48.691,86460.41782128905,1716261141162.674,28559198338.36299
2025-03-25 09:04:20.747,86724.36314353025,1720763230395.8252,27544862193.727257
2025-03-25 10:04:56.752,87273.9836862527,1731521990256.6855,25572848504.695488
2025-03-25 11:04:14.450,87138.136227693,1728725986002.3088,23964389148.812878
2025-03-25 12:04:27.476,87413.3113487359,1734557186533.356,29800105267.462284
2025-03-25 13:05:12.968,87103.10754688627,1728268873799.5103,30473806129.582123
2025-03-25 14:00:46.888,87425.59711353843,1731241919666.8901,31865613568.07576
2025-03-25 15:09:32.314,88106.52827227654,1747198744027.2979,28298154389.646446
2025-03-25 16:02:51.011,87772.72551391833,1740872306923.125,29162434947.779037
2025-03-25 17:04:46.570,87826.12190670078,1742571895969.3389,26082227545.604538
2025-03-25 18:09:43.094,87974.75685468162,1745366378961.9204,30932019959.585617
2025-03-25 19:09:34.488,87960.9259253167,1745262195697.1592,27573940600.01937
2025-03-25 20:04:48.021,88199.60526776778,1750818625619.0615,24946108986.757996
2025-03-25 21:06:02.933,87936.51137016094,1744830190987.4487,28767014614.652634
2025-03-25 22:03:50.062,87741.71106058777,1740968686889.7048,30411274069.074875
2025-03-25 23:06:38.826,87321.36793603227,1732643281821.4788,30504107048.060806
2025-03-26 00:04:49.354,87424.06865781397,1736444530990.2063,30282779550.730293
2025-03-26 01:06:11.688,87647.88550868542,1739174319063.499,28962261867.249687
2025-03-26 02:04:33.658,87874.30791795647,1742808792399.2605,25975886041.639935
2025-03-26 03:01:26.021,87371.3491304742,1734233561901.287,29665357950.451767
2025-03-26 04:05:49.174,87205.4427253819,1730413717912.4695,29363130008.35759
2025-03-26 05:04:10.281,87334.3860075193,1732578485967.9712,26289068116.125698
2025-03-26 06:04:47.764,87538.98447599208,1736911238937.0894,27317146531.34157
2025-03-26 07:04:40.675,87953.57974749732,1744882942818.411,28897456435.08485
2025-03-26 08:04:37.452,88159.21504635461,1749759369727.404,28383627895.402317
2025-03-26 09:05:21.981,87983.70142460795,1744915117149.8997,29607645894.21867
2025-03-26 10:01:25.788,87922.27667040464,1744565140314.6484,26818250424.260193
2025-03-26 11:04:55.270,88240.46256324385,1750831185408.176,26830550485.254684
2025-03-26 12:04:28.151,87998.8047039292,1746405672424.0217,28323994131.249474
2025-03-26 13:04:48.961,87795.45224485123,1741973983152.412,24568236963.751717
2025-03-26 14:03:50.683,87219.71294548987,1732822824687.2412,28526666987.08393
2025-03-26 15:04:51.003,86823.44172743564,1722186314268.7188,26849718510.173206
2025-03-26 16:01:11.211,86745.53174766526,1720746184854.1106,27350676632.845985
2025-03-26 17:04:35.693,86454.04031914235,1717233820992.4915,27296519734.135445
2025-03-26 18:04:40.575,86566.57610290994,1717634402682.2693,20493662541.845657
2025-03-26 19:04:53.403,86217.63942503363,1713126382648.927,27353673063.748257
2025-03-26 20:04:50.699,86625.17449589507,1719467194015.4705,25271613688.36781
2025-03-26 21:04:30.530,87199.42852219005,1729710808534.7258,28502305454.441372
2025-03-26 22:03:01.708,87150.9659589762,1729881301573.1968,25450064580.279488
2025-03-26 23:08:00.483,86817.98796198177,1722837475609.0845,24214995153.743797
2025-03-27 00:04:41.339,86913.68578612641,1724367665542.8616,25184660306.741398
2025-03-27 01:04:39.772,87277.52244284363,1730362247871.2178,25540194749.296482
2025-03-27 02:09:46.260,87484.22713450069,1735895769317.9255,25305971460.705265
2025-03-27 03:04:43.770,87636.52233889826,1740124145693.8254,26312739947.78807
2025-03-27 04:04:46.185,87684.58507410828,1739414777262.1968,21915113481.168404
2025-03-27 05:04:42.858,87519.00306751425,1736591615855.238,25491762300.230244
2025-03-27 06:04:50.281,87309.51046145338,1731829225219.1519,25530606156.562138
2025-03-27 07:04:20.200,87382.68434468325,1732939615490.1362,25202804754.906918
2025-03-27 08:04:47.531,87426.40019335548,1734508962976.6873,20712779310.991844
2025-03-27 09:04:29.709,87468.52663938893,1734754227151.5154,24544348025.04745
2025-03-27 10:04:51.079,87517.37274800161,1736633976406.2688,24211544540.829872
2025-03-27 11:04:44.174,87227.42279262032,1730810660127.1055,19970067757.117313
2025-03-27 12:05:55.794,86886.0329308739,1724488132739.8843,25058625822.831005
2025-03-27 13:04:47.921,86836.77934030221,1722856496863.3748,24528416764.944305
2025-03-27 14:04:51.705,86311.36672144024,1709624158236.8616,24957254379.15693
2025-03-27 15:04:46.582,87284.7757395601,1730330016604.1394,23972308207.355747
2025-03-27 16:03:56.795,86951.76421649675,1726953435972.8914,21890977284.903522
2025-03-27 17:03:15.939,86803.87202525735,1722914049096.5818,26277064382.60975
2025-03-27 18:00:50.262,86901.47646822476,1726857730935.2085,26668232714.970627
2025-03-27 19:04:43.641,87207.48052895733,1730442164374.644,25392890315.657364
2025-03-27 20:04:27.408,87022.23634069061,1729429584548.8413,18760248906.758682
2025-03-27 21:04:30.356,87311.73452661555,1732206335787.5352,23460302474.523922
2025-03-27 22:04:54.977,87577.72538017163,1736644651441.304,23720111591.73468
2025-03-27 23:04:54.348,87305.46595898429,1733395500667.403,24355802796.690277
2025-03-28 00:04:49.111,87212.97468263778,1730130227423.7974,24027993322.40388
2025-03-28 01:04:56.632,87337.4665470881,1734187557294.3062,24072008462.965023
2025-03-28 02:02:39.918,87220.58974772833,1730941850542.6736,22734848954.768867
2025-03-28 03:04:55.663,87003.73711142981,1728490635726.9468,24173829152.53246
2025-03-28 04:04:54.390,86777.75784016024,1722563588370.4658,24292573153.979626
2025-03-28 05:00:52.164,86254.14224809303,1708048440556.8352,25569565949.290546
2025-03-28 06:04:51.898,86031.83128027114,1708075853872.5986,24904628300.173683
2025-03-28 07:04:48.233,85660.18490491247,1699690534284.8665,27060183887.73245
2025-03-28 08:14:41.654,85374.42563128132,1694279645149.3413,28629449112.561867
2025-03-28 09:04:41.052,85205.94321631963,1690860134950.1863,25107280335.88548
2025-03-28 10:04:33.230,85114.01221695973,1688950152070.6284,28336577807.026863
2025-03-28 11:06:34.263,84893.79618774568,1684035792799.1892,30691312209.554523
2025-03-28 12:05:29.268,85167.80064394798,1690110018898.767,30960776787.35904
2025-03-28 13:04:45.166,85022.1158107608,1689910559338.6191,31694388618.295437
2025-03-28 14:04:57.279,84996.80217812448,1685518037490.859,24547018710.769196
2025-03-28 15:05:36.116,84315.24214798606,1670777670689.3408,28569431407.02376
2025-03-28 16:09:38.263,84082.29777900936,1667101365265.9006,29194309757.628998
2025-03-28 17:04:52.341,83719.60743307101,1662269903234.2258,32080481521.25397
2025-03-28 18:04:59.369,83952.91072558291,1665658795200.269,31723164536.121426
2025-03-28 19:01:45.297,83827.52742896962,1663444134029.4253,31850913656.0039
2025-03-28 20:04:49.903,83785.9970399872,1662382277294.8867,33134399361.6655
2025-03-28 21:04:53.861,83762.71757013239,1662498571168.8237,31150520912.108944
2025-03-28 22:00:33.322,83955.84709919438,1665546505824.7458,30889634879.47576
2025-03-28 23:09:32.102,84478.16251367884,1675354695338.9177,30159125052.807995
2025-03-29 00:05:19.465,84359.46915506005,1673182800974.1038,31674486232.097313
2025-03-29 01:01:35.919,84356.18868046836,1673965298635.8113,32113590891.423794
2025-03-29 02:04:53.256,84386.77613913322,1672206530760.273,33228986108.48189
2025-03-29 03:04:49.563,83837.05251809006,1663189129942.287,33958910981.950394
2025-03-29 04:04:58.188,84173.41437233011,1670360466058.2073,31965362204.456
2025-03-29 05:04:47.911,84045.10988015977,1667146376777.72,31729024279.040745
2025-03-29 06:04:54.229,83947.40619319715,1665829230773.5962,30278010701.88614
2025-03-29 07:05:51.176,83744.87093314683,1662034302294.1304,29768288292.211952
2025-03-29 08:01:12.023,83701.85920800563,1661375068418.7527,27694297172.449863
2025-03-29 09:04:37.758,83894.4274576301,1664547471931.3286,23956962478.94217
2025-03-29 10:04:48.310,83508.44848841902,1655807729350.0527,26649358925.22473
2025-03-29 11:04:59.066,82953.25385473119,1647942689671.8835,26985389132.434864
2025-03-29 12:04:56.240,82237.62203229136,1632024826959.83,24735379076.481697
2025-03-29 13:04:42.742,82396.18735905731,1634161640811.5872,26555982093.003212
2025-03-29 14:00:37.930,82793.81582488914,1642931108944.5088,19417016939.07493
2025-03-29 15:04:35.989,82471.49051640474,1637657259959.5964,20954810770.309135
2025-03-29 16:04:11.064,82386.35050942781,1634534304998.435,17946934139.761864
2025-03-29 17:04:47.242,82162.685941113,1630418125750.231,17221197057.734447
2025-03-29 18:04:42.267,82346.68633969543,1634108730899.2373,19850028229.505623
2025-03-29 19:07:26.735,82305.29496801457,1632055609119.3994,19312016224.01923
2025-03-29 20:08:56.150,82502.35566528513,1638599930619.5493,16813286188.595509
2025-03-29 21:04:20.736,82483.38479164489,1636557562693.977,15033604187.562237
2025-03-29 22:07:31.099,82428.14555995223,1635690766361.1018,15695008247.57511
2025-03-29 23:07:59.216,82311.72140355429,1634799005934.615,15940848427.445204
2025-03-30 00:04:55.150,82603.84608714566,1639457830515.0764,16425351535.660994
2025-03-30 01:04:32.657,82780.67040433415,1642064975624.0315,14780618218.299532
2025-03-30 02:04:34.358,82930.05815369933,1645031735594.5586,16759506724.388903
2025-03-30 03:04:38.823,83292.98909963878,1651864880708.025,16005427277.407228
2025-03-30 04:04:34.040,83066.49252905766,1648242667004.5686,17013741125.346006
2025-03-30 05:04:32.991,83096.07674952217,1650896033248.459,16974828693.73428
2025-03-30 06:04:35.220,82935.22943299318,1645646088419.1191,16979562363.455618
2025-03-30 07:00:33.863,83137.68269393778,1649319481804.3945,13542288596.1423
2025-03-30 08:04:39.130,83053.40070328081,1648064630307.8945,14733482629.306595
2025-03-30 09:04:46.751,83353.632024973,1653711804165.6245,16878375000.29647
2025-03-30 10:04:41.408,83440.59474949405,1656620353244.022,16178605582.852652
2025-03-30 11:04:41.538,83108.82259101293,1649392186665.3464,15489312073.829985
2025-03-30 12:04:44.099,83065.56137310392,1649240115998.0708,14397939311.113218
2025-03-30 13:04:43.810,83038.37790704927,1647367165353.5745,11243444524.511093
2025-03-30 14:04:38.842,82722.57464096136,1641556303387.7725,13651506824.044409
2025-03-30 15:03:09.676,82758.56160404938,1643026810098.352,14478602960.729437
2025-03-30 16:09:31.105,82681.44287077147,1641128590239.2827,13851367081.449612
2025-03-30 17:04:47.468,82274.6912690196,1632427796021.68,14284291176.322014
2025-03-30 18:09:21.132,82514.66681903032,1636608485260.195,13904007208.309381
2025-03-30 19:02:01.782,82727.0691413136,1640778628611.3518,13151252766.131523
2025-03-30 20:04:00.570,82515.76586162791,1637616326250.196,13409475284.15382
2025-03-30 21:04:47.655,82553.26654935416,1637688396357.9,13066589739.365843
2025-03-30 22:04:51.424,82190.67408154199,1629815120963.5671,13216164733.326347
2025-03-30 23:04:48.885,82377.94312671632,1637086369307.5815,14523903512.3047
2025-03-31 00:04:27.865,82355.18824543593,1634123949304.9016,12882081645.230942
2025-03-31 01:04:52.376,81615.15679949729,1619067701831.0938,14234443026.572197
2025-03-31 02:02:38.749,81825.6051256894,1623139934583.3152,15758510826.415176
2025-03-31 03:02:41.198,81914.94920836002,1626603778052.5808,15793580000.77007
2025-03-31 04:02:28.843,81496.23755227726,1616665509030.0527,14562655156.81983
2025-03-31 05:04:52.032,81892.18710736942,1622456847940.5986,17710682928.742985
2025-03-31 06:04:26.265,82121.83919121162,1629862584253.6653,17466531939.962482
2025-03-31 07:01:51.998,81981.93953358226,1626666179180.0017,17121575456.241575
2025-03-31 08:03:30.691,81884.11109014327,1623897591992.0618,19297703978.60489
2025-03-31 09:04:49.639,81882.34625826216,1625555978781.3257,19926328730.74158
2025-03-31 10:04:21.646,81488.96451396754,1614928127964.7046,20566460536.704803
2025-03-31 11:04:52.578,82184.6497493072,1630105053544.833,19574300937.92419
2025-03-31 12:04:26.791,82227.54336233468,1630259880152.9326,21677397047.884262
2025-03-31 13:05:43.149,82741.55197322981,1643789190191.39,20552042118.723705
2025-03-31 14:03:49.665,82553.4254041944,1638328666572.0774,24441967895.806602
2025-03-31 15:00:53.808,83500.4896400052,1660115966490.7869,26207354985.357533
2025-03-31 16:04:47.899,83447.38626910759,1655403659282.4858,28775593542.998875
2025-03-31 17:04:30.513,83277.76436696327,1652588202678.8787,28810068175.5503
2025-03-31 18:00:49.523,82643.59909200664,1640220005338.9495,27059929741.824867
2025-03-31 19:09:37.958,83299.9810590052,1652291105689.8757,25696732383.287865
2025-03-31 20:04:45.238,82348.25633896062,1635852560718.4355,30464047245.949497
2025-03-31 21:04:40.879,82394.12780936091,1635089361987.6716,24777608865.258823
2025-03-31 22:04:28.037,82542.85168725922,1638065268100.6265,31419666636.569595
2025-03-31 23:04:46.187,82372.42496571247,1633798787966.2148,30357000546.959167
2025-04-01 00:02:14.101,82553.23623643283,1637630753870.8704,25563649533.896156
2025-04-01 01:04:52.542,82632.17739877684,1640438624964.794,26281072993.08448
2025-04-01 02:04:44.960,82687.62921124356,1641312696168.2913,25615350269.83096
2025-04-01 03:04:44.186,83099.7132171393,1647827683654.8228,28329740730.40455
2025-04-01 04:04:36.544,82938.776894528,1645464237452.5964,28432388359.392963
2025-04-01 05:04:34.613,83037.21355746588,1647902738187.318,24175658613.498203
2025-04-01 06:04:46.868,82965.36899692599,1647084862472.349,28093283099.652836
2025-04-01 07:04:35.765,83434.03386130522,1656500828505.6445,21063266603.44518
2025-04-01 08:04:53.710,83460.19817794718,1656018185696.6333,27757378813.46636
2025-04-01 09:09:44.944,84301.95269620928,1672666648611.1565,28489521236.196194
2025-04-01 10:04:44.581,84370.26093529824,1673886777363.0833,28005951192.21493
2025-04-01 11:04:49.221,84194.93109759485,1671667841964.8845,28505694643.86854
2025-04-01 12:01:34.929,83889.52404655488,1665038655185.6157,28529728833.762424
2025-04-01 13:09:32.720,83589.39097506716,1660631131476.4229,27412314330.22344
2025-04-01 14:04:39.019,83619.87350890883,1660147480030.7458,26875778658.77939
2025-04-01 15:06:18.541,84281.84680860782,1671784059972.967,25114148961.668224
2025-04-01 16:04:48.622,85311.29137218822,1692198383660.4175,24174551852.799816
2025-04-01 17:04:45.615,85089.10675897203,1690672888587.4946,26413732181.050247
2025-04-01 18:04:56.957,85253.00123334384,1692094220882.6409,29598591719.7757
2025-04-01 19:04:40.475,85133.05972535553,1687826679179.801,26283717606.899483
2025-04-01 20:05:45.976,84929.06237244017,1686033463176.7578,29534732174.078537
2025-04-01 21:04:51.962,85245.22438987631,1692094129551.8276,25650064898.36904
2025-04-01 22:04:42.548,85244.43181925929,1691907914157.5723,29355794172.034203
2025-04-01 23:04:52.481,85073.12003223266,1688786831339.5361,29678910840.35733
2025-04-02 00:04:51.597,85151.38359873935,1689879670634.6924,29670672164.87349
2025-04-02 01:04:54.025,84981.39412820044,1686025507206.8796,26849289307.878853
2025-04-02 02:04:56.429,85152.65632409418,1688803538310.2292,27105811148.298145
2025-04-02 03:04:59.886,84728.41789937182,1683049955934.1716,29470375236.418343
2025-04-02 04:09:44.525,84650.3303317548,1679151638877.7222,29771176229.10041
2025-04-02 05:04:41.614,84580.70592294853,1677454490922.6465,30071782497.63079
2025-04-02 06:04:49.985,84083.22112364328,1669449166506.5698,27348459019.06654
2025-04-02 07:04:49.860,84126.51474147492,1670769992930.4302,30454259461.216843
2025-04-02 08:04:34.459,84416.00027025993,1674801282401.6172,27710852493.3641
2025-04-02 09:04:43.251,84665.33194165595,1680004905194.4827,27188182151.94643
2025-04-02 10:04:51.032,85021.65957232645,1686580305631.5051,28301420685.726868
2025-04-02 11:00:28.903,84844.77000604966,1687102938838.2615,29580552850.53757
2025-04-02 12:09:32.518,84597.15150833085,1679228446467.2432,27853571978.93522
2025-04-02 13:09:30.048,84938.61029698861,1687359120917.6338,29202908702.90064
2025-04-02 14:04:58.557,85461.5657413444,1695003759397.5286,30699382150.49999
2025-04-02 15:07:35.023,86036.13444049208,1705431005727.5532,27512255878.855892
2025-04-02 16:09:25.304,86617.24415685238,1721128316534.6167,27171501037.532825
2025-04-02 17:04:57.119,87106.00781966242,1726775057382.305,32926776948.43761
2025-04-02 18:03:23.992,86612.92096605808,1718948607973.5908,34221437172.359905
2025-04-02 19:04:56.151,86317.97978903714,1712942901753.8013,34186846761.148643
2025-04-02 20:04:30.944,86412.29967901438,1714415914199.1282,32987667240.442547
2025-04-02 21:02:08.126,85654.66996320832,1699871882019.431,34110652032.56304
2025-04-02 22:04:58.273,84604.64636587836,1682231789872.079,45519488380.77094
2025-04-02 23:05:43.323,82670.64635520295,1642995522133.0803,45940274232.67593
2025-04-03 00:00:33.025,82526.4221526433,1637358764747.381,46332905657.77597
2025-04-03 01:04:57.817,83067.24275015933,1647837096555.4202,51076854220.90282
2025-04-03 02:04:49.283,83776.68744254543,1663592938437.6272,42315560971.23392
2025-04-03 03:03:06.659,83783.75496624704,1662196658801.6152,41750845130.14617
2025-04-03 04:04:32.946,83487.8420491959,1656585570074.6348,55299429663.012985
2025-04-03 05:04:24.002,83564.27184811681,1658287022920.429,53540608356.10901
2025-04-03 06:04:54.873,83409.39729897068,1655664599679.575,53122166406.67223
2025-04-03 07:04:36.116,83003.67579388311,1649006838122.5945,56313501453.10708
2025-04-03 08:03:27.563,83494.99176119595,1656528532296.4492,55357023269.36049
2025-04-03 09:04:53.534,83710.89586871512,1659142417815.4355,56720133153.202965
2025-04-03 10:02:13.103,83575.16343053042,1659441187689.0254,55899600175.60965
2025-04-03 11:04:34.260,83230.13519692069,1652456888779.9253,51495134756.62141
2025-04-03 12:04:25.956,83050.51017309572,1648503520181.4963,56425696776.94176
2025-04-03 13:07:16.129,81957.14755593218,1625196409962.2832,54319722448.73375
2025-04-03 14:09:22.246,81974.59932693769,1629460709637.7878,57834038924.678764
2025-04-03 15:07:10.424,81476.42191638195,1617785555469.2476,51926673213.41304
2025-04-03 16:09:41.555,82305.22481184445,1628450479858.025,55195286275.6087
2025-04-03 17:04:45.474,81831.40669422467,1622084897588.2407,50688817892.279816
2025-04-03 18:04:56.196,81883.96787174862,1623308109682.353,50844411993.05212
2025-04-03 19:04:23.432,82023.69651873449,1627264862788.4421,44281574929.73047
2025-04-03 20:04:39.573,82010.58295485632,1627677257083.6777,52805518321.396484
2025-04-03 21:04:54.534,82337.19466168135,1635086810109.0522,44053575615.33363
2025-04-03 22:04:26.624,82763.14038772575,1640771914359.8186,43974747542.62464
2025-04-03 23:04:50.984,82654.29602655036,1640610411811.1997,40608919507.91365
2025-04-04 00:05:40.782,83208.52796536,1649883020931.6636,32092092444.889397
2025-04-04 01:04:43.728,83029.72559074209,1646666144705.237,30294579708.361736
2025-04-04 02:04:47.660,82676.67638736672,1641567684702.9478,36932660154.353065
2025-04-04 03:04:33.317,82870.73001816859,1643076446664.5627,36108484208.3857
2025-04-04 04:04:43.226,82793.26810143121,1643236784548.1006,32604011035.783726
2025-04-04 05:04:52.661,82709.74394735025,1641406971551.437,32784685540.304333
2025-04-04 06:08:04.340,83155.70194321594,1651068040645.0764,33439094927.153805
2025-04-04 07:04:33.552,83064.77766424145,1647752382555.4014,31722484736.03644
2025-04-04 08:04:50.551,84003.03159736587,1666395756766.055,25975259865.24822
2025-04-04 09:04:49.047,84375.94429798229,1674379018579.1582,37319407427.940384
2025-04-04 10:04:35.357,84613.64673947358,1680321724115.9402,37409909039.35253
2025-04-04 11:04:36.527,82548.3231829159,1637997289664.3364,38789591437.493645
2025-04-04 12:02:51.787,82701.99933626983,1637966658358.8079,43376683679.573105
2025-04-04 13:02:03.133,82809.93939073119,1643952888890.9731,39273633804.04626
2025-04-04 14:09:32.286,83238.43488678202,1652459275756.9006,40595155718.21919
2025-04-04 15:09:36.258,83111.34435575195,1649150655984.3906,44740397833.26715
2025-04-04 16:05:00.114,82881.13400156828,1643589145412.7842,45767666718.51474
2025-04-04 17:04:54.284,83345.06970919853,1653868009217.0232,46534525608.73695
2025-04-04 18:03:53.933,84430.20296834389,1675310985275.4434,47400773794.68037
2025-04-04 19:04:58.705,83881.50017713505,1664292537846.835,48675948167.99212
2025-04-04 20:04:40.257,84003.03688086948,1665064890775.585,48685504659.56455
2025-04-04 21:07:01.180,83997.83057459719,1667135112496.8494,48023269375.297325
2025-04-04 22:04:52.147,84162.25073278768,1670232776289.1284,45564894603.32469
2025-04-04 23:04:43.435,84032.71900547225,1667761443139.5173,47469588650.659355
2025-04-05 00:06:50.663,83733.5293123474,1664077710046.412,44828705325.184166
2025-04-05 01:04:30.834,83784.56595678756,1661136573619.2065,45482265480.65607
2025-04-05 02:04:50.860,83958.723779881,1665779848251.5137,43149683403.38114
2025-04-05 03:04:35.072,83944.75551931879,1665499239892.37,44699029103.63448
2025-04-05 04:07:37.484,83616.73180229477,1660890159981.8696,45219603364.917305
2025-04-05 05:04:42.964,83658.77387416866,1658667926625.296,43037300008.586945
2025-04-05 06:04:43.450,83674.19259061506,1660313847060.5244,42415941851.523346
2025-04-05 07:04:46.421,83455.56861802349,1655444735653.7097,44312245416.114044
2025-04-05 08:04:41.783,83491.71149443637,1656420608366.4924,33860477897.633312
2025-04-05 09:04:49.330,83508.26233301332,1657545138102.1836,41538289934.712616
2025-04-05 10:04:55.829,83853.69411353327,1664225129899.6172,37442119183.05279
2025-04-05 11:09:36.812,83642.02603878912,1659506332930.3186,34124195355.40144
2025-04-05 12:09:25.025,83422.40556286192,1655557121183.4924,33090733070.581554
2025-04-05 13:02:26.968,83241.35572383246,1651719441848.9387,28826016518.12049
2025-04-05 14:04:54.912,82718.10761381598,1639591895249.8018,25381767510.22837
2025-04-05 15:04:41.892,82907.99227530952,1646606100644.1438,25993360394.662632
2025-04-05 16:04:48.270,82623.6290432163,1638091080943.347,22722300158.145954
2025-04-05 17:02:29.563,82734.08954677006,1640240622079.5967,20960055804.194088
2025-04-05 18:04:45.253,82819.72161473092,1643728414303.8528,18350074936.74171
2025-04-05 19:02:14.339,83065.2030025991,1648250718289.0232,16702996084.049162
2025-04-05 20:04:46.036,82842.65807273751,1643513831083.499,14767834624.497978
2025-04-05 21:04:56.430,83048.82025070609,1647859018406.3264,14836662136.022923
2025-04-05 22:04:59.759,82909.58127927136,1645021034817.4568,13262047441.74706
2025-04-05 23:04:48.207,83167.51792928776,1650411688906.9507,14712750992.349504
2025-04-06 00:04:52.197,83514.33824375339,1657421636425.5369,12379158344.909739
2025-04-06 01:04:52.044,83478.3555807481,1657200516750.2974,14147828229.411526
2025-04-06 02:00:54.662,83397.09190766429,1655267911233.643,12177791275.34085
2025-04-06 03:04:43.792,83276.1107612312,1652049065606.8743,13247194918.210222
2025-04-06 04:04:48.480,83315.28334221698,1653810839440.107,12034824513.735352
2025-04-06 05:04:45.972,83466.04551371699,1655920917712.5896,14310348452.824505
2025-04-06 06:04:53.790,83417.47028660915,1655684050100.992,13564235745.113823
2025-04-06 07:04:52.241,83089.49111405638,1649796209495.0623,13333120914.891941
2025-04-06 08:02:20.660,82975.83411105986,1648793251423.4883,14162306692.82024
2025-04-06 09:04:53.547,83007.51033558365,1647385381102.43,13820842994.066427
2025-04-06 10:04:52.140,83027.183569238,1647512429693.3445,12263166526.030157
2025-04-06 11:01:41.891,82814.296001643,1643537558879.2776,11546535037.20323
2025-04-06 12:03:54.727,82806.57594457337,1643737596595.784,13876552982.486824
2025-04-06 13:04:42.431,82640.53404661184,1639971430934.6333,12533112070.277021
2025-04-06 14:04:54.271,82259.21568163771,1632744528245.9473,11595902078.302656
2025-04-06 15:04:39.677,82583.11633305943,1639080378731.4302,14099673977.982374
2025-04-06 16:05:36.876,82409.48424398851,1637888083256.7256,14058332541.0709
2025-04-06 17:03:35.595,81902.07701788642,1625651963325.8162,14680680809.997856
2025-04-06 18:09:47.199,80308.20456629425,1601783415279.5671,17724315550.751553
2025-04-06 19:09:38.060,78970.01327663523,1567493641693.0686,21908662405.310764
2025-04-06 20:09:29.486,79727.02415711907,1580486347585.1765,24617195392.665432
2025-04-06 21:04:43.760,78831.61045651248,1563470201101.0007,23186821696.425507
2025-04-06 22:04:34.872,78898.16417534047,1567661089557.9304,29307589454.356834
2025-04-06 23:09:37.698,77918.79195001676,1548878815407.6177,33567369881.877934
2025-04-07 00:04:25.632,78366.83212378949,1550549463512.147,36923952133.53284
2025-04-07 01:09:36.560,78387.6912670073,1560455401827.6797,39992794599.495674
2025-04-07 02:43:31.760,78393.60272692906,1559191953437.0603,44321772596.82131
2025-04-07 03:27:53.990,78102.0875366474,1549430526415.4277,42298663801.337616
2025-04-07 04:00:32.190,77583.13554332654,1539434892231.5894,44555514956.13573
2025-04-07 05:07:04.098,76710.56508400357,1524283013946.7097,47896368012.98912
2025-04-07 06:04:01.885,76867.82910572468,1524882519665.9993,49979083049.667595
2025-04-07 07:04:51.241,74773.2587934775,1485815978054.9163,53377334138.2379
2025-04-07 08:04:57.434,75161.94887573915,1491406939638.3562,59497488627.39267
2025-04-07 09:04:54.764,76178.35448995476,1515887405897.9424,63458436854.36305
2025-04-07 10:01:14.412,76233.23187588078,1511686015352.23,64233755647.045845
2025-04-07 11:04:03.946,76919.88747388404,1524988357186.828,65625732179.40932
2025-04-07 12:04:51.597,76790.25609208614,1520687537282.9226,73216300274.3503
2025-04-07 13:04:57.142,77203.88350041474,1533281384736.0833,78122898372.43529
2025-04-07 14:02:14.119,78421.18308496752,1544077828086.7698,83384262481.13869
2025-04-07 15:06:30.802,79250.75260353838,1570053100333.2888,89979722382.1693
2025-04-07 16:04:41.116,78444.4226404733,1557057135171.0044,96904908891.59248
2025-04-07 17:04:48.804,77421.74966092409,1533141568616.0278,101852957602.38841
2025-04-07 18:04:51.047,79063.49516004637,1566697460486.156,104572725158.28871
2025-04-07 19:04:58.978,78467.73933090719,1557510373553.77,102287269406.92703
2025-04-07 20:04:38.720,78046.94250227706,1549094679958.2273,93420613946.55878
2025-04-07 21:01:51.833,78824.84561495368,1564983312198.438,92789985469.97688
2025-04-07 22:04:41.932,79172.2817090801,1573760779025.9575,99753479897.15236
2025-04-07 23:04:50.992,79898.18473633853,1589450404492.6758,92166207576.78459
2025-04-08 00:25:35.422,79462.14204389678,1573076427908.5059,90158806290.83464
2025-04-08 01:04:42.940,78928.09866658547,1567196347745.577,91724107591.94812
2025-04-08 02:04:33.216,80678.70925924664,1604409793247.252,87149322252.47937
2025-04-08 03:06:03.716,79900.64902994683,1585284055787.4487,76286124094.67517
2025-04-08 04:04:58.540,79875.47993646495,1582628276093.2075,89798087643.61368
2025-04-08 05:09:37.246,80007.32341078427,1590612629040.462,87142263774.70036
2025-04-08 06:04:47.463,79799.90914623915,1584402724642.0283,81327464093.54695
2025-04-08 07:05:32.514,79411.29383844102,1576133830964.9668,79429999806.93149
2025-04-08 08:04:59.881,79446.76021326096,1576845423451.0247,75014156425.23972
2025-04-08 09:07:43.185,79090.38478456163,1569534776726.5537,71849550189.01585
2025-04-08 10:05:19.110,78932.56330430893,1567005815002.176,70616511592.4608
2025-04-08 11:03:54.774,78970.69563692114,1568271491229.5403,68553734977.40481
2025-04-08 12:09:47.980,79860.58407289122,1586005815663.7627,65387728733.575195
2025-04-08 13:05:56.148,79830.81203946835,1584360309939.2405,65920330732.58972
2025-04-08 14:04:52.051,79839.36409691784,1585428515676.0603,64053199082.20768
2025-04-08 15:04:43.127,78772.54353637139,1563564389843.6035,53143447636.67016
2025-04-08 16:09:32.391,78407.02418753588,1556705357202.5322,44345337583.46566
2025-04-08 17:07:11.033,77348.32262284741,1535133323614.6626,46103293708.959076
2025-04-08 18:09:49.532,77268.01412263024,1533450028861.3318,47761896691.04623
2025-04-08 19:09:43.743,77152.06625886497,1533592784800.4521,47440759748.97461
2025-04-08 20:04:48.179,76748.49569818853,1520159789837.8298,48368260326.139145
2025-04-08 21:04:53.120,76989.32782724098,1528126984781.3508,47728873325.989624
2025-04-08 22:01:03.759,77011.48228778424,1528520889813.951,47978646923.28383
2025-04-08 23:01:32.604,76617.7575009251,1520642979656.125,48384581325.195854
2025-04-09 00:05:21.509,76300.77843824399,1514381125881.6816,47626917678.72891
2025-04-09 01:01:07.034,76436.39359258307,1517988404405.6704,48433689289.16818
2025-04-09 02:04:58.560,76006.86998159163,1507319818413.6582,49604807785.481636
2025-04-09 03:09:33.036,75658.78700635744,1501833764347.0083,51303326269.78315
2025-04-09 04:04:51.829,75101.3997278555,1491704237884.187,49797571155.19237
2025-04-09 05:04:51.344,76346.08636985684,1516694637963.6807,53867258035.36106
2025-04-09 06:04:49.838,76610.86422122183,1519540494039.714,52642266976.685005
2025-04-09 07:00:45.626,76915.69399121219,1528004355459.3567,52844236422.58714
2025-04-09 08:05:21.722,77711.09591952938,1542401795662.4558,57988781783.27727
2025-04-09 09:04:46.936,77268.17847587695,1533515271471.8323,58118883326.91038
2025-04-09 10:33:46.596,77316.05556408654,1534085116646.7168,58138375115.977196
2025-04-09 11:04:44.447,77214.3488944691,1534488205716.3945,58418427747.68415
2025-04-09 12:04:44.301,76129.73403043275,1511563133951.6997,60854388062.46817
2025-04-09 13:04:41.476,76829.34847591358,1524882583938.4546,51836222102.070076
2025-04-09 14:09:36.107,77860.31844171116,1545842940465.9028,60857356957.88401
2025-04-09 15:04:59.204,77023.89133348042,1531560816148.243,63555652152.19617
2025-04-09 16:04:53.788,77141.99408276133,1531972438433.7424,63342108403.41126
2025-04-09 17:05:55.304,78095.08055640166,1547747000081.6758,62246902656.5321
2025-04-09 18:04:38.303,81841.29813646984,1616111176533.5232,70626904455.33423
2025-04-09 19:04:51.159,81938.0185184143,1629171104707.747,75096524547.49097
2025-04-09 20:00:17.560,82328.13489688843,1634299020833.9878,76141645245.54094
2025-04-09 21:05:41.946,83004.7027605787,1645740861953.631,83392686956.00835
2025-04-09 22:04:42.421,83315.43959137528,1651763554184.9512,86771813610.8113
2025-04-09 23:04:59.794,83058.34775924393,1648524590006.9963,87562233420.75386
2025-04-10 00:04:50.148,82595.42668033838,1639326710291.1028,87537570479.44295
2025-04-10 01:04:28.190,82182.12470713933,1630733099896.3147,87059830380.59415
2025-04-10 02:09:17.592,82285.79183047339,1632762797581.0732,83567566570.09784
2025-04-10 03:06:01.380,82121.20904532197,1631488997082.6594,82206625245.50539
2025-04-10 04:44:15.952,81720.2016936257,1621386857955.0972,81046819990.53201
2025-04-10 05:49:12.494,82128.18344703503,1629772275168.6323,79519442459.42447
2025-04-10 06:19:44.095,82189.87168997104,1630043614786.982,79360467966.26245
2025-04-10 08:30:56.064,81696.40122795808,1621609432700.004,72562655586.9155
2025-04-10 08:47:37.956,81618.62070888275,1620065550454.0662,76257910344.36177
2025-04-10 09:01:00.271,81532.13745973041,1619327811967.9006,75875374163.10333
2025-04-10 10:57:30.741,81656.71640958315,1620643899567.0596,73305880137.06934
2025-04-10 11:26:28.733,81549.5629152091,1617998979412.3567,71022137765.51314
2025-04-10 12:07:59.873,81773.4962941072,1623531417369.1677,69352938379.6774
2025-04-10 13:04:57.964,81658.41593509233,1620705167341.6694,65467398855.26968
2025-04-10 14:04:33.966,81024.51565768477,1610343551881.3892,68486263499.74985
2025-04-10 15:04:57.212,81329.67668040557,1615379250120.6492,67108594514.87676
2025-04-10 16:05:00.136,78835.58867030361,1565600420485.6387,65644111012.857376
2025-04-10 17:06:06.973,79368.23940861579,1575276292730.9788,70888634180.39557
2025-04-10 18:08:31.092,79297.99031979717,1572083267838.087,60756615340.33802
2025-04-10 19:05:30.902,79529.67606306932,1576963555204.816,54286898934.88174
2025-04-10 20:09:28.195,79724.89465979146,1582102154758.3362,51162850767.6052
2025-04-10 21:08:37.278,79878.62357184727,1585132821261.8242,47571379360.9424
2025-04-10 22:05:26.534,79709.36877328751,1582231333901.4172,45147645092.309654
2025-04-10 23:04:40.889,79715.508089801,1582350886182.1143,43267549355.3218
2025-04-11 00:04:58.587,79556.41318002685,1579759626096.387,41077070897.03185
2025-04-11 01:07:39.334,79086.09032816654,1569820773518.5676,42227532911.570885
2025-04-11 02:04:58.214,80069.49594573223,1586950264960.4595,42567753205.5687
2025-04-11 03:04:42.488,80322.94507383362,1594479035913.2205,41263576603.720146
2025-04-11 04:04:42.416,80758.214835068,1602943291518.562,42371197785.98522
2025-04-11 05:04:43.780,80822.59872142244,1604395572379.605,42594352398.682465
2025-04-11 06:00:59.145,80747.36408765496,1602454529046.795,42482180220.95143
2025-04-11 07:04:38.895,81065.03226648102,1609784875435.8481,42815481695.825836
2025-04-11 08:04:56.499,81251.15450032747,1612927954487.9326,40700503086.96724
2025-04-11 09:04:29.374,81531.54534166763,1617229911142.656,41637349591.5081
2025-04-11 10:04:55.196,82296.44406983381,1633856704944.1113,44592054194.714134
2025-04-11 11:04:57.441,82622.7737499299,1640130757305.6223,45228503158.325325
2025-04-11 12:04:48.038,82096.00775002626,1629132772454.2666,46155304045.27445
2025-04-11 13:02:57.840,82039.16991257631,1628761784529.5042,44957219232.776726
2025-04-11 14:04:51.767,82687.66283280615,1645092656553.07,43215910693.078125
2025-04-11 15:04:50.011,81969.68431773817,1627310039621.1714,45320627489.87455
2025-04-11 16:06:57.101,82480.3838471879,1637516530728.0256,40202150345.75773
2025-04-11 17:04:59.237,82782.29915850204,1643652813733.3223,36707765544.121765
2025-04-11 18:04:08.640,83874.22618739116,1664875977064.3557,35835556612.159004
2025-04-11 19:04:37.606,83625.9499325832,1660078305319.9258,38381445380.1516
2025-04-11 20:04:51.501,83820.09298809218,1664029222848.574,39626463277.5451
2025-04-11 21:04:56.671,83849.48096887217,1664531847718.7166,39649358027.51177
2025-04-11 22:02:50.679,83687.0262905728,1661589594904.3792,40119068155.5766
2025-04-11 23:02:04.630,83403.67277102497,1655983516594.6467,38099070316.84869
2025-04-12 00:04:54.651,83437.92254404748,1656563922943.2563,39789755580.940674
2025-04-12 01:04:53.658,83339.31246065375,1654687321128.0413,37868067045.200554
2025-04-12 02:02:29.713,83170.65968986193,1650992706177.0315,37918455876.84178
2025-04-12 03:09:03.694,82861.85819962031,1646123373470.1714,32318751442.107494
2025-04-12 04:04:58.092,82961.51750754256,1647311929052.9558,36636989852.724815
2025-04-12 05:04:49.346,83199.96650893788,1651910912459.766,36743861932.47194
2025-04-12 06:03:58.541,83303.79275397805,1653512323349.8318,36173265756.955925
2025-04-12 07:04:51.887,83549.9107448874,1658359377013.5618,35790775307.16792
2025-04-12 08:04:44.290,83704.62816108475,1662138780197.9504,35547950542.648155
2025-04-12 09:09:09.084,83666.1312703991,1659353915586.5288,33936008075.092648
2025-04-12 10:04:51.899,83500.54104423865,1657685505179.8318,32905129471.260765
2025-04-12 11:09:34.402,83447.195072062,1655625540359.0881,31308450807.052475
2025-04-12 12:08:15.164,83502.21970476018,1657566453230.894,29752034592.281033
2025-04-12 13:02:26.489,83737.13579117409,1661423471023.872,29128529910.89431
2025-04-12 14:08:09.344,84428.14749494086,1675963149845.1973,23696964674.706665
2025-04-12 15:04:04.998,84884.66465071926,1685423130257.8955,27582963673.435135
2025-04-12 16:01:23.512,85008.74302161673,1688375264458.209,27402007024.141376
2025-04-12 17:08:42.553,84687.53545478488,1680677741014.3665,26671635706.551483
2025-04-12 18:04:51.875,84749.20272127507,1682298878511.3838,24876431519.27257
2025-04-12 19:04:58.709,85106.24814466636,1688998505401.0203,23519608210.049343
2025-04-12 20:05:42.931,84904.11727218305,1685249100229.9646,22475086129.55206
2025-04-12 21:04:59.076,85528.04428969568,1697349915910.7766,20979791604.324734
2025-04-12 22:04:56.253,85384.6852677325,1694533216118.0007,22612158931.712547
2025-04-12 23:01:23.055,85369.94860925588,1694666494691.161,22437523630.075287
2025-04-13 00:04:57.196,85296.72976736756,1693298115272.2937,22325929332.096783
2025-04-13 01:04:38.189,85464.59019442675,1696700989201.1313,21399222261.13456
2025-04-13 02:04:44.176,85337.18790410843,1694020394639.0994,23396242677.806522
2025-04-13 03:03:29.974,85232.85128493622,1691579466896.4778,24457704490.116997
2025-04-13 04:04:44.025,85422.0967425296,1696911209904.77,25560343378.302025
2025-04-13 05:04:44.265,84667.07071059634,1680895353730.1907,24731321788.50571
2025-04-13 06:04:29.714,84515.92251627243,1677539633798.1484,26262893325.624413
2025-04-13 07:04:52.815,84710.09360463546,1681937575141.4858,26386644957.651676
2025-04-13 08:04:57.053,84457.0360990321,1676928635383.6426,26235264077.84562
2025-04-13 09:04:49.008,84585.13863461434,1678576012243.0017,25866892892.878635
2025-04-13 10:04:51.436,84881.3367521123,1683967167504.354,27323440533.198444
2025-04-13 11:04:58.068,84668.81761593616,1680614157714.8914,26081174915.99955
2025-04-13 12:04:52.052,84446.94289624105,1675435317438.6394,26397290018.562984
2025-04-13 13:06:45.645,84436.51740072019,1676946323229.8643,28159487773.909782
2025-04-13 14:04:53.012,83648.98919141645,1661429160321.6543,26048780716.475864
2025-04-13 15:04:37.889,84031.22500638437,1667478310589.342,24769563529.27932
2025-04-13 16:08:50.699,83980.12231485195,1664660674946.1628,25328407067.985912
2025-04-13 17:04:42.972,84210.62712650532,1671546672394.2363,24986549564.45461
2025-04-13 18:04:50.275,84771.87106577087,1683556019237.149,24679527738.848885
2025-04-13 19:04:52.667,84731.50450347898,1682018693416.1511,25895428108.637703
2025-04-13 20:08:15.724,84017.0882151789,1666186342870.306,27256915334.673058
2025-04-13 21:04:38.302,83438.00410089483,1656865863443.602,25961464844.32891
2025-04-13 22:04:40.265,83574.27265943393,1658049216410.0396,26859453166.53088
2025-04-13 23:04:57.456,83330.90244768845,1655103263851.7512,28219796845.757812
2025-04-14 00:04:41.854,83637.28172222206,1660460168651.854,28804463914.194767
2025-04-14 01:05:22.825,84420.85655994239,1674233845138.73,28687054543.567158
2025-04-14 02:04:49.454,84188.62885806532,1671243315479.3315,29588528890.414555
2025-04-14 03:04:38.071,85142.12257679901,1690157296977.508,29052400164.1941
2025-04-14 04:04:32.362,84520.33459198069,1677050362904.956,31237009053.118988
2025-04-14 05:04:31.796,84908.86594967128,1685651952388.3608,29651147022.6566
2025-04-14 06:09:31.682,84464.7604669509,1677405211521.5603,29848560812.822533
2025-04-14 07:04:41.459,84551.38712005342,1678246239693.389,29758771728.241455
2025-04-14 08:04:30.453,84555.6272692444,1678494654422.7407,30124322587.092262
2025-04-14 09:04:32.487,84723.07963389653,1681022591456.8303,30125033691.47228
2025-04-14 10:04:27.572,84428.69559111315,1675873640446.6277,29412856192.643673
2025-04-14 11:06:33.757,84626.70459097729,1680639327268.5134,30848923328.692116
2025-04-14 12:07:53.170,84887.52973148914,1685032135817.3738,30839249973.236317
2025-04-14 13:04:51.736,85104.2026773784,1688967800409.4954,30988333334.62906
2025-04-14 14:04:54.942,84446.0708102059,1677347743951.2163,31227223620.751675
2025-04-14 15:02:20.879,85667.64514540603,1700484916398.3586,32496414004.012585
2025-04-14 16:06:17.528,84158.074707306,1671124715672.5083,34036063036.06071
2025-04-14 17:00:49.882,84437.69989177307,1676211727474.1025,35315472059.30048
2025-04-14 18:04:56.944,84802.421103376,1683410963460.4902,35472161766.72967
2025-04-14 19:02:22.638,84947.04782692718,1686248727418.8784,35537902440.184235
2025-04-14 20:01:01.748,84916.65944245027,1685672543793.0696,35492260043.1935
2025-04-14 21:04:56.391,84872.47644905868,1684683158271.2231,34863462682.38971
2025-04-14 22:01:39.241,84678.29714727977,1681062115807.3123,34075616806.901947
2025-04-14 23:04:44.792,84516.57227578854,1678082326458.5723,33472488655.716427
2025-04-15 00:04:53.349,84590.22055897689,1678629331479.658,33301832326.690807
2025-04-15 01:04:56.920,84805.40623454058,1683443766875.3496,32302286398.17088
2025-04-15 02:04:59.782,84973.75743867172,1687419436258.7405,30469383535.225815
2025-04-15 03:00:02.574,84909.8088011936,1685053615867.2373,28833215507.335575
2025-04-15 04:00:35.753,85264.26252155572,1692574867106.922,28438051177.296925
2025-04-15 05:09:19.420,85540.8011230295,1697276411902.327,27855974355.779774
2025-04-15 06:03:03.179,85650.19655642175,1700970615676.516,28093151424.647682
2025-04-15 07:08:57.818,85470.69141248541,1695457374876.8755,28175986120.09364
2025-04-15 08:11:03.987,85718.22005374837,1701534104617.8223,28075532993.712482
2025-04-15 09:01:32.707,85822.84294330432,1703833536519.283,28259366423.178886
2025-04-15 10:01:20.979,85917.26834462702,1705080170350.2478,27150999951.62466
2025-04-15 11:04:57.184,85620.89303105656,1699686702149.7595,28444107083.885624
2025-04-15 12:04:49.151,85568.11153809096,1698473477170.3079,28174722832.51464
2025-04-15 13:04:40.862,85750.21230099528,1700338311197.8452,27988401173.19857
2025-04-15 14:05:22.214,85643.31333199244,1700682297664.5164,26554300407.591824
2025-04-15 15:04:45.603,85196.52851347838,1691668570200.32,29242454005.53045
2025-04-15 16:04:46.254,84872.39518339455,1683600675844.9375,27696652739.79677
2025-04-15 17:04:31.616,84883.0020095308,1685311693993.3862,26958796605.14273
2025-04-15 18:04:46.647,84514.06417495162,1679289311535.7166,24536454489.79088
2025-04-15 19:07:51.019,84190.93368373165,1671719889037.0625,26156097391.003777
2025-04-15 20:04:53.664,84067.51559465779,1667966438481.707,25881358174.762314
2025-04-15 21:04:49.187,83969.38654754977,1665543952710.7776,25355937628.242596
2025-04-15 22:04:53.611,84088.84019229886,1669577732444.2578,25678958319.972904
2025-04-15 23:04:53.080,83820.92705842877,1663552155475.909,26005809621.213688
2025-04-16 00:04:51.853,83641.90418930881,1660632372163.9758,26417686833.658375
2025-04-16 01:04:50.547,83276.55042310501,1653335023432.833,26798205615.679115
2025-04-16 02:04:50.694,83588.3328373832,1659151097448.475,26955187256.836
2025-04-16 03:04:54.175,83852.32880812319,1664610661286.6252,26966686844.326843
2025-04-16 04:04:32.471,83691.3161157112,1661437237476.405,26301442392.055126
2025-04-16 05:07:55.560,83630.30378934758,1659206789310.9883,26103276604.783455
2025-04-16 06:07:37.368,83362.81469972755,1655608080710.209,26069970344.448807
2025-04-16 07:04:40.714,83671.63968678997,1660872628904.1116,26112189906.859047
2025-04-16 08:09:22.659,83268.76104504136,1653059665181.038,26158048077.24029
2025-04-16 09:07:08.037,83791.12089609494,1663381491032.8533,26146815711.618164
2025-04-16 10:00:24.816,83684.21939217026,1661654701390.285,26258983880.795704
2025-04-16 11:04:59.970,83940.193092368,1666457838920.051,25854248038.409874
2025-04-16 12:05:38.435,84031.00362096768,1667885067856.4998,25743576996.57189
2025-04-16 13:04:48.792,83773.76770684845,1663151564325.8257,25845971837.80027
2025-04-16 14:59:10.696,84632.62914216601,1680559784898.8772,23292756009.63023
2025-04-16 15:00:13.625,84632.62914216601,1680559784898.8772,23292756009.63023
2025-04-16 16:04:30.133,84881.20601105259,1685161914451.63,23750905084.113583
2025-04-16 17:14:47.218,85164.83798446032,1690706778234.622,24149764998.471424
2025-04-16 18:02:51.869,83592.78870942906,1664926961385.6804,25023448349.806973
2025-04-16 19:06:03.213,83927.46698655207,1664284627757.0254,27471477475.63384
2025-04-16 20:01:43.080,84335.5094604819,1674237188711.7854,28061136787.622017
2025-04-16 21:04:31.619,84407.0868388753,1676180718367.676,27878699090.11145
2025-04-16 22:04:35.151,84585.68630940643,1679405327717.3125,27794859857.025158
2025-04-16 23:04:52.293,84463.89043079078,1676678984251.998,27241753910.436047
2025-04-17 00:05:26.229,84058.84766997752,1669208341955.9485,26900020730.395645
2025-04-17 01:04:51.351,84169.25906554099,1670657898968.0234,26567846874.906364
2025-04-17 02:04:56.846,84289.10887462631,1673193419256.0068,25969019981.30882
2025-04-17 03:04:40.360,84233.9540809772,1670820777085.0022,25634000919.676163
2025-04-17 04:00:40.869,83998.8765062859,1667502790829.5183,25482060322.116005
2025-04-17 05:05:40.929,84114.96421410139,1669626840451.2756,25407630225.528187
2025-04-17 06:03:39.373,84424.6075788509,1676089951404.728,25050858377.81313
2025-04-17 07:04:57.904,84780.57098208612,1683040286501.054,24958752276.79313
2025-04-17 08:04:40.116,84657.33004725928,1680694320181.6797,24379641574.293026
2025-04-17 09:00:54.998,84470.83930024544,1676931653907.607,24242675075.877323
2025-04-17 10:03:03.153,84444.83113819316,1676100006261.067,23735005655.923225
2025-04-17 11:04:41.285,84338.83914942484,1674123197672.464,23624709338.54323
2025-04-17 12:07:07.341,84671.31259746742,1680716484631.7156,23593799403.747364
2025-04-17 13:04:42.015,84752.81095552155,1682755550121.3413,23600667130.420914
2025-04-17 14:04:33.231,84551.43324382056,1678552258549.4797,23285278418.471848
2025-04-17 15:04:53.536,84116.88582337098,1670172359215.6912,22950493838.413826
2025-04-17 16:03:54.434,84521.25838113441,1678244413469.0364,22317137866.099277
2025-04-17 17:01:35.119,84896.92624338971,1684083973744.39,21956636018.869995
2025-04-17 18:06:44.836,85130.287718885,1690463924245.4377,20790646122.91963
2025-04-17 19:04:57.605,85099.49107256206,1691453349052.6572,20151824832.884544
2025-04-17 20:06:36.814,84850.50910583472,1683021750841.5688,19914133505.11131
2025-04-17 21:04:57.436,85111.67393566275,1689407728473.683,17702163128.16779
2025-04-17 22:04:56.201,85056.76185615391,1688465771447.9546,18781211909.755318
2025-04-17 23:02:19.439,84837.31546385802,1684987220414.797,19553847950.538727
2025-04-18 00:07:17.344,84946.9167296784,1686853537914.595,19288996288.863773
2025-04-18 01:04:53.827,84812.66058743586,1683329521681.2544,19064246796.35401
2025-04-18 02:05:02.404,84932.22254470258,1686195085236.14,19054439994.802692
2025-04-18 03:09:09.142,84877.16175933217,1685488709249.2664,19042730139.748035
2025-04-18 04:04:45.550,84819.48188695368,1683852570596.0845,18791809182.171223
2025-04-18 05:04:45.687,84693.92576511695,1681573176161.4175,18683307318.466324
2025-04-18 06:04:56.822,84680.34688547385,1681084164452.5947,18447176591.515533
2025-04-18 07:09:09.932,84719.19044705047,1681924421758.8403,18195151322.999283
2025-04-18 08:04:34.493,84641.30564762019,1680362631487.891,17985597649.815006
2025-04-18 09:06:39.364,84627.54918136004,1680105402361.9424,17867898390.25369
2025-04-18 10:04:50.059,84546.0386285242,1679124145116.2173,16730428617.031824
2025-04-18 11:09:30.139,84498.7745773988,1677896861974.3977,17717976972.50066
2025-04-18 12:04:45.084,84593.66315889767,1679104751971.1665,17851824118.60348
2025-04-18 13:07:32.287,84618.69491163455,1680100503272.2212,17129395832.669182
2025-04-18 14:04:59.488,84543.30063719767,1678281747856.2605,16584322324.825985
2025-04-18 15:03:49.491,84541.69566568747,1678378745778.504,15438505941.395224
2025-04-18 16:06:10.557,84382.34027186113,1675251292798.3071,14467776450.482706
2025-04-18 17:07:26.835,84455.82994619277,1676711557709.6987,13138728651.205233
2025-04-18 18:04:51.703,84543.02354629472,1678453680071.4846,12393870048.954319
2025-04-18 19:03:48.592,84599.59333023877,1679566267183.4626,11414742554.662062
2025-04-18 20:07:34.135,84535.96965601825,1678193986880.4192,10131080534.316948
2025-04-18 21:04:55.138,84495.66839467015,1677440518709.4849,9843657562.061895
2025-04-18 22:04:56.604,84589.93551188768,1679079545153.7322,9850179505.363543
2025-04-18 23:04:09.563,84507.5553544359,1677744600572.3074,9723087550.640936
2025-04-19 00:04:50.927,84447.77718147618,1676569222130.7378,9519084069.023277
2025-04-19 01:04:52.944,84430.13416891031,1676296346399.4524,9382419554.530506
2025-04-19 02:04:53.988,84537.56876723397,1678327221537.8987,9014768628.698553
2025-04-19 03:04:39.291,84750.96113857607,1682351349379.7422,9336293445.209038
2025-04-19 04:04:54.282,84873.33303095314,1685087906194.8247,9829576005.944397
2025-04-19 05:04:56.887,85039.73101895596,1688203932966.824,10382767554.343277
2025-04-19 06:06:55.197,85065.22675131068,1688938747110.5989,10357117094.931768
2025-04-19 07:09:28.012,84928.93649119227,1686095691228.5498,10456052815.209608
2025-04-19 08:04:38.713,85188.51899516837,1691180246237.5322,10403254268.60379
2025-04-19 09:04:47.420,85315.77967080926,1693792748277.6025,10263952595.087347
2025-04-19 10:04:57.504,85348.12052038811,1694808958397.7651,10662911320.514126
2025-04-19 11:04:51.582,85222.96773135632,1691962705126.4043,10620139110.541403
2025-04-19 12:04:38.460,85196.3572478893,1691454981263.1318,10710353363.186907
2025-04-19 13:00:52.596,85277.07094440877,1692981774074.7747,10660413635.525568
2025-04-19 14:04:39.991,85450.83762577904,1696587696988.6887,10842920131.508347
2025-04-19 15:09:26.840,85405.39779525725,1695167586026.0835,10794025109.328033
2025-04-19 16:04:54.075,85216.9255110766,1691399903923.1624,11784994687.32361
2025-04-19 17:04:48.535,84884.07476220753,1685074561813.5664,12353233486.837652
2025-04-19 18:04:47.543,85152.68414164294,1689342858361.017,12847557444.916637
2025-04-19 19:04:57.549,85145.76108784041,1690448418149.8623,13047475683.640976
2025-04-19 20:01:54.415,85081.67948116116,1689172186437.8704,12872906246.825203
2025-04-19 21:04:53.819,85202.13526291905,1691649600043.662,12869952385.398943
2025-04-19 22:06:26.000,85317.95283754765,1693903054385.2852,12864435806.905972
