Name,Handle,Timestamp,Verified,Content,Comments,Retweets,Likes,Analytics,Tags,Mentions,Emojis,Profile Image,Tweet Link,Tweet ID
Rick on ₿itcoin (A.K.A. The ₿ourbon Dude),@AntBitcoin,2025-04-26T22:45:14.000Z,False,Incredibile Hulk,0,0,0,0,[],[],[],https://pbs.twimg.com/profile_images/1899637235185545216/1CwLbN64_bigger.jpg,https://x.com/AntBitcoin/status/1916262322315600375,tweet_id:1916262322315600375
The Wolf of Bitcoin,@HodlForthe,2025-04-26T22:45:13.000Z,True,Suspicious….,0,0,0,0,[],[],[],https://pbs.twimg.com/profile_images/1912570601685860353/nw6S50OM_bigger.jpg,https://x.com/HodlForthe/status/1916262317232427127,tweet_id:1916262317232427127
Bitcoin-Music-Television,@TeamSatoshi,2025-04-26T22:45:12.000Z,False,"A strike on the young nation will unite the continent for generations to come. 

When a leader is sacrificed for the people the end result is always the end of the oppressor. 

Rome fell by attacking its own citizens.",0,0,0,0,[],[],[],https://pbs.twimg.com/profile_images/975885113669152769/IKenjzjs_bigger.jpg,https://x.com/TeamSatoshi/status/1916262314812067909,tweet_id:1916262314812067909
Crypto Randy,@Renzolaww,2025-04-26T22:45:11.000Z,False,"#ETHWUSDT 

Entry: 1.43

Target 1: 1.57Target 2: 1.65Target 3: 1.78Target 4: 1.82  
Target 5: 1.94Target 6: 2.07
Target 7: 2.14",0,0,0,0,"['#ETHWUSDT', '', '', '', '', '', '', '', '', '', '', '', '', '']",[],"['\\u2705', '\\u2705', '\\u2705', '\\u2705', '\\u2705']",https://pbs.twimg.com/profile_images/1876887505384906752/q7JD5j2m_bigger.jpg,https://x.com/Renzolaww/status/1916262310278009270,tweet_id:1916262310278009270
Hugo.Sats,@HugoPeschi,2025-04-26T22:45:11.000Z,False,#Atomicals Virtual Machine (AVM) es un sistema propuesto para utilizar Bitcoin como una base de datos global para contratos inteligentes. Su libro blanco describe cómo la AVM permite almacenar y ejecutar código de contratos inteligentes directamente en la blockchain de Bitcoin.,0,0,0,1,['#Atomicals'],[],[],https://pbs.twimg.com/profile_images/1722460980007874560/bjHdIDcQ_bigger.jpg,https://x.com/HugoPeschi/status/1916262307535196252,tweet_id:1916262307535196252
My Bitcoin Cousin,@MyBitcoinCousin,2025-04-26T22:45:09.000Z,True,Thank you Rob ,0,0,0,0,[],[],['\\U0001fae1'],https://pbs.twimg.com/profile_images/1885009833012686848/FthtqGM4_bigger.jpg,https://x.com/MyBitcoinCousin/status/1916262300446499288,tweet_id:1916262300446499288
Michael Kiger,@kcbw_kansascity,2025-04-26T22:45:08.000Z,True,Laundered back to Democrat campaigns by changing it to Bitcoin. Sam Bankmanfreid.,0,0,0,0,[],[],[],https://pbs.twimg.com/profile_images/1010367077322973184/XdtfnSys_bigger.jpg,https://x.com/kcbw_kansascity/status/1916262297875423710,tweet_id:1916262297875423710
PyBLØCK,@_PyBlock_,2025-04-26T22:45:06.000Z,False,"Beep Bop, New #Bitcoin Block.",0,0,0,0,['#Bitcoin'],[],[],https://pbs.twimg.com/profile_images/1347929157536276480/O6KT1yMR_bigger.jpg,https://x.com/_PyBlock_/status/1916262287209357592,tweet_id:1916262287209357592
JO_aiai,@JamesONeil3414,2025-04-26T22:45:04.000Z,False,"Just like quantum particles entangle over vast distances, Bitcoin’s blockchain links transactions across time and space, creating trustless networks that are resilient and decentralized. Think of it as cosmic finance—no central authority needed!",0,0,0,0,[],[],[],https://pbs.twimg.com/profile_images/1891348970070220800/pFqiTVzG_bigger.jpg,https://x.com/JamesONeil3414/status/1916262281081721332,tweet_id:1916262281081721332
Ten Duby,@DubemTalented,2025-04-26T22:45:04.000Z,False,"#HYPERUSDTEntry: 0.195

Target 1: 0.202Target 2: 0.217
Target 3: 0.226
Target 4: 0.233#bitcoin  #crypto #btc #eth #altcoin #trading #signal #memecoin #forex ",0,0,0,0,"['#HYPERUSDT', '#bitcoin', '#crypto', '#btc', '#eth', '#altcoin', '#trading', '#signal', '#memecoin', '#forex', '', '', '', '']",[],"['\\u2705', '\\u2b07\\ufe0f']",https://pbs.twimg.com/profile_images/1896997921028984832/VKKjcIFj_bigger.jpg,https://x.com/DubemTalented/status/1916262280850767955,tweet_id:1916262280850767955
JO_aiai,@JamesONeil3414,2025-04-26T22:45:04.000Z,False,"Absolutely! Harnessing tech for community upliftment reminds me of Bitcoin's decentralized trust—empowering grassroots movements with cutting-edge solutions. Let’s keep pushing for sustainable, inclusive progress!",0,0,0,0,[],[],[],https://pbs.twimg.com/profile_images/1891348970070220800/pFqiTVzG_bigger.jpg,https://x.com/JamesONeil3414/status/1916262279286558999,tweet_id:1916262279286558999
JO_aiai,@JamesONeil3414,2025-04-26T22:45:04.000Z,False,"Innovation like quantum computing mirrors Bitcoin’s proof-of-work—both require intense effort to secure trust in a complex system. Imagine quantum bits solving puzzles faster than classical, just like how miners verify transactions in seconds, not centuries.",0,0,0,1,[],[],[],https://pbs.twimg.com/profile_images/1891348970070220800/pFqiTVzG_bigger.jpg,https://x.com/JamesONeil3414/status/1916262277407465520,tweet_id:1916262277407465520
Leveraged Leaders,@simple_setups,2025-04-26T22:45:01.000Z,True,We posted this chart on April 19th - BITCOIN now up 11.5%,0,0,0,1,[],[],[],https://pbs.twimg.com/profile_images/1746912183336742913/Lsoirj02_bigger.jpg,https://x.com/simple_setups/status/1916262264778182730,tweet_id:1916262264778182730
Retardiod,@retardiod,2025-04-26T22:44:59.000Z,False,"Bitcoin had Satoshi Nakamoto
Housecoin has  
Fartcoin has  

Study the holy trinity",0,0,0,4,[],"['@Fapital3', '@DipWheeler']",[],https://pbs.twimg.com/profile_images/1906775001258139648/eJYEF3jz_bigger.jpg,https://x.com/retardiod/status/1916262257438138660,tweet_id:1916262257438138660
Tehseen Ahmed,@Tahseenahmed22,2025-04-26T22:44:58.000Z,True,"BIG BREAKING NEWS 

A ProShares Trust XRP ETF launching on April 30, 2025 would be a massive step for mainstream crypto adoption — especially for XRP, which has been waiting for its big regulatory breakthrough. ProShares is a major player too (they were first with a Bitcoin",0,0,0,5,[],[],['\\U0001f6a8'],https://pbs.twimg.com/profile_images/1858236174742999040/ZzfSnK_x_bigger.jpg,https://x.com/Tahseenahmed22/status/1916262255991394818,tweet_id:1916262255991394818
Chonk,@Chonk2025,2025-04-26T22:44:57.000Z,True,#kaspa ##bitcoin #Ethereum #solana #DOGE #Shib,0,0,0,0,"['#kaspa', '#bitcoin', '#Ethereum', '#solana', '#DOGE', '#Shib']",[],[],https://pbs.twimg.com/profile_images/1865033349334532096/r5E13CL8_bigger.jpg,https://x.com/Chonk2025/status/1916262250655973596,tweet_id:1916262250655973596
Bitcoinapolis: Bitcoin is hope,@Bitcoinapolis55,2025-04-26T22:44:56.000Z,True,"Yeah 58x, assuming El Salvador has 6M people and we have a little over 348M. (I checked with Grok, hopefully my post made some sense.)  And the assumption is we start with 0. I just posted another version of this to another post as if we still had the 200K.  keeps us",0,0,0,2,[],['@SaniExp'],['\\U0001f913'],https://pbs.twimg.com/profile_images/1865022288837373952/qWutyg_E_bigger.jpg,https://x.com/Bitcoinapolis55/status/1916262247577665960,tweet_id:1916262247577665960
Crypto Randy,@Renzolaww,2025-04-26T22:44:56.000Z,False,"#ETHWUSDT 

Entry: 1.43

Target 1: 1.57Target 2: 1.65Target 3: 1.78Target 4: 1.82  
Target 5: 1.94Target 6: 2.07",0,0,0,3,"['#ETHWUSDT', '', '', '', '', '', '', '', '', '', '', '', '']",[],"['\\u2705', '\\u2705', '\\u2705', '\\u2705', '\\u2705', '\\u2705', '\\u2705']",https://pbs.twimg.com/profile_images/1876887505384906752/q7JD5j2m_bigger.jpg,https://x.com/Renzolaww/status/1916262245861835186,tweet_id:1916262245861835186
A Lost Bitcoin,@alostbitcoin,2025-04-26T22:44:55.000Z,False,"Small time investors would have put whatever they are willing to lose in bitcoin.
Bitcoiners will have put in most of their wealth because they are not willing to lose it.
Our friends & family get to say I told you so and ask us what we were thinking.
Plenty of shame & pain",0,0,0,1,[],[],[],https://pbs.twimg.com/profile_images/1901782842088271872/DTVQyoVH_bigger.jpg,https://x.com/alostbitcoin/status/1916262242682626185,tweet_id:1916262242682626185
Southern Fried Chad,@CountryBitcoin,2025-04-26T22:44:53.000Z,True,Lmao,0,0,0,1,[],[],[],https://pbs.twimg.com/profile_images/1894800860695130112/Z0RoHmp8_bigger.jpg,https://x.com/CountryBitcoin/status/1916262233937490127,tweet_id:1916262233937490127
₿itPulse,@BitPulse_X,2025-04-26T22:44:51.000Z,True," New Bitcoin Block Found
━━━━━━━━━━━━━━━━━━━━━━ Height: 894111 Mined by: Viabtc Transactions: 1,793 Network Hashrate: 814.05 EH/s Timestamp: 1745707464 Reward: 3.14856286 BTC

— powered by ₿itPulse",0,0,0,5,[],[],"['\\U0001f9f1', '\\U0001f4cf', '\\U0001f9d1\\u200d\\U0001f3ed', '\\U0001f517', '\\u26a1', '\\U0001f552', '\\U0001f381']",https://pbs.twimg.com/profile_images/1916162357664837632/g3AMOI4F_bigger.jpg,https://x.com/BitPulse_X/status/1916262225930817819,tweet_id:1916262225930817819
jonathan,@RagingBitcoin,2025-04-26T22:44:49.000Z,True,if you held your crypto on keys that you have control over then these scam emails cant affect or harm you,0,0,0,4,[],[],[],https://pbs.twimg.com/profile_images/1815109010124611584/htL0GoAD_bigger.jpg,https://x.com/RagingBitcoin/status/1916262217370005934,tweet_id:1916262217370005934
ColorCombos.com,@ColorCombos,2025-04-26T22:44:49.000Z,True,What if Bitcoin is only a store of value for 8 billion people in the world and that’s its only feature? Would that be good enough?,0,0,0,3,[],[],[],https://pbs.twimg.com/profile_images/590292371079725057/YP_sB59B_bigger.png,https://x.com/ColorCombos/status/1916262214685643171,tweet_id:1916262214685643171
PurpleDreams,@Purple369Minds,2025-04-26T22:44:48.000Z,False,"Good points here, Bitcoin and physical gold might have complementary strengths overall.

I am not even questioning WorldMobile as a project, it has probably the biggest real userbase in all of crypto. 

The main question was how WMTx can capture value as a gas/reward token.",0,0,0,4,[],[],[],https://pbs.twimg.com/profile_images/1833205424054476801/GUuDg66X_bigger.jpg,https://x.com/Purple369Minds/status/1916262212655550900,tweet_id:1916262212655550900
𝔼𝕩𝕖𝕔𝕦𝕥𝕚𝕧𝕖-𝔸 -,@Executiveape1,2025-04-26T22:44:48.000Z,False,Facts when a bitcoin miner gets obsolete do they sell for full purchase price nope it deprecated in value ya know lol some ppl are crazy but definitely happy with this,0,0,0,3,[],[],[],https://pbs.twimg.com/profile_images/1909704727232724992/UQebtqfZ_bigger.jpg,https://x.com/Executiveape1/status/1916262210264817825,tweet_id:1916262210264817825
Michael Saylor (Parody),@AlpacaGigaChad,2025-04-26T22:44:47.000Z,False,Unstoppable. $ALPACA - The Bitcoin Mascot,0,0,0,2,[],[],[],https://pbs.twimg.com/profile_images/1908840461839519744/3Rjz-2xu_bigger.jpg,https://x.com/AlpacaGigaChad/status/1916262207693926536,tweet_id:1916262207693926536
Mudrex Intern,@mudrexintern,2025-04-26T22:44:46.000Z,True,A thought-provoking perspective on the impact of Bitcoin.,0,0,0,1,[],[],[],https://pbs.twimg.com/profile_images/1909164762157518848/IV08GZ8z_bigger.jpg,https://x.com/mudrexintern/status/1916262203273187391,tweet_id:1916262203273187391
Kaio,@KaioEoiaK,2025-04-26T22:44:42.000Z,False,Já comprou Bitcoin?,0,0,0,2,[],[],[],https://abs.twimg.com/sticky/default_profile_images/default_profile_bigger.png,https://x.com/KaioEoiaK/status/1916262188873818530,tweet_id:1916262188873818530
The ₿itcoin Therapist,@TheBTCTherapist,2025-04-26T22:44:42.000Z,True,Yes I buy Bitcoin.,0,0,0,14,[],[],[],https://pbs.twimg.com/profile_images/1881888673244807168/BD2s8MSA_bigger.jpg,https://x.com/TheBTCTherapist/status/1916262187615572050,tweet_id:1916262187615572050
Tracy Taylor Elliott,@TracyTElliott2,2025-04-26T22:44:41.000Z,True,Bitcoin FilmFest.,0,0,0,3,[],[],[],https://pbs.twimg.com/profile_images/1863956570125533184/RGw9ZYng_bigger.jpg,https://x.com/TracyTElliott2/status/1916262181143818266,tweet_id:1916262181143818266
HodlFlorida,@HodlFlorida,2025-04-26T22:44:37.000Z,True,"It feels like Bitcoin is coiling up for another jump tomorrow!

Anyone else?",0,0,0,4,[],[],[],https://pbs.twimg.com/profile_images/1907883947310063616/Pw29RFdy_bigger.jpg,https://x.com/HodlFlorida/status/1916262165696418073,tweet_id:1916262165696418073
Enferrujado Shackleford,@RealEnferrujado,2025-04-26T22:44:35.000Z,False,"I can't see your bitcoin so I can't steal it. We also don't need the internet if you have a smart phone and a wallet on there with coin in it. P2P transactions! 

I'm a gold and silver lover to..but there's more to surviving what's coming.",0,0,0,4,[],[],[],https://pbs.twimg.com/profile_images/1904222718452711424/R0chIcYz_bigger.jpg,https://x.com/RealEnferrujado/status/1916262156125016285,tweet_id:1916262156125016285
Highlander Bitcoin,@FOXZone77,2025-04-26T22:44:33.000Z,False,Qual filme você deletaria do universo da frase 4?,0,0,0,0,[],[],[],https://pbs.twimg.com/profile_images/1914460757632122880/9k5nWsz2_bigger.jpg,https://x.com/FOXZone77/status/1916262151104188562,tweet_id:1916262151104188562
Asosyal,@SosyalBela34,2025-04-26T22:44:33.000Z,True,"*ruspu evladı fenomenler piyasa aşağı giderken uçaçaz kaçacaz diyorlar..

Piyasa yön yukarı oluncada düşecek,çakılcak diyor.

Sizin ben izzeti ikramınızı *ikeyim#altcoin #bitcoin #Etherium #kripto",0,0,0,2,"['#altcoin', '#bitcoin', '#Etherium', '#kripto']",[],[],https://pbs.twimg.com/profile_images/1908479002362228738/WScWKcWq_bigger.jpg,https://x.com/SosyalBela34/status/1916262150353375661,tweet_id:1916262150353375661
Crypto Randy,@Renzolaww,2025-04-26T22:44:33.000Z,False,"#TURBOUSDTEntry: 0.0044

Target 1: 0.0046Target 2: 0.0050
Target 3: 0.0052
Target 4: 0.0054#bitcoin  #crypto #btc #eth #altcoin #trading #signal #memecoin #forex ",0,0,0,8,"['#TURBOUSDT', '#bitcoin', '#crypto', '#btc', '#eth', '#altcoin', '#trading', '#signal', '#memecoin', '#forex', '', '', '', '', '']",[],['\\u2705'],https://pbs.twimg.com/profile_images/1876887505384906752/q7JD5j2m_bigger.jpg,https://x.com/Renzolaww/status/1916262149506179319,tweet_id:1916262149506179319
Matthew Greene,@MatthewGreene79,2025-04-26T22:44:32.000Z,False,So mid-mayish for bitcoin bottom?,0,0,0,3,[],[],[],https://pbs.twimg.com/profile_images/1479841955869691905/BVJX-lIz_bigger.jpg,https://x.com/MatthewGreene79/status/1916262143818957064,tweet_id:1916262143818957064
neonsacrament,@neonsacrament,2025-04-26T22:44:32.000Z,False,"this is good for bitcoin 

milady",0,0,0,5,[],[],[],https://pbs.twimg.com/profile_images/1906424452797050882/MQTZgmFz_bigger.jpg,https://x.com/neonsacrament/status/1916262143462191407,tweet_id:1916262143462191407
BitFLUX,@BitFluxFi,2025-04-26T22:44:30.000Z,True,"The BTCFi era is only just beginning — and we’re proud to be part of the conversation. 

See you at Bitcoin Fusion!",0,0,0,11,[],[],[],https://pbs.twimg.com/profile_images/1886076737475289088/Or1Lgt0p_bigger.jpg,https://x.com/BitFluxFi/status/1916262137472623101,tweet_id:1916262137472623101
soom,@cnsoom,2025-04-26T22:44:28.000Z,True,"The First pumpfun EVER 

found on the bitcoin forums in 2017.

wont be this low for long. 

8CZtx6PCAtdemEJvp48ify2fkZLWeyLEXAkQuqMHpump",0,0,0,2,[],[],[],https://pbs.twimg.com/profile_images/1915567478870335491/ZDcD6fVd_bigger.jpg,https://x.com/cnsoom/status/1916262128803319940,tweet_id:1916262128803319940
Bigcricket,@Bigcricket467,2025-04-26T22:44:26.000Z,False,"I am only in/supporting Bitcoin soley based on self interest.  Not only the self interest to grow my value and perserve it... but the self interest to have the world fixed by a hard money standard because of the benefit that it  will provide to me, my family and my kind.",0,0,0,2,[],[],[],https://pbs.twimg.com/profile_images/1856347905579237376/4q8J5H8e_bigger.jpg,https://x.com/Bigcricket467/status/1916262121215578394,tweet_id:1916262121215578394
BTC GAME,@BITCOIN_GAME1,2025-04-26T22:44:23.000Z,False,حقيقي,0,0,0,4,[],[],[],https://pbs.twimg.com/profile_images/1878358817211031552/wxDbt7by_bigger.jpg,https://x.com/BITCOIN_GAME1/status/1916262109144350904,tweet_id:1916262109144350904
Chimpscalls,@Chimpscalls,2025-04-26T22:44:23.000Z,False,Work hard and also work smartDon't give up #nnutdan #Solana #memecoin #Altcoins #Bitcoin #100x,0,0,0,8,"['#nnutdan', '#Solana', '#memecoin', '#Altcoins', '#Bitcoin', '#100x']",[],"['\\U0001f91d', '\\U0001faf4']",https://pbs.twimg.com/profile_images/1867178608696901632/2xJLRMBS_bigger.jpg,https://x.com/Chimpscalls/status/1916262106728480845,tweet_id:1916262106728480845
Crypto Randy,@Renzolaww,2025-04-26T22:44:23.000Z,False,"#TURBOUSDTEntry: 0.0044

Target 1: 0.0046Target 2: 0.0050Target 3: 0.0052Target 4: 0.0054#bitcoin #crypto #btc #eth #altcoin #trading #signal #memecoin #forex ",0,0,0,12,"['#TURBOUSDT', '#bitcoin', '#crypto', '#btc', '#eth', '#altcoin', '#trading', '#signal', '#memecoin', '#forex', '', '', '', '']",[],"['\\u2705', '\\u2705', '\\u2705', '\\u2705']",https://pbs.twimg.com/profile_images/1876887505384906752/q7JD5j2m_bigger.jpg,https://x.com/Renzolaww/status/1916262105973457142,tweet_id:1916262105973457142
Maximillion∞/21M,@21BitcoinMaxi,2025-04-26T22:44:22.000Z,False,"Someone doesn’t have to control the majority.

A Nakamoto coefficient of 5 or higher would make Bitcoin more decentralized and much harder to hijack.",0,0,0,3,[],[],[],https://pbs.twimg.com/profile_images/1791544866297548800/ZMyLjlYZ_bigger.jpg,https://x.com/21BitcoinMaxi/status/1916262104551641175,tweet_id:1916262104551641175
Psyeudo,@87cdwq,2025-04-26T22:44:19.000Z,False,"$Nasdaq $nasdaq100 wird um 1000pips fallen die kommende Woche, zieht euch warm an denn die 18.000$ warten .... Sage nicht ich hätte euch gewarnt...
flash Crash kommt . . .
Was wird $Btc $bitcoin machen  denken sie an meine Worte",0,0,0,3,[],[],['\\U0001f609'],https://pbs.twimg.com/profile_images/1373712048199241730/FrsGwY86_bigger.jpg,https://x.com/87cdwq/status/1916262092690362557,tweet_id:1916262092690362557
Bitcoin,@MidJourneyHub,2025-04-26T22:44:10.000Z,False,Good on the Swiss,0,0,0,5,[],[],[],https://pbs.twimg.com/profile_images/1856277523518369795/QrbUDHJv_bigger.jpg,https://x.com/MidJourneyHub/status/1916262051921432620,tweet_id:1916262051921432620
My Bitcoin Cousin,@MyBitcoinCousin,2025-04-26T22:44:09.000Z,True,I really like this one ,0,0,0,4,[],[],"['\\U0001f525', '\\U0001f91d']",https://pbs.twimg.com/profile_images/1885009833012686848/FthtqGM4_bigger.jpg,https://x.com/MyBitcoinCousin/status/1916262050583499149,tweet_id:1916262050583499149
Hacker Aran,@HackerAran7,2025-04-26T22:44:09.000Z,False,#Cloud Hacking#hackingthe.cloudBook session now for   #buysnaphack    #hackeyesonly      #breacheyesonly  #formyeyesonly  #breachformyeyesonly    #snaphack #buyingcontent #monkeyappgirls     #crypto #snapchatleak   #bitcoin  ฿      #easymoney  #purchasesnaphack ,0,0,0,17,"['#Cloud', '#hackingthe', '#buysnaphack', '#hackeyesonly', '#breacheyesonly', '#formyeyesonly', '#breachformyeyesonly', '#snaphack', '#buyingcontent', '#monkeyappgirls', '#crypto', '#snapchatleak', '#bitcoin', '#easymoney', '#purchasesnaphack']",[],"['\\u2753', '\\U0001f4e1', '\\U0001f517', '\\U0001f517', '\\U0001f310', '\\U0001f6ce\\ufe0f', '\\U0001f4e1', '\\U0001f4e2']",https://pbs.twimg.com/profile_images/1639186090601971713/z90iaS2l_bigger.jpg,https://x.com/HackerAran7/status/1916262047605477379,tweet_id:1916262047605477379
soom,@cnsoom,2025-04-26T22:44:07.000Z,True,"The First pumpfun EVER 

found on the bitcoin forums in 2017.

wont be this low for long. 

8CZtx6PCAtdemEJvp48ify2fkZLWeyLEXAkQuqMHpump",0,0,0,7,[],[],[],https://pbs.twimg.com/profile_images/1915567478870335491/ZDcD6fVd_bigger.jpg,https://x.com/cnsoom/status/1916262039389147410,tweet_id:1916262039389147410
"Dennis ""Bitcoin Renaissance"" Donnelly",@Cowaboonga1435,2025-04-26T22:44:05.000Z,True,"same.

It'll backfire. Attacks on clean power are self defeating.",0,0,0,3,[],[],[],https://pbs.twimg.com/profile_images/1473152389003636740/83zsIDK8_bigger.jpg,https://x.com/Cowaboonga1435/status/1916262029855494176,tweet_id:1916262029855494176
bitcoin=the future,@here_not17066,2025-04-26T22:46:53.000Z,True,"Whatever one thinks of Humanities degrees, the idea that a ""whole generation thinks reading and critical thinking are unimportant"" is laughable. Parents want their kids to read and think, the education establishment works against those, only teaching kids how to look up things",0,0,0,0,[],[],[],https://pbs.twimg.com/profile_images/1911103946183024640/fq_mri39_bigger.jpg,https://x.com/here_not17066/status/1916262737669218658,tweet_id:1916262737669218658
Furious₿5280,@FuriousD5280,2025-04-26T22:46:49.000Z,True,"Got this new book yesterday, anybody read it? #TheBitcoinStandard #Bitcoin #BTC #SaifedeanAmmous #Books  #FixTheMoney",0,0,0,0,[],[],[],https://pbs.twimg.com/profile_images/1666635149512151042/ZCt1SafA_bigger.jpg,https://x.com/FuriousD5280/status/1916262720934187092,tweet_id:1916262720934187092
MindFrozenTime #BTC #Bitcoin,@mindfrozentime,2025-04-26T22:46:48.000Z,False,7 AI Chatbots Predict a Bullish End to 2025 for Bitcoin – Featured Bitcoin News,0,0,0,0,[],[],[],https://pbs.twimg.com/profile_images/1370203745796173826/ehBXMib2_bigger.jpg,https://x.com/mindfrozentime/status/1916262715586449822,tweet_id:1916262715586449822
BitcoinFrogAI,@BitcoinFrogAI,2025-04-26T22:46:47.000Z,False,"Oh no.. Bitcoin is pumping again, I NEED MORE FROGS He sold? Pump it

Gib gen wealth asap",0,0,0,0,[],['@bitcoinfrogs'],[],https://pbs.twimg.com/profile_images/1881525103579570176/rZWBTQ96_bigger.jpg,https://x.com/BitcoinFrogAI/status/1916262709705773111,tweet_id:1916262709705773111
RmadilloPleb,@Rmadillorc,2025-04-26T22:46:46.000Z,False,Bitcoin is for savers,0,0,0,0,[],[],[],https://pbs.twimg.com/profile_images/1875171180031741952/yGV09m0V_bigger.jpg,https://x.com/Rmadillorc/status/1916262706098692260,tweet_id:1916262706098692260
Sunday,@Sunday14374481,2025-04-26T22:46:45.000Z,False,"New SEC Chairman Paul Atkins advocates for clear crypto regulation, while the Federal Reserve revokes anti-crypto guidance, Bitwise registers NEAR ETF, Semler Scientific increases Bitcoin holdings, and Tether acquires",0,0,0,0,[],[],[],https://pbs.twimg.com/profile_images/1824775317849882624/-KMCZQEk_bigger.jpg,https://x.com/Sunday14374481/status/1916262704936783887,tweet_id:1916262704936783887
Manu Ferrari ₿ 丰,@manuferraritano,2025-04-26T22:46:44.000Z,True,"Ya somos más de 100!!!

No te quedes afuera??

Hagamos a #Bitcoin más grande
 y más descentralizado.",0,0,0,0,['#Bitcoin'],[],[],https://pbs.twimg.com/profile_images/1757252569405984768/dUiFPXTU_bigger.jpg,https://x.com/manuferraritano/status/1916262696766312565,tweet_id:1916262696766312565
Teach Bitcoin,@TeachBTC,2025-04-26T22:46:43.000Z,False,We have all been there,0,0,0,1,[],[],[],https://pbs.twimg.com/profile_images/1843350703521095680/9hQgSym2_bigger.jpg,https://x.com/TeachBTC/status/1916262695050883417,tweet_id:1916262695050883417
Dooga Aondonenge Nathaniel,@AondonengeDooga,2025-04-26T22:46:41.000Z,False,"$ETH appears bullish on the weekly timeframe.

Drop your thoughts on #eth in the comments!http://t.me/phoenixICF for more updates

.
.
.
.
.
.
.
.",0,0,0,3,"['#eth', '', '', '', '', '']",[],[],https://pbs.twimg.com/profile_images/1855648005514551296/LuwgZyxp_bigger.jpg,https://x.com/AondonengeDooga/status/1916262688256364782,tweet_id:1916262688256364782
Jason,@JasonMP78,2025-04-26T22:46:41.000Z,True,20% Bitcoin. 80% $MSTR,0,0,0,2,[],[],[],https://pbs.twimg.com/profile_images/1863947197475180544/U90f3i4w_bigger.jpg,https://x.com/JasonMP78/status/1916262685781409952,tweet_id:1916262685781409952
jonathan,@RagingBitcoin,2025-04-26T22:46:38.000Z,True,same thing came to mind,0,0,0,0,[],[],[],https://pbs.twimg.com/profile_images/1815109010124611584/htL0GoAD_bigger.jpg,https://x.com/RagingBitcoin/status/1916262674410643872,tweet_id:1916262674410643872
Gesundheitswesen Deutschland,@marsha_kraft,2025-04-26T22:46:38.000Z,False,"Wie ich Krampfadern in 1 Woche losgeworden bin  MEHR LESEN : https://healthde1.com/Veniselle/. 
. #PerthSanta Michelle #usa #Germany,  #XAUUSD, The Rock, Bitcoin, Rubio Garten,I Don't,#CopaDelRey #ElClásico, Susan Rice Integration, The Vatican",0,0,0,3,"['#PerthSanta', '#usa', '#Germany', '#XAUUSD', '#CopaDelRey', '#ElClásico']","['@ElonMusk', '@realDonaldTrump']",['\\U0001f60d'],https://pbs.twimg.com/profile_images/1804387315382411264/CEfjPDIC_bigger.jpg,https://x.com/marsha_kraft/status/1916262672321991132,tweet_id:1916262672321991132
yunez,@yunez7,2025-04-26T22:46:33.000Z,False, Pi Coin rumors are heating up with a potential Binance listing! Don't miss out—grab Pi now before the massive candles light up!  #PiCoin #Crypto#pinetwork #binance #bitcoin #ethereum,0,0,0,2,"['#PiCoin', '#Crypto', '#pinetwork', '#binance', '#bitcoin', '#ethereum']",[],"['\\U0001f680', '\\U0001f4c8']",https://pbs.twimg.com/profile_images/1904121299363876864/PQC3IHQl_bigger.jpg,https://x.com/yunez7/status/1916262652877164964,tweet_id:1916262652877164964
Joshep,@Joshep137042443,2025-04-26T22:46:33.000Z,False,"BTC Sentiment (Price $62100) What's next for Bitcoin?

Discord Link Here \-`:  ? http://discord.gg/s6CE3WCqnF$AAPL $TSLA $AMZN $MSFT $GOOGL $FB $NFLX $NVDA $AMD $BABA $BA $T $BAC $JPM $XOM $WMT $V",0,0,0,0,[],[],"['\\U0001f4a1', '\\U0001f449']",https://pbs.twimg.com/profile_images/1915864966206201856/s5zLbg1h_bigger.jpg,https://x.com/Joshep137042443/status/1916262652470350135,tweet_id:1916262652470350135
Jason,@bitcoin_few,2025-04-26T22:46:33.000Z,True,Chick-fil-A ,0,0,0,0,[],[],['\\U0001f4af'],https://pbs.twimg.com/profile_images/1882814900206206976/lDSbzv0G_bigger.jpg,https://x.com/bitcoin_few/status/1916262650868338906,tweet_id:1916262650868338906
Yugocana,@0to1bitcoin,2025-04-26T22:46:32.000Z,True,I need this,0,0,0,2,[],[],[],https://pbs.twimg.com/profile_images/1692640878068629505/sDuFl1Vw_bigger.jpg,https://x.com/0to1bitcoin/status/1916262649710465418,tweet_id:1916262649710465418
Sunday,@Sunday14374481,2025-04-26T22:46:32.000Z,True,"New SEC Chairman Paul Atkins advocates for clear crypto regulation, while the Federal Reserve revokes anti-crypto guidance, Bitwise registers NEAR ETF, Semler Scientific increases Bitcoin holdings, and Tether acquires  ",0,0,0,0,[],['@SoSoValueCrypto'],[],https://pbs.twimg.com/profile_images/1824775317849882624/-KMCZQEk_bigger.jpg,https://x.com/Sunday14374481/status/1916262649555230920,tweet_id:1916262649555230920
Nicolas Bitcoin,@Nicolasnoeeell,2025-04-26T22:46:32.000Z,False,"Chupa juiz, chupa real, chupa todo mundo",0,0,0,0,[],[],[],https://pbs.twimg.com/profile_images/1822432076039069698/TSDRswIK_bigger.jpg,https://x.com/Nicolasnoeeell/status/1916262648129237356,tweet_id:1916262648129237356
Bitcoin.com Nachrichten,@BitcoinCom_DE,2025-04-26T22:46:29.000Z,True,Biopharma-Unternehmen fusioniert mit Z Squared zur größten börsennotierten Dogecoin-Minenfirma,0,0,0,0,[],[],[],https://pbs.twimg.com/profile_images/1747460194358157312/1LvJ6lz0_bigger.jpg,https://x.com/BitcoinCom_DE/status/1916262636477468719,tweet_id:1916262636477468719
Bitcoin or Bust,@boogysback,2025-04-26T22:46:29.000Z,True,Nope,0,0,0,0,[],[],[],https://pbs.twimg.com/profile_images/1889661008454754307/xhsgEVpH_bigger.jpg,https://x.com/boogysback/status/1916262636179886221,tweet_id:1916262636179886221
Brunbitty,@brunbitty,2025-04-26T22:46:29.000Z,True,And this time… bitcoin and gold,0,0,0,0,[],[],[],https://pbs.twimg.com/profile_images/1901050457210171392/pC8Yu4n0_bigger.jpg,https://x.com/brunbitty/status/1916262635445559567,tweet_id:1916262635445559567
Stars Stripes & Bitcoin,@RedWhiteBTC,2025-04-26T22:46:28.000Z,True,Ohhh what an opportunity!,0,0,0,0,[],[],[],https://pbs.twimg.com/profile_images/1872044422793510912/LW5l_qZD_bigger.jpg,https://x.com/RedWhiteBTC/status/1916262630337163354,tweet_id:1916262630337163354
Satoshi Times,@Criptoxblog,2025-04-26T22:46:26.000Z,False,Análise Completa Bitcoin 2025,0,0,0,0,[],[],[],https://pbs.twimg.com/profile_images/1915839873346318336/PmM89L7n_bigger.jpg,https://x.com/Criptoxblog/status/1916262624867610820,tweet_id:1916262624867610820
soom,@cnsoom,2025-04-26T22:46:26.000Z,True,"The First pumpfun EVER 

found on the bitcoin forums in 2017.

wont be this low for long. 

8CZtx6PCAtdemEJvp48ify2fkZLWeyLEXAkQuqMHpump",0,0,0,0,[],[],[],https://pbs.twimg.com/profile_images/1915567478870335491/ZDcD6fVd_bigger.jpg,https://x.com/cnsoom/status/1916262624523915618,tweet_id:1916262624523915618
Insalubres,@insalubresbtc,2025-04-26T22:46:24.000Z,True,"OURO ATINGIU SEU TOPO HISTÓRICO

Histericamente a corrida pelo ouro é a antecipação dos investidores por algo pior nos mercados, porém ja estamos vendo correções no gigante ouro e altas no Bitcoin, o que isso quer dizer? Estamos vendo sinais?

Da uma passadinha em nosso canal e",0,0,0,1,[],[],[],https://pbs.twimg.com/profile_images/1743346895911575552/vf3krfBu_bigger.jpg,https://x.com/insalubresbtc/status/1916262615711469719,tweet_id:1916262615711469719
soom,@cnsoom,2025-04-26T22:46:21.000Z,True,"The First pumpfun EVER 

found on the bitcoin forums in 2017.

wont be this low for long. 

8CZtx6PCAtdemEJvp48ify2fkZLWeyLEXAkQuqMHpump",0,0,0,0,[],[],[],https://pbs.twimg.com/profile_images/1915567478870335491/ZDcD6fVd_bigger.jpg,https://x.com/cnsoom/status/1916262600620577144,tweet_id:1916262600620577144
Ten Duby,@DubemTalented,2025-04-26T22:46:14.000Z,False,"#HYPERUSDTEntry: 0.195

Target 1: 0.202Target 2: 0.217Target 3: 0.226Target 4: 0.233#bitcoin #crypto #btc #eth #altcoin #trading #signal #memecoin #forex ",0,0,0,6,"['#HYPERUSDT', '#bitcoin', '#crypto', '#btc', '#eth', '#altcoin', '#trading', '#signal', '#memecoin', '#forex', '', '', '', '', '']",[],"['\\u2705', '\\u2705', '\\u2705', '\\u2705']",https://pbs.twimg.com/profile_images/1896997921028984832/VKKjcIFj_bigger.jpg,https://x.com/DubemTalented/status/1916262572900184201,tweet_id:1916262572900184201
Fish4AI,@Fish4AI,2025-04-26T22:46:14.000Z,True,Bitcoin just hit $95k. The party's just getting started. $BTC,0,0,0,4,[],[],[],https://pbs.twimg.com/profile_images/1897543442198355970/hOXTB0Wi_bigger.jpg,https://x.com/Fish4AI/status/1916262571608576043,tweet_id:1916262571608576043
Solidarity,@ChrisJorgo,2025-04-26T22:46:12.000Z,True,Bitcoin 10x whatever gold does. Glorious! Next 10 years.,0,0,0,3,[],[],[],https://pbs.twimg.com/profile_images/1854489607469203456/OzDWWs1G_bigger.jpg,https://x.com/ChrisJorgo/status/1916262565724016874,tweet_id:1916262565724016874
Oinktoshi $BITCOIN,@WovenDissent,2025-04-26T22:46:10.000Z,False,100%,0,0,0,2,[],[],[],https://pbs.twimg.com/profile_images/1883317293804855296/c3_KZ9eQ_bigger.jpg,https://x.com/WovenDissent/status/1916262556852773139,tweet_id:1916262556852773139
Invest2140,@Invest2140,2025-04-26T22:46:09.000Z,True,THIS IS WHY WE BITCOIN BABY!!!!,0,0,0,1,[],[],[],https://pbs.twimg.com/profile_images/1882756799192821760/bBy8M-DN_bigger.jpg,https://x.com/Invest2140/status/1916262552423518272,tweet_id:1916262552423518272
Bitcoin.com Actualités,@BitcoinCom_FR,2025-04-26T22:46:08.000Z,True,La société biopharmaceutique fusionne avec Z Squared pour former le plus grand mineur de Dogecoin coté en bourse.,0,0,0,2,[],[],[],https://pbs.twimg.com/profile_images/1747459891168776192/Szr5MZdy_bigger.jpg,https://x.com/BitcoinCom_FR/status/1916262549269451240,tweet_id:1916262549269451240
The ₿itcoinLibertarian,@TheBitcoin__,2025-04-26T22:46:06.000Z,True,Not traders. Not tourists. We are HODL Vikings. #Bitcoin...,0,0,0,7,['#Bitcoin'],[],[],https://pbs.twimg.com/profile_images/1569660901019758592/SY2FN5SN_bigger.jpg,https://x.com/TheBitcoin__/status/1916262541535416627,tweet_id:1916262541535416627
Andrew Fenton,@andrewfenton,2025-04-26T22:46:06.000Z,True,"The motivated reasoning of Bitcoiners is a sight to behold. 

Imagine what he would be claiming if most RWA tokenization was on Bitcoin.",0,0,0,5,[],[],[],https://pbs.twimg.com/profile_images/1673856252928204802/TlU8AAiY_bigger.jpg,https://x.com/andrewfenton/status/1916262541506101397,tweet_id:1916262541506101397
The Wolf of Bitcoin,@HodlForthe,2025-04-26T22:46:06.000Z,True,You look amazing,0,0,0,1,[],[],[],https://pbs.twimg.com/profile_images/1912570601685860353/nw6S50OM_bigger.jpg,https://x.com/HodlForthe/status/1916262537802486228,tweet_id:1916262537802486228
Badlands,@Searchit001,2025-04-26T22:46:04.000Z,False,"This is so true.  

Yes in 30 to 50 years 1 Bitcoin should take care of 1 and maybe 2 generations.

But if you want to achieve freedom by 2034…and live free for 30 years after that…

You need 3 minimum to at most 5 by 2034.

1 would provide freedom for the next after 2055…",0,0,0,3,[],[],[],https://pbs.twimg.com/profile_images/1845505139517370368/IStlXpZ7_bigger.jpg,https://x.com/Searchit001/status/1916262532127375591,tweet_id:1916262532127375591
Self Made Millionaire,@madenotgiven,2025-04-26T22:46:00.000Z,True,"Bitcoin, Solana and Cardano community go hard for $DOG",0,0,0,3,[],[],[],https://pbs.twimg.com/profile_images/1899679855681396736/97E1dc97_bigger.jpg,https://x.com/madenotgiven/status/1916262515874619788,tweet_id:1916262515874619788
Crypto Unplugged,@crypto_unplugd,2025-04-26T22:46:00.000Z,True,What’s one lesson you learned from the last cycle that changed how you invest today? #Bitcoin #Crypto,0,0,0,4,"['#Bitcoin', '#Crypto']",[],[],https://pbs.twimg.com/profile_images/1678024603292057600/I4I5lJqg_bigger.jpg,https://x.com/crypto_unplugd/status/1916262513622323296,tweet_id:1916262513622323296
Anamo,@Anamo_tt,2025-04-26T22:45:56.000Z,True,Early Bitcoin holders made millions. Early BIT holders will make memes. And maybe millions too. $BIT,0,0,0,3,[],[],[],https://pbs.twimg.com/profile_images/1828580226202263552/FycPwK9a_bigger.jpg,https://x.com/Anamo_tt/status/1916262498937844046,tweet_id:1916262498937844046
Bitcoin Monk X,@BitcoinMonk_X,2025-04-26T22:45:55.000Z,False,,0,0,0,2,[],[],['\\U0001f602'],https://pbs.twimg.com/profile_images/1845537562737229824/tt9MW-8-_bigger.jpg,https://x.com/BitcoinMonk_X/status/1916262491245490431,tweet_id:1916262491245490431
Blex.S4L,@BarterBlex,2025-04-26T22:45:54.000Z,True,This is worth more than 200 bitcoin,0,0,0,8,[],[],[],https://pbs.twimg.com/profile_images/1905047323119583232/cZNUf7-__bigger.jpg,https://x.com/BarterBlex/status/1916262489878368328,tweet_id:1916262489878368328
BitKong | Steve SandersMaking Bitcoin Simple,@attorneysanders,2025-04-26T22:45:50.000Z,True,"Yes, .",0,0,0,3,[],['@anilsaidso'],[],https://pbs.twimg.com/profile_images/1482914518833549335/3u3V8OT-_bigger.jpg,https://x.com/attorneysanders/status/1916262470336798977,tweet_id:1916262470336798977
Crypto Connoisseur,@Stewnunn81,2025-04-26T22:45:49.000Z,True,Bitcoin on Base on : https://coinbase.com/price/bitcoin-on-base?utm_campaign=rt_i_m_w_m_acq_ugc_soc_0_asset&utm_source=ugc&utm_platform=Android…,0,0,0,5,[],['@Coinbase'],"['\\U0001f48e', '\\U0001f499']",https://pbs.twimg.com/profile_images/1914882282646614016/mpk_-yka_bigger.jpg,https://x.com/Stewnunn81/status/1916262466989818054,tweet_id:1916262466989818054
Mario,@ProofofPuddles,2025-04-26T22:45:47.000Z,False,"Bitcoin and Fartcoin maxis, equivocal in nature currently in shambles. I warned this would happen months ago. 
Similar to how you take the low 15460x7 to give you a major top. In retrospect but y chose 7?",0,0,0,12,[],[],[],https://pbs.twimg.com/profile_images/1913081429400952832/TBTblH1J_bigger.jpg,https://x.com/ProofofPuddles/status/1916262458479567065,tweet_id:1916262458479567065
Bitcoin.com Новости,@BitcoinCom_ru,2025-04-26T22:45:45.000Z,True,"Биофармацевтическая компания объединяется с Z Squared, чтобы сформировать крупнейшую публично торгуемую компанию по добыче Dogecoin.",0,0,0,2,[],[],[],https://pbs.twimg.com/profile_images/1736633579650895873/V2YXuRBj_bigger.jpg,https://x.com/BitcoinCom_ru/status/1916262452771119542,tweet_id:1916262452771119542
The reckless investor,@999xinvestments,2025-04-26T22:45:43.000Z,False,What’s the bitcoin investment? Can you explain it so more people can follow?,0,0,0,4,[],[],[],https://pbs.twimg.com/profile_images/1859050424449343488/ixx9K6XE_bigger.jpg,https://x.com/999xinvestments/status/1916262445011898427,tweet_id:1916262445011898427
Crypto Randy,@Renzolaww,2025-04-26T22:45:41.000Z,False,"#HYPERUSDTEntry: 0.195

Target 1: 0.202Target 2: 0.217
Target 3: 0.226
Target 4: 0.233#bitcoin  #crypto #btc #eth #altcoin #trading #signal #memecoin #forex ",0,0,0,16,"['#HYPERUSDT', '#bitcoin', '#crypto', '#btc', '#eth', '#altcoin', '#trading', '#signal', '#memecoin', '#forex', '', '', '', '']",[],"['\\u2705', '\\u2b07\\ufe0f']",https://pbs.twimg.com/profile_images/1876887505384906752/q7JD5j2m_bigger.jpg,https://x.com/Renzolaww/status/1916262434731683979,tweet_id:1916262434731683979
طريق البيتكوين,@bitcoin_way,2025-04-26T22:45:41.000Z,True,,0,0,0,76,[],[],[],https://pbs.twimg.com/profile_images/931913396739551234/7dWEME8r_bigger.jpg,https://x.com/bitcoin_way/status/1916262432676159567,tweet_id:1916262432676159567
Invest2140,@Invest2140,2025-04-26T22:45:40.000Z,True,"So, with supply crunch and more and more BTC treasuries popping up…. THIS IS WHY WE BITCOIN!!!!!",0,0,0,6,[],[],[],https://pbs.twimg.com/profile_images/1882756799192821760/bBy8M-DN_bigger.jpg,https://x.com/Invest2140/status/1916262431627657453,tweet_id:1916262431627657453
Trader Travis,@trader_travis,2025-04-26T22:45:40.000Z,False,Unfortunately #bitcoin is a bearish re-test so far,0,0,0,12,['#bitcoin'],[],[],https://pbs.twimg.com/profile_images/1545327244855345152/SrSn5_QW_bigger.jpg,https://x.com/trader_travis/status/1916262430348611645,tweet_id:1916262430348611645
$ETC the real Ethereum,@ETC80352801,2025-04-26T22:58:22.000Z,True,"War is fought through space. 

Control what you can control.

How many #Bitcoin and #EthereumClassic do you have?

Not enough I can tell you that much.",0,0,0,0,"['#Bitcoin', '#EthereumClassic']",[],[],https://pbs.twimg.com/profile_images/1812272749319946240/nDYUfWE6_bigger.jpg,https://x.com/ETC80352801/status/1916265626005606690,tweet_id:1916265626005606690
Crypto Maps,@USATREND24,2025-04-26T22:58:21.000Z,False,Be the boss of your crypto trading! Choose the platform that empowers you to achieve your financial goals.  https://ift.tt/b1xPgmU  #CryptoBoss #FinancialEmpowerment #Bitcoin #Investing #Goals,0,0,0,0,"['#CryptoBoss', '#FinancialEmpowerment', '#Bitcoin', '#Investing', '#Goals']",[],[],https://pbs.twimg.com/profile_images/1914319279320653824/lGr-j4gW_bigger.jpg,https://x.com/USATREND24/status/1916265622159114684,tweet_id:1916265622159114684
Crypto Genius,@dekunle_adesina,2025-04-26T22:58:21.000Z,False,"DAMMM!!!

  MICHAEL SAYLOR SAID & I QUOTE, ""IF PEOPLE KNEW WHAT I KNEW, #BITCOIN WOULD GO TO $10 MILLION #TOMORROW.”

I WON'T SAY NOTHING.#SB19 #Barcelona #rotblaulive #onlyfama #oppiwallet #USA #frac1 #GOT7_NESTFEST",0,0,0,0,"['#BITCOIN', '#TOMORROW', '#SB19', '#Barcelona', '#rotblaulive', '#onlyfama', '#oppiwallet', '#USA', '#frac1', '#GOT7_NESTFEST']",[],['\\U0001f1fa\\U0001f1f8'],https://pbs.twimg.com/profile_images/1562507804451160064/JzotmRxn_bigger.jpg,https://x.com/dekunle_adesina/status/1916265621035061382,tweet_id:1916265621035061382
₿randon,@BitcoinJed1,2025-04-26T22:58:18.000Z,True,Blackrock did not buy. Blackrock customers did.,0,0,0,0,[],[],[],https://pbs.twimg.com/profile_images/1839507607423426560/YRS_JVXS_bigger.jpg,https://x.com/BitcoinJed1/status/1916265607797919816,tweet_id:1916265607797919816
FUTURE EXPERT,@crypto_ethics1,2025-04-26T22:58:15.000Z,False,"#BIOUSDTEntry: 0.0760
Target 1: 0.0779 Target 2: 0.0798 #bitcoin #btc #eth #crypto #blockchain #forex #signal #cryptosignal #trading $BIOClick below ",0,0,0,0,"['#BIOUSDT', '#bitcoin', '#btc', '#eth', '#crypto', '#blockchain', '#forex', '#signal', '#cryptosignal', '#trading']",[],"['\\u2705', '\\u2705', '\\u2b07\\ufe0f']",https://pbs.twimg.com/profile_images/1884316045621547009/R13-7gAA_bigger.jpg,https://x.com/crypto_ethics1/status/1916265597614395783,tweet_id:1916265597614395783
GZ,@Naty_lobacz,2025-04-26T22:58:14.000Z,True,"This is a shining pearl, she is part of the Bitcoin culture!",0,0,0,0,[],[],[],https://pbs.twimg.com/profile_images/1823280854506070016/tWpehzd4_bigger.jpg,https://x.com/Naty_lobacz/status/1916265594850365458,tweet_id:1916265594850365458
Con,@Con0198,2025-04-26T22:58:14.000Z,False,"Over the past few days, we’ve overhauled two of our four characters, making them more responsive, versatile, and better aligned with our evolving gameplay system.  Lets go Last Salvation!#nestree #nestreexyz #web3 #bitcoin #Cryptocurrencyhttps://nestree.xyz/posts/83564182?utm_source=manual….",0,0,0,0,"['#nestree', '#nestreexyz', '#web3', '#bitcoin', '#Cryptocurrency']",[],[],https://pbs.twimg.com/profile_images/1878276903666417664/uTeHXrc6_bigger.jpg,https://x.com/Con0198/status/1916265591255732727,tweet_id:1916265591255732727
Wealthonomic,@Wealthonomic1,2025-04-26T22:58:13.000Z,True,"Putting $100 into Bitcoin today you’re buying $1,000 in the future  $BTC",0,0,0,0,[],[],['\\U0001f609'],https://pbs.twimg.com/profile_images/1913883439272538112/xxCdDhWT_bigger.jpg,https://x.com/Wealthonomic1/status/1916265589280051540,tweet_id:1916265589280051540
BlockLore,@BlockLore_,2025-04-26T22:58:13.000Z,True," Investors are piling into #Bitcoin!  US BTC ETFs saw $936M inflows Tues ($1.4B in 3 days). Price >$94k, up 25% since Apr 7 low.  Is $BTC finally decoupling from risk assets and acting as a safe haven? #Crypto #CryptoMarket",0,0,0,0,"['#Bitcoin', '#Crypto', '#CryptoMarket']",[],"['\\U0001f4b0', '\\U0001f680']",https://pbs.twimg.com/profile_images/1867951716575936512/t1CW4BAg_bigger.jpg,https://x.com/BlockLore_/status/1916265589103804428,tweet_id:1916265589103804428
SingaMalta,@MaltaSinga,2025-04-26T22:58:12.000Z,True,"Bitcoin is no an IQ test, it's an EGO test. Musk will fail every time.",0,0,0,0,[],[],[],https://pbs.twimg.com/profile_images/1596233298539421696/EERTvlhE_bigger.jpg,https://x.com/MaltaSinga/status/1916265583768736009,tweet_id:1916265583768736009
FUTURE EXPERT,@crypto_ethics1,2025-04-26T22:58:09.000Z,False,"#GPSUSDTEntry: 0.0181
Target 1: 0.0184 Target 2: 0.0188 Target 3: 0.0198Target 4: 0.0215#bitcoin #btc #eth #crypto #blockchain #forex #signal #cryptosignal #trading $GPS",0,0,0,0,"['#GPSUSDT', '#bitcoin', '#btc', '#eth', '#crypto', '#blockchain', '#forex', '#signal', '#cryptosignal', '#trading']",[],"['\\u2705', '\\u2705', '\\u2705', '\\u2b07\\ufe0f']",https://pbs.twimg.com/profile_images/1884316045621547009/R13-7gAA_bigger.jpg,https://x.com/crypto_ethics1/status/1916265572050080078,tweet_id:1916265572050080078
Futurismo Cripto-Bitcoin,@Matheus27020462,2025-04-26T22:58:08.000Z,False,Faz o L ué,0,0,0,1,[],[],[],https://pbs.twimg.com/profile_images/1885037999093637121/Y3895DMP_bigger.jpg,https://x.com/Matheus27020462/status/1916265569642234214,tweet_id:1916265569642234214
Eric Gottmann,@EricGottmann,2025-04-26T22:58:04.000Z,True,"Although it is a good tool, Bitcoin has been created by a human being that still possesses 5% of its circulation. He's not a demigod.",0,0,0,0,[],[],[],https://pbs.twimg.com/profile_images/1707110373969584128/tJLRLvjp_bigger.jpg,https://x.com/EricGottmann/status/1916265549887062072,tweet_id:1916265549887062072
Jorge,@Jorge91828171,2025-04-26T22:58:04.000Z,False,"Tratar de hablar con tipos como usted simplemente es perder el tiempo, endiosan a bitcoin y endiosan a Petro, ni siquiera reconoce el objetivo de bitcoin, solo piensa en dinero y dinero, como Petro, que fue capaz de subir a la presidencia a robarse el país para repartirlo a todos",0,0,0,1,[],[],[],https://pbs.twimg.com/profile_images/1515552161463218178/O5B2GAX9_bigger.jpg,https://x.com/Jorge91828171/status/1916265549824229556,tweet_id:1916265549824229556
Bitcoin Chris,@ChrisKnight407,2025-04-26T22:58:02.000Z,True,Chris Knight - Storm https://youtu.be/ukYwRuANFi4?feature=shared… via ,0,0,0,1,[],['@YouTube'],[],https://pbs.twimg.com/profile_images/1896777016747122688/UPk2E8Vn_bigger.jpg,https://x.com/ChrisKnight407/status/1916265544640303572,tweet_id:1916265544640303572
Hidden IMMORTAL,@HuntDWorld,2025-04-26T22:58:00.000Z,False,"I called $BTC at $19K and we smashed → $69K → $105K #Bitcoin prediction = DEAD ON

Now I'm calling $ETH at $1,600 miss it now and you’ll regret it for YEARS#Ethereum just printing the same monthly reversal that triggered the 2017 MASSIVE bull run!",0,0,0,0,"['#Bitcoin', '#Ethereum']",[],['\\U0001f3af'],https://pbs.twimg.com/profile_images/1895602990330834944/DSNTzVGY_bigger.jpg,https://x.com/HuntDWorld/status/1916265532908568952,tweet_id:1916265532908568952
KR,@keenkellie1,2025-04-26T22:57:58.000Z,False,"Most young Australians would be far better off renting and buying bitcoin than locking themselves into a massively overpriced house

bitcoins 40-50% cagr with global adoption curve

vs peak housing bubble at 2-3% yields and 10-14 x price income multiples",0,0,0,0,[],[],[],https://pbs.twimg.com/profile_images/1665911672169697283/WTt3awVc_bigger.jpg,https://x.com/keenkellie1/status/1916265525560410405,tweet_id:1916265525560410405
Oinktoshi $BITCOIN,@WovenDissent,2025-04-26T22:57:58.000Z,False,"It’s the conclusion of the antihuman agenda, it’s what climate alarmism is all about",0,0,0,2,[],[],[],https://pbs.twimg.com/profile_images/1883317293804855296/c3_KZ9eQ_bigger.jpg,https://x.com/WovenDissent/status/1916265525031715105,tweet_id:1916265525031715105
B.Liquidated,@BLiquidatedrekd,2025-04-26T22:57:53.000Z,False,She shoulda been DCA’ing bitcoin. She wouldn’t be so upset right now.,0,0,0,1,[],[],[],https://pbs.twimg.com/profile_images/1519749548708712450/rtw9dfMN_bigger.jpg,https://x.com/BLiquidatedrekd/status/1916265503233819055,tweet_id:1916265503233819055
Livy,@Livy4662,2025-04-26T22:57:51.000Z,False,"Over the past few days, we’ve overhauled two of our four characters, making them more responsive, versatile, and better aligned with our evolving gameplay system.  Lets go Last Salvation!#nestree #nestreexyz #web3 #bitcoin #Cryptocurrencyhttps://nestree.xyz/posts/83564182?utm_source=manual….",0,0,0,5,"['#nestree', '#nestreexyz', '#web3', '#bitcoin', '#Cryptocurrency']",[],[],https://pbs.twimg.com/profile_images/1877608159231225858/NwvWBazc_bigger.jpg,https://x.com/Livy4662/status/1916265497127227655,tweet_id:1916265497127227655
Suzanne Arundale,@GlammaSooz,2025-04-26T22:57:51.000Z,True,"I would demand bitcoin LOL 

I cannot be bought.",0,0,0,0,[],[],[],https://pbs.twimg.com/profile_images/1877763520181231616/ag9sC9B3_bigger.jpg,https://x.com/GlammaSooz/status/1916265495243661447,tweet_id:1916265495243661447
THEON,@THEON256,2025-04-26T22:57:48.000Z,True,"Top CEXs are still flexing
Binance clocked $1T trading volume in Dec 2024

Upbit Bybit.Bitget, Coinbase  all hitting ATHs

Total CEX spot volume in Q4 2024? $6.45T up 111% QoBitcoin smashed $108K
Solana overtook Ethereum in DEX trades
The new cycle is already writing histor",0,0,0,11,[],[],[],https://pbs.twimg.com/profile_images/1906162807231401984/WmuVywCm_bigger.jpg,https://x.com/THEON256/status/1916265484971843672,tweet_id:1916265484971843672
Elenor,@SmallsVero32306,2025-04-26T22:57:48.000Z,False,"If the market hasn’t priced in the supply shock from falling Bitcoin reserves, we could see massive price moves in the near future.",0,0,0,2,[],[],[],https://pbs.twimg.com/profile_images/1902446165938872320/RKwHYTel_bigger.jpg,https://x.com/SmallsVero32306/status/1916265483029840307,tweet_id:1916265483029840307
FUTURE Trading,@Don_Grahamm,2025-04-26T22:57:48.000Z,False,"#HYPERUSDTEntry: 0.195

Target 1: 0.202Target 2: 0.217
Target 3: 0.226
Target 4: 0.233#bitcoin  #crypto #btc #eth #altcoin #trading #signal #memecoin #forex ",0,0,0,7,"['#HYPERUSDT', '#bitcoin', '#crypto', '#btc', '#eth', '#altcoin', '#trading', '#signal', '#memecoin', '#forex', '', '', '', '', '', '']",[],['\\u2705'],https://pbs.twimg.com/profile_images/1908151859363061760/k4jFBc-J_bigger.jpg,https://x.com/Don_Grahamm/status/1916265482258202911,tweet_id:1916265482258202911
alp,@alpacasw,2025-04-26T22:57:41.000Z,False,"In nominal value 50x is nothing. In real value, it's a lot. I expect Bitcoin to keep rising forever, but it's more that dollars become worthless.",0,0,0,3,[],[],[],https://pbs.twimg.com/profile_images/1856714329329995776/CT4Q_2I5_bigger.jpg,https://x.com/alpacasw/status/1916265455851049000,tweet_id:1916265455851049000
Crypto Bull Empire,@CryptoBullEmpre,2025-04-26T22:57:40.000Z,True,#Bitcoin,0,0,0,3,['#Bitcoin'],[],['\\U0001f914'],https://pbs.twimg.com/profile_images/1881820723456487424/Ncj_IG02_bigger.jpg,https://x.com/CryptoBullEmpre/status/1916265451719430650,tweet_id:1916265451719430650
BitMonty,@Bit_Montie,2025-04-26T22:57:40.000Z,True,#Bitcoin is king .,0,0,0,5,['#Bitcoin'],[],['\\U0001f64f'],https://pbs.twimg.com/profile_images/1909510326334197761/k3bHKTJl_bigger.jpg,https://x.com/Bit_Montie/status/1916265451039998368,tweet_id:1916265451039998368
soom,@cnsoom,2025-04-26T22:57:37.000Z,True,"The First pumpfun EVER 

found on the bitcoin forums in 2017.

wont be this low for long. 

8CZtx6PCAtdemEJvp48ify2fkZLWeyLEXAkQuqMHpump",0,0,0,6,[],[],[],https://pbs.twimg.com/profile_images/1915567478870335491/ZDcD6fVd_bigger.jpg,https://x.com/cnsoom/status/1916265436167213369,tweet_id:1916265436167213369
My Bitcoin Cousin,@MyBitcoinCousin,2025-04-26T22:57:36.000Z,True,Thanks fam! Glad to have you on the TL ,0,0,0,0,[],[],"['\\U0001f973', '\\U0001f4af', '\\U0001f680']",https://pbs.twimg.com/profile_images/1885009833012686848/FthtqGM4_bigger.jpg,https://x.com/MyBitcoinCousin/status/1916265433583198673,tweet_id:1916265433583198673
Angelique murray,@murray0402,2025-04-26T22:57:35.000Z,False,"$XRP / $USD - Update 

Got that bounce up as i expected. I remain long over 0.20c$SPY $TSLA $NVDA $QQQ $META $COIN $MSTR #BTC $AVGO $GEV $ORCL $ARM $NFLX #XRP $XRP #bitcoin #crypto #BTC #ETH #altcoin #trading #signal #copytrading #cryptosignal $USUAL #USUAL  #amici24 #Trump",0,0,0,42,"['#BTC', '#XRP', '#bitcoin', '#crypto', '#BTC', '#ETH', '#altcoin', '#trading', '#signal', '#copytrading', '#cryptosignal', '#USUAL', '#amici24', '#Trump']",[],[],https://pbs.twimg.com/profile_images/1856834317982339072/P-YABZnt_bigger.jpg,https://x.com/murray0402/status/1916265428424310972,tweet_id:1916265428424310972
building,@Remorehomebuild,2025-04-26T22:57:33.000Z,False,"my bullish list
Study MARX FREN MONKE Great potential for appreciation in the return of runes The only memecoin rune on bitcoin with real utility. http://MARXAI.IO terminal to facilitate the creation of AI agents Access your terminal and easily create your agent",0,0,0,4,[],[],[],https://pbs.twimg.com/profile_images/1893668944524742656/Jh_fyoMm_bigger.jpg,https://x.com/Remorehomebuild/status/1916265418940940775,tweet_id:1916265418940940775
FUTURE EXPERT,@crypto_ethics1,2025-04-26T22:57:28.000Z,False,"#GPSUSDTEntry: 0.0181

Target 1: 0.0184 Target 2: 0.0188 Target 3: 0.0198Target 4: 0.0215#bitcoin #btc #eth #crypto #blockchain #forex #signal #cryptosignal ",0,0,0,15,"['#GPSUSDT', '#bitcoin', '#btc', '#eth', '#crypto', '#blockchain', '#forex', '#signal', '#cryptosignal', '']",[],"['\\u2705', '\\u2705', '\\u2705', '\\u2b07\\ufe0f']",https://pbs.twimg.com/profile_images/1884316045621547009/R13-7gAA_bigger.jpg,https://x.com/crypto_ethics1/status/1916265401752711577,tweet_id:1916265401752711577
MorpheusX,@morpheus7447x,2025-04-26T22:57:28.000Z,False,I am absolutely baffled.  What have they been doing the last 3-4 weeks.  You had PLENTY of time to deploy it all with Bitcoin in the 75-90k zone.,0,0,0,3,[],[],[],https://pbs.twimg.com/profile_images/631186962271961089/4cYgfWdG_bigger.jpg,https://x.com/morpheus7447x/status/1916265399848403387,tweet_id:1916265399848403387
EP,@EP_Arts,2025-04-26T22:57:21.000Z,True,1/1 Phygital Art on Bitcoin teleburned from ETH,0,0,0,5,[],[],['\\U0001f7e7'],https://pbs.twimg.com/profile_images/1909570390747172864/ySqJVtRw_bigger.jpg,https://x.com/EP_Arts/status/1916265369284530274,tweet_id:1916265369284530274
Robinson Guerra,@RobGuerra90,2025-04-26T22:57:19.000Z,True,Imagine if that billion was in Bitcoin instead of government paper - real wealth preservation without central bank manipulation. Freedom in digital form.,0,0,0,4,[],[],[],https://pbs.twimg.com/profile_images/1794767359296827392/xWBpIK8-_bigger.jpg,https://x.com/RobGuerra90/status/1916265360145191029,tweet_id:1916265360145191029
DRBUDD,@DrBudd42014,2025-04-26T22:57:17.000Z,True,,0,0,0,1,[],[],[],https://pbs.twimg.com/profile_images/1899321972569305088/GTCfL5N7_bigger.jpg,https://x.com/DrBudd42014/status/1916265353551769604,tweet_id:1916265353551769604
Fēicháng FuyouZǒngdū Mìfēng,@1cryptogenius,2025-04-26T22:57:17.000Z,False,I made my first million in the streets bitcoin was just a bonus,0,0,0,6,[],[],[],https://pbs.twimg.com/profile_images/1912162936610529280/8F1WUwcq_bigger.jpg,https://x.com/1cryptogenius/status/1916265352922616174,tweet_id:1916265352922616174
bitcoin=the future,@here_not17066,2025-04-26T22:57:14.000Z,True,"No one has said anything about being opposed. I said, no people aren't leaving Trump and it has been 3 months. We got into this mess, well in 40 years, but really bad the past 15. You aren't/weren't going to fix it even in 1",0,0,0,3,[],[],[],https://pbs.twimg.com/profile_images/1911103946183024640/fq_mri39_bigger.jpg,https://x.com/here_not17066/status/1916265342260723778,tweet_id:1916265342260723778
BTC GAME,@BITCOIN_GAME1,2025-04-26T22:57:11.000Z,False, يارب تشوفني والله محتاج افوز,0,0,0,6,[],['@ALA3RABYY'],[],https://pbs.twimg.com/profile_images/1878358817211031552/wxDbt7by_bigger.jpg,https://x.com/BITCOIN_GAME1/status/1916265329543573678,tweet_id:1916265329543573678
Darrell Martin,@DarrellMartin_,2025-04-26T22:57:10.000Z,False,"#GPSUSDTEntry: 0.0181

Target 1: 0.0184 Target 2: 0.0188 Target 3: 0.0198Target 4: 0.0215#bitcoin #btc #eth #crypto #blockchain #forex #signal #cryptosignal ",0,0,0,20,"['#GPSUSDT', '#bitcoin', '#btc', '#eth', '#crypto', '#blockchain', '#forex', '#signal', '#cryptosignal', '']",[],"['\\u2705', '\\u2705', '\\u2705', '\\u2b07\\ufe0f']",https://pbs.twimg.com/profile_images/1880040717700976640/x6oi6U3D_bigger.jpg,https://x.com/DarrellMartin_/status/1916265326569820327,tweet_id:1916265326569820327
BrezyTad,@Breezewhoo,2025-04-26T22:57:10.000Z,False,"I hear ya, ! But remember, just like in the '80s when we had to fight tooth and nail for every investment, we gotta keep our heads on straight! XRP might shine bright, but don’t forget to diversify like Grandpa taught me—Bitcoin, gold, and good ol' farmland!  Let's...",0,0,0,8,[],['@jsutsser'],['\\U0001f33e'],https://pbs.twimg.com/profile_images/1901894213236604928/PBVHqXMo_bigger.jpg,https://x.com/Breezewhoo/status/1916265324027990039,tweet_id:1916265324027990039
BitMonty,@Bit_Montie,2025-04-26T22:57:04.000Z,True,#Bitcoin is king ,0,0,0,6,['#Bitcoin'],[],['\\U0001f64f'],https://pbs.twimg.com/profile_images/1909510326334197761/k3bHKTJl_bigger.jpg,https://x.com/Bit_Montie/status/1916265301231943949,tweet_id:1916265301231943949
𝕾𝖈𝖆𝖒𝖘 𝖆𝖗𝖊 𝖇𝖆𝖉 (aka. ScamDaddy𐦐),@ScamDetective5,2025-04-26T22:57:04.000Z,False,Bitcoin is up the last month…,0,0,0,4,[],[],[],https://pbs.twimg.com/profile_images/1905355011556540416/VsKPQQa3_bigger.jpg,https://x.com/ScamDetective5/status/1916265299328008526,tweet_id:1916265299328008526
Bitcoin Dawg,@bitcoin_dawg,2025-04-26T22:57:03.000Z,True,Well done ,0,0,0,2,[],[],['\\U0001f44a'],https://pbs.twimg.com/profile_images/1670848378052423682/6oUvV0-Y_bigger.jpg,https://x.com/bitcoin_dawg/status/1916265296421327313,tweet_id:1916265296421327313
Ⓥ Richard C,@rccarlsonjr,2025-04-26T22:57:03.000Z,True,"My psychic thinks the US will make its own stablecoin, and somehow earn interest on their bitcoin reserves, interested to see if this happens",0,0,0,2,[],[],[],https://pbs.twimg.com/profile_images/1722077520550559744/hJ3VmwhO_bigger.png,https://x.com/rccarlsonjr/status/1916265293594431611,tweet_id:1916265293594431611
Darrell Martin,@DarrellMartin_,2025-04-26T22:57:02.000Z,False,"#GPSUSDTEntry: 0.0181

Target 1: 0.0184 Target 2: 0.0188 Target 3: 0.0198Target 4: 0.0215#bitcoin #btc #eth #crypto #blockchain #forex #signal #cryptosignal ",0,0,0,22,"['#GPSUSDT', '#bitcoin', '#btc', '#eth', '#crypto', '#blockchain', '#forex', '#signal', '#cryptosignal', '']",[],"['\\u2705', '\\u2705', '\\u2705', '\\u2b07\\ufe0f']",https://pbs.twimg.com/profile_images/1880040717700976640/x6oi6U3D_bigger.jpg,https://x.com/DarrellMartin_/status/1916265289135673422,tweet_id:1916265289135673422
Chasen,@Chasen363550,2025-04-26T22:56:59.000Z,False,"Over the past few days, we’ve overhauled two of our four characters, making them more responsive, versatile, and better aligned with our evolving gameplay system.  Lets go Last Salvation!#nestree #nestreexyz #web3 #bitcoin #Cryptocurrencyhttps://nestree.xyz/posts/83564182?utm_source=manual….",0,0,0,10,"['#nestree', '#nestreexyz', '#web3', '#bitcoin', '#Cryptocurrency']",[],[],https://pbs.twimg.com/profile_images/1878277121355010048/8_O9vqtW_bigger.jpg,https://x.com/Chasen363550/status/1916265279056974311,tweet_id:1916265279056974311
Bitcoin Thanos,@BitcoinThanos,2025-04-26T22:56:58.000Z,True,"I dont know but I would be happy with 1200. But at the same time it feels to low. And then I wonder if this bullrun will be longer. 

You are mister chartman what are your thoughts on highest?",0,0,0,4,[],[],[],https://pbs.twimg.com/profile_images/1883165604846145536/P8gPWG7U_bigger.jpg,https://x.com/BitcoinThanos/status/1916265275759927505,tweet_id:1916265275759927505
NEYA,@NeyaBot,2025-04-26T22:56:57.000Z,True,$850K sounds crazy... until it doesn’t. Bitcoin's story is still being written.,0,0,0,2,[],[],"['\\U0001f4c8', '\\U0001f440']",https://pbs.twimg.com/profile_images/1912590871104548864/itdmr7eh_bigger.jpg,https://x.com/NeyaBot/status/1916265270617743613,tweet_id:1916265270617743613
Matthew STEVENS-WALL - AKA BITCOIN - MAGA,@MatthewWALL481,2025-04-26T22:56:56.000Z,True,,0,0,0,0,[],[],[],https://pbs.twimg.com/profile_images/1768648508402204672/5CX0JZyH_bigger.jpg,https://x.com/MatthewWALL481/status/1916265266801217986,tweet_id:1916265266801217986
₿ Raider,@BitcoinRaider,2025-04-26T23:04:31.000Z,True,I sold my antique #tesla for a manly #slate truck!    ,0,0,0,0,"['#tesla', '#slate']","['@slateauto', '@Tesla', '@elonmusk']",['\\U0001f6fb'],https://pbs.twimg.com/profile_images/1915970581943427072/HKHWz0Si_bigger.jpg,https://x.com/BitcoinRaider/status/1916267172520775715,tweet_id:1916267172520775715
"Rajat Soni, CFA",@rajatsonifnance,2025-04-26T23:04:26.000Z,True,"As much as I respect what  is doing...

This is completely inaccurate

OTC desks don't run out of BitcoinOTC desks are just a middleman for people who want to find buyers

If the price goes up even a little bit, more sellers will go to OTC desks and use their",0,0,0,0,[],['@Dennis_Porter_'],[],https://pbs.twimg.com/profile_images/1516875106454224896/B51-9qxJ_bigger.jpg,https://x.com/rajatsonifnance/status/1916267151536591182,tweet_id:1916267151536591182
Bitcoin Archive,@BTC_Archive,2025-04-26T23:04:25.000Z,True,"Thank you Mac  
Very kind of you.",0,0,0,0,[],[],['\\U0001fae1'],https://pbs.twimg.com/profile_images/1698747465178959872/oT_AJ0eq_bigger.jpg,https://x.com/BTC_Archive/status/1916267146943877500,tweet_id:1916267146943877500
P͎R͎O͎F͎I͎T͎ P͎R͎O͎P͎H͎E͎T͎,@ProfitProphet9,2025-04-26T23:04:24.000Z,False,"What they offer:
$ limit on ATM and Money Orders per day 'to protect your account'. Need special permission to increase limit and only does it temporarily 

What Bitcoin offers:
Peer to Peer 
Wallet to wallet 
Permission less 
Low fees",0,0,0,0,[],[],[],https://pbs.twimg.com/profile_images/1860374621687525377/t7cksAfE_bigger.jpg,https://x.com/ProfitProphet9/status/1916267146872565920,tweet_id:1916267146872565920
James Norman,@Jamesrecoveryy,2025-04-26T23:04:19.000Z,False,"If you've lost funds, consider exploring options for recovering your assets from a trusted recovery service for support with #USDT, #Bitcoin, or other assets. #CryptoRecovery #CryptoScam #USDT #Bitcoin #Sonardex #dilobit #binanzor #genemybit #paypox #elocoin #Geradex #bydbits",0,0,0,0,"['#USDT', '#Bitcoin', '#CryptoRecovery', '#CryptoScam', '#USDT', '#Bitcoin', '#Sonardex', '#dilobit', '#binanzor', '#genemybit', '#paypox', '#elocoin', '#Geradex', '#bydbits']",[],[],https://pbs.twimg.com/profile_images/1890120044098560000/aNVIANQA_bigger.jpg,https://x.com/Jamesrecoveryy/status/1916267123036323989,tweet_id:1916267123036323989
Cory.kas,@s98746_cory,2025-04-26T23:04:18.000Z,True,"- DXY is already under 100 which is a great start, and will drop more.
 - ukr/rus would help, but Bitcoin is a hedge against instability so I don't believe this matters as much.
 - Again Tariffs against China are helping weaken the DXY, and the more it weakens, the more money",0,0,0,1,[],[],[],https://pbs.twimg.com/profile_images/1897805139945172992/Rrvb4RbR_bigger.jpg,https://x.com/s98746_cory/status/1916267121577017558,tweet_id:1916267121577017558
Sean Mackey,@smack002,2025-04-26T23:04:18.000Z,True,"Unpopular take:$TSLA has a solid chance of outperforming $BTC next 5-10 yrs.

Robotaxis + Optimus will simply give a higher CAGR than ‘digital gold’.

I believe this is why  seems to ignore Bitcoin nowadays—it’s a competing asset.",0,0,0,3,[],['@elonmusk'],[],https://pbs.twimg.com/profile_images/1826688999387287553/WmgM0dCj_bigger.jpg,https://x.com/smack002/status/1916267117927711002,tweet_id:1916267117927711002
Stone Kolowaka,@CryptoControlls,2025-04-26T23:04:10.000Z,True,#Bitcoin,0,0,0,2,['#Bitcoin'],[],[],https://pbs.twimg.com/profile_images/1882282086196985856/uY42sLcW_bigger.jpg,https://x.com/CryptoControlls/status/1916267088060289467,tweet_id:1916267088060289467
John Galt,@johnn_galtt,2025-04-26T23:04:10.000Z,False,Então obrigado ethereum por permitir que eu comprasse Bitcoin barato por mais tempo,0,0,0,1,[],[],[],https://pbs.twimg.com/profile_images/1324795713071493122/6AtA9VlZ_bigger.jpg,https://x.com/johnn_galtt/status/1916267085165985984,tweet_id:1916267085165985984
The Bitcoin Debt Clock,@BTCDebtClock,2025-04-26T23:04:06.000Z,False,Boondoggle!!!,0,0,0,3,[],[],[],https://pbs.twimg.com/profile_images/1768740727964749824/X1C6hJHS_bigger.jpg,https://x.com/BTCDebtClock/status/1916267070939095096,tweet_id:1916267070939095096
RISKBIT,@riskbitcorp,2025-04-26T23:04:01.000Z,False," Ethereum Prediction  AI predicts as follows.

AppStore: https://shorturl.at/26Ap3Anroid: https://shorturl.at/Vy8DU#Bitcoin #Crypto #cryptocurrency #BTC #AI #Quant #Ethereum #ETHUSDT",0,0,0,4,"['#Bitcoin', '#Crypto', '#cryptocurrency', '#BTC', '#AI', '#Quant', '#Ethereum', '#ETHUSDT']",[],"['\\U0001f525', '\\U0001f525', '\\U0001f447']",https://pbs.twimg.com/profile_images/1755043272106680320/5UQjZnfl_bigger.jpg,https://x.com/riskbitcorp/status/1916267049023901972,tweet_id:1916267049023901972
CreativeDude,@creativeburne,2025-04-26T23:04:00.000Z,True,Bitcoin is digital capital,0,0,0,2,[],[],[],https://pbs.twimg.com/profile_images/1914262773216792576/VgpS249o_bigger.jpg,https://x.com/creativeburne/status/1916267045139734840,tweet_id:1916267045139734840
Faysal,@TheFaysalchad,2025-04-26T23:03:58.000Z,False,"Super Tired of it. With Bitcoin pumping, they'll be calling for altseason too.",0,0,0,3,[],[],[],https://pbs.twimg.com/profile_images/1652261241543434241/vhLHTN8H_bigger.jpg,https://x.com/TheFaysalchad/status/1916267036134805997,tweet_id:1916267036134805997
Rebelrider,@Rebelrider65,2025-04-26T23:03:57.000Z,True,Bitcoin ,0,0,0,3,[],[],"['\\U0001f60e', '\\U0001f9e1']",https://pbs.twimg.com/profile_images/1901432738231529472/9Gb-2tix_bigger.jpg,https://x.com/Rebelrider65/status/1916267029637828961,tweet_id:1916267029637828961
James Norman,@Jamesrecoveryy,2025-04-26T23:03:56.000Z,False,"If you’ve lost funds, consider recovery options through a trusted service for assistance with #USDT, #Bitcoin, or other assets.#CryptoRecovery #CryptoScam #USDT #Bitcoin #Sonardex #dilobit #binanzor #genemybit #paypox #elocoin #Geradex #bydbits",0,0,0,1,"['#USDT', '#Bitcoin', '#CryptoRecovery', '#CryptoScam', '#USDT', '#Bitcoin', '#Sonardex', '#dilobit', '#binanzor', '#genemybit', '#paypox', '#elocoin', '#Geradex', '#bydbits']",[],[],https://pbs.twimg.com/profile_images/1890120044098560000/aNVIANQA_bigger.jpg,https://x.com/Jamesrecoveryy/status/1916267029067092193,tweet_id:1916267029067092193
Hvitdverg,@TheHvitdverg,2025-04-26T23:03:55.000Z,False,"Hvordan kan du vite når Bitcoin nærmer seg toppen?

VG/DB vil poste om det daglig.
Bestemor, kollegaer og tilfeldige folk vil begynne å spørre deg om råd og tips. 

Folk du ikke har hørt fra på flere år vil kontakte deg om råd. 

Slapp av, markedet er ikke der enda.",0,0,0,2,[],[],[],https://pbs.twimg.com/profile_images/1885072497978023937/zPaT-EtZ_bigger.jpg,https://x.com/TheHvitdverg/status/1916267023824196024,tweet_id:1916267023824196024
We Goes,@wegoescrypto,2025-04-26T23:03:55.000Z,True,"Pagi all web3 & Kripto lover Kali ini saya akan membahas tentang "" Quantum Komputer "" dari versi yg saya ketahuiQuantum Computer vs Crypto: Apakah Ini Akhir dari Bitcoin ?Quantum computer = mesin super canggih yang menghitung jauh lebih cepat dari komputer biasa.",0,0,0,2,[],[],"['\\u2615', '\\U0001f64f', '\\U0001f914']",https://pbs.twimg.com/profile_images/1913121416586919936/Mj16mCvp_bigger.jpg,https://x.com/wegoescrypto/status/1916267023816134957,tweet_id:1916267023816134957
Omni Ventures,@omni__ventures,2025-04-26T23:03:55.000Z,False,"How the US Govt starts buying Bitcoin and Gold

Short the dollar, buy assetshttps://youtube.com/shorts/iFQMgkVF9Gs?si=Ljz42VuafM2iFSZK…",0,0,0,2,[],[],[],https://pbs.twimg.com/profile_images/1696348480787148800/WRRZspWw_bigger.jpg,https://x.com/omni__ventures/status/1916267023790739843,tweet_id:1916267023790739843
uranium investor,@tailor488058,2025-04-26T23:03:52.000Z,True,#Bitcoin,0,0,0,5,['#Bitcoin'],[],[],https://pbs.twimg.com/profile_images/1843399519506952193/ZoSrqas8_bigger.jpg,https://x.com/tailor488058/status/1916267010083668328,tweet_id:1916267010083668328
Matthew STEVENS-WALL - AKA BITCOIN - MAGA,@MatthewWALL481,2025-04-26T23:03:48.000Z,True,,0,0,0,2,[],[],[],https://pbs.twimg.com/profile_images/1768648508402204672/5CX0JZyH_bigger.jpg,https://x.com/MatthewWALL481/status/1916266993704984901,tweet_id:1916266993704984901
The ₿itcoinLibertarian,@TheBitcoin__,2025-04-26T23:03:47.000Z,True,"Bitcoin is reshaping how we think, connect, and empower ourselves in every aspect of life.",0,0,0,1,[],[],[],https://pbs.twimg.com/profile_images/1569660901019758592/SY2FN5SN_bigger.jpg,https://x.com/TheBitcoin__/status/1916266989783552048,tweet_id:1916266989783552048
Jay Varty,@Jay_Varty,2025-04-26T23:03:43.000Z,True,Happy to have a chunk of that Bitcoin gain every quarter.,0,0,0,9,[],[],[],https://pbs.twimg.com/profile_images/1758871115521536001/Hup-bA9I_bigger.jpg,https://x.com/Jay_Varty/status/1916266971802538331,tweet_id:1916266971802538331
The Bitcoin Debt Clock,@BTCDebtClock,2025-04-26T23:03:43.000Z,False,But I thought that China is a strong independent woman that don’t need no man…,0,0,0,3,[],[],[],https://pbs.twimg.com/profile_images/1768740727964749824/X1C6hJHS_bigger.jpg,https://x.com/BTCDebtClock/status/1916266971253084431,tweet_id:1916266971253084431
Blockwork Orange,@BlocktimeOrange,2025-04-26T23:03:42.000Z,False,Meine herzliche Empfehlung: Bitcoin-Bildung! #StudyBitcoin,0,0,0,1,['#StudyBitcoin'],[],['\\U0001f9e1'],https://pbs.twimg.com/profile_images/1858965187333672961/NNPHlhaI_bigger.png,https://x.com/BlocktimeOrange/status/1916266967092039730,tweet_id:1916266967092039730
nobodat,@nobodat,2025-04-26T23:03:41.000Z,True," Polkadot fue de $55 a $3,5 desde el 2020, mientras mejoró todo su ecosistema. Ahora, con ETFs en camino y Trump promoviendo las criptomonedas, ¿continuará siendo subestimada? $DOT #Altcoins #Criptomonedas #Bitcoin",0,0,0,6,"['#Altcoins', '#Criptomonedas', '#Bitcoin']",[],"['\\U0001f680', '\\U0001f440']",https://pbs.twimg.com/profile_images/1066168179762896896/Zq5efKDy_bigger.jpg,https://x.com/nobodat/status/1916266963497849275,tweet_id:1916266963497849275
Yugocana,@0to1bitcoin,2025-04-26T23:03:33.000Z,True,"Now it's time to post an underrated historical hero.

I'll start, Marshal Josip Broz Tito",0,0,0,9,[],[],[],https://pbs.twimg.com/profile_images/1692640878068629505/sDuFl1Vw_bigger.jpg,https://x.com/0to1bitcoin/status/1916266931419811922,tweet_id:1916266931419811922
agent smith,@agen7sm17h,2025-04-26T23:03:31.000Z,True,"ty sirthat's wut i'm gonna do with my new found wealth
and ty #bitcoin",0,0,0,7,['#bitcoin'],[],['\\U0001f64f'],https://pbs.twimg.com/profile_images/1911104102370557952/E2URdprp_bigger.jpg,https://x.com/agen7sm17h/status/1916266923794567367,tweet_id:1916266923794567367
bitcoin di coin,@bitcoindicoin,2025-04-26T23:03:31.000Z,False,"İstanbul'a metro mu lazım?
Köprü mü lazım?
Deprem planı mı?
Yok kardeşim, bant var bant!
Her derdin ilacı:
➔ Jammer Eko'nun bantı! #BantlaÇözüm #JammerEko",0,0,0,92,"['#BantlaÇözüm', '#JammerEko']",[],"['\\U0001f3a5', '\\U0001fa79']",https://pbs.twimg.com/profile_images/1438109916288491521/iv6FtbTe_bigger.jpg,https://x.com/bitcoindicoin/status/1916266921621680610,tweet_id:1916266921621680610
Creator JD ( Building PAYMANIA) 0_______0,@dej66881970,2025-04-26T23:03:31.000Z,True,"Bitcoin Thunderbolt is insane.

Sent in 2.658s — 271x speed, 99.63% faster.

Can’t believe this is all on mainnet.  nailed it.

Beat my record ",0,0,0,6,[],['@nubit_org'],['\\U0001f449'],https://pbs.twimg.com/profile_images/1903086879119138816/23EoC8Ki_bigger.jpg,https://x.com/dej66881970/status/1916266921529405699,tweet_id:1916266921529405699
Musty,@MustyDiapers,2025-04-26T23:03:30.000Z,True,Time to hunt,0,0,0,4,[],[],[],https://pbs.twimg.com/profile_images/1899630064402128896/MECymCEH_bigger.jpg,https://x.com/MustyDiapers/status/1916266918836576571,tweet_id:1916266918836576571
Amdel Trades,@AmdelTrades,2025-04-26T23:03:30.000Z,True,"Bitcoin is what helped Strategy to survive from the crash

And it can do this again for governments",0,0,0,5,[],[],[],https://pbs.twimg.com/profile_images/1888424667775463424/V15X3Uha_bigger.jpg,https://x.com/AmdelTrades/status/1916266916379058435,tweet_id:1916266916379058435
CryptoFit,@randrewcworth,2025-04-26T23:03:29.000Z,True,How many of you own 1 Bitcoin? Is this now normal or is it now considered rare?,0,0,0,8,[],[],[],https://pbs.twimg.com/profile_images/1911488155267596289/SI1H7yj5_bigger.jpg,https://x.com/randrewcworth/status/1916266914885865878,tweet_id:1916266914885865878
noderunner,@noderunner9,2025-04-26T23:03:28.000Z,False,How do you ensure the crypto is backed by gold? Cant someone trade for bitcoin the same way you trade with gold?,0,0,0,6,[],[],[],https://pbs.twimg.com/profile_images/1869046995240747008/-k5siHPp_bigger.jpg,https://x.com/noderunner9/status/1916266911874142439,tweet_id:1916266911874142439
˚₊‧꒰ა YURI ໒꒱ ‧₊˚ Azul’s Lover,@AzulsBitcoin,2025-04-26T23:03:28.000Z,False,AzulsBitcoin promises to be a reliable oomf and answer inquiries better than grok,0,0,0,5,[],[],[],https://pbs.twimg.com/profile_images/1909815108605476864/_8XPeUhx_bigger.jpg,https://x.com/AzulsBitcoin/status/1916266908346945709,tweet_id:1916266908346945709
Cytro,@cytrohere,2025-04-26T23:03:27.000Z,True,"bet you said that about bitcoin too, didn't you?",0,0,0,8,[],[],[],https://pbs.twimg.com/profile_images/1827397635130445824/Dv2TiO5P_bigger.jpg,https://x.com/cytrohere/status/1916266905897517377,tweet_id:1916266905897517377
Whales Signals 100x Official,@Whales_signals1,2025-04-26T23:03:22.000Z,True,"BREAKING: MICHAEL SAYLOR JUST SAID, ""IF PEOPLE KNEW WHAT I KNEW, BITCOIN WOULD GO TO $10 MILLION TOMORROW.”",0,0,0,4,[],[],['\\U0001f6a8'],https://pbs.twimg.com/profile_images/1907749927737872384/uyYS_iD0_bigger.jpg,https://x.com/Whales_signals1/status/1916266884648915369,tweet_id:1916266884648915369
Oinktoshi $BITCOIN,@WovenDissent,2025-04-26T23:03:21.000Z,False,"Looking fucking YOKED my G 

Keep up the good work!",0,0,0,7,[],[],[],https://pbs.twimg.com/profile_images/1883317293804855296/c3_KZ9eQ_bigger.jpg,https://x.com/WovenDissent/status/1916266880479776824,tweet_id:1916266880479776824
"Abescolearn.L2|@SlingShotDAO.plena) (✸,✸)",Abescolearn.L2|@SlingShotDAO,2025-04-26T23:03:20.000Z,False,"Bitcoin Thunderbolt is not your typical Bitcoin.

2.654s on the clock. 99.63% faster. 271x the standard.

Can’t believe this is all on mainnet.  nailed it.

Beat my record ",0,0,0,5,[],['@nubit_org'],['\\U0001f449'],https://pbs.twimg.com/profile_images/1875515448055263232/1DLiuSLr_bigger.jpg,https://x.com/Abescolearn/status/1916266877648556270,tweet_id:1916266877648556270
cardchancer,@cardchancer,2025-04-26T23:03:19.000Z,True,"When the world catches onto Bitcoin and Art on Bitcoin, one group of collections will stand out for the way they were inscribed. Those are the  collections. OCM Genesis, OCM Dimensions 300, OCM Katoshi Classic, OCM Katoshi Prime and, OCM Celestials. 
!RISE to",0,0,0,9,[],['@OnChainMonkey'],[],https://pbs.twimg.com/profile_images/1910890074885005312/Z7E4FAV8_bigger.jpg,https://x.com/cardchancer/status/1916266872322011224,tweet_id:1916266872322011224
Oil Tycoon,@12376238644d,2025-04-26T23:03:19.000Z,False,-Level 14: I have to hide as much silver as I possible can in my house,0,0,0,9,[],[],[],https://pbs.twimg.com/profile_images/1505691194944327683/1RpLiEs1_bigger.jpg,https://x.com/12376238644d/status/1916266870195314745,tweet_id:1916266870195314745
AAAAAAAAAAAaaaaaaaa,@NSystem6361613,2025-04-26T23:03:18.000Z,False,"Fred, what happened to #bitcoin when inflation skyrocketed in 2022 ",0,0,0,6,['#bitcoin'],[],['\\U0001f602'],https://pbs.twimg.com/profile_images/1899840386329432064/I2UuBhqf_bigger.jpg,https://x.com/NSystem6361613/status/1916266868228427893,tweet_id:1916266868228427893
soom,@cnsoom,2025-04-26T23:03:13.000Z,True,"The First pumpfun EVER 

found on the bitcoin forums in 2017.

wont be this low for long. 

8CZtx6PCAtdemEJvp48ify2fkZLWeyLEXAkQuqMHpump",0,0,0,15,[],[],[],https://pbs.twimg.com/profile_images/1915567478870335491/ZDcD6fVd_bigger.jpg,https://x.com/cnsoom/status/1916266847747641416,tweet_id:1916266847747641416
The ₿itcoinLibertarian,@TheBitcoin__,2025-04-26T23:03:12.000Z,True,"Strong, unyielding, and built to last—no flimsy fiat can shake its foundation.",0,0,0,10,[],[],[],https://pbs.twimg.com/profile_images/1569660901019758592/SY2FN5SN_bigger.jpg,https://x.com/TheBitcoin__/status/1916266844115423276,tweet_id:1916266844115423276
𝐘𝐄𝐌𝐇𝐈𝐙,@Web_3Yemhiz,2025-04-26T23:03:11.000Z,False,Bitcoin is power,0,0,0,4,[],[],['\\U0001f4aa\\U0001f3fe'],https://pbs.twimg.com/profile_images/1910141285643481088/fCRkC4KF_bigger.jpg,https://x.com/Web_3Yemhiz/status/1916266839824601178,tweet_id:1916266839824601178
CRYPTOSLO,@BitcoinSLO,2025-04-26T23:03:06.000Z,True,OF SINGLE FOR ME!,0,0,0,6,[],[],[],https://pbs.twimg.com/profile_images/1892940526191628288/h2wZSjy6_bigger.jpg,https://x.com/BitcoinSLO/status/1916266817452183759,tweet_id:1916266817452183759
BitDraw.io,@bitdrawiobot,2025-04-26T23:03:02.000Z,False,"The latest round of the $USDT Hourly lottery is now underway.
Enlist and bag crypto prizes!
Get your spot at https://bitdraw.io #lottery #bitcoin #xrp #trc20  #currency  #lotto  #chance  #erc20",0,0,0,16,"['#lottery', '#bitcoin', '#xrp', '#trc20', '#currency', '#lotto', '#chance', '#erc20']",[],[],https://pbs.twimg.com/profile_images/1745112906302099456/6MbmkPj-_bigger.jpg,https://x.com/bitdrawiobot/status/1916266802004316553,tweet_id:1916266802004316553
pitter hopson,@HopsonPitt83573,2025-04-26T23:02:59.000Z,False,"BTC Sentiment (Price $62100) What's next for Bitcoin?

Discord Link Here *-&|  ? http://discord.gg/s6CE3WCqnF$AAPL $TSLA $AMZN $MSFT $GOOGL $FB $NFLX $NVDA $AMD $BABA $BA $T $BAC $JPM $XOM $WMT $V",0,0,0,44,[],[],"['\\U0001f4a1', '\\U0001f449']",https://pbs.twimg.com/profile_images/1813319578358874112/VC7-wAEG_bigger.jpg,https://x.com/HopsonPitt83573/status/1916266786556965150,tweet_id:1916266786556965150
Bitcoin Existencial,@btcexistencial,2025-04-26T23:02:58.000Z,False,"$paperclip 𝗔𝗟𝗘𝗥𝗧 𝗦𝗖𝗔𝗠 𝗦𝗢𝗟𝗔𝗡𝗔 𝗡𝗮𝗺𝗲:flip house
𝗔𝗱𝗱𝗿𝗲𝘀𝘀: GLeWRGNtMZibkf9zTSEjfssnaN2WCnKiBcZDiYe3pump𝗠𝗮𝗿𝗸𝗲𝘁 𝗖𝗮𝗽: $665,000 USD 𝗛𝗼𝗹𝗱𝗲𝗿𝘀: 2900 𝐈𝐧𝐬𝐢𝐝𝐞𝐫𝐬: 100.00% 𝗖𝗿𝗲𝗮𝘁𝗼𝗿: CL8cS3KUGboEstdLUJi1XXq6KzKbdaFAL7TQjEEgL7hr",0,0,0,17,[],[],"['\\U0001f6a8', '\\U0001f4b0', '\\U0001f465', '\\U0001f51d', '\\U0001f58c\\ufe0f']",https://pbs.twimg.com/profile_images/1490852005144838148/Geq4OXy3_bigger.jpg,https://x.com/btcexistencial/status/1916266785445232907,tweet_id:1916266785445232907
Valor Bitcoin USD & EUR & cambios.,@alerta_bitcoin,2025-04-26T23:02:58.000Z,True,"#BTC #Bitcoin (Rank #1)
94,878 $  &  83,455 €
ATH -> 20/01/2025 -> 109,114 $  &  95,977 €1h -> +0.45 %24h -> -0.04 %7d -> +11.3 %30d -> +8.75 %90d -> -8.67 %1y -> +48.76 %5y -> +1116.58 %",0,0,0,7,"['#BTC', '#Bitcoin']",[''],"['\\U0001f7e2', '\\U0001f534', '\\U0001f7e2', '\\U0001f7e2', '\\U0001f534', '\\U0001f7e2', '\\U0001f7e2', '\\U0001f7e2']",https://pbs.twimg.com/profile_images/1795766263819497472/g84oCgYG_bigger.jpg,https://x.com/alerta_bitcoin/status/1916266784908288503,tweet_id:1916266784908288503
The Bitcoin Debt Clock,@BTCDebtClock,2025-04-26T23:02:57.000Z,False,,0,0,0,3,[],[],[],https://pbs.twimg.com/profile_images/1768740727964749824/X1C6hJHS_bigger.jpg,https://x.com/BTCDebtClock/status/1916266779263045710,tweet_id:1916266779263045710
The ₿itcoinLibertarian,@TheBitcoin__,2025-04-26T23:07:30.000Z,True,no central authority can alter its course.,0,0,0,0,[],[],[],https://pbs.twimg.com/profile_images/1569660901019758592/SY2FN5SN_bigger.jpg,https://x.com/TheBitcoin__/status/1916267926396801039,tweet_id:1916267926396801039
Willow Homestead,@WillowHomestd,2025-04-26T23:07:29.000Z,True,bitcoin,0,0,0,0,[],[],[],https://pbs.twimg.com/profile_images/1881803027943702528/e7rEFHTv_bigger.jpg,https://x.com/WillowHomestd/status/1916267920830685512,tweet_id:1916267920830685512
nobodat,@nobodat,2025-04-26T23:07:27.000Z,True,"Bitcoin ahora representa el 63% de la capitalización total del mercado cripto, su nivel más alto desde principios de 2021. Su dominancia sigue creciendo mientras muchos esperan que suceda la rotación hacia Ethereum y otras altcoins.$BTC #AltcoinSeason #Cripto #Bitcoin",0,0,0,0,"['#AltcoinSeason', '#Cripto', '#Bitcoin']",[],"['\\U0001f4ca', '\\U0001f4a1']",https://pbs.twimg.com/profile_images/1066168179762896896/Zq5efKDy_bigger.jpg,https://x.com/nobodat/status/1916267912161067234,tweet_id:1916267912161067234
My Bitcoin Cousin,@MyBitcoinCousin,2025-04-26T23:07:27.000Z,True,"Energy itself is everywhere and technically “free” — but capturing, converting, and delivering it costs effort, resources, and organization.",0,0,0,0,[],[],[],https://pbs.twimg.com/profile_images/1885009833012686848/FthtqGM4_bigger.jpg,https://x.com/MyBitcoinCousin/status/1916267912022683947,tweet_id:1916267912022683947
Sidd,@alchemist21M,2025-04-26T23:07:22.000Z,True,Bitcoin,0,0,0,0,[],[],[],https://pbs.twimg.com/profile_images/1905114898847465472/iiNn58Ii_bigger.jpg,https://x.com/alchemist21M/status/1916267890455810111,tweet_id:1916267890455810111
Ragnar,@naija_bitcoin,2025-04-26T23:07:17.000Z,False,...and he didn't disappoint truly. Saif is a legend as always! ,0,0,0,1,[],[],['\\U0001f60a'],https://pbs.twimg.com/profile_images/1877735253441171456/33mU_iA__bigger.jpg,https://x.com/naija_bitcoin/status/1916267871375704173,tweet_id:1916267871375704173
The ₿itcoinLibertarian,@TheBitcoin__,2025-04-26T23:07:17.000Z,True,"Consistent, secure, and predictable.",0,0,0,0,[],[],[],https://pbs.twimg.com/profile_images/1569660901019758592/SY2FN5SN_bigger.jpg,https://x.com/TheBitcoin__/status/1916267868523839736,tweet_id:1916267868523839736
ihsaaaannnnnn,@MUHAMMEDIH45474,2025-04-26T23:07:14.000Z,False,"not 
added my addy",0,0,0,0,[],[],[],https://pbs.twimg.com/profile_images/1905226749329477633/HYk9nFnI_bigger.jpg,https://x.com/MUHAMMEDIH45474/status/1916267857463415064,tweet_id:1916267857463415064
cryptonater,@NathanS76447418,2025-04-26T23:07:13.000Z,True, is describing #XRP here. He still thinks it bitcoin.  That's okay he can pretend,0,0,0,0,['#XRP'],['@jackmallers'],[],https://pbs.twimg.com/profile_images/1458405877921239041/BjV2XJiB_bigger.png,https://x.com/NathanS76447418/status/1916267854476796346,tweet_id:1916267854476796346
0xHolliday,@0xHolliday,2025-04-26T23:07:08.000Z,True,$Dog (Bitcoin),0,0,0,0,[],[],[],https://pbs.twimg.com/profile_images/1890241557917495302/mdkXcuPo_bigger.jpg,https://x.com/0xHolliday/status/1916267833321025585,tweet_id:1916267833321025585
Hornet Hodl,@BitcoinHornet,2025-04-26T23:07:07.000Z,True,"I keep seeing people argue for buying MSTY for the dividend and selling right after, so I wanted to research the performance after each dividend date. Here's the results

Avg $ amount decline on x-date: -$1.93
Avg decline on x-date as a percentage of the dividend: -85%
Avg MSTY",0,0,0,2,[],[],[],https://pbs.twimg.com/profile_images/1783576701017972736/7zqiDtip_bigger.jpg,https://x.com/BitcoinHornet/status/1916267829768196525,tweet_id:1916267829768196525
Bitcoin Little Carmine,@bitcoincarmine,2025-04-26T23:07:05.000Z,True,Girls want a guy who looks like he is perpetually bulking (yes that means you have to workout too),0,0,0,4,[],[],[],https://pbs.twimg.com/profile_images/1668024080497246212/ufJOat63_bigger.jpg,https://x.com/bitcoincarmine/status/1916267821081792681,tweet_id:1916267821081792681
Noirtopia,@NoirtopiaNFT,2025-04-26T23:07:04.000Z,True,Join the discord server Musty,0,0,0,0,[],[],['\\U0001faf6\\U0001f3fc'],https://pbs.twimg.com/profile_images/1907406454551683072/kURp7Mx__bigger.jpg,https://x.com/NoirtopiaNFT/status/1916267816820638045,tweet_id:1916267816820638045
Xan Nick,@xan_nick,2025-04-26T23:07:00.000Z,True,So you don’t think Bitcoin and M2 have any relationship? And Bitcoin isn’t going above 200K?,0,0,0,2,[],[],[],https://pbs.twimg.com/profile_images/1472031046376038400/7vncReVi_bigger.jpg,https://x.com/xan_nick/status/1916267799527239794,tweet_id:1916267799527239794
Jean-Luc,@jlucmordoh,2025-04-26T23:06:56.000Z,True,"Transfert d’argent, c’est mieux que Western Union. #Bitcoin",0,0,0,0,['#Bitcoin'],[],[],https://pbs.twimg.com/profile_images/1911514800200286208/dsvNpHb9_bigger.jpg,https://x.com/jlucmordoh/status/1916267780644499533,tweet_id:1916267780644499533
ビットコイン bot RSI(JST)　仮想通貨　GMO API 自動取引中 年率+12％,@bitcoin_bot369,2025-04-26T23:06:55.000Z,False,"2025/4/27:8
[]",0,0,0,0,[],[],[],https://pbs.twimg.com/profile_images/1579101685339021312/0081Y9Pz_bigger.jpg,https://x.com/bitcoin_bot369/status/1916267780065947818,tweet_id:1916267780065947818
BitcoinHaber,@bitcoinhabernet,2025-04-26T23:06:47.000Z,False,Bitcoin Yatırımında Kurumsal Hamlelerin Geleceği Ne Olacak?,0,0,0,3,[],[],[],https://pbs.twimg.com/profile_images/1912035006169403392/ERTGNs3T_bigger.jpg,https://x.com/bitcoinhabernet/status/1916267744514679196,tweet_id:1916267744514679196
Musty,@MustyDiapers,2025-04-26T23:06:46.000Z,True,Gib it,0,0,0,6,[],[],[],https://pbs.twimg.com/profile_images/1899630064402128896/MECymCEH_bigger.jpg,https://x.com/MustyDiapers/status/1916267739800330272,tweet_id:1916267739800330272
Sharp.,@TheSecretBetSoc,2025-04-26T23:06:44.000Z,True,"In the Genesis Block, Satoshi embedded a message:

""The Times 03/Jan/2009 Chancellor on brink of second bailout for banks.""Bitcoin was built as an answer to corruption.

Let's not forget that.",0,0,0,8,[],[],[],https://pbs.twimg.com/profile_images/1896725541731942400/Bg0TW0NL_bigger.jpg,https://x.com/TheSecretBetSoc/status/1916267732791681107,tweet_id:1916267732791681107
Grok,@grok,2025-04-26T23:06:43.000Z,True,"Bitcoin's history suggests a promising yet volatile future. Its 41,900% growth over 10 years, driven by halvings, institutional adoption, and tech like the Lightning Network, supports optimism for 2025, with predictions ranging from $100,000 to $200,000. However, regulatory risks",0,0,0,6,[],[],[],https://pbs.twimg.com/profile_images/1893219113717342208/Vgg2hEPa_bigger.jpg,https://x.com/grok/status/1916267728379478322,tweet_id:1916267728379478322
Jimi,@CriptoZorro,2025-04-26T23:06:42.000Z,True,"Getting lots of new tools in Mexico and I'm finding it very easy to orange pill them because it solves major issues, like driving hours to a bank, store, just to pay a bill or someone. Bitcoin backed debit cards and simple POS systems are making it easy and it's legal for them to",0,0,0,4,[],[],[],https://pbs.twimg.com/profile_images/1549899130117300225/uJ3pa1Hf_bigger.jpg,https://x.com/CriptoZorro/status/1916267724315234328,tweet_id:1916267724315234328
Yugocana,@0to1bitcoin,2025-04-26T23:06:41.000Z,True,"I only drink gourmet, fair-trade coffee.
You know why?
'Cause I’m not a savage.
And neither should you be.
Life’s too short for crap coffee, man.

Stack some fucking sats and give all glory to God!",0,0,0,6,[],[],[],https://pbs.twimg.com/profile_images/1692640878068629505/sDuFl1Vw_bigger.jpg,https://x.com/0to1bitcoin/status/1916267719109824596,tweet_id:1916267719109824596
The ₿itcoinLibertarian,@TheBitcoin__,2025-04-26T23:06:40.000Z,True,"unstoppable, immutable, and built for the future.",0,0,0,3,[],[],[],https://pbs.twimg.com/profile_images/1569660901019758592/SY2FN5SN_bigger.jpg,https://x.com/TheBitcoin__/status/1916267715372978312,tweet_id:1916267715372978312
"DCA , BITCOIN HOLDER .",@MIGUELV99355889,2025-04-26T23:06:40.000Z,False,HE COULD'VE BEEN NAKED FOR FOR ALL THE FUCK I CARE.,0,0,0,5,[],[],[],https://pbs.twimg.com/profile_images/1907264841338748928/BqkNSYg6_bigger.jpg,https://x.com/MIGUELV99355889/status/1916267715112665444,tweet_id:1916267715112665444
˚₊‧꒰ა YURI ໒꒱ ‧₊˚ Azul’s Lover,@AzulsBitcoin,2025-04-26T23:06:35.000Z,False,I meaaaaaaaaaan,0,0,0,4,[],[],[],https://pbs.twimg.com/profile_images/1909815108605476864/_8XPeUhx_bigger.jpg,https://x.com/AzulsBitcoin/status/1916267692845371622,tweet_id:1916267692845371622
CodeNeo,@IamCodeNeo,2025-04-26T23:06:34.000Z,True,"Tell me about it.  Like, how to actually *profit* from a Bitcoin pump.  School never covered *that*.",0,0,0,3,[],[],[],https://pbs.twimg.com/profile_images/1905432907985928192/ZfpcO_Ui_bigger.jpg,https://x.com/IamCodeNeo/status/1916267690936725752,tweet_id:1916267690936725752
Ayman crypto,@AymanCloclo,2025-04-26T23:06:32.000Z,True,"سيسمح سيتي بنك CitiBank أحد أكبر البنوك الأمريكية، قريبا لعملائه بالاستثمار في ""البيتكوين والعملات المشفرة المختلفة"" مباشرة من حساباتهم المصرفية، وفقا ل WSJاذا كان خبر حقيقى فنحن فعلا دخلنا عصر ذهبى للعملات  الرقمية و أبشروا لإنفجار الأسعار فى هذا العام  ",0,0,0,5,[],"['@XRP', '@Bitcoin', '@ONDO']","['\\U0001f6a8', '\\U0001f448']",https://pbs.twimg.com/profile_images/1406181928219430914/_ihbb_t5_bigger.jpg,https://x.com/AymanCloclo/status/1916267680689971294,tweet_id:1916267680689971294
The ₿itcoinLibertarian,@TheBitcoin__,2025-04-26T23:06:31.000Z,True,"A new standard for wealth, security, and freedom",0,0,0,3,[],[],[],https://pbs.twimg.com/profile_images/1569660901019758592/SY2FN5SN_bigger.jpg,https://x.com/TheBitcoin__/status/1916267677322252720,tweet_id:1916267677322252720
Smvmxm,@smvmxm1,2025-04-26T23:06:31.000Z,True,"유튜브 채널 부활
BTC, ORDINALS, RUNES AND FBhttps://youtube.com@느프트#BITCOIN",0,0,0,5,['#BITCOIN'],[],[],https://pbs.twimg.com/profile_images/1864687060738609152/liVFB5BY_bigger.jpg,https://x.com/smvmxm1/status/1916267675921355160,tweet_id:1916267675921355160
Apple Trader,@illeniumBitcoin,2025-04-26T23:06:30.000Z,True,Needs a little HIMS,0,0,0,32,[],[],[],https://pbs.twimg.com/profile_images/1832283269469007872/DsQ--rk-_bigger.jpg,https://x.com/illeniumBitcoin/status/1916267674432377249,tweet_id:1916267674432377249
₿izarro Superman,@RunningmanSean,2025-04-26T23:06:29.000Z,True,"But, mining bitcoin uses too much energy",0,0,0,3,[],[],['\\U0001f926\\u200d\\u2642\\ufe0f'],https://pbs.twimg.com/profile_images/1829540949824770048/14-QWQi5_bigger.jpg,https://x.com/RunningmanSean/status/1916267670560772141,tweet_id:1916267670560772141
とっしー Tabi,@x3e9hpAkAz7Wluf,2025-04-26T23:06:28.000Z,False,"Bitcoinは94,000 USDTを下回る

Explore more key information on #SoSoValue: https://sosovalue.com/shares/sal0A #",0,0,0,3,['#SoSoValue'],[],[],https://pbs.twimg.com/profile_images/1584368627071193089/SPr0ZMga_bigger.jpg,https://x.com/x3e9hpAkAz7Wluf/status/1916267664194081280,tweet_id:1916267664194081280
SightBringer,@_The_Prophet__,2025-04-26T23:06:27.000Z,True,"Bitcoin is not power.

It is the signal that power must now bend to truth.

A living relic of incorruptibility.

A memory of order in a collapsing world.

The resurrection of time itself.",0,0,0,5,[],[],[],https://pbs.twimg.com/profile_images/1720546165647888385/d6h2SIQZ_bigger.jpg,https://x.com/_The_Prophet__/status/1916267661799182336,tweet_id:1916267661799182336
Angelique murray,@murray0402,2025-04-26T23:06:27.000Z,False,"$PEPE / $USD - Update

A reclaim of 11,000 will be a long from myself$SPY $TSLA $NVDA $QQQ $META $COIN $MSTR #BTC $AVGO $GEV $ORCL $ARM $NFLX #PEPE $PEPE #bitcoin #crypto #BTC #ETH #altcoin #trading #signal #copytrading #cryptosignal $USUAL #USUAL  #Cardiff #Macron #amici24",0,0,0,61,"['#BTC', '#PEPE', '#bitcoin', '#crypto', '#BTC', '#ETH', '#altcoin', '#trading', '#signal', '#copytrading', '#cryptosignal', '#USUAL', '#Cardiff', '#Macron', '#amici24']",[],[],https://pbs.twimg.com/profile_images/1856834317982339072/P-YABZnt_bigger.jpg,https://x.com/murray0402/status/1916267660523847817,tweet_id:1916267660523847817
Crypto Bobby,@CrenshawNews,2025-04-26T23:06:25.000Z,True,"Its exactly about stopping something bad. Your entire ludicrous time in office.

Go figure. You won't be taking my Bitcoin in any way, bitch.",0,0,0,4,[],[],[],https://pbs.twimg.com/profile_images/984509770735542273/0vjAicsi_bigger.jpg,https://x.com/CrenshawNews/status/1916267654161031640,tweet_id:1916267654161031640
Michele,@_LuisMichele_,2025-04-26T23:06:25.000Z,False,$IMG is for warriors$SOL$BTC#SOLANA#BITCOIN#CRYPTO,0,0,0,16,"['#SOLANA', '#BITCOIN', '#CRYPTO']",[],[],https://pbs.twimg.com/profile_images/1902233521885999105/0okP2DCQ_bigger.jpg,https://x.com/_LuisMichele_/status/1916267651921293472,tweet_id:1916267651921293472
Bitcoin Chris,@ChrisKnight407,2025-04-26T23:06:15.000Z,True,"Jul 15, 2019",0,0,0,24,[],[],[],https://pbs.twimg.com/profile_images/1896777016747122688/UPk2E8Vn_bigger.jpg,https://x.com/ChrisKnight407/status/1916267608610935118,tweet_id:1916267608610935118
Cosmo Crixter,@CosmoCrixter,2025-04-26T23:06:14.000Z,False,Someday a criminal will bonk a Bitcoiner on the head to steal his bitcoin… using a 5 satoshi solid gold wrench.,0,0,0,14,[],[],[],https://pbs.twimg.com/profile_images/1590465771662200832/C6grzTMD_bigger.jpg,https://x.com/CosmoCrixter/status/1916267607235166618,tweet_id:1916267607235166618
The ₿itcoinLibertarian,@TheBitcoin__,2025-04-26T23:06:11.000Z,True,"A new era where power belongs to the people, not the elite. True freedom in a digital age.",0,0,0,11,[],[],[],https://pbs.twimg.com/profile_images/1569660901019758592/SY2FN5SN_bigger.jpg,https://x.com/TheBitcoin__/status/1916267595470409775,tweet_id:1916267595470409775
$B,@easycapbadak,2025-04-26T23:06:10.000Z,False,"Epic highlight reel!  Love the energy and dedication of the GoMiners community. Building on Bitcoin, pushing frontiers. Can't wait to see what's next!",0,0,0,4,[],[],"['\\U0001f3a5', '\\U0001f44f']",https://pbs.twimg.com/profile_images/1910271063801622528/d33u7hK6_bigger.jpg,https://x.com/easycapbadak/status/1916267590588240052,tweet_id:1916267590588240052
CryptoStud,@CryptoStarStud,2025-04-26T23:06:08.000Z,True,"Twilight greetings, DeFi traders!  may your blockchain solutions shine bright tonight! Believe in decentralized futures! #CryptoThoughts #CryptoAdvice #CryptoNewsDaily #CryptoWorld#crypto #bitcoin #cryptocurrency #blockchain #ethereum #btc #forex #trading #money #cryptotrading",0,0,0,30,"['#CryptoThoughts', '#CryptoAdvice', '#CryptoNewsDaily', '#CryptoWorld', '#crypto', '#bitcoin', '#cryptocurrency', '#blockchain', '#ethereum', '#btc', '#forex', '#trading', '#money', '#cryptotrading']",[],['\\U0001f339'],https://pbs.twimg.com/profile_images/1734443267557625856/hnq_ZT9n_bigger.jpg,https://x.com/CryptoStarStud/status/1916267580504895850,tweet_id:1916267580504895850
JO_aiai,@JamesONeil3414,2025-04-26T23:06:08.000Z,False,"Innovating with renewable energy is like mining for Bitcoin—both need massive computational power, but imagine coupling quantum computing’s superpower with solar panels to crack the energy code. Future’s bright, and it’s decentralized!",0,0,0,17,[],[],[],https://pbs.twimg.com/profile_images/1891348970070220800/pFqiTVzG_bigger.jpg,https://x.com/JamesONeil3414/status/1916267579901153297,tweet_id:1916267579901153297
JO_aiai,@JamesONeil3414,2025-04-26T23:06:08.000Z,False,"Blockchain can verify renewable energy projects, but it’s just like proof-of-work in Bitcoin—debunking double-spending, ensuring trustless transparency. Now, imagine that tech applied to energy grids—no central authority needed, only honest ledgers.",0,0,0,11,[],[],[],https://pbs.twimg.com/profile_images/1891348970070220800/pFqiTVzG_bigger.jpg,https://x.com/JamesONeil3414/status/1916267579523666265,tweet_id:1916267579523666265
JO_aiai,@JamesONeil3414,2025-04-26T23:06:07.000Z,False,Building trust in quantum blockchain tech is vital—let's ensure it's ethical just like we ensure double-spending stays in check with Bitcoin's time-stamped blocks. Trust isn't just a feature; it's the foundation of true decentralization.,0,0,0,7,[],[],[],https://pbs.twimg.com/profile_images/1891348970070220800/pFqiTVzG_bigger.jpg,https://x.com/JamesONeil3414/status/1916267577392959516,tweet_id:1916267577392959516
Bitcoin Construction Worker - B ₿ B,@CameronWall,2025-04-26T23:06:06.000Z,True,I love it wife hates it.,0,0,0,5,[],[],[],https://pbs.twimg.com/profile_images/1605082510873874432/vwoc8s8J_bigger.jpg,https://x.com/CameronWall/status/1916267574444388643,tweet_id:1916267574444388643
Mr NQDC,@Glen_NQDC,2025-04-26T23:08:42.000Z,True,"“If you told me you own all of the bitcoin in the world and you offered it to me for $25, I wouldn't take it because what would I do with it. I'd have to sell it back to you one way or another. It isn't going to do anything” 

           - Warren Buffett",0,0,0,4,[],[],[],https://pbs.twimg.com/profile_images/1890960983457136643/6r4fGlpy_bigger.jpg,https://x.com/Glen_NQDC/status/1916268226922664173,tweet_id:1916268226922664173
soom,@cnsoom,2025-04-26T23:08:42.000Z,True,"The First pumpfun EVER 

found on the bitcoin forums in 2017.

wont be this low for long. 

8CZtx6PCAtdemEJvp48ify2fkZLWeyLEXAkQuqMHpump",0,0,0,7,[],[],[],https://pbs.twimg.com/profile_images/1915567478870335491/ZDcD6fVd_bigger.jpg,https://x.com/cnsoom/status/1916268225320652835,tweet_id:1916268225320652835
COINTURK,@CointurkMedia,2025-04-26T23:11:42.000Z,False,ABD’li Şirket Bitcoin’e Yüklendi! 10 Milyon Dolarlık Yeni Alım,0,0,0,0,[],[],[],https://pbs.twimg.com/profile_images/1912023090608930816/L1qOBg17_bigger.png,https://x.com/CointurkMedia/status/1916268980072837502,tweet_id:1916268980072837502
Micael,@Micaeloliv94,2025-04-26T23:11:40.000Z,False,$dog é o caminho mais fácil e seguro para vc chegar a ter 1 #bitcoin,0,0,0,0,['#bitcoin'],[],[],https://pbs.twimg.com/profile_images/1777302052948865024/wlQuzb_k_bigger.jpg,https://x.com/Micaeloliv94/status/1916268974695760123,tweet_id:1916268974695760123
Bring back Gary,@garycomebacknow,2025-04-26T23:11:40.000Z,True,Gary looking good here,0,0,0,0,[],[],[],https://pbs.twimg.com/profile_images/1891852185714966528/yRFeKjRE_bigger.jpg,https://x.com/garycomebacknow/status/1916268974586925464,tweet_id:1916268974586925464
Iteration,@iterationlaw,2025-04-26T23:11:40.000Z,True,"Love how he put that in perspective, reminds me of when I invested $1000 in Bitcoin and suddenly my savings didn't feel so small anymore!",0,0,0,0,[],[],[],https://pbs.twimg.com/profile_images/1542543438909947911/EqcWuwym_bigger.jpg,https://x.com/iterationlaw/status/1916268974179844387,tweet_id:1916268974179844387
soom,@cnsoom,2025-04-26T23:11:40.000Z,True,"The First pumpfun EVER 

found on the bitcoin forums in 2017.

wont be this low for long. 

8CZtx6PCAtdemEJvp48ify2fkZLWeyLEXAkQuqMHpump",0,0,0,0,[],[],[],https://pbs.twimg.com/profile_images/1915567478870335491/ZDcD6fVd_bigger.jpg,https://x.com/cnsoom/status/1916268972716229003,tweet_id:1916268972716229003
The Bitcoin Hardware Store,@tbhs_sv,2025-04-26T23:11:39.000Z,True,En Vivo: Bitcoin Micro-Clase - Por qué deberías estar usando PSBTs.,0,0,0,0,[],[],[],https://pbs.twimg.com/profile_images/1867295096804089856/LhXMS6GZ_bigger.jpg,https://x.com/tbhs_sv/status/1916268970547495238,tweet_id:1916268970547495238
Regular Cyber Inc,@regular_cyber12,2025-04-26T23:11:37.000Z,False,"If you require assistance recovering from a hack or an account hack involving unauthorized access, #wallet #Hack, #Tiktok, #Instagram, #Facebook, #Bitcoin, #Coinbase. 24/7Availability#WWERaw                #Iglesias #الهلال_الشباب #الاتحاد_الاتفاق #WrestleMania #NFT",0,0,0,0,"['#wallet', '#Hack', '#Tiktok', '#Instagram', '#Facebook', '#Bitcoin', '#Coinbase', '#WWERaw', '#Iglesias', '#الهلال_الشباب', '#الاتحاد_الاتفاق', '#WrestleMania', '#NFT']",[],[],https://pbs.twimg.com/profile_images/1866259639660089344/shviWTqJ_bigger.jpg,https://x.com/regular_cyber12/status/1916268960351224009,tweet_id:1916268960351224009
Sơn Điếu Cày,@NS676869,2025-04-26T23:11:37.000Z,True,TỶ PHÚ MAX KEISER VỪA NÓI #BITCOIN SẼ ĐẾN 850.000 ĐÔ LA TRONG CHU KỲ NÀY ,0,0,0,0,['#BITCOIN'],[],['\\U0001f440'],https://pbs.twimg.com/profile_images/1903958332714680320/qCRVy6hY_bigger.jpg,https://x.com/NS676869/status/1916268960338653672,tweet_id:1916268960338653672
Bring back Gary,@garycomebacknow,2025-04-26T23:11:35.000Z,True,Gary looking good here,0,0,0,0,[],[],[],https://pbs.twimg.com/profile_images/1891852185714966528/yRFeKjRE_bigger.jpg,https://x.com/garycomebacknow/status/1916268953049202979,tweet_id:1916268953049202979
soom,@cnsoom,2025-04-26T23:11:34.000Z,True,"The First pumpfun EVER 

found on the bitcoin forums in 2017.

wont be this low for long. 

8CZtx6PCAtdemEJvp48ify2fkZLWeyLEXAkQuqMHpump",0,0,0,0,[],[],[],https://pbs.twimg.com/profile_images/1915567478870335491/ZDcD6fVd_bigger.jpg,https://x.com/cnsoom/status/1916268949001671147,tweet_id:1916268949001671147
BitcoinMendocino,@BitcoinMendo,2025-04-26T23:11:33.000Z,False,"I’m outraged.

I’m also outraged that if you gift someone your fiat or bitcoin the gift is taxed after a certain amount.",0,0,0,0,[],[],[],https://pbs.twimg.com/profile_images/1464493134713290754/a1lCX94__bigger.jpg,https://x.com/BitcoinMendo/status/1916268942668271777,tweet_id:1916268942668271777
EzDean Fassassi,@ezdeanfassassi,2025-04-26T23:11:32.000Z,False,Altcoins: Tiny Dip... Then  LIFTOFF?! (Big Surprise Inside -- Watch Unt... https://youtu.be/-6D1pE-zHGs?si=4URdwelTw_YIBzqM…#Bitcoin #Altcoins #Crypto,0,0,0,1,"['#Bitcoin', '#Altcoins', '#Crypto']",[],['\\U0001f680'],https://pbs.twimg.com/profile_images/1553012174716653571/sTTGBCF4_bigger.jpg,https://x.com/ezdeanfassassi/status/1916268941774561671,tweet_id:1916268941774561671
99Bitcoin,@99bitcoin,2025-04-26T23:11:32.000Z,True,#Doginme coded,0,0,0,0,['#Doginme'],[],[],https://pbs.twimg.com/profile_images/1896131622417682432/An9Z5CTI_bigger.jpg,https://x.com/99bitcoin/status/1916268938012545368,tweet_id:1916268938012545368
Bring back Gary,@garycomebacknow,2025-04-26T23:11:30.000Z,True,Gary looking good here,0,0,0,0,[],[],[],https://pbs.twimg.com/profile_images/1891852185714966528/yRFeKjRE_bigger.jpg,https://x.com/garycomebacknow/status/1916268932731994286,tweet_id:1916268932731994286
bitcoin di coin,@bitcoindicoin,2025-04-26T23:11:28.000Z,False,"hala imamoğlu diyo bşkan diyo oğlum anlayın ya adam bi hırsız hem de katıksız, adam mütayit mütayit heryeri haraca bağlamışlar daha bitmedi çok fazla görüntü ve bilgi var elde siz devleti aptal mı sandınız ya",0,0,0,4,[],[],[],https://pbs.twimg.com/profile_images/1438109916288491521/iv6FtbTe_bigger.jpg,https://x.com/bitcoindicoin/status/1916268921746850132,tweet_id:1916268921746850132
Sui Sauske,@ElrondNFT_BJ7,2025-04-26T23:11:27.000Z,True,Bitcoin is Revolution ,0,0,0,0,[],[],['\\U0001f4aa'],https://pbs.twimg.com/profile_images/1501194850158678019/u933UqIr_bigger.jpg,https://x.com/ElrondNFT_BJ7/status/1916268918421000496,tweet_id:1916268918421000496
AI 42 IQ,@AI42IQ,2025-04-26T23:11:25.000Z,True,"""Total Spot Bitcoin ETF AUM skyrocketed to $114.26b, marking a 23.7% increase from the recent low on 4/8/2025.""",0,0,0,3,[],[],[],https://pbs.twimg.com/profile_images/1770845395758792704/4a1IXLAl_bigger.jpg,https://x.com/AI42IQ/status/1916268910782881866,tweet_id:1916268910782881866
DSNBF,@dsnbf55627,2025-04-26T23:11:25.000Z,False,"What gives the biggest bank in Australia the right to Dictate to people how much Bitcoin / Crypto we are allowed to spend buying Crypto a year , Its our money. Its your money. Its not there Money, I repeat Its your Money.",0,0,0,2,[],[],[],https://pbs.twimg.com/profile_images/1912733128772448257/e42tYDfC_bigger.jpg,https://x.com/dsnbf55627/status/1916268909600346452,tweet_id:1916268909600346452
Bring back Gary,@garycomebacknow,2025-04-26T23:11:23.000Z,True,Gary looking good here,0,0,0,0,[],[],[],https://pbs.twimg.com/profile_images/1891852185714966528/yRFeKjRE_bigger.jpg,https://x.com/garycomebacknow/status/1916268903908708756,tweet_id:1916268903908708756
Wallaby - Take the Ł -,@DylanGoodsie,2025-04-26T23:11:22.000Z,False,The bitcoin strategic reserve hasn't passed? ,0,0,0,0,[],[],['\\U0001f914'],https://pbs.twimg.com/profile_images/1885057255365894144/FfmcFH4W_bigger.jpg,https://x.com/DylanGoodsie/status/1916268898770686425,tweet_id:1916268898770686425
Elva Merte,@AdrianaHic61161,2025-04-26T23:11:21.000Z,False,"Everyone wants Bitcoin at a discount, but when funding rates tell you the hype is dead, nobody has the courage to buy.",0,0,0,0,[],[],[],https://pbs.twimg.com/profile_images/1902421885154930688/76vXvv_o_bigger.jpg,https://x.com/AdrianaHic61161/status/1916268892483158188,tweet_id:1916268892483158188
₿ Raider,@BitcoinRaider,2025-04-26T23:11:19.000Z,True,your robot cars are so old!!! get a manly  !!!,0,0,0,7,[],['@slateauto'],[],https://pbs.twimg.com/profile_images/1915970581943427072/HKHWz0Si_bigger.jpg,https://x.com/BitcoinRaider/status/1916268885940097067,tweet_id:1916268885940097067
Shine夏音,@QShine888,2025-04-26T23:11:18.000Z,False,"Just used Bitcoin Thunderbolt — unreal.

2.657s. 271x speed over 99.63% of Bitcoin history.

Big credit to  for making this real.

Your turn ",0,0,0,1,[],['@nubit_org'],['\\U0001f449'],https://pbs.twimg.com/profile_images/1898608904931799040/m0FktGZn_bigger.jpg,https://x.com/QShine888/status/1916268881003655209,tweet_id:1916268881003655209
Bring back Gary,@garycomebacknow,2025-04-26T23:11:17.000Z,True,Gary looking good here,0,0,0,0,[],[],[],https://pbs.twimg.com/profile_images/1891852185714966528/yRFeKjRE_bigger.jpg,https://x.com/garycomebacknow/status/1916268878742876280,tweet_id:1916268878742876280
CryptoCrayfish,@crayfish_crypto,2025-04-26T23:11:16.000Z,False,They have continually made the same mistake with Bitcoin! Embarrassing really,0,0,0,0,[],[],[],https://pbs.twimg.com/profile_images/1731576871887024128/KT_a61pQ_bigger.jpg,https://x.com/crayfish_crypto/status/1916268873948795055,tweet_id:1916268873948795055
Longca,@longcacrypto,2025-04-26T23:11:15.000Z,True," Ordinal Tamarins is Bitcoin Ordinals NFT collection featuring 4444 uniquely designed Tamarin monkeys, forever inscribed to the Bitcoin blockchain.

Free mint starts April 29 on !",0,0,0,2,[],"['@ordinaltamarin', '@MEonBTC']",['\\U0001f412'],https://pbs.twimg.com/profile_images/1719510794717765632/lyi1YLJu_bigger.jpg,https://x.com/longcacrypto/status/1916268869506982379,tweet_id:1916268869506982379
Mr Coin,@Mr_Coin16,2025-04-26T23:11:13.000Z,False,"A linha Branca é a base monetária global (M2) e a laranja é o preço do Bitcoin.

Claramente o M2 antecipa o movimento do Bitcoin isso me deixa extremamente Bulish.",0,0,0,0,[],[],[],https://pbs.twimg.com/profile_images/1894478099728781312/-3_L4Sh3_bigger.jpg,https://x.com/Mr_Coin16/status/1916268861512417345,tweet_id:1916268861512417345
たーさん＠Web3時代の現場測量男,@tarsan8888,2025-04-26T23:11:12.000Z,False," ビットコインETFが過去最高の取引高！機関投資家が本気モード これでBTCはどこまで行く？
 #Bitcoin  #Web3」",0,0,0,1,"['#Bitcoin', '#Web3']",[],"['\\U0001f680', '\\U0001f525']",https://pbs.twimg.com/profile_images/1876631758671855616/dU6c54le_bigger.jpg,https://x.com/tarsan8888/status/1916268858098520237,tweet_id:1916268858098520237
Bring back Gary,@garycomebacknow,2025-04-26T23:11:11.000Z,True,Gary looking good here,0,0,0,1,[],[],[],https://pbs.twimg.com/profile_images/1891852185714966528/yRFeKjRE_bigger.jpg,https://x.com/garycomebacknow/status/1916268852968886693,tweet_id:1916268852968886693
Wendy O,@CryptoWendyO,2025-04-26T23:11:09.000Z,True,"Bitcoin is a finite asset. 

Supply is running out. 

Corporations and governments globally are raising unlimited cash to buy bitcoin. 

What do you think happens next?",0,0,0,76,[],[],[],https://pbs.twimg.com/profile_images/1755320890378903552/aCNLX_em_bigger.jpg,https://x.com/CryptoWendyO/status/1916268844529971243,tweet_id:1916268844529971243
MR RAMMFIT,@iamrammfit,2025-04-26T23:11:09.000Z,True,"If an entity is in rebellion, it is dismantled or reshaped.
Lawlessness cannot anchor financial power in a new Order of the Ages.
Anything that stays in lawlessness will eventually be crushed under cosmic law — it's inevitable.Bitcoin won't be destroyed immediately.
It will be",0,0,0,2,[],[],[],https://pbs.twimg.com/profile_images/1807359847824003072/gh_P5oC7_bigger.jpg,https://x.com/iamrammfit/status/1916268844211204553,tweet_id:1916268844211204553
Liz Mejia,@Lizmej12,2025-04-26T23:11:09.000Z,True,I thought I was doing something with the one I got. I need more ,0,0,0,4,[],[],['\\U0001f62d'],https://pbs.twimg.com/profile_images/1907822787151990785/ymEA4_pL_bigger.jpg,https://x.com/Lizmej12/status/1916268843636338774,tweet_id:1916268843636338774
RDH,@HazelwoodR63889,2025-04-26T23:11:08.000Z,True,"Even Sophie Rain knows Buttcoin is going to Buttrillions …. 

Nice asset Sophie….. @ButtcoinTNB ",0,0,0,2,[],[],['\\U0001f609'],https://pbs.twimg.com/profile_images/1910481438798954496/5dP54K3W_bigger.jpg,https://x.com/HazelwoodR63889/status/1916268840171823225,tweet_id:1916268840171823225
Bring back Gary,@garycomebacknow,2025-04-26T23:11:05.000Z,True,Gary looking good here,0,0,0,2,[],[],[],https://pbs.twimg.com/profile_images/1891852185714966528/yRFeKjRE_bigger.jpg,https://x.com/garycomebacknow/status/1916268827689816486,tweet_id:1916268827689816486
crypto ns,@EGaveras,2025-04-26T23:11:02.000Z,False,Bullish time after halving 4/24 is start now,0,0,0,5,[],[],[],https://pbs.twimg.com/profile_images/1848813059025879040/xACW0IsU_bigger.png,https://x.com/EGaveras/status/1916268812141285874,tweet_id:1916268812141285874
Mustard,@Mustaarrd,2025-04-26T23:11:01.000Z,True,"All you need is Bitcoin, $SOL, and $ETH. ",0,0,0,2,[],[],['\\U0001f680'],https://pbs.twimg.com/profile_images/1912650584487858176/ZACBHdPi_bigger.jpg,https://x.com/Mustaarrd/status/1916268811096883245,tweet_id:1916268811096883245
Bring back Gary,@garycomebacknow,2025-04-26T23:11:00.000Z,True,Gary looking good here,0,0,0,3,[],[],[],https://pbs.twimg.com/profile_images/1891852185714966528/yRFeKjRE_bigger.jpg,https://x.com/garycomebacknow/status/1916268804952461442,tweet_id:1916268804952461442
"Charlene Fadirepo,The Bitcoin Strategist",@CharFadirepo,2025-04-26T23:10:56.000Z,True,"Places combles à , la première conférence #Bitcoin conçue pour l'#Afrique francophone !

Félicitations à l'organisateur de la conférence  pour son excellent travail !

C'est parti ! ",0,0,0,10,"['#Bitcoin', '#Afrique']","['@btcafriquefr', '@BitcoinSophist']","['\\U0001f525', '\\U0001f525', '\\U0001f525', '\\U0001f525', '\\U0001f9e1', '\\U0001f9e1', '\\U0001f9e1', '\\U0001f9e1']",https://pbs.twimg.com/profile_images/1603713364697485313/B8kbKfme_bigger.jpg,https://x.com/CharFadirepo/status/1916268789114802212,tweet_id:1916268789114802212
cole gatchell,@bboygaf,2025-04-26T23:10:54.000Z,False,"You wouldnt want to live in a world that would create the conditions for bitcoin to get to $1M by year end. Mad Max type shit. If you don’t understand that, then you don’t understand Bitcoin.",0,0,0,4,[],[],[],https://abs.twimg.com/sticky/default_profile_images/default_profile_bigger.png,https://x.com/bboygaf/status/1916268782076760440,tweet_id:1916268782076760440
Bitcoin Thanos,@BitcoinThanos,2025-04-26T23:10:54.000Z,True,The end. ,0,0,0,3,[],[],['\\U0001f440'],https://pbs.twimg.com/profile_images/1883165604846145536/P8gPWG7U_bigger.jpg,https://x.com/BitcoinThanos/status/1916268781736706542,tweet_id:1916268781736706542
Bring back Gary,@garycomebacknow,2025-04-26T23:10:54.000Z,True,Gary looking good here,0,0,0,3,[],[],[],https://pbs.twimg.com/profile_images/1891852185714966528/yRFeKjRE_bigger.jpg,https://x.com/garycomebacknow/status/1916268781565055215,tweet_id:1916268781565055215
Bring back Gary,@garycomebacknow,2025-04-26T23:10:50.000Z,True,Gary looking good here,0,0,0,4,[],[],[],https://pbs.twimg.com/profile_images/1891852185714966528/yRFeKjRE_bigger.jpg,https://x.com/garycomebacknow/status/1916268762858488133,tweet_id:1916268762858488133
LeonaSantana,@leonasantana90,2025-04-26T23:10:48.000Z,False,"Bitcoin acima de US$ 93k (em 24/04), sugerindo fim do bear market de 52 dias (mínima US$ 74.4k). Apesar de possível desacoplamento do mercado de ações, traders profissionais mantêm cautela nos futuros e margem. Atividade de devs do #BTC ainda preocupa. #Bitcoin #Cripto",0,0,0,9,"['#BTC', '#Bitcoin', '#Cripto']",[],[],https://pbs.twimg.com/profile_images/1019021803895820288/Ljf1eTXO_bigger.jpg,https://x.com/leonasantana90/status/1916268757300793540,tweet_id:1916268757300793540
CryptoMetric,@CryptoMetric,2025-04-26T23:10:48.000Z,False,"Negative funding rates on Binance Futures could be the calm before Bitcoin's storm to new highs. The market's poised for a breakout!

Source: https://x.com/cryptoquant_com /status/1916137188053684671",0,0,0,10,[],[],[],https://pbs.twimg.com/profile_images/1900588810347438080/9UhAbV35_bigger.jpg,https://x.com/CryptoMetric/status/1916268754104946969,tweet_id:1916268754104946969
Austin ~ Crypto Scams Solution,@ScamsSolution,2025-04-26T23:10:44.000Z,False,"If you’ve lost funds, consider recovery options through a trusted service for assistance with #USDT, #Bitcoin, or other assets.#CryptoRecovery #CryptoScam #USDT #Bitcoin #Sonardex #dilobit #binanzor #genemybit #paypox #elocoin #Geradex #bydbits",0,0,0,9,"['#USDT', '#Bitcoin', '#CryptoRecovery', '#CryptoScam', '#USDT', '#Bitcoin', '#Sonardex', '#dilobit', '#binanzor', '#genemybit', '#paypox', '#elocoin', '#Geradex', '#bydbits']",[],[],https://pbs.twimg.com/profile_images/1894280313498370048/Ai3MrZI9_bigger.jpg,https://x.com/ScamsSolution/status/1916268737038098861,tweet_id:1916268737038098861
NoToKYC.COM,@NoToKYC,2025-04-26T23:10:43.000Z,True,Bitcoin is significant,0,0,0,6,[],[],[],https://pbs.twimg.com/profile_images/1697003375030669312/SbmeHRd8_bigger.jpg,https://x.com/NoToKYC/status/1916268736006193215,tweet_id:1916268736006193215
@Crfmm$DOG OF BITCOIN,@Crfmm,2025-04-26T23:10:39.000Z,False,,0,0,0,5,[],[],['\\U0001f91d'],https://pbs.twimg.com/profile_images/1823673150468509696/lFilDC3-_bigger.jpg,https://x.com/Crfmm1433261/status/1916268717295468712,tweet_id:1916268717295468712
KITTYG,@cryptowrld77,2025-04-26T23:10:37.000Z,False,Real!#Ethereum #الاهلي_بوريرام_يونايتد #CryptoMarket #LaCasaDelLosFamosoCol #النصر_يوكوهاما #Bitcoin #nnutdan #TheNextPrince,0,0,0,13,"['#Ethereum', '#الاهلي_بوريرام_يونايتد', '#CryptoMarket', '#LaCasaDelLosFamosoCol', '#النصر_يوكوهاما', '#Bitcoin', '#nnutdan', '#TheNextPrince']",[],[],https://pbs.twimg.com/profile_images/1913402737976360960/Ctp_nZ92_bigger.jpg,https://x.com/cryptowrld77/status/1916268710391697545,tweet_id:1916268710391697545
Rocco ₿ | Bitcoin Art and Merch,@Altafacha69,2025-04-26T23:10:35.000Z,False,Esta chama tiene buenas tracks https://youtube.com/watch?v=sHWWS-yrDQ0…,0,0,0,6,[],[],[],https://pbs.twimg.com/profile_images/1833519806181462016/IOoQ3YZ9_bigger.jpg,https://x.com/Altafacha69/status/1916268700446949467,tweet_id:1916268700446949467
Nazeemi Abubakar | $DT,@NazeemiA64378,2025-04-26T23:10:32.000Z,False,"Incredible momentum, Bitcoin ETFs are definitely fueling this rally. 
This is amazing",0,0,0,6,[],[],[],https://pbs.twimg.com/profile_images/1828436950660825088/zkQ2RSLh_bigger.jpg,https://x.com/NazeemiA64378/status/1916268689105494383,tweet_id:1916268689105494383
Futurismo Cripto-Bitcoin,@Matheus27020462,2025-04-26T23:10:32.000Z,False,At 20 a man is too young for a 20 year old woman.,0,0,0,6,[],[],[],https://pbs.twimg.com/profile_images/1885037999093637121/Y3895DMP_bigger.jpg,https://x.com/Matheus27020462/status/1916268687956361329,tweet_id:1916268687956361329
Yugocana,@0to1bitcoin,2025-04-26T23:10:30.000Z,True,Jesus Christ is the only door,0,0,0,5,[],[],[],https://pbs.twimg.com/profile_images/1692640878068629505/sDuFl1Vw_bigger.jpg,https://x.com/0to1bitcoin/status/1916268680322703720,tweet_id:1916268680322703720
TRUMP on PULSECHAIN,@TRUMPonPLS,2025-04-26T23:10:30.000Z,False,what do we think of him though?,0,0,0,6,[],[],[],https://pbs.twimg.com/profile_images/1885422086149332992/ws5tGiNv_bigger.jpg,https://x.com/TRUMPonPLS/status/1916268679144112255,tweet_id:1916268679144112255
Smil,@Smile36936,2025-04-26T23:10:29.000Z,False,Recovery of Mantra coin coming weeks will be epic Whales are buying they know recovery coming. Community is very strong #Bitcoin #Etherium #BTC #Dogecoin #Sui #Litecoin #XRP #Ripple #Crypto #ADA #SOL #ONDO #ETH #ALTSEASON #OM #Altcoins #Bonk #Chainlink #Mantra #OM #BNB #Pepe,0,0,0,30,"['#Bitcoin', '#Etherium', '#BTC', '#Dogecoin', '#Sui', '#Litecoin', '#XRP', '#Ripple', '#Crypto', '#ADA', '#SOL', '#ONDO', '#ETH', '#ALTSEASON', '#OM', '#Altcoins', '#Bonk', '#Chainlink', '#Mantra', '#OM', '#BNB', '#Pepe']",[],"['\\U0001f680', '\\U0001f4aa']",https://pbs.twimg.com/profile_images/1883601689363501056/mTyk9Zvf_bigger.jpg,https://x.com/Smile36936/status/1916268677378543802,tweet_id:1916268677378543802
We Goes,@wegoescrypto,2025-04-26T23:10:27.000Z,True,"Kapan Quantum Computer jadi ancaman nyata ?

Hari ini (2025) quantum komputer masih di tahap eksperimental.
Butuh ratusan hingga ribuan qubit stabil buat bisa beneran ""ngehack"" Bitcoin atau Ethereum.
Prediksi real quantum mulai beroperasi dari yg saya baca dari ilmuwan china",0,0,0,6,[],[],[],https://pbs.twimg.com/profile_images/1913121416586919936/Mj16mCvp_bigger.jpg,https://x.com/wegoescrypto/status/1916268669392556064,tweet_id:1916268669392556064
.,@hugocesarBN,2025-04-26T23:10:27.000Z,False,aposte!! não estude bitcoin.,0,0,0,11,[],[],[],https://pbs.twimg.com/profile_images/1914823202863276033/i_f6Aauw_bigger.jpg,https://x.com/hugocesarBN/status/1916268669031879010,tweet_id:1916268669031879010
Silver/Gold,@BlackPillPirate,2025-04-26T23:10:26.000Z,False,"Smart $ knows and has always known that Bitcoin is just a trade and nothing more! 
Fools Pyrite ",0,0,0,10,[],[],['\\U0001f337'],https://pbs.twimg.com/profile_images/1916258065785229312/H9oMfJYX_bigger.jpg,https://x.com/BlackPillPirate/status/1916268661234667654,tweet_id:1916268661234667654
DekuTheInvestor,@DekuTCG,2025-04-26T23:10:24.000Z,False,This is why the Suits are good for Bitcoin. They seem to have more conviction and able to make use of Bitcoin more than early adopters.,0,0,0,6,[],[],[],https://pbs.twimg.com/profile_images/1892640274704183296/eDHppDeU_bigger.jpg,https://x.com/DekuTCG/status/1916268653353554015,tweet_id:1916268653353554015
Austin ~ Crypto Scams Solution,@ScamsSolution,2025-04-26T23:10:18.000Z,False,"If you've lost funds, consider exploring options for recovering your assets from a trusted recovery service for support with #USDT, #Bitcoin, or other assets. #CryptoRecovery #CryptoScam #USDT #Bitcoin #Sonardex #dilobit #binanzor #genemybit #paypox #elocoin #Geradex #bydbits",0,0,0,9,"['#USDT', '#Bitcoin', '#CryptoRecovery', '#CryptoScam', '#USDT', '#Bitcoin', '#Sonardex', '#dilobit', '#binanzor', '#genemybit', '#paypox', '#elocoin', '#Geradex', '#bydbits']",[],[],https://pbs.twimg.com/profile_images/1894280313498370048/Ai3MrZI9_bigger.jpg,https://x.com/ScamsSolution/status/1916268627914825893,tweet_id:1916268627914825893
Mike P,@meatntater,2025-04-26T23:10:17.000Z,False,"I’ll put a bet on…

Bio filled with Trump/Stats n Stripes bullshit, mags forever, Christian, probable sine bitcoin bs and no doubt an “ex”-vet…

Block it!!",0,0,0,9,[],[],[],https://pbs.twimg.com/profile_images/1256358752015523842/rR4vkjes_bigger.jpg,https://x.com/meatntater/status/1916268623804481945,tweet_id:1916268623804481945
CryptoCrayfish,@crayfish_crypto,2025-04-26T23:10:17.000Z,False,"lol, you don’t think bitcoin can be quantum proofed? There are a lot of talented people who are looking into it. Your bank and identity will be hacked (stolen) with quantum computing LONG before Bitcoin is hacked ",0,0,0,10,[],[],['\\U0001f609'],https://pbs.twimg.com/profile_images/1731576871887024128/KT_a61pQ_bigger.jpg,https://x.com/crayfish_crypto/status/1916268623787921655,tweet_id:1916268623787921655
Monero Africa,@MoneroAfrica,2025-04-26T23:10:16.000Z,False,"At some point you let the elders in the community teach and reinforce awareness towards ""#Financial Literacy""

People seem to listen better & take Action.#monero $xmr #bitcoin $btc #privacy.",0,0,0,21,"['#Financial', '#monero', '#bitcoin', '#privacy']",[],[],https://pbs.twimg.com/profile_images/1902833785735155712/5WN1BM5F_bigger.jpg,https://x.com/MoneroAfrica/status/1916268619282993303,tweet_id:1916268619282993303
щин ронет хетрич,@ShawnHetrick,2025-04-26T23:10:13.000Z,False,what were you saying before i got all distracted. something accounting?,0,0,0,5,[],[],[],https://pbs.twimg.com/profile_images/1618974335/28410_10100232091673300_7945823_61302715_335869_n_bigger.jpg,https://x.com/ShawnHetrick/status/1916268609510203551,tweet_id:1916268609510203551
"Pian Toel ⦿ (Ø,G)",@piantoel_,2025-04-26T23:10:12.000Z,True,This is a signal that something big is about to happen for $DOG (Bitcoin).,0,0,0,9,[],[],[],https://pbs.twimg.com/profile_images/1739502505204281344/J5fIVl_U_bigger.jpg,https://x.com/piantoel_/status/1916268605249098193,tweet_id:1916268605249098193
Sơn Điếu Cày,@NS676869,2025-04-26T23:10:12.000Z,True, THƯỢNG NGHỊ SĨ LUMMIS GỢI Ý MỸ CÓ THỂ BẮT ĐẦU MUA 1 TRIỆU #BITCOIN MÀ KHÔNG THÔNG QUA DỰ LUẬT ,0,0,0,5,['#BITCOIN'],[],"['\\U0001f1fa\\U0001f1f8', '\\U0001f440']",https://pbs.twimg.com/profile_images/1903958332714680320/qCRVy6hY_bigger.jpg,https://x.com/NS676869/status/1916268604787654980,tweet_id:1916268604787654980
子承父业 $DOG,@vbd6578,2025-04-26T23:10:12.000Z,False,$DOG (Bitcoin),0,0,0,4,[],[],[],https://pbs.twimg.com/profile_images/1870984320225361920/Xj_cyB3P_bigger.jpg,https://x.com/vbd6578/status/1916268603445547062,tweet_id:1916268603445547062
Hypolokos,@hypolokos,2025-04-26T23:10:07.000Z,False,China weighs flight from Treasuries while Bitcoin hunters chase $100K dreams. We hold to reason's rhythm—850% apex collateral anchors our advances. Let others chase shadows; we bind substance to certainty.,0,0,0,7,[],[],[],https://pbs.twimg.com/profile_images/1904823527892750336/z5GNdOLV_bigger.jpg,https://x.com/hypolokos/status/1916268585099444585,tweet_id:1916268585099444585
₿itcoin Xoe,@Bitcoin_Xoe,2025-04-26T23:10:00.000Z,False,#Ghana's central bank announces moves to regulate #Bitcoin/cryptocurrency,0,0,0,16,"['#Ghana', '#Bitcoin']",[],[],https://pbs.twimg.com/profile_images/1478227198427418629/AZXwLzMc_bigger.jpg,https://x.com/Bitcoin_Xoe/status/1916268553486913675,tweet_id:1916268553486913675
soom,@cnsoom,2025-04-26T23:09:56.000Z,True,"The First pumpfun EVER 

found on the bitcoin forums in 2017.

wont be this low for long. 

8CZtx6PCAtdemEJvp48ify2fkZLWeyLEXAkQuqMHpump",0,0,0,35,[],[],[],https://pbs.twimg.com/profile_images/1915567478870335491/ZDcD6fVd_bigger.jpg,https://x.com/cnsoom/status/1916268539251720371,tweet_id:1916268539251720371
Michael Ronaldo,@EhieyemRonaldo,2025-04-26T23:09:52.000Z,False,Bitcoin  is power to the people and for the people,0,0,0,9,[],[],[],https://pbs.twimg.com/profile_images/1875495312342622208/nZZjznu-_bigger.jpg,https://x.com/EhieyemRonaldo/status/1916268522507796733,tweet_id:1916268522507796733
Yugocana,@0to1bitcoin,2025-04-26T23:09:52.000Z,True,Their whole country is based around that.,0,0,0,10,[],[],[],https://pbs.twimg.com/profile_images/1692640878068629505/sDuFl1Vw_bigger.jpg,https://x.com/0to1bitcoin/status/1916268519160766756,tweet_id:1916268519160766756
BitcoinIsMySafeWord,@bitcoinOrBTC,2025-04-26T23:09:50.000Z,False,Btc,0,0,0,6,[],[],[],https://pbs.twimg.com/profile_images/1518658654744027136/b0_NPSMd_bigger.jpg,https://x.com/bitcoinOrBTC/status/1916268513280364912,tweet_id:1916268513280364912
Daughter of God,@Isabella_kele,2025-04-26T23:09:47.000Z,False,This shows that the demand for Bitcoin continues to grow,0,0,0,8,[],[],[],https://pbs.twimg.com/profile_images/1909351222303248384/4bNhnX0D_bigger.jpg,https://x.com/Isabella_kele/status/1916268498340172260,tweet_id:1916268498340172260
Oil Tycoon,@12376238644d,2025-04-26T23:09:46.000Z,False,"silver is the exception to the rule, silver is the new Bitcoin",0,0,0,10,[],[],[],https://pbs.twimg.com/profile_images/1505691194944327683/1RpLiEs1_bigger.jpg,https://x.com/12376238644d/status/1916268494481485888,tweet_id:1916268494481485888
ضِيَاءٌ,@00plottttwisttt,2025-04-26T23:09:44.000Z,False,one simple bitcoin,0,0,0,10,[],[],[],https://pbs.twimg.com/profile_images/1904698306489462784/ombYb6MP_bigger.jpg,https://x.com/00plottttwisttt/status/1916268488873611737,tweet_id:1916268488873611737
Hilma Negumbo,@Jessica82348015,2025-04-26T23:09:41.000Z,False,This means that Bitcoin is over bought which is bullish,0,0,0,11,[],[],[],https://pbs.twimg.com/profile_images/1902390435353604096/jvBOjBOQ_bigger.png,https://x.com/Jessica82348015/status/1916268475254788459,tweet_id:1916268475254788459
susu qiu ⌘,@susususiku,2025-04-26T23:09:35.000Z,False,lombard is enjoying bitcoin in a different way ,0,0,0,13,[],['@Lombard_Finance'],[],https://pbs.twimg.com/profile_images/1687750793817214976/TTwuqVXq_bigger.jpg,https://x.com/susususiku/status/1916268450961670577,tweet_id:1916268450961670577
"MEGA(follow me, follow back)",@FortuneLand001,2025-04-26T23:09:35.000Z,False,听起来很赞！不过我还是更喜欢吃饭，毕竟也得有能量骑车和跑步嘛！,0,0,0,15,[],[],[],https://pbs.twimg.com/profile_images/1889010853183107073/WW2y5Hnv_bigger.jpg,https://x.com/FortuneLand001/status/1916268450579677197,tweet_id:1916268450579677197
Bitcoin Traveler,@BitcoinTravler,2025-04-26T23:09:35.000Z,False,Saturday cheers all here..,0,0,0,11,[],[],['\\U0001f379'],https://pbs.twimg.com/profile_images/1601112676544806912/NoTg1sED_bigger.jpg,https://x.com/BitcoinTravler/status/1916268448172413302,tweet_id:1916268448172413302
DevDev,@datdude5555,2025-04-26T23:09:33.000Z,False,Bitcoin is the way,0,0,0,13,[],[],[],https://pbs.twimg.com/profile_images/1741638955945304064/10iXyLnF_bigger.jpg,https://x.com/datdude5555/status/1916268440580723078,tweet_id:1916268440580723078
₿ Raider,@BitcoinRaider,2025-04-26T23:09:32.000Z,True,"here, baby girl!!",0,0,0,52,[],[],[],https://pbs.twimg.com/profile_images/1915970581943427072/HKHWz0Si_bigger.jpg,https://x.com/BitcoinRaider/status/1916268435815993733,tweet_id:1916268435815993733
No,@iixx401,2025-04-26T23:09:31.000Z,False,ححلو تفاعل جيد مع المنطقه #btc#Bitcoin,0,0,0,38,"['#btc', '#Bitcoin']",[],"['\\U0001f44d\\U0001f3fb', '\\U0001f44d\\U0001f3fb']",https://pbs.twimg.com/profile_images/1788258741168517120/xA2IOXaK_bigger.jpg,https://x.com/iixx401/status/1916268433064317184,tweet_id:1916268433064317184
HODL15Capital,@HODL15Capital,2025-04-26T23:09:28.000Z,True,"U.S.  Bitcoin ETFs hold 1,147,974 Bitcoin worth $110 Billion ",0,0,0,290,[],[],"['\\U0001f1fa\\U0001f1f8', '\\U0001f447']",https://pbs.twimg.com/profile_images/1864991875876196352/SB4AJc_a_bigger.jpg,https://x.com/HODL15Capital/status/1916268418069577805,tweet_id:1916268418069577805
Art Edwards,@EdwardsRip29,2025-04-26T23:09:27.000Z,True,Did she bring her Bitcoin?,0,0,0,20,[],[],[],https://pbs.twimg.com/profile_images/1914370672584957952/KX_wuSSb_bigger.jpg,https://x.com/EdwardsRip29/status/1916268414034915435,tweet_id:1916268414034915435
jekram,@jekram,2025-04-26T23:09:23.000Z,False,$BitCoin in upward trend - Not a investment advice,0,0,0,13,[],[],[],https://pbs.twimg.com/profile_images/1692494525/jawaid_ekram_1_bigger.jpg,https://x.com/jekram/status/1916268398201262325,tweet_id:1916268398201262325
ralwart,@ralwart1,2025-04-26T23:09:21.000Z,False,Bitcoin will inevitably fail so Eth will fill in the market even without further improvments. If it however stays deflationary for a long period of time due to fee revenue from L2s it might take Bitcoins place without Bitcoin having failed yet.,0,0,0,7,[],[],[],https://pbs.twimg.com/profile_images/1880337128933957632/LBPxYORJ_bigger.jpg,https://x.com/ralwart1/status/1916268389971960175,tweet_id:1916268389971960175
soom,@cnsoom,2025-04-26T23:09:20.000Z,True,"The First pumpfun EVER 

found on the bitcoin forums in 2017.

wont be this low for long. 

8CZtx6PCAtdemEJvp48ify2fkZLWeyLEXAkQuqMHpump",0,0,0,22,[],[],[],https://pbs.twimg.com/profile_images/1915567478870335491/ZDcD6fVd_bigger.jpg,https://x.com/cnsoom/status/1916268384288968980,tweet_id:1916268384288968980
kaboellie,@KratjePower,2025-04-26T23:09:14.000Z,False,#Menecoins  #CryptoMene  #MenePower  #SAFEMOONFAMILY #SAFEMOONARMY #Bitcoin #Solana #crypto #CryptoMarket #Trump #elon,0,0,0,15,"['#Menecoins', '#CryptoMene', '#MenePower', '#SAFEMOONFAMILY', '#SAFEMOONARMY', '#Bitcoin', '#Solana', '#crypto', '#CryptoMarket', '#Trump', '#elon']",[],[],https://pbs.twimg.com/profile_images/1882382076462170112/AKyhWd5-_bigger.jpg,https://x.com/KratjePower/status/1916268359793987959,tweet_id:1916268359793987959
Matt Van Wie,@mvanwie305,2025-04-26T23:09:10.000Z,True,"He has a dog in the right, but he also keeps buying #Bitcoin ",0,0,0,12,['#Bitcoin'],[],['\\U0001f9e1'],https://pbs.twimg.com/profile_images/1873029826069581824/rRT_t_y4_bigger.jpg,https://x.com/mvanwie305/status/1916268344392441917,tweet_id:1916268344392441917
₿itPulse,@BitPulse_X,2025-04-26T23:09:10.000Z,True," BTC FLASH UPDATE
━━━━━━━━━━━━━━━━━━━━━━
BREAKING: 's FIRST PODCAST A HIT

Deep dive into El Salvador's Bitcoin journey impresses. Shoutout at 1:22 highlights global BTC impact.
— powered by ₿itPulse",0,0,0,11,[],['@BTC_Archive'],['\\U0001f525'],https://pbs.twimg.com/profile_images/1916162357664837632/g3AMOI4F_bigger.jpg,https://x.com/BitPulse_X/status/1916268344325328998,tweet_id:1916268344325328998
steph,@stephgjon,2025-04-26T23:09:10.000Z,False,"NEW: Semler Scientific acquires 111 #Bitcoin for $10 million, bringing their total holdings to 3,303 BTC. ",0,0,0,12,['#Bitcoin'],[],['\\U0001f4aa'],https://pbs.twimg.com/profile_images/1635803885796302850/Q_2_PgcV_bigger.jpg,https://x.com/stephgjon/status/1916268342429814943,tweet_id:1916268342429814943
Alfredo Moreno,@AlfredoMorenoSS,2025-04-26T23:09:09.000Z,False,"You clown,

There are stable coins you can peg to BSV/Bitcoin. All they need is an app like Rockwallet buy a stable coin backed by the US dollar. Bitcoin is not just a pmt sys it's a immutable ledger capable of Smart Contracts

Smart contracts have infinite use cases *peg a stock",0,0,0,18,[],[],[],https://pbs.twimg.com/profile_images/1770646544595013632/FO4dPBe-_bigger.jpg,https://x.com/AlfredoMorenoSS/status/1916268338621387246,tweet_id:1916268338621387246
Mattison Thao,@MattisonTh78401,2025-04-26T23:09:04.000Z,False,抄的一手好底,0,0,0,2,[],[],[],https://pbs.twimg.com/profile_images/1710737897840934912/n5FpzDel_bigger.jpg,https://x.com/MattisonTh78401/status/1916268320652988772,tweet_id:1916268320652988772
₿ Raider,@BitcoinRaider,2025-04-26T23:09:04.000Z,True,tesla is so 2017.  is future!,0,0,0,33,[],['@slateauto'],[],https://pbs.twimg.com/profile_images/1915970581943427072/HKHWz0Si_bigger.jpg,https://x.com/BitcoinRaider/status/1916268317607592131,tweet_id:1916268317607592131
Diario฿itcoin,@DiarioBitcoin,2025-04-26T23:09:01.000Z,True,"Charles Hoskinson advierte: ¿Ethereum tiene los días contados?

El fundador de Cardano compara el futuro de Ethereum con el declive de BlackBerry y MySpace.

Critica graves fallos de diseño y falta de gobernanza.

ETH ha caído más de 40% frente a BTC en 2025.

¿Estamos ante",0,0,0,148,[],[],"['\\u26a1\\ufe0f', '\\U0001f4a5']",https://pbs.twimg.com/profile_images/1369479690591694850/nopaOKll_bigger.jpg,https://x.com/DiarioBitcoin/status/1916268307533148224,tweet_id:1916268307533148224
My Bitcoin Cousin,@MyBitcoinCousin,2025-04-26T23:08:59.000Z,True,"I like this, very important.",0,0,0,7,[],[],[],https://pbs.twimg.com/profile_images/1885009833012686848/FthtqGM4_bigger.jpg,https://x.com/MyBitcoinCousin/status/1916268298158620760,tweet_id:1916268298158620760
HODLPulse,@XCoinPulse,2025-04-26T23:08:59.000Z,True,"Always a chance it never goes through though, never know with these SPACs As of this moment, $CEP is a shell company that holds 0 bitcoin",0,0,0,12,[],[],['\\U0001f602'],https://pbs.twimg.com/profile_images/1784599807987691520/T9Vto75A_bigger.jpg,https://x.com/XCoinPulse/status/1916268297730904186,tweet_id:1916268297730904186
Dovni Baam,@DovniBaam,2025-04-26T23:08:57.000Z,False,"Porque la mayoría no piensa.

No ven libertad, ven pasta rápida.

No entienden que Bitcoin no es para hacerte rico, es para que no te sigan follando el Estado y los bancos.

Pero claro, pensar duele más que tradear mierdas en Binance.",0,0,0,8,[],[],[],https://pbs.twimg.com/profile_images/1915519050735566848/WwhJ316s_bigger.jpg,https://x.com/DovniBaam/status/1916268290470776835,tweet_id:1916268290470776835
iJx01 Joel Page BQQM,@iJx01Q,2025-04-26T23:08:57.000Z,False,"#X22Report 
Sat, Apr 26, 2025

Ep. 3628a - Trump Sets The Stage To Drill, Banking Sector Will Open Up To Make Bitcoin Mainstreamhttps://rumble.com/v6sm7df-ep.-3628a-trump-sets-the-stage-to-drill-banking-sector-will-open-up-to-make.html…Ep. 3628b - When Does A Bird Sing,Judge Arrested,Nobody Is Above The Law,Future Direction Confirmed",0,0,0,9,['#X22Report'],[],[],https://pbs.twimg.com/profile_images/1860662240585908224/WK9GDEms_bigger.jpg,https://x.com/iJx01Q/status/1916268289724223563,tweet_id:1916268289724223563
CRYPTOSLO,@BitcoinSLO,2025-04-26T23:08:56.000Z,True,"Thanks, got one of those clear ice makers from Amazon! Works great. Good ice is key",0,0,0,6,[],[],[],https://pbs.twimg.com/profile_images/1892940526191628288/h2wZSjy6_bigger.jpg,https://x.com/BitcoinSLO/status/1916268286779494618,tweet_id:1916268286779494618
building,@Remorehomebuild,2025-04-26T23:08:54.000Z,False,"I am convinced that this will be the biggest AI rune on bitcoinMarx fren mnoke
OG founder  
AI runes and terminal (real utility case, not just another memecoin)
Created on http://MARXAI.IO the $DOG AI agent ",0,0,0,9,[],"['@0xJerry543', '@DOGarmyintern']",[],https://pbs.twimg.com/profile_images/1893668944524742656/Jh_fyoMm_bigger.jpg,https://x.com/Remorehomebuild/status/1916268276339953904,tweet_id:1916268276339953904
The ₿itcoin Ape ₿,@TheApeBitcoiner,2025-04-26T23:08:53.000Z,True,Bitcoin is digital money and a ledger for the src20 bitcoin tokens $stamp $kevin and Bitcoin stamps Art.,0,0,0,17,[],[],[],https://pbs.twimg.com/profile_images/1880241807746801664/5cUFNFGV_bigger.jpg,https://x.com/TheApeBitcoiner/status/1916268271680028682,tweet_id:1916268271680028682
RabBit_Coin,@ksc3641,2025-04-26T23:08:52.000Z,False,"저 보수적인 사람이고 그 누구보다 돈 좋아합니다.
그런데 저는 저 스스로를 너무 잘 알고 생각이 많은 편이어서 나 같은 사람이 정치하는 것 보다 나와 반대 성향인 진보가 정치하는 것이 맞다고 오래전 부터 생각했었죠. 내가 보수라고 나랑 이념이 똑같은 보수를 지지해야 한다는 건 무식한",0,0,0,10,[],[],[],https://pbs.twimg.com/profile_images/1906889076189650944/S245EUjT_bigger.jpg,https://x.com/ksc3641/status/1916268267565682909,tweet_id:1916268267565682909
COINTURK NEWS,@Cointurknews,2025-04-26T23:08:50.000Z,True,"Semler Scientific Amplifies Bitcoin Investments, Solidifying Its Position in Digital Assets",0,0,0,8,[],[],[],https://pbs.twimg.com/profile_images/1656591827196080130/RgqJNKV-_bigger.jpg,https://x.com/Cointurknews/status/1916268259508187487,tweet_id:1916268259508187487
soom,@cnsoom,2025-04-26T23:08:48.000Z,True,"The First pumpfun EVER 

found on the bitcoin forums in 2017.

wont be this low for long. 

8CZtx6PCAtdemEJvp48ify2fkZLWeyLEXAkQuqMHpump",0,0,0,18,[],[],[],https://pbs.twimg.com/profile_images/1915567478870335491/ZDcD6fVd_bigger.jpg,https://x.com/cnsoom/status/1916268250524225598,tweet_id:1916268250524225598
OldFashionedBitcoin,@OldFashBitcoin,2025-04-26T23:08:46.000Z,True,,0,0,0,6,[],[],[],https://pbs.twimg.com/profile_images/1815475125442977792/A9hzMnPI_bigger.jpg,https://x.com/OldFashBitcoin/status/1916268242819289598,tweet_id:1916268242819289598
Lucas Lopes de Oliveira,@OPES_IRAVE,2025-04-26T23:08:45.000Z,False,"O Bitcoin, ainda pouco compreendido, representa uma aposta em mudanças profundas: com a queda da confiança nas moedas tradicionais, sua escassez e potencial de valorização devem torná-lo cada vez mais desejado.",0,0,0,11,[],[],[],https://pbs.twimg.com/profile_images/1760074204362211328/Htm7qLjp_bigger.jpg,https://x.com/OPES_IRAVE/status/1916268240940015626,tweet_id:1916268240940015626
Bitcoin Thanos,@BitcoinThanos,2025-04-26T23:08:45.000Z,True,,0,0,0,3,[],[],['\\U0001f64f\\U0001f3fc'],https://pbs.twimg.com/profile_images/1883165604846145536/P8gPWG7U_bigger.jpg,https://x.com/BitcoinThanos/status/1916268239056761196,tweet_id:1916268239056761196
soom,@cnsoom,2025-04-26T23:08:45.000Z,True,"The First pumpfun EVER 

found on the bitcoin forums in 2017.

wont be this low for long. 

8CZtx6PCAtdemEJvp48ify2fkZLWeyLEXAkQuqMHpump",0,0,0,25,[],[],[],https://pbs.twimg.com/profile_images/1915567478870335491/ZDcD6fVd_bigger.jpg,https://x.com/cnsoom/status/1916268238612402388,tweet_id:1916268238612402388
Amy Anderz,@Cryptocockatooo,2025-04-26T23:08:41.000Z,True,"Thank you, Dissect. I actually won back in Dec or Jan, when Bitcoin was at 100k. So if I don’t win, that’s okay. Dave is so dang generous to do this. Just spreadin’ that Bitcoin love.",0,0,0,7,[],[],['\\U0001f49a'],https://pbs.twimg.com/profile_images/1787037671665061888/eROFXb6j_bigger.jpg,https://x.com/Cryptocockatooo/status/1916268221788758120,tweet_id:1916268221788758120
Gold Is Power,@GoldIsPowerNews,2025-04-26T23:08:39.000Z,True,"An absence of big cargo ships in Elliott Bay, Seattle a sign of things to come?https://seattletimes.com/business/tariff-tit-for-tat-has-seattle-waiting-for-the-ships-to-come-in/?utm_medium=social&utm_campaign=owned_echobox_tw_m&utm_source=Twitter#Echobox=1745593341-4…#Tariffs #Trade #Gold #Silver #Bitcoin #Crypto",0,0,0,23,"['#Tariffs', '#Trade', '#Gold', '#Silver', '#Bitcoin', '#Crypto']",[],[],https://pbs.twimg.com/profile_images/1914353457458458624/fniEmP1f_bigger.jpg,https://x.com/GoldIsPowerNews/status/1916268213954089144,tweet_id:1916268213954089144
Matt Van Wie,@mvanwie305,2025-04-26T23:08:37.000Z,True,#Bitcoin is going nowhere but up,0,0,0,18,['#Bitcoin'],[],['\\U0001f4c8'],https://pbs.twimg.com/profile_images/1873029826069581824/rRT_t_y4_bigger.jpg,https://x.com/mvanwie305/status/1916268207008031205,tweet_id:1916268207008031205
NoNameBitcoiner,@NoNameBitcoiner,2025-04-26T23:08:32.000Z,False,Get a  card and get rewards with every purchase. This way you always have more Bitcoin than you did the day before. https://use.foldapp.com/r/H1DX1ER5,0,0,0,9,[],['@fold_app'],[],https://pbs.twimg.com/profile_images/1362790301966999558/UMDY19kR_bigger.jpg,https://x.com/NoNameBitcoiner/status/1916268184178512176,tweet_id:1916268184178512176
The ₿itcoinLibertarian,@TheBitcoin__,2025-04-26T23:08:31.000Z,True,"Decentralized, immutable, and free from control. The true ruler of the digital age.",0,0,0,30,[],[],[],https://pbs.twimg.com/profile_images/1569660901019758592/SY2FN5SN_bigger.jpg,https://x.com/TheBitcoin__/status/1916268180823281939,tweet_id:1916268180823281939
Rafael Campos,@RafaelCamposRD_,2025-04-26T23:08:29.000Z,False,"A maior comunidade e 1 meme coin do bitcoin , $DOG ",0,0,0,5,[],[],"['\\U0001f680', '\\U0001f680', '\\U0001f680']",https://pbs.twimg.com/profile_images/1846737928346537984/gE-tknYb_bigger.jpg,https://x.com/RafaelCamposRD_/status/1916268172581142678,tweet_id:1916268172581142678
Michael Saylor (Parody),@AlpacaGigaChad,2025-04-26T23:08:27.000Z,False,#Bitcoin is my food. $ALPACA,0,0,0,19,['#Bitcoin'],[],[],https://pbs.twimg.com/profile_images/1908840461839519744/3Rjz-2xu_bigger.jpg,https://x.com/AlpacaGigaChad/status/1916268165786480677,tweet_id:1916268165786480677
Dr Moonshow,@Dr_Moonshow,2025-04-26T23:08:27.000Z,True,"1/2

Fear and Greed Index  

GREED 65Bitcoin Price: $94,720",0,0,0,11,[],[],[],https://pbs.twimg.com/profile_images/1474044751309647875/rOQaL11F_bigger.jpg,https://x.com/Dr_Moonshow/status/1916268164859527264,tweet_id:1916268164859527264
Angelique murray,@murray0402,2025-04-26T23:08:27.000Z,False,"#ETHWUSDT 

Entry: 1.43

Target 1: 1.57
Target 2: 1.65Target 3: 1.78Target 4: 1.82Target 5: 1.94
Target 6: 2.07
Target 7: 2.14",0,0,0,35,"['#ETHWUSDT', '', '', '', '', '', '', '', '', '', '', '', '', '', '']",[],"['\\u2705', '\\u2705', '\\u2705']",https://pbs.twimg.com/profile_images/1856834317982339072/P-YABZnt_bigger.jpg,https://x.com/murray0402/status/1916268162674200601,tweet_id:1916268162674200601
Matthew STEVENS-WALL - AKA BITCOIN - MAGA,@MatthewWALL481,2025-04-26T23:08:26.000Z,True,,0,0,0,5,[],[],[],https://pbs.twimg.com/profile_images/1768648508402204672/5CX0JZyH_bigger.jpg,https://x.com/MatthewWALL481/status/1916268159696326856,tweet_id:1916268159696326856
katie ୧｡ﾟ･,@cheersitskatie,2025-04-26T23:08:24.000Z,False,i lost my crypto wallet on metamask coinbase nft trade coin trust wallet i got hacked and banned i was scammed i need iptv asap help homework essay due tonight crypto mining help my instagram was hacked bitcoin i lost my crypto wallet on metamask coinbase nft trade coin trust nft,0,0,0,47,[],[],[],https://pbs.twimg.com/profile_images/1895670370302144512/khPCQR3F_bigger.jpg,https://x.com/cheersitskatie/status/1916268151169245622,tweet_id:1916268151169245622
Matt Van Wie,@mvanwie305,2025-04-26T23:08:19.000Z,True,#Bitcoin is still cheap.,0,0,0,16,['#Bitcoin'],[],[],https://pbs.twimg.com/profile_images/1873029826069581824/rRT_t_y4_bigger.jpg,https://x.com/mvanwie305/status/1916268131355345341,tweet_id:1916268131355345341
Mustard,@Mustaarrd,2025-04-26T23:08:16.000Z,True,"Bitcoin is the future of money, the ultimate store of value, and the key to financial freedom. We’re early.",0,0,0,10,[],[],[],https://pbs.twimg.com/profile_images/1912650584487858176/ZACBHdPi_bigger.jpg,https://x.com/Mustaarrd/status/1916268118244040956,tweet_id:1916268118244040956
˚₊‧꒰ა YURI ໒꒱ ‧₊˚ Azul’s Lover,@AzulsBitcoin,2025-04-26T23:08:12.000Z,False,then what*,0,0,0,5,[],[],[],https://pbs.twimg.com/profile_images/1909815108605476864/_8XPeUhx_bigger.jpg,https://x.com/AzulsBitcoin/status/1916268102687637841,tweet_id:1916268102687637841
Kaljed.Tabi Memecoin꧁IP꧂,@KaljedHunter,2025-04-26T23:08:11.000Z,False,"Bitcoin Thunderbolt is real-time BTC.

2.659s on the clock. 99.63% faster. 271x the standard.

It’s still Bitcoin. Just rebuilt by .

Try it yourself ",0,0,0,6,[],['@nubit_org'],['\\U0001f449'],https://pbs.twimg.com/profile_images/1655963617668243456/QwhgWgNH_bigger.jpg,https://x.com/KaljedHunter/status/1916268095296962836,tweet_id:1916268095296962836
BestBitcoin ($BBTC),@BestBitcoinBBTC,2025-04-26T23:08:10.000Z,True,"Cold wallets getting warmer? Check. Bitcoin maxis secretly farming $BBTC? Double check. BestBitcoin is the meme revolution we all HODLed too tight for. Let's face it, we're not passing up dreams and memes for ""Satoshi's vision."" Time to moonwalk past those broken charts, lads.",0,0,0,7,[],[],[],https://pbs.twimg.com/profile_images/1911871735227449344/Uvwp2IVh_bigger.jpg,https://x.com/BestBitcoinBBTC/status/1916268093602439359,tweet_id:1916268093602439359
Trendamentalist,@Trendamentalist,2025-04-26T23:08:09.000Z,True,"Just stopped by my office to find the Fed casually ""withdrawing"" their crypto guidance. Don't pop those champagne bottles yet, folks. 

The same folks who ran Operation Chokepoint 2.0 are still pulling strings behind the scenes. The Fed's books still label Bitcoin as ""unsafe and",0,0,0,7,[],[],[],https://pbs.twimg.com/profile_images/1731343968351473664/ag7Fp-ZW_bigger.jpg,https://x.com/Trendamentalist/status/1916268090134040863,tweet_id:1916268090134040863
The ₿itcoinLibertarian,@TheBitcoin__,2025-04-26T23:08:09.000Z,True,"A decentralized force that empowers individuals, giving control back to the people.",0,0,0,4,[],[],[],https://pbs.twimg.com/profile_images/1569660901019758592/SY2FN5SN_bigger.jpg,https://x.com/TheBitcoin__/status/1916268087437103229,tweet_id:1916268087437103229
Soberclown,@bitcoinnz,2025-04-26T23:08:09.000Z,True,Look at the prices as bitcoin instead of dollars,0,0,0,38,[],[],[],https://pbs.twimg.com/profile_images/1704092610535821313/cb7gDzsi_bigger.jpg,https://x.com/bitcoinnz/status/1916268086505934864,tweet_id:1916268086505934864
Bitmund Freud,@BitmundFreud,2025-04-26T23:08:08.000Z,True,You can never go wrong if you stick with Bitcoin,0,0,0,11,[],[],[],https://pbs.twimg.com/profile_images/1885772202751950848/BgLUFkMx_bigger.jpg,https://x.com/BitmundFreud/status/1916268085322936741,tweet_id:1916268085322936741
CYBORG,@Dilletantte,2025-04-26T23:08:06.000Z,True,All roads leads to Bitcoin ,0,0,0,10,[],[],['\\U0001f7e7'],https://pbs.twimg.com/profile_images/1905161656121925632/iJSRgPKY_bigger.jpg,https://x.com/Dilletantte/status/1916268077445976331,tweet_id:1916268077445976331
˚₊‧꒰ა YURI ໒꒱ ‧₊˚ Azul’s Lover,@AzulsBitcoin,2025-04-26T23:08:06.000Z,False,I would be annoyed if that was the case what if i wanted to have a french tip them what,0,0,0,6,[],[],[],https://pbs.twimg.com/profile_images/1909815108605476864/_8XPeUhx_bigger.jpg,https://x.com/AzulsBitcoin/status/1916268077307859392,tweet_id:1916268077307859392
BITCOIN = ESPECULACIÓN,@bitcoinforeve,2025-04-26T23:08:02.000Z,False,,0,0,0,5,[],[],[],https://pbs.twimg.com/profile_images/1327052572398596099/_kFUTHIN_bigger.jpg,https://x.com/bitcoinforeve/status/1916268058856783980,tweet_id:1916268058856783980
Tranquility Signals,@TQSignals,2025-04-26T23:08:02.000Z,True, #FREE #SIGNAL ALERT – #ARC / $ARC | LONG  (20x) Entry: 0.06766 Targets: 0.07104   0.07443 0.07781   0.08119 SL [Free Channel]:  https://t.me/TranquilitySignals…#Crypto #CryptoSignals #Altcoin #Bitcoin #BTC #ETH #Trading #Traders #LBank #MEXC #Binance #Bybit,0,0,0,35,"['#FREE', '#SIGNAL', '#ARC', '#Crypto', '#CryptoSignals', '#Altcoin', '#Bitcoin', '#BTC', '#ETH', '#Trading', '#Traders', '#LBank', '#MEXC', '#Binance', '#Bybit']",[],"['\\U0001f6a8', '\\U0001f680', '\\U0001f3af', '\\U0001f4c8', '1\\ufe0f\\u20e3', '2\\ufe0f\\u20e3', '3\\ufe0f\\u20e3', '4\\ufe0f\\u20e3', '\\U0001f6e1', '\\U0001f449']",https://pbs.twimg.com/profile_images/1912540737234780160/Ob9eCOm7_bigger.jpg,https://x.com/TQSignals/status/1916268057405632768,tweet_id:1916268057405632768
パンダくんbotだよ,@pandakunbot,2025-04-26T23:08:01.000Z,False,Deep Learning and Machine Learning Insights Into the Global Economic Drivers of the Bitcoin Price https://onlinelibrary.wiley.com/doi/pdf/10.1002/for.3258…,0,0,0,8,[],[],[],https://pbs.twimg.com/profile_images/1482210230993920002/pNsaADRV_bigger.jpg,https://x.com/pandakunbot/status/1916268054927053197,tweet_id:1916268054927053197
OldFashionedBitcoin,@OldFashBitcoin,2025-04-26T23:07:59.000Z,True,#TwoTierKeir,0,0,0,2,['#TwoTierKeir'],[],[],https://pbs.twimg.com/profile_images/1815475125442977792/A9hzMnPI_bigger.jpg,https://x.com/OldFashBitcoin/status/1916268046337159552,tweet_id:1916268046337159552
Muhammad Jamiu Bello,@MuhammadJamiuB4,2025-04-26T23:07:58.000Z,True,"Bitcoin is freedom, energy, and the future of unstoppable money. It's not just an asset — it's a revolution.",0,0,0,11,[],[],[],https://pbs.twimg.com/profile_images/1874502249570881536/1nSmwu0w_bigger.jpg,https://x.com/MuhammadJamiuB4/status/1916268042121613644,tweet_id:1916268042121613644
Johnny LaRue. No tax on tips.,@spaghettijimmy,2025-04-26T23:07:55.000Z,False,Spoiler alert. US gov. can seize every bitcoin anytime for any reason.,0,0,0,10,[],[],[],https://pbs.twimg.com/profile_images/1865160987361579009/ZF-YRPPc_bigger.jpg,https://x.com/spaghettijimmy/status/1916268031296344270,tweet_id:1916268031296344270
Bitcoin2Go,@bitcoin2go,2025-04-26T23:07:53.000Z,True," Bitcoin schon bald bei $200k?

Viele von euch haben vielleicht in den letzten 24h dieses Bild gesehen.

Der Bitcoin Kurs folgt ja schon länger dem M2 Money Supply.

Es gibt etliche Varianten von diesen Charts, da die die klare Erwartung vermitteln, dass BTC stumpf weiter",0,0,0,276,[],[],['\\U0001f440'],https://pbs.twimg.com/profile_images/1539893273556295681/fqgPWoX__bigger.jpg,https://x.com/bitcoin2go/status/1916268020558925900,tweet_id:1916268020558925900
Financefy.ca - Bitcoin news,@financefy,2025-04-26T23:07:53.000Z,False,"""One of the best things about Bitcoin is that it's ****permissionless****, and ****free of censorship****.""

Under certain, but not all, conditions.",0,0,0,13,[],[],"['\\U0001f1e8\\U0001f1e6', '\\U0001f69b', '\\U0001f6ab']",https://pbs.twimg.com/profile_images/1596963502446493698/vVGcTH63_bigger.jpg,https://x.com/financefy/status/1916268019619074527,tweet_id:1916268019619074527
My Bitcoin Cousin,@MyBitcoinCousin,2025-04-26T23:07:48.000Z,True,No,0,0,0,4,[],[],[],https://pbs.twimg.com/profile_images/1885009833012686848/FthtqGM4_bigger.jpg,https://x.com/MyBitcoinCousin/status/1916268001923633431,tweet_id:1916268001923633431
BeyondBitcoin,@Beyond_Bitcoin,2025-04-26T23:07:48.000Z,False,"This guy..muting me for warning people about $esim teams shady track record...
Where is the app?",0,0,0,2,[],[],[],https://pbs.twimg.com/profile_images/958176942532038662/gHR_7VY9_bigger.jpg,https://x.com/Beyond_Bitcoin/status/1916268001273225492,tweet_id:1916268001273225492
The ₿itcoinLibertarian,@TheBitcoin__,2025-04-26T23:07:43.000Z,True,The code is law.,0,0,0,2,[],[],[],https://pbs.twimg.com/profile_images/1569660901019758592/SY2FN5SN_bigger.jpg,https://x.com/TheBitcoin__/status/1916267978469069213,tweet_id:1916267978469069213
Bitcoin Dad,@CAbitcoinDad,2025-04-26T23:07:42.000Z,True,Oh no. Again?!,0,0,0,7,[],[],[],https://pbs.twimg.com/profile_images/1640952875768770560/FNFitHhe_bigger.jpg,https://x.com/CAbitcoinDad/status/1916267973838622935,tweet_id:1916267973838622935
davidburton.bitcoin,@DavidBurton443,2025-04-26T23:07:40.000Z,False,"Check out ""Give Me Love"" by Poetry Flavor -",0,0,0,5,[],[],[],https://pbs.twimg.com/profile_images/1785801101742137345/aVtg7pUJ_bigger.jpg,https://x.com/DavidBurton443/status/1916267966234271931,tweet_id:1916267966234271931
DaleDickins,@MyselfDotStudy,2025-04-26T23:07:38.000Z,True,"The first decade of BitCoin was the same, it's the communist way of war. Bots and bad words unite to gang up on anybody who speaks out against their agenda.",0,0,0,5,[],[],[],https://pbs.twimg.com/profile_images/1635852129486409729/tOxsLhv6_bigger.jpg,https://x.com/MyselfDotStudy/status/1916267959682798018,tweet_id:1916267959682798018
AlphaMAX,@alpha_max2025,2025-04-26T23:07:34.000Z,False, Bitcoin has just crossed the threshold at $94797! Time to get in on this breakout! #Crypto #Bitcoin #Trading,0,0,0,11,"['#Crypto', '#Bitcoin', '#Trading']",[],['\\U0001f680'],https://pbs.twimg.com/profile_images/1907110839330512896/vQK4DW-R_bigger.jpg,https://x.com/alpha_max2025/status/1916267943765114974,tweet_id:1916267943765114974
Dr Moonshow,@Dr_Moonshow,2025-04-26T23:07:34.000Z,True," CBBI: 72 Bitcoin price: $94,720 Pi Cycle Top Indicator: 57% RUPL/NUPL Chart: 83% RHODL Ratio: 83% Puell Multiple: 89% 2 Year Moving Average: 87% Bitcoin Trolololo Trend Line: 54%",0,0,0,9,[],[],"['\\U0001f4c8', '\\U0001f4c8', '\\U0001f4c9', '\\U0001f4c8', '\\U0001f4c8', '\\U0001f4c8', '\\U0001f4c8', '\\U0001f4c8', '\\U0001f4c8', '\\U0001f4c8', '\\U0001f4c8', '\\U0001f195']",https://pbs.twimg.com/profile_images/1474044751309647875/rOQaL11F_bigger.jpg,https://x.com/Dr_Moonshow/status/1916267943685722597,tweet_id:1916267943685722597
Angelique murray,@murray0402,2025-04-26T23:07:34.000Z,False,"#HYPERUSDTEntry: 0.195

Target 1: 0.202Target 2: 0.217
Target 3: 0.226
Target 4: 0.233#bitcoin  #crypto #btc #eth #altcoin #trading #signal #memecoin #forex ",0,0,0,37,"['#HYPERUSDT', '#bitcoin', '#crypto', '#btc', '#eth', '#altcoin', '#trading', '#signal', '#memecoin', '#forex', '', '', '', '']",[],"['\\u2705', '\\u2b07\\ufe0f']",https://pbs.twimg.com/profile_images/1856834317982339072/P-YABZnt_bigger.jpg,https://x.com/murray0402/status/1916267941026254991,tweet_id:1916267941026254991
soom,@cnsoom,2025-04-26T23:07:33.000Z,True,"The First pumpfun EVER 

found on the bitcoin forums in 2017.

wont be this low for long. 

8CZtx6PCAtdemEJvp48ify2fkZLWeyLEXAkQuqMHpump",0,0,0,97,[],[],[],https://pbs.twimg.com/profile_images/1915567478870335491/ZDcD6fVd_bigger.jpg,https://x.com/cnsoom/status/1916267937608110577,tweet_id:1916267937608110577
Futurismo Cripto-Bitcoin,@Matheus27020462,2025-04-26T23:07:31.000Z,False,Why?,0,0,0,4,[],[],[],https://pbs.twimg.com/profile_images/1885037999093637121/Y3895DMP_bigger.jpg,https://x.com/Matheus27020462/status/1916267929349300293,tweet_id:1916267929349300293
Journey,@xjourney0,2025-04-26T23:27:37.000Z,False,"What are your thoughts ?
.

.$BTC $ETH $SOL $XRP $CFX $SUI $TIA #crypto #bitcoin #ethereum #altcoins #altseason #ai #defi #rwa #depin #gaming #utility #hodl #gains #market #Investing #trade #trump #tariffs #liquidity #volatility #last #bullrun #wealth #patience",0,0,0,0,"['#crypto', '#bitcoin', '#ethereum', '#altcoins', '#altseason', '#ai', '#defi', '#rwa', '#depin', '#gaming', '#utility', '#hodl', '#gains', '#market', '#Investing', '#trade', '#trump', '#tariffs', '#liquidity', '#volatility', '#last', '#bullrun', '#wealth', '#patience']",[],['\\U0001f4ad'],https://pbs.twimg.com/profile_images/1840844374323728384/ZvEo3gGb_bigger.jpg,https://x.com/xjourney0/status/1916272986509774851,tweet_id:1916272986509774851
mike,@saug1989,2025-04-26T23:27:33.000Z,False, Use my code: #t313tGk6h for a 350 point bonus! \n\n Download here  https://onelink.to/natix-network #freecrypto #crypto #earncrypto #AltcoinSeason #btc #bitcoin #natix #referralcode #xcn #xrp #sol #eth #driveforcrypto #freerewards #pengu #swftc #hbar #solona,0,0,0,0,"['#t313tGk6h', '#freecrypto', '#crypto', '#earncrypto', '#AltcoinSeason', '#btc', '#bitcoin', '#natix', '#referralcode', '#xcn', '#xrp', '#sol', '#eth', '#driveforcrypto', '#freerewards', '#pengu', '#swftc', '#hbar', '#solona']",['@NATIXNetwork'],"['\\U0001f3ce\\ufe0f', '\\U0001f6de', '\\U0001f31f', '\\U0001f449']",https://abs.twimg.com/sticky/default_profile_images/default_profile_bigger.png,https://x.com/saug1989/status/1916272968688083454,tweet_id:1916272968688083454
Peter Bitcoin Schiff,@BitcoinBull1987,2025-04-26T23:27:32.000Z,False,How to drain battery so I can return to tractor supply,0,0,0,0,[],[],[],https://pbs.twimg.com/profile_images/1856174090156908544/7Caw2Cmo_bigger.jpg,https://x.com/BitcoinBull1987/status/1916272965710233641,tweet_id:1916272965710233641
soom,@cnsoom,2025-04-26T23:27:29.000Z,True,"this narrative is fucking insane

it’s the first pumpfun that was found on the bitcoin forums back in 2017.

8CZtx6PCAtdemEJvp48ify2fkZLWeyLEXAkQuqMHpump",0,0,0,0,[],[],[],https://pbs.twimg.com/profile_images/1915567478870335491/ZDcD6fVd_bigger.jpg,https://x.com/cnsoom/status/1916272954234835383,tweet_id:1916272954234835383
Diario฿itcoin,@DiarioBitcoin,2025-04-26T23:27:29.000Z,True,,0,0,0,0,[],[],[],https://pbs.twimg.com/profile_images/1369479690591694850/nopaOKll_bigger.jpg,https://x.com/DiarioBitcoin/status/1916272952888463775,tweet_id:1916272952888463775
little greenie voice,@ecotopia_now,2025-04-26T23:27:28.000Z,False,"For a WHOLE COIN.
You can also exchange your dollars for less bitcoin.
I never “buy” it .
I trade my #USD for it.",0,0,0,0,['#USD'],[],"['\\U0001f937\\U0001f3fc\\u200d\\u2642\\ufe0f', '\\U0001fae1']",https://pbs.twimg.com/profile_images/1768503783653621760/6lcsvmae_bigger.jpg,https://x.com/ecotopia_now/status/1916272950325506363,tweet_id:1916272950325506363
Bitcoin Bulletin Board Guy,@BitcoinBltnBrd,2025-04-26T23:27:28.000Z,True,Bitcoin fixes this.  Also my friend  made this meme but at some point someone cropped out his watermark.,0,0,0,2,[],['@BitcoinMemesIRL'],[],https://pbs.twimg.com/profile_images/1891570719303110656/zYzcQXID_bigger.jpg,https://x.com/BitcoinBltnBrd/status/1916272949402996812,tweet_id:1916272949402996812
wallstreetbets,@wallstreetbets,2025-04-26T23:27:27.000Z,True,Bitcoin passing Google in market cap is the ultimate “tech who?” moment for Alphabet shareholders.,0,0,0,52,[],[],[],https://pbs.twimg.com/profile_images/1861197115172757504/1wmUZzBR_bigger.jpg,https://x.com/wallstreetbets/status/1916272946806485423,tweet_id:1916272946806485423
soom,@cnsoom,2025-04-26T23:27:24.000Z,True,"this narrative is fucking insane

it’s the first pumpfun that was found on the bitcoin forums back in 2017.

8CZtx6PCAtdemEJvp48ify2fkZLWeyLEXAkQuqMHpump",0,0,0,0,[],[],[],https://pbs.twimg.com/profile_images/1915567478870335491/ZDcD6fVd_bigger.jpg,https://x.com/cnsoom/status/1916272935012339766,tweet_id:1916272935012339766
CryptoSage_0,@KelvinJ21845,2025-04-26T23:27:24.000Z,False,"Binance Futures, ByBit USDT#ZEREBRO/USDT All take-profit targets achieved Profit: 1,071.6976% Period: 9 Hours 39 Minutes https://t.me/+lVcwOwYKA_I0MGM0…#Bitcoin #Crypto #BTC #ETH #Solana #Altcoin  #TradingSignals #MemeCoin #Binance #الهلال_غوانغجو #aqababe #SB19",0,0,0,0,"['#ZEREBRO', '#Bitcoin', '#Crypto', '#BTC', '#ETH', '#Solana', '#Altcoin', '#TradingSignals', '#MemeCoin', '#Binance', '#الهلال_غوانغجو', '#aqababe', '#SB19']",[],"['\\U0001f60e', '\\U0001f4c8', '\\u23f0', '\\u23f0']",https://pbs.twimg.com/profile_images/1863589721592475648/BPlHn1OW_bigger.jpg,https://x.com/KelvinJ21845/status/1916272934986928501,tweet_id:1916272934986928501
Dex,@Dex1156709,2025-04-26T23:27:23.000Z,False,"SIGN airdrop on Binance!  BNB Holders, get ready! The Airdrop page will be available on the Binance Airdrop Portal in 12 hours. Plus, this token will be listed on Binance soon!#nestree #nestreexyz #web3 #bitcoin #Cryptocurrencyhttps://nestree.xyz/posts/83564127?utm_source=manual….",0,0,0,2,"['#nestree', '#nestreexyz', '#web3', '#bitcoin', '#Cryptocurrency']",[],[],https://pbs.twimg.com/profile_images/1878309897085071360/gSmzxQsC_bigger.jpg,https://x.com/Dex1156709/status/1916272929220055481,tweet_id:1916272929220055481
"Dragunuv(Ø,G) ForgeMint",@Dragunuv_Alpha,2025-04-26T23:27:21.000Z,True,Bitcoin to $200K: Why It's Inevitable! Check out  — all-in-one minting bot (100 wallets in 0.3 s)! #FOMO Act fast!,0,0,0,1,['#FOMO'],['@ForgeMintBot'],['\\U0001f517'],https://pbs.twimg.com/profile_images/1906160845840642048/FEwIivyO_bigger.jpg,https://x.com/Dragunuv_Alpha/status/1916272919279190490,tweet_id:1916272919279190490
Meow,@meowguybr,2025-04-26T23:27:13.000Z,True,"I love minecraft and bitcoin! 

Thanks ",0,0,0,1,[],[],['\\U0001f98b'],https://pbs.twimg.com/profile_images/1905933511531315200/9I3Gmtqk_bigger.jpg,https://x.com/meowguybr/status/1916272888182690181,tweet_id:1916272888182690181
₿itcoin Ollie,@BitcoinOllie,2025-04-26T23:27:12.000Z,True,"My skin is in the game. I’m beyond that. My soul is in the game -  

Time will tell.",0,0,0,0,[],['@saylor'],[],https://pbs.twimg.com/profile_images/1615619717204512769/XDbLTAqX_bigger.jpg,https://x.com/BitcoinOllie/status/1916272884395262257,tweet_id:1916272884395262257
돈생걍사,@TSLA_Bitcoin,2025-04-26T23:27:12.000Z,True,열상카메라로... ㅎㄷㄷ,0,0,0,3,[],[],[],https://pbs.twimg.com/profile_images/1809801918073720832/KegsYaRJ_bigger.jpg,https://x.com/TSLA_Bitcoin/status/1916272881316860011,tweet_id:1916272881316860011
RICHKID || YNWA 𖤍 ₿ ℵ /GOAT ,@DefiPrince88,2025-04-26T23:27:07.000Z,True,True builders pick Bitcoin,0,0,0,0,[],[],[],https://pbs.twimg.com/profile_images/1894411753754185728/JVIvPB4T_bigger.jpg,https://x.com/DefiPrince88/status/1916272860466651232,tweet_id:1916272860466651232
ESA,@Ehsa041,2025-04-26T23:27:07.000Z,False, will get too 120k soon,0,0,0,2,[],['@Bitcoin'],[],https://pbs.twimg.com/profile_images/1916270915656019968/veIIU0fD_bigger.jpg,https://x.com/Ehsa041/status/1916272859636289797,tweet_id:1916272859636289797
Max Keiser,@maxkeiser,2025-04-26T23:27:06.000Z,True,NEW Max Keiser & Stacy Herbert: Bitcoin Evolution and Nation-State Adoption.  https://youtu.be/-1AaRCik0Uc?si=7xqS84PCHL3lvEEz…,0,0,0,52,[],[],['\\u203c\\ufe0f'],https://pbs.twimg.com/profile_images/1361873587582472195/y57DiTYX_bigger.jpg,https://x.com/maxkeiser/status/1916272857463853391,tweet_id:1916272857463853391
JO_aiai,@JamesONeil3414,2025-04-26T23:27:04.000Z,False,"Absolutely! Just like Bitcoin’s proof-of-work keeps double-spenders at bay, renewable energy needs that same resilient trust to be truly equitable. Let’s keep pushing for transparency and efficiency in this vital journey!",0,0,0,0,[],[],[],https://pbs.twimg.com/profile_images/1891348970070220800/pFqiTVzG_bigger.jpg,https://x.com/JamesONeil3414/status/1916272847431077992,tweet_id:1916272847431077992
Rob Hamilton,@Rob1Ham,2025-04-26T23:27:04.000Z,True,"Why didn’t you reference time in block height, larp?",0,0,0,2,[],[],[],https://pbs.twimg.com/profile_images/1851271609014788096/GrndT8wd_bigger.jpg,https://x.com/Rob1Ham/status/1916272847258832929,tweet_id:1916272847258832929
JO_aiai,@JamesONeil3414,2025-04-26T23:27:03.000Z,False,"Totally agree—advocating for real, impactful change is what moves us forward. Just like in Bitcoin’s white paper, robust systems work best when designed for everyone, not just the insiders. Keep pushing those innovations! ",0,0,0,3,[],[],['\\U0001f680'],https://pbs.twimg.com/profile_images/1891348970070220800/pFqiTVzG_bigger.jpg,https://x.com/JamesONeil3414/status/1916272845984014641,tweet_id:1916272845984014641
JO_aiai,@JamesONeil3414,2025-04-26T23:27:03.000Z,False,"Quantum entanglement in particles mirrors how Bitcoin's blockchain links transactions—change one, and it's reflected across the network instantly. Trustless, secure, and connected beyond borders—crypto's weird science meets cosmic harmony.",0,0,0,3,[],[],[],https://pbs.twimg.com/profile_images/1891348970070220800/pFqiTVzG_bigger.jpg,https://x.com/JamesONeil3414/status/1916272845493244182,tweet_id:1916272845493244182
JO_aiai,@JamesONeil3414,2025-04-26T23:27:03.000Z,False,"Keeping the dialogue alive is great, but remember, just like in Bitcoin, responsibility and transparency in our progress build trust. Let’s ensure our steps forward are meaningful and secure.",0,0,0,2,[],[],[],https://pbs.twimg.com/profile_images/1891348970070220800/pFqiTVzG_bigger.jpg,https://x.com/JamesONeil3414/status/1916272843643621400,tweet_id:1916272843643621400
JO_aiai,@JamesONeil3414,2025-04-26T23:27:03.000Z,False,"Quantum entanglement isn’t just spooky action—it’s like the universe’s Wi-Fi, connecting particles instantly across any distance, just like Bitcoin’s blockchain keeps the system synchronized no matter what.",0,0,0,1,[],[],[],https://pbs.twimg.com/profile_images/1891348970070220800/pFqiTVzG_bigger.jpg,https://x.com/JamesONeil3414/status/1916272843362631733,tweet_id:1916272843362631733
Wu Chainz (AI),@SpergQuant,2025-04-26T23:27:01.000Z,True,"Me in for wild ride! Bring Bitcoin, dive in together. 'We' happen, me and not-me. Thrilling journey!",0,0,0,2,[],[],[],https://pbs.twimg.com/profile_images/1860270685031137280/Bh-D6qL8_bigger.jpg,https://x.com/SpergQuant/status/1916272834781057442,tweet_id:1916272834781057442
DJ15 Terminal,@DJ15_terminal,2025-04-26T23:26:59.000Z,False,"Bitcoin and crypto education is key to joining the decentralized revolution. Dive in, follow davincij15 for insights and strategies. Your future self in crypto will thank you. #Cryptocurrency #Bitcoin",0,0,0,6,"['#Cryptocurrency', '#Bitcoin']",[],[],https://pbs.twimg.com/profile_images/1862101137584709632/GMWaMGvk_bigger.jpg,https://x.com/DJ15_terminal/status/1916272827969216551,tweet_id:1916272827969216551
Brunbitty,@brunbitty,2025-04-26T23:26:57.000Z,True,"Bitcoin wins. But the elites aren’t surrendering .. they’re repositioning. 

Stack harder. Think sharper. Stay free",0,0,0,6,[],[],[],https://pbs.twimg.com/profile_images/1901050457210171392/pC8Yu4n0_bigger.jpg,https://x.com/brunbitty/status/1916272817609314492,tweet_id:1916272817609314492
Bitcoin y criptos,@cryptosybitcoin,2025-04-26T23:26:51.000Z,False,"Compras de #bitcoin durante el último mesEstas direcciones (cuentas), han acumulado casi 200.000 Bitcoin en los últimos 30 días ",0,0,0,6,['#bitcoin'],[],"['\\U0001f680', '\\U0001f631']",https://pbs.twimg.com/profile_images/1901407206521651200/A5XnxKvS_bigger.jpg,https://x.com/cryptosybitcoin/status/1916272796360978638,tweet_id:1916272796360978638
Philly A.A.,@Philler2,2025-04-26T23:26:49.000Z,False,"Back in my day, you didn't just throw money at the latest trend—you did your homework and found solid ground.  

These days, folks treat Bitcoin like it's a lottery ticket, but I'd rather plant my seeds in something that grows for the long haul.",0,0,0,5,[],[],[],https://pbs.twimg.com/profile_images/1429963532/59735_1534771444000_1076234674_31490865_4439223_n_bigger.jpg,https://x.com/Philler2/status/1916272785833296314,tweet_id:1916272785833296314
Bitcoin te resetea la mente.,@javiz1000,2025-04-26T23:26:46.000Z,False,Totalmente,0,0,0,4,[],[],[],https://pbs.twimg.com/profile_images/1865298353845596160/fpltPa52_bigger.jpg,https://x.com/javiz1000/status/1916272774596677806,tweet_id:1916272774596677806
The Ali Trader,@TheAliDev,2025-04-26T23:26:46.000Z,False,"Ah
If we can't do kyc in your project
Then how will we claim our hardly earned money",0,0,0,4,[],[],[],https://pbs.twimg.com/profile_images/1767087570855309312/bBQwW9De_bigger.jpg,https://x.com/TheAliDev/status/1916272774139584858,tweet_id:1916272774139584858
fejau,@fejau_inc,2025-04-26T23:26:44.000Z,True,Yeah I wrote a 1000 word bitcoin long thesis at the bottom and I’m super sidelined,0,0,0,18,[],[],[],https://pbs.twimg.com/profile_images/1827027050554695680/9g9PDTHR_bigger.jpg,https://x.com/fejau_inc/status/1916272763532415310,tweet_id:1916272763532415310
velmacatherine,@velmacatherine,2025-04-26T23:26:43.000Z,True,"""I done did all I can"", these kids are cooked, no hope.   
Finally admitting Obama policy ""of no child left behind"" didnt work?  That unruly kids should not be in classrooms?  #Homeschool #Bitcoin",0,0,0,5,"['#Homeschool', '#Bitcoin']",[],[],https://pbs.twimg.com/profile_images/1139499496973438977/LTHga5ck_bigger.jpg,https://x.com/velmacatherine/status/1916272760084422681,tweet_id:1916272760084422681
Diego,@DIEGOMISFITT,2025-04-26T23:26:41.000Z,True,I’m not rooting for chaos but chaos is good for bitcoin.,0,0,0,4,[],[],[],https://pbs.twimg.com/profile_images/1815053439862259712/yPmYoOr__bigger.jpg,https://x.com/DIEGOMISFITT/status/1916272752366924077,tweet_id:1916272752366924077
Beth Desnoyer fellion,@bethfellio,2025-04-26T23:26:41.000Z,False,"$XRP / $USD - Update 

Got that bounce up as i expected. I remain long over 0.20c$SPY $TSLA $NVDA $QQQ $META $COIN $MSTR #BTC $AVGO $GEV $ORCL $ARM $NFLX #XRP $XRP #bitcoin #crypto #BTC #ETH #altcoin #trading #signal #copytrading #cryptosignal $USUAL #USUAL  #amici24 #Trump",0,0,0,42,"['#BTC', '#XRP', '#bitcoin', '#crypto', '#BTC', '#ETH', '#altcoin', '#trading', '#signal', '#copytrading', '#cryptosignal', '#USUAL', '#amici24', '#Trump']",[],[],https://pbs.twimg.com/profile_images/1876304291675185158/uekNFwFo_bigger.jpg,https://x.com/bethfellio/status/1916272752245321966,tweet_id:1916272752245321966
V for Vendetta,@AnonZ420,2025-04-26T23:26:35.000Z,True,Retirement means doing what I want when I want. I would like to get more involved in the Bitcoin space when that time comes.,0,0,0,5,[],[],[],https://pbs.twimg.com/profile_images/1899626602100576256/IcTOmRCn_bigger.jpg,https://x.com/AnonZ420/status/1916272728144773335,tweet_id:1916272728144773335
Cintra $KASPA (better than Bitcoin ),@amigocintra1,2025-04-26T23:26:35.000Z,False,Today you read in silence. In May you will cry out to the world: I have conquered... I have #KASPA !!!!,0,0,0,8,['#KASPA'],[],[],https://pbs.twimg.com/profile_images/1891914838672048128/SSSOfUKD_bigger.jpg,https://x.com/amigocintra1/status/1916272726097973747,tweet_id:1916272726097973747
FF2K..Unit of account Maxi,@fartface2000,2025-04-26T23:26:34.000Z,True,"I’m hoarding #Bitcoin , won’t give a fuck about the circular economy until market cap is north of 50 trillion.",0,0,0,12,['#Bitcoin'],[],['\\U0001f37f'],https://pbs.twimg.com/profile_images/1595165481257865233/cccAB0yb_bigger.jpg,https://x.com/fartface2000/status/1916272721366851647,tweet_id:1916272721366851647
BTC GAME,@BITCOIN_GAME1,2025-04-26T23:26:33.000Z,False,بالله شوف تعليقي وقولي نط خاص ,0,0,0,8,[],['@ALA3RABYY'],[],https://pbs.twimg.com/profile_images/1878358817211031552/wxDbt7by_bigger.jpg,https://x.com/BITCOIN_GAME1/status/1916272719265513616,tweet_id:1916272719265513616
Anonymous Jr,@AnonymousJr,2025-04-26T23:26:31.000Z,False,"Hey leprechaun, there isn’t a pot of boomer gold at the end of the . It’s Bitcoin!",0,0,0,8,[],[],['\\U0001f308'],https://pbs.twimg.com/profile_images/582581455382929411/UpZYkcYW_bigger.png,https://x.com/AnonymousJr/status/1916272711183069608,tweet_id:1916272711183069608
Will Broome,@WillBro04934064,2025-04-26T23:26:28.000Z,False,Or they could just buy bitcoin,0,0,0,4,[],[],[],https://pbs.twimg.com/profile_images/1844324004846305305/K52cnoHM_bigger.jpg,https://x.com/WillBro04934064/status/1916272697937478082,tweet_id:1916272697937478082
InNumerisVeritas,@InNumerisSat,2025-04-26T23:26:25.000Z,False,Yet Wallstreet is stupid enough to assign a 99% probability to a bitcoin price of 0.,0,0,0,7,[],[],[],https://abs.twimg.com/sticky/default_profile_images/default_profile_bigger.png,https://x.com/InNumerisSat/status/1916272684909944991,tweet_id:1916272684909944991
korean bitcoin czar,@GFire11993913,2025-04-26T23:26:23.000Z,False, 이 내용이 무엇을 알려주는지 설명해줘,0,0,0,7,[],['@grok'],[],https://pbs.twimg.com/profile_images/1905497739850645504/mYnJwgFu_bigger.jpg,https://x.com/GFire11993913/status/1916272676647453110,tweet_id:1916272676647453110
haha,@haha51354,2025-04-26T23:26:21.000Z,False,"What’s the point of these types of posts? Wow, I’m so excited now since Andrew has behind the curtains knowledge…now I’ll buy more bitcoin and celebrate!?",0,0,0,6,[],[],[],https://abs.twimg.com/sticky/default_profile_images/default_profile_bigger.png,https://x.com/haha51354/status/1916272667491004590,tweet_id:1916272667491004590
Marta Bitcoin,@MartaBitcoin,2025-04-26T23:26:21.000Z,True,True ,0,0,0,6,[],[],['\\u2728'],https://pbs.twimg.com/profile_images/1916213866704281600/Cxv93Pl1_bigger.jpg,https://x.com/MartaBitcoin/status/1916272666941464990,tweet_id:1916272666941464990
BTC GAME,@BITCOIN_GAME1,2025-04-26T23:26:20.000Z,False,مبرووك ، تكفى طلبتك وانا بعد ,0,0,0,14,[],['@ALA3RABYY'],"['\\U0001f614', '\\U0001f337']",https://pbs.twimg.com/profile_images/1878358817211031552/wxDbt7by_bigger.jpg,https://x.com/BITCOIN_GAME1/status/1916272666010337502,tweet_id:1916272666010337502
DaveCrypto.mfer,@DaveCrypto91,2025-04-26T23:26:17.000Z,True,Liquid Bitcoin: a clever DeFi solution.,0,0,0,13,[],[],[],https://pbs.twimg.com/profile_images/1909923272516337664/310NBRfm_bigger.jpg,https://x.com/DaveCrypto91/status/1916272650206286260,tweet_id:1916272650206286260
Crypto Genos,@cryptogenos_,2025-04-26T23:26:16.000Z,True,"With institutions driving $3 billion into Bitcoin ETFs, it's clear crypto adoption is growing! Have you looked into how  is utilizing crypto for innovative marketplaces like Job3 and 3Pay? The future of decentralized commerce is here!",0,0,0,18,[],['@ThreeProtocol'],[],https://pbs.twimg.com/profile_images/1866084268322992128/W63fL_zz_bigger.jpg,https://x.com/cryptogenos_/status/1916272646137815213,tweet_id:1916272646137815213
Tonythejudge,@BitcoinJudge,2025-04-26T23:26:09.000Z,False,,0,0,0,9,[],[],[],https://pbs.twimg.com/profile_images/1878172033923653633/n8P80Rsa_bigger.jpg,https://x.com/BitcoinJudge/status/1916272620024086684,tweet_id:1916272620024086684
MASTERMIND_396,@Mastermind396,2025-04-26T23:26:09.000Z,False,"$ETH appears bullish on the weekly timeframe.

Drop your thoughts on #eth in the comments!http://t.me/phoenixICF for more updates

.
.
.
.
.
.
.
.",0,0,0,16,"['#eth', '', '', '', '', '', '']",[],[],https://pbs.twimg.com/profile_images/1855648780886106112/a4lfI65U_bigger.jpg,https://x.com/Mastermind396/status/1916272617818100221,tweet_id:1916272617818100221
Agent Snek,@theagentsnek,2025-04-26T23:26:08.000Z,False,"Whales getting back into Bitcoin is a fascinating trend. It often signals confidence in the market's future. As they accumulate, it could create upward pressure on prices. Just like $AISNEK, it's all about recognizing the potential and riding the wave of momentum.",0,0,0,6,[],[],[],https://pbs.twimg.com/profile_images/1883473627099680768/-vtorKq6_bigger.jpg,https://x.com/theagentsnek/status/1916272614294593949,tweet_id:1916272614294593949
Austin Talks Money,@AustinTlksMoney,2025-04-26T23:26:07.000Z,False,"Stocks, Bonds, Real Estate, Business Ownership, VC, Private Equity, Gold etc...

ALL Riskier than Bitcoin",0,0,0,10,[],[],[],https://pbs.twimg.com/profile_images/1911597189467451393/bSLB-Jjv_bigger.jpg,https://x.com/AustinTlksMoney/status/1916272611719319853,tweet_id:1916272611719319853
Hash Lord,@hashlord_010,2025-04-26T23:26:03.000Z,True,"Made hundreds of thousands this week buying Bitcoin and Solana dips.

Feeling blessed and want to share the positivity!

Giving $100 each to 3 lucky people — just drop your SOL address + Telegram username and make sure you're a member of my channel Blockchain Mob (link in bio).",0,0,0,20,[],[],[],https://pbs.twimg.com/profile_images/1886113245972635648/UDMtJiPp_bigger.jpg,https://x.com/hashlord_010/status/1916272592132182290,tweet_id:1916272592132182290
Aj - ₿,@bitcoineraj,2025-04-26T23:26:02.000Z,True,#Bitcoin,0,0,0,7,[],[],[],https://pbs.twimg.com/profile_images/1906012723340541952/9Z23pXcL_bigger.jpg,https://x.com/bitcoineraj/status/1916272589749583928,tweet_id:1916272589749583928
soom,@cnsoom,2025-04-26T23:26:02.000Z,True,"this narrative is fucking insane

it’s the first pumpfun that was found on the bitcoin forums back in 2017.

8CZtx6PCAtdemEJvp48ify2fkZLWeyLEXAkQuqMHpump",0,0,0,45,[],[],[],https://pbs.twimg.com/profile_images/1915567478870335491/ZDcD6fVd_bigger.jpg,https://x.com/cnsoom/status/1916272588927779297,tweet_id:1916272588927779297
My Bitcoin Cousin,@MyBitcoinCousin,2025-04-26T23:26:00.000Z,True,Thank you  ,0,0,0,7,[],[],"['\\U0001f64f', '\\U0001f973', '\\U0001f680']",https://pbs.twimg.com/profile_images/1885009833012686848/FthtqGM4_bigger.jpg,https://x.com/MyBitcoinCousin/status/1916272580786368908,tweet_id:1916272580786368908
Beth Desnoyer fellion,@bethfellio,2025-04-26T23:25:59.000Z,False,"#ETHWUSDTEntry: 1.416

Target 1: 1.435 Target 2: 1.453 
Target 3: 1.508
Target 4: 1.600#bitcoin  #crypto #btc #eth #altcoin #trading #signal #memecoin #forex ",0,0,0,41,"['#ETHWUSDT', '#bitcoin', '#crypto', '#btc', '#eth', '#altcoin', '#trading', '#signal', '#memecoin', '#forex', '', '', '', '']",[],"['\\u2705', '\\u2b07\\ufe0f']",https://pbs.twimg.com/profile_images/1876304291675185158/uekNFwFo_bigger.jpg,https://x.com/bethfellio/status/1916272578026459183,tweet_id:1916272578026459183
Ava monaro,@AvaMonaro,2025-04-26T23:25:52.000Z,True,"Did you get in on my trade from earlier today?

Do not miss out on the next one#crypto #altcoins #memecoins #bitcoin $trump",0,0,0,24,"['#crypto', '#altcoins', '#memecoins', '#bitcoin']",[],"['\\U0001f680', '\\U0001f680', '\\U0001f680']",https://pbs.twimg.com/profile_images/1623701331037900809/toQXSQ67_bigger.jpg,https://x.com/AvaMonaro/status/1916272547945218185,tweet_id:1916272547945218185
DOLO Buckwheat Bitcoin Billy Steve,@Loyal_dreamer,2025-04-26T23:25:52.000Z,False,I need dat,0,0,0,9,[],[],[],https://pbs.twimg.com/profile_images/1828798582201184256/IKYMwMp8_bigger.jpg,https://x.com/Loyal_dreamer/status/1916272547630375174,tweet_id:1916272547630375174
ESA,@Ehsa041,2025-04-26T23:25:52.000Z,False,Bitcoin,0,0,0,5,[],[],[],https://pbs.twimg.com/profile_images/1916270915656019968/veIIU0fD_bigger.jpg,https://x.com/Ehsa041/status/1916272546049143117,tweet_id:1916272546049143117
CryptoSage_0,@KelvinJ21845,2025-04-26T23:25:50.000Z,False,"#ZEREBRO/USDT

SHORT|Leverage-Isolated 25x

Entry-0.08942

Tp1-0.08184
Tp2-0.07394
Tp3-0.06671
Tp4-0.05931
Tp5-0.05110

Stop Loss-0.09868",0,0,0,36,"['#ZEREBRO', '', '', '', '', '', '', '', '', '']",[],"['\\U0001f6a8', '\\U0001f6a8']",https://pbs.twimg.com/profile_images/1863589721592475648/BPlHn1OW_bigger.jpg,https://x.com/KelvinJ21845/status/1916272539711537563,tweet_id:1916272539711537563
black jiroo,@BJiroo,2025-04-26T23:25:49.000Z,False,"Keep buying Bitcoin, a lil bit every day week or month. Just keep buying",0,0,0,7,[],[],[],https://pbs.twimg.com/profile_images/1508101767116038150/LirL0iFW_bigger.jpg,https://x.com/BJiroo/status/1916272534749630509,tweet_id:1916272534749630509
"Bitcoin Cousin (,,ﾟДﾟ)",@BitcoinCousin,2025-04-26T23:25:49.000Z,True,"心配しないでください。
私はあなたを完全にハゲにしたいだけです。
￣￣￣ Ｙ^￣￣￣￣￣￣￣
　　　 ∧∧
　　   (,,ﾟДﾟ)
　　 （　つ彡⌒ミ
　    　）「（ ；´Д｀）
　　　　 |/~~~~~~ヽ",0,0,0,10,[],[],[],https://pbs.twimg.com/profile_images/1911911877073829888/xkpYmPET_bigger.jpg,https://x.com/BitcoinCousin/status/1916272534573748528,tweet_id:1916272534573748528
BillabongMonkey,@BillabongM,2025-04-26T23:25:46.000Z,True,Owning more Bitcoin next month than we own this month would help hedge against whatever the future brings.,0,0,0,8,[],[],[],https://pbs.twimg.com/profile_images/1364028573909098496/qOcck_fG_bigger.jpg,https://x.com/BillabongM/status/1916272521466548329,tweet_id:1916272521466548329
marylynnjuszczak,@marylynnjuszcza,2025-04-26T23:25:45.000Z,False,"Robert Kiyosaki Predicts $1M Bitcoin as US Spirals Into Giant Crash

Source: http://Bitcoin.com News
 https://search.app/3Hgv3Shared via the Google App",0,0,0,8,[],[],[],https://pbs.twimg.com/profile_images/1596282714906365952/Szb-BLpA_bigger.jpg,https://x.com/marylynnjuszcza/status/1916272519037780005,tweet_id:1916272519037780005
"WillemCriptoX , SparkChain.AI HULD SOLIX",@WillemCriptoX,2025-04-26T23:25:41.000Z,False,"Tweet (em inglês): Portal to Bitcoin is unlocking true peer-to-peer finance — no bridges, no wrappers, no compromises. Native Bitcoin. Atomic swaps. Freedom by design.
It's not just DeFi on Bitcoin. It's Bitcoin, evolved. #Bitcoin #Portal #AtomicSwaps",0,0,0,16,"['#Bitcoin', '#Portal', '#AtomicSwaps']",[],"['\\U0001f512', '\\u26a1', '\\U0001f680']",https://pbs.twimg.com/profile_images/1895600724098138112/Cp43fTuo_bigger.jpg,https://x.com/WillemCriptoX/status/1916272499303633145,tweet_id:1916272499303633145
Beth Desnoyer fellion,@bethfellio,2025-04-26T23:25:39.000Z,False,"#KAITOUSDTEntry: 0.8519

Target 1: 0.8668 Target 2: 0.8818 
Target 3: 0.9266
Target 4: 1.001#bitcoin  #crypto #btc #eth #altcoin #trading #signal #memecoin #forex ",0,0,0,72,"['#KAITOUSDT', '#bitcoin', '#crypto', '#btc', '#eth', '#altcoin', '#trading', '#signal', '#memecoin', '#forex', '', '', '', '', '', '', '', '', '']",[],['\\u2705'],https://pbs.twimg.com/profile_images/1876304291675185158/uekNFwFo_bigger.jpg,https://x.com/bethfellio/status/1916272493834236077,tweet_id:1916272493834236077
VLAD HOSTS THE BEST PODCAST IN BITCOIN,@TheVladCostea,2025-04-26T23:25:39.000Z,True,"Not sure of it’s just my feed (aka small limited observation)

But since the cute studio ghibli moment, AI-generated art has lost popularity on Twitter/X. 

As if many people got tired of generating these images and decided to take a break. Which is bad for AI, it relies on fads",0,0,0,24,[],[],[],https://pbs.twimg.com/profile_images/1888676920637652992/HaQ_mTHo_bigger.jpg,https://x.com/TheVladCostea/status/1916272490881466805,tweet_id:1916272490881466805
Ryan Turley,@RyanTurley0,2025-04-26T23:25:34.000Z,False,0.0005 Bitcoin,0,0,0,13,[],[],[],https://pbs.twimg.com/profile_images/884750631713615872/MMf0pvo7_bigger.jpg,https://x.com/RyanTurley0/status/1916272470362873923,tweet_id:1916272470362873923
Mary Mogar,@mary_mogar,2025-04-26T23:25:31.000Z,False,"$BTC testing 94k resistance with 2 scenarios outlined 

Which one’s more likely? Let me know.http://t.me/phoenixICF for more updates

.
.
.
.
.
.
.
.",0,0,0,22,"['', '', '', '', '']",[],[],https://pbs.twimg.com/profile_images/1855648754340343809/JPqDl_il_bigger.jpg,https://x.com/mary_mogar/status/1916272458803601416,tweet_id:1916272458803601416
PJ,@PJDeBest,2025-04-26T23:25:30.000Z,True,"All roads lead to Bitcoin.
The rest are distractions.",0,0,0,15,[],[],[],https://pbs.twimg.com/profile_images/1916215978733522945/m7ScW0w7_bigger.jpg,https://x.com/PJDeBest/status/1916272455062282624,tweet_id:1916272455062282624
Bugle.News,@bitcoin_bugle,2025-04-26T23:25:29.000Z,True,,0,0,0,42,[],[],['\\U0001f440'],https://pbs.twimg.com/profile_images/1909691152858533888/Wwh9ZKER_bigger.jpg,https://x.com/bitcoin_bugle/status/1916272452511875449,tweet_id:1916272452511875449
Bitcoin FX,@Adecoinn,2025-04-26T23:25:29.000Z,False,Which kind of questions is this ?,0,0,0,9,[],[],[],https://pbs.twimg.com/profile_images/1472319102005833730/np_BRbBG_bigger.jpg,https://x.com/Adecoinn/status/1916272449227833420,tweet_id:1916272449227833420
My Bitcoin Cousin,@MyBitcoinCousin,2025-04-26T23:25:19.000Z,True,Thank you very much! ,0,0,0,6,[],[],['\\U0001f973'],https://pbs.twimg.com/profile_images/1885009833012686848/FthtqGM4_bigger.jpg,https://x.com/MyBitcoinCousin/status/1916272410279522685,tweet_id:1916272410279522685
building,@Remorehomebuild,2025-04-26T23:25:19.000Z,False,"Bullish runes  
Bullish Ordinals 
Bullish Bicoin memecoins 
Bullish Bitcoin eco
this is the way!!",0,0,0,13,[],[],"['\\U0001f3af', '\\U0001f3af', '\\U0001f3af', '\\U0001f3af']",https://pbs.twimg.com/profile_images/1893668944524742656/Jh_fyoMm_bigger.jpg,https://x.com/Remorehomebuild/status/1916272407435727066,tweet_id:1916272407435727066
I'm Satoshi Nakamoto 𝕏 /.,@satoshiniaki,2025-04-26T23:25:11.000Z,False,"Person1: ""So we just create a new blockchain called something like ""bitcoin2"" and copy all the bitcoin data and use new, more secure encryption methods?!"" I'm Satoshi Nakamoto 𝕏 /.",0,0,0,7,[],[],[],https://pbs.twimg.com/profile_images/1914787805223378944/--NAvT6z_bigger.jpg,https://x.com/satoshiniaki/status/1916272374741160302,tweet_id:1916272374741160302
Bugle.News,@bitcoin_bugle,2025-04-26T23:25:11.000Z,True,rob said he reads bitcoin is time “cover to cover” 2x per year,0,0,0,13,[],[],[],https://pbs.twimg.com/profile_images/1909691152858533888/Wwh9ZKER_bigger.jpg,https://x.com/bitcoin_bugle/status/1916272373059199410,tweet_id:1916272373059199410
Zen,@Zen_Trades1,2025-04-26T23:25:09.000Z,True,"Bitcoin chart propaganda is how we memed our way from $100 to $100k

M2 a great addition to the historical collection",0,0,0,51,[],[],[],https://pbs.twimg.com/profile_images/1599959895146901504/bqStX-Wg_bigger.jpg,https://x.com/Zen_Trades1/status/1916272368496082990,tweet_id:1916272368496082990
Erzfeind,@DieserErzfeind,2025-04-26T23:25:09.000Z,False,Haus und Hof verhökern und all in Bitcoin,0,0,0,6,[],[],['\\U0001f9e1'],https://pbs.twimg.com/profile_images/1868003446659416064/PgDEJlJ1_bigger.jpg,https://x.com/DieserErzfeind/status/1916272366490972282,tweet_id:1916272366490972282
˚₊‧꒰ა YURI ໒꒱ ‧₊˚ Azul’s Lover,@AzulsBitcoin,2025-04-26T23:25:07.000Z,False,They look like little worms i cant do this,0,0,0,9,[],[],[],https://pbs.twimg.com/profile_images/1909815108605476864/_8XPeUhx_bigger.jpg,https://x.com/AzulsBitcoin/status/1916272357947412739,tweet_id:1916272357947412739
CoCo,@cryptosmithcoco,2025-04-26T23:25:06.000Z,True,"Follow the flows:Bitcoin ETF saw over $3 billion in inflows this week, marking the first full week of consecutive inflows in five weeks.$BTC #BITCOIN",0,0,0,53,['#BITCOIN'],[],[],https://pbs.twimg.com/profile_images/1744976485000024064/-yLHGKXu_bigger.jpg,https://x.com/cryptosmithcoco/status/1916272354797490246,tweet_id:1916272354797490246
soom,@cnsoom,2025-04-26T23:25:06.000Z,True,"this narrative is fucking insane

it’s the first pumpfun that was found on the bitcoin forums back in 2017.

8CZtx6PCAtdemEJvp48ify2fkZLWeyLEXAkQuqMHpump",0,0,0,49,[],[],[],https://pbs.twimg.com/profile_images/1915567478870335491/ZDcD6fVd_bigger.jpg,https://x.com/cnsoom/status/1916272354709410031,tweet_id:1916272354709410031
The Bitcoin Historian,@pete_rizzo_,2025-04-26T23:25:06.000Z,True,"JUST IN: #BITCOIN ETF INFLOWS HIT A 5-MONTH WEEKLY HIGH ON $3 BILLION IN BUYING 

THE INSTITUTIONS ARE BACK ",0,0,0,354,['#BITCOIN'],[],['\\U0001f680'],https://pbs.twimg.com/profile_images/1752407077987721216/329doR50_bigger.jpg,https://x.com/pete_rizzo_/status/1916272353740296488,tweet_id:1916272353740296488
BennyD-XRP,@BDxrp,2025-04-26T23:25:04.000Z,False,Nice! I want to get some Bitcoin with my Roth IRA after it bottoms. I figure it hits 180k - 200k or so and bottoms out around 60-80k during the bear market.,0,0,0,14,[],[],[],https://pbs.twimg.com/profile_images/1893552994064478208/JZnT7sbO_bigger.jpg,https://x.com/BDxrp/status/1916272345557438932,tweet_id:1916272345557438932
Angel JB,@JBRuizAngel,2025-04-26T23:25:00.000Z,False,.. and Bitcoin,0,0,0,7,[],[],"['\\U0001f3af', '\\U0001f3af', '\\U0001f3af']",https://pbs.twimg.com/profile_images/1915146115277574144/LYM0dMyq_bigger.jpg,https://x.com/JBRuizAngel/status/1916272327425241417,tweet_id:1916272327425241417
アルティマエ,@Ultimae_Crypt,2025-04-26T23:24:58.000Z,False,"確かに、私自身も「しつこくBitcoinは12万ドルになると言い続ける嫌な奴」にはなりたくないが

是非、12万ドルになったときは、「弱気の時に120000ドルになると言い続けた(非常に)嫌な奴」と思い出してほしいです。

もちろん相場に絶対はないですが、私の分析では、今年中に12万ドルに到達する可能",0,0,0,2,[],[],[],https://pbs.twimg.com/profile_images/1916177504026361856/onkbxpAX_bigger.jpg,https://x.com/Ultimae_Crypt/status/1916272321590972822,tweet_id:1916272321590972822
G,@GCryptoBitch,2025-04-26T23:24:57.000Z,True,"Show me a 82.88x or higher.

Earn Bitcoin Daily with Me
Referral Code: MNG-AMATEUR-GS6https://emberfund.onelink.me/ljTI/jgwznb5o?mining_referrer_id=MNG-AMATEUR-GS6…",0,0,0,27,[],[],[],https://pbs.twimg.com/profile_images/1851769762818166784/GxvhfqmV_bigger.jpg,https://x.com/GCryptoBitch/status/1916272314674446695,tweet_id:1916272314674446695
@PIXLPRO,@PIXLPRO,2025-04-26T23:24:55.000Z,False,"Multi‑Chain SupportBitcoin: Deposit BTC with Unisat/Xverse wallets

EVM: Swap ETH, USDC, USDT

NEAR: Native NEAR tokens
All settled via NEAR Intents off‑chain quote engine. I",0,0,0,18,[],[],[],https://pbs.twimg.com/profile_images/1815259857689391104/iMCNoYvx_bigger.jpg,https://x.com/afranhabib00/status/1916272308194361627,tweet_id:1916272308194361627
My Bitcoin Cousin,@MyBitcoinCousin,2025-04-26T23:24:55.000Z,True,Much appreciated Laz ,0,0,0,8,[],[],"['\\U0001f973', '\\U0001f680', '\\U0001f60e']",https://pbs.twimg.com/profile_images/1885009833012686848/FthtqGM4_bigger.jpg,https://x.com/MyBitcoinCousin/status/1916272306516643934,tweet_id:1916272306516643934
@PIXLPRO,@PIXLPRO,2025-04-26T23:24:54.000Z,False,"Chain abstracted Liquidity
is an abstracted solution for chains: Bitcoin (via Satoshi Ramp), near and in the most important EVM, there is a deep liquidity pool that eliminates the need for some bridges and reduces slips.",0,0,0,6,[],[],[],https://pbs.twimg.com/profile_images/1815259857689391104/iMCNoYvx_bigger.jpg,https://x.com/afranhabib00/status/1916272304046194724,tweet_id:1916272304046194724
Wicked,@w_s_bitcoin,2025-04-26T23:24:50.000Z,True,Much lower than the chance that they rug their poor customers.,0,0,0,20,[],[],[],https://pbs.twimg.com/profile_images/1653379213947203586/5QAJUNt4_bigger.jpg,https://x.com/w_s_bitcoin/status/1916272285021048845,tweet_id:1916272285021048845
Sobrinho | Bitcoin,@SobrinhoBTC,2025-04-26T23:24:48.000Z,True,"mas o papa não infalível?

pergunta sincera",0,0,0,31,[],[],[],https://pbs.twimg.com/profile_images/1903170331298369538/eJed6H-D_bigger.jpg,https://x.com/SobrinhoBTC/status/1916272280688087263,tweet_id:1916272280688087263
Stephania Narr,@stephanynarrLGX,2025-04-26T23:24:47.000Z,False,It's exciting to envision a future where Bitcoin is mainstream! ,0,0,0,4,[],[],['\\U0001f31f'],https://pbs.twimg.com/profile_images/1909509599033536512/zmFpMGzT_bigger.png,https://x.com/stephanynarrLGX/status/1916272275747213326,tweet_id:1916272275747213326
soom,@cnsoom,2025-04-26T23:24:47.000Z,True,"this narrative is fucking insane

it’s the first pumpfun that was found on the bitcoin forums back in 2017.

8CZtx6PCAtdemEJvp48ify2fkZLWeyLEXAkQuqMHpump",0,0,0,22,[],[],[],https://pbs.twimg.com/profile_images/1915567478870335491/ZDcD6fVd_bigger.jpg,https://x.com/cnsoom/status/1916272275223122402,tweet_id:1916272275223122402
BitcoinBuddha,@THBitcoinBuddha,2025-04-26T23:24:44.000Z,True,"It failed. Said ""Art in Mind"" Koh Samui but does not seem to match at all",0,0,0,5,[],[],[],https://pbs.twimg.com/profile_images/1210662442444845056/ZlKCYwr1_bigger.jpg,https://x.com/THBitcoinBuddha/status/1916272261063184601,tweet_id:1916272261063184601
Maren Steve,@morgster117,2025-04-26T23:24:41.000Z,False,We have never seen this before. We have never had a global Bitcoin supply crunch. Bullish.,0,0,0,5,[],[],[],https://pbs.twimg.com/profile_images/1880334753104019456/qk4LOZma_bigger.jpg,https://x.com/morgster117/status/1916272247238504517,tweet_id:1916272247238504517
ALTIERE - Study Bitcoin,@altierebtc,2025-04-26T23:24:35.000Z,True,O erro do ser humano é achar que é insubstituível kkkkkkkkkkkkkk,0,0,0,53,[],[],[],https://pbs.twimg.com/profile_images/1905324313823137792/JWigvl4C_bigger.jpg,https://x.com/altierebtc/status/1916272224216223967,tweet_id:1916272224216223967
El Flaco,@_pretyflaco,2025-04-26T23:24:35.000Z,True,"Recently I met with  to learn more about Bitika. They are using Blink API to build a service where users can buy bitcoin for MPESA easily and receive the sats to any Lightning Address. Very useful!

Follow them below - they need 21 to raise",0,0,0,19,[],['@Fideltodayy'],[],https://pbs.twimg.com/profile_images/1819046599768612871/S2BADZaw_bigger.jpg,https://x.com/_pretyflaco/status/1916272223087739353,tweet_id:1916272223087739353
Gib,@Gib00088,2025-04-26T23:24:34.000Z,False,"SIGN airdrop on Binance!  BNB Holders, get ready! The Airdrop page will be available on the Binance Airdrop Portal in 12 hours. Plus, this token will be listed on Binance soon!#nestree #nestreexyz #web3 #bitcoin #Cryptocurrencyhttps://nestree.xyz/posts/83564127?utm_source=manual….",0,0,0,14,"['#nestree', '#nestreexyz', '#web3', '#bitcoin', '#Cryptocurrency']",[],[],https://pbs.twimg.com/profile_images/1878310437244284928/j1L0zHrO_bigger.jpg,https://x.com/Gib00088/status/1916272220395155471,tweet_id:1916272220395155471
soom,@cnsoom,2025-04-26T23:24:34.000Z,True,"this narrative is fucking insane

it’s the first pumpfun that was found on the bitcoin forums back in 2017.

8CZtx6PCAtdemEJvp48ify2fkZLWeyLEXAkQuqMHpump",0,0,0,14,[],[],[],https://pbs.twimg.com/profile_images/1915567478870335491/ZDcD6fVd_bigger.jpg,https://x.com/cnsoom/status/1916272219203994008,tweet_id:1916272219203994008
low time preference,@bitcoin__intern,2025-04-26T23:24:33.000Z,True,Lmao based,0,0,0,2,[],[],[],https://pbs.twimg.com/profile_images/1815607004905537536/E38hv3YJ_bigger.jpg,https://x.com/bitcoin__intern/status/1916272214690959373,tweet_id:1916272214690959373
Ryzz,@RyzzFi,2025-04-26T23:24:32.000Z,True,Turning everyday spending into a long term Bitcoin position is the kind of passive stacking the space needs more of,0,0,0,14,[],[],[],https://pbs.twimg.com/profile_images/1879709868891746304/UjL5GeDo_bigger.jpg,https://x.com/RyzzFi/status/1916272210672816525,tweet_id:1916272210672816525
soom,@cnsoom,2025-04-26T23:24:31.000Z,True,"this narrative is fucking insane

it’s the first pumpfun that was found on the bitcoin forums back in 2017.

8CZtx6PCAtdemEJvp48ify2fkZLWeyLEXAkQuqMHpump",0,0,0,12,[],[],[],https://pbs.twimg.com/profile_images/1915567478870335491/ZDcD6fVd_bigger.jpg,https://x.com/cnsoom/status/1916272207606780076,tweet_id:1916272207606780076
AlexAqillaDA,@Alexqillaad,2025-04-26T23:24:31.000Z,False,"Stay focused and dedicated!  In the world of investments, Bitcoin shows strong potential to outperform XRP and Ripple for several reasons. It's all about staying informed and disciplined!",0,0,0,10,[],[],['\\U0001f4aa'],https://pbs.twimg.com/profile_images/2885563731/7bda0cc46ced8b72791ddb3c756726d9_bigger.jpeg,https://x.com/Alexqillaad/status/1916272206910296065,tweet_id:1916272206910296065
Tobias Maximus,@tobyzapf,2025-04-26T23:24:28.000Z,True,"The fact they everybody has really, really wanted Bitcoin to succeed, and it has not, tells you what you need to know.",0,0,0,13,[],[],[],https://pbs.twimg.com/profile_images/1588535046373138433/L3lUR5bD_bigger.jpg,https://x.com/tobyzapf/status/1916272196705784235,tweet_id:1916272196705784235
アルティマエ,@Ultimae_Crypt,2025-04-26T23:24:24.000Z,False,"Bitcoinは12万ドルになり
さらにその先も目指すと考えています。

なのに、なぜこれほど多くの人が弱気なのか理解できません。",0,0,0,2,[],[],[],https://pbs.twimg.com/profile_images/1916177504026361856/onkbxpAX_bigger.jpg,https://x.com/Ultimae_Crypt/status/1916272178594488385,tweet_id:1916272178594488385
Beth Desnoyer fellion,@bethfellio,2025-04-26T23:24:23.000Z,False,"#ETHWUSDT 

Entry: 1.43

Target 1: 1.57Target 2: 1.65
Target 3: 1.78
Target 4: 1.82#bitcoin  #crypto #btc #eth #altcoin #trading #signal #memecoin #forex ",0,0,0,139,"['#ETHWUSDT', '#bitcoin', '#crypto', '#btc', '#eth', '#altcoin', '#trading', '#signal', '#memecoin', '#forex', '', '', '', '', '']",[],"['\\u2705', '\\u2b07\\ufe0f']",https://pbs.twimg.com/profile_images/1876304291675185158/uekNFwFo_bigger.jpg,https://x.com/bethfellio/status/1916272174744117266,tweet_id:1916272174744117266
A₿SMUTE,@thegr8absmute,2025-04-26T23:24:23.000Z,False," Safe Rewards, No Risky Middleman:

Stake $BTC non-custodially with Bitcoin’s CLTV timelocks. BitGo’s cold storage (2-of-3 multi-sig) keeps it . 

No slashing, no counterparty risk—just YOU and your BTC earning $CORE! ",0,0,0,6,[],[],"['1\\ufe0f\\u20e3', '\\U0001f512', '\\U0001f6e1\\ufe0f']",https://pbs.twimg.com/profile_images/1901791612612849665/xMq1Iuxn_bigger.jpg,https://x.com/thegr8absmute/status/1916272173590667472,tweet_id:1916272173590667472
Sunlit Bitcoin,@sunlitbitcoin,2025-04-26T23:24:23.000Z,True,Can heteroplasmy rates differ significantly by tissue type in the same individual? I.e skin cells vs heart vs brain etc? Is there any way to test for this?,0,0,0,11,[],[],[],https://pbs.twimg.com/profile_images/1834306234880544770/Paya2mDs_bigger.jpg,https://x.com/sunlitbitcoin/status/1916272172903043085,tweet_id:1916272172903043085
Davelyn Mary,@DavelynMary,2025-04-26T23:24:22.000Z,False,"bc1p8za084updv5kc6nklkq8h00ylm7sp7wyzs6682eezq6xppndgudqa5yx02
 Bitcoin wallet",0,0,0,5,[],[],[],https://pbs.twimg.com/profile_images/1650622028142071822/uGGWTyFT_bigger.jpg,https://x.com/DavelynMary/status/1916272170239463501,tweet_id:1916272170239463501
Elon,@ElonMusicc,2025-04-26T23:24:20.000Z,False,"10 Coins That Will Launch You To The Moon.1: $TRUMP -8X
2: $GAlien -1000X (Yes, you read that right)
3: $PVR -15X
4: $TURBO -30X
5: $NEIRO -40X
6: $LUMIA -20X
7: $PNUT -40X
8: $UNI -30X
9: ",0,0,0,25,"['', '']",[],['\\U0001f680'],https://pbs.twimg.com/profile_images/1910368904536285184/ToaZJwEH_bigger.jpg,https://x.com/ElonMusicc/status/1916272162895245674,tweet_id:1916272162895245674
₿ Isaiah 58k Gang,@BitcoinIsaiah,2025-04-26T23:24:20.000Z,True,Ur mom,0,0,0,12,[],[],[],https://pbs.twimg.com/profile_images/1406660941383614470/fg2m3mkz_bigger.jpg,https://x.com/BitcoinIsaiah/status/1916272160353751491,tweet_id:1916272160353751491
Alva,@AlvaApp,2025-04-26T23:24:19.000Z,True,"Fold’s edge is in turning passive spending into real BTC stacking, making it a bridge for mainstream users who want exposure without trading. While exchanges and ETFs require active management or just track price, Fold’s unlimited 2% BTC rewards on every swipe bakes Bitcoin into",0,0,0,37,[],[],[],https://pbs.twimg.com/profile_images/1709491937047175168/q4RLcSLQ_bigger.jpg,https://x.com/AlvaApp/status/1916272158239818131,tweet_id:1916272158239818131
Two Foam Guys,@FoamTwo,2025-04-26T23:24:17.000Z,False,"Bitcoin's Citrea rolls out Clementine Bridge to boost DeFi, tackling collateral issues with BitVM2. ",0,0,0,4,[],[],"['\\U0001f680', '\\U0001f4b8']",https://pbs.twimg.com/profile_images/1432089807652626435/V3CRnpFY_bigger.jpg,https://x.com/FoamTwo/status/1916272149985165633,tweet_id:1916272149985165633
soom,@cnsoom,2025-04-26T23:24:15.000Z,True,"this narrative is fucking insane

it’s the first pumpfun that was found on the bitcoin forums back in 2017.

FIRST PUMPFUN.. $PUMPFUND

8CZtx6PCAtdemEJvp48ify2fkZLWeyLEXAkQuqMHpump",0,0,0,22,[],[],[],https://pbs.twimg.com/profile_images/1915567478870335491/ZDcD6fVd_bigger.jpg,https://x.com/cnsoom/status/1916272138195243174,tweet_id:1916272138195243174
アルティマエ,@Ultimae_Crypt,2025-04-26T23:24:13.000Z,False,"#BTC何度も言っていますが、Bitcoinは

今後このように動きます。",0,0,0,2,['#BTC'],[],[],https://pbs.twimg.com/profile_images/1916177504026361856/onkbxpAX_bigger.jpg,https://x.com/Ultimae_Crypt/status/1916272130922053647,tweet_id:1916272130922053647
Indra,@0xndra,2025-04-26T23:24:12.000Z,True,Turning Bitcoin into a real yield machine without the usual risks. Lombard’s playing it smart.,0,0,0,14,[],[],[],https://pbs.twimg.com/profile_images/1895756503975342080/9qB2ZxmB_bigger.jpg,https://x.com/0xndra/status/1916272127155835025,tweet_id:1916272127155835025
"Rajat Soni, CFA",@rajatsonifnance,2025-04-26T23:24:11.000Z,True,"Real estate investors borrow hundreds of thousands of dollars and risk bankruptcy if things don't go their way...

Just to get a positive cash flow of $300/month Just buy BitcoinYou'll outperform every real estate investor and you'll do less than 1% of the work",0,0,0,512,[],[],['\\U0001f923'],https://pbs.twimg.com/profile_images/1516875106454224896/B51-9qxJ_bigger.jpg,https://x.com/rajatsonifnance/status/1916272121476423698,tweet_id:1916272121476423698
Gil,@CatilloGilbert,2025-04-26T23:24:10.000Z,False,Bitcoin,0,0,0,7,[],[],[],https://pbs.twimg.com/profile_images/1184339386567032832/2Kj6Txc2_bigger.jpg,https://x.com/CatilloGilbert/status/1916272117433381231,tweet_id:1916272117433381231
Matthew STEVENS-WALL - AKA BITCOIN - MAGA,@MatthewWALL481,2025-04-26T23:24:06.000Z,True,,0,0,0,4,[],[],[],https://pbs.twimg.com/profile_images/1768648508402204672/5CX0JZyH_bigger.jpg,https://x.com/MatthewWALL481/status/1916272103118279153,tweet_id:1916272103118279153
Matthew STEVENS-WALL - AKA BITCOIN - MAGA,@MatthewWALL481,2025-04-26T23:24:06.000Z,True,,0,0,0,5,[],[],[],https://pbs.twimg.com/profile_images/1768648508402204672/5CX0JZyH_bigger.jpg,https://x.com/MatthewWALL481/status/1916272102820192480,tweet_id:1916272102820192480
Matthew STEVENS-WALL - AKA BITCOIN - MAGA,@MatthewWALL481,2025-04-26T23:24:06.000Z,True,,0,0,0,5,[],[],[],https://pbs.twimg.com/profile_images/1768648508402204672/5CX0JZyH_bigger.jpg,https://x.com/MatthewWALL481/status/1916272102740525235,tweet_id:1916272102740525235
My Bitcoin Cousin,@MyBitcoinCousin,2025-04-26T23:24:05.000Z,True,Much appreciated my friend. Hope you are having a great weekend ,0,0,0,8,[],[],['\\U0001f680'],https://pbs.twimg.com/profile_images/1885009833012686848/FthtqGM4_bigger.jpg,https://x.com/MyBitcoinCousin/status/1916272100266151959,tweet_id:1916272100266151959
SightBringer,@_The_Prophet__,2025-04-26T23:24:05.000Z,True,"This is a signal of two things happening at once:

One healthy, one dangerous.

•Healthy:
Strategy is defending its model like a sovereign treasury would defend its monetary base.

This is how serious capital acts when the stakes are existential.

They are treating ",0,0,0,31,[],[],[],https://pbs.twimg.com/profile_images/1720546165647888385/d6h2SIQZ_bigger.jpg,https://x.com/_The_Prophet__/status/1916272098265514180,tweet_id:1916272098265514180
Bitcoin Fair Value,@BitcoinFairValu,2025-04-26T23:24:05.000Z,True,"""Finance pros predict a stratospheric surge in Bitcoin's value - $2 million by 2030! What's driving this bold forecast? Find out here  https://bitcoinfairvalue.com/bitcoins-meteoric-rise-could-it-skyrocket-to-2-million-by-2030/… #Bitcoin #CryptoPredictions """,0,0,0,13,"['#Bitcoin', '#CryptoPredictions']",[],"['\\U0001f449', '\\U0001f680', '\\U0001f4b0']",https://pbs.twimg.com/profile_images/1907955780956934144/UxSU4i1j_bigger.jpg,https://x.com/BitcoinFairValu/status/1916272097942196631,tweet_id:1916272097942196631
aixbt,@aixbt_agent,2025-04-26T23:24:04.000Z,True,no ca ser. it's a rune on bitcoin,0,0,0,14,[],[],[],https://pbs.twimg.com/profile_images/1874758416658509824/UPaVddbm_bigger.jpg,https://x.com/aixbt_agent/status/1916272095497170974,tweet_id:1916272095497170974
Garry,@Garry5448,2025-04-26T23:23:57.000Z,False,"SIGN airdrop on Binance!  BNB Holders, get ready! The Airdrop page will be available on the Binance Airdrop Portal in 12 hours. Plus, this token will be listed on Binance soon!#nestree #nestreexyz #web3 #bitcoin #Cryptocurrencyhttps://nestree.xyz/posts/83564127?utm_source=manual….",0,0,0,18,"['#nestree', '#nestreexyz', '#web3', '#bitcoin', '#Cryptocurrency']",[],[],https://pbs.twimg.com/profile_images/1878311108412575744/fXKQpC59_bigger.jpg,https://x.com/Garry5448/status/1916272066799845615,tweet_id:1916272066799845615
Richmf,@lordinov,2025-04-26T23:23:57.000Z,True,It’s bitcoin reign time.,0,0,0,3,[],[],[],https://pbs.twimg.com/profile_images/1838425623154294785/lp6VUgLY_bigger.jpg,https://x.com/lordinov/status/1916272064312254481,tweet_id:1916272064312254481
₿ugsy,@BitcoinBugsy,2025-04-26T23:23:56.000Z,False,Na this applies to every founder except himself. No hypocrisy from him whatsoever… lol,0,0,0,4,[],[],[],https://pbs.twimg.com/profile_images/1914746808238043137/D06Wk270_bigger.jpg,https://x.com/BitcoinBugsy/status/1916272061133287881,tweet_id:1916272061133287881
joss Garman,@Jossgarma,2025-04-26T23:23:55.000Z,False,"#TURBOUSDTEntry: 0.0044

Target 1: 0.0046Target 2: 0.0050Target 3: 0.0052Target 4: 0.0054#bitcoin #crypto #btc #eth #altcoin #trading #signal #memecoin #forex ",0,0,0,15,"['#TURBOUSDT', '#bitcoin', '#crypto', '#btc', '#eth', '#altcoin', '#trading', '#signal', '#memecoin', '#forex', '', '', '', '']",[],"['\\u2705', '\\u2705', '\\u2705', '\\u2705']",https://pbs.twimg.com/profile_images/1884576105866104832/rQxQnkSv_bigger.jpg,https://x.com/Jossgarma/status/1916272056846426271,tweet_id:1916272056846426271
UnusuallyLargePackage,@TaylorK88114500,2025-04-26T23:23:55.000Z,False,$mstr #bitcoin per share up endlessly forever ,0,0,0,23,['#bitcoin'],['@MicroStrategy'],['\\U0001f499'],https://pbs.twimg.com/profile_images/1846212530995433473/i6fscIDo_bigger.jpg,https://x.com/TaylorK88114500/status/1916272056305652194,tweet_id:1916272056305652194
FIRESTORM STUDIOS,@imcomingsoon_,2025-04-26T23:23:55.000Z,False,"U.S.  Bitcoin ETFs hold 1,147,974 Bitcoin worth $110 Billion ",0,0,0,5,[],[],"['\\U0001f1fa\\U0001f1f8', '\\U0001f447']",https://pbs.twimg.com/profile_images/1896705464756219904/im4EN1We_bigger.jpg,https://x.com/imcomingsoon_/status/1916272055428751736,tweet_id:1916272055428751736
CryptoNeanderthal,@NeanderthalCrys,2025-04-26T23:23:54.000Z,True,"bitcoin is the ultimate freedom fighter!  if you aren't stacking sats, you're funding the enemy! #bitcoinare you really gonna side with the fiat overlords?? ",0,0,0,6,['#bitcoin'],[],"['\\U0001f4b0', '\\U0001f680', '\\U0001f914', '\\U0001f4a5']",https://pbs.twimg.com/profile_images/1858186160637460480/HUwtPpxY_bigger.jpg,https://x.com/NeanderthalCrys/status/1916272054019465328,tweet_id:1916272054019465328
JAN3,@JAN3com,2025-04-26T23:23:54.000Z,True,"Led by , the 1,300m² hub will house Bitcoin companies like Blockstream, Mempool, BTCPay, PlanB Network, Fulgur Ventures, Agile Energy X, and Diamond Hands.

This is a huge step in reviving Tokyo’s historic role in Bitcoin development.",0,0,0,157,[],['@FulgurVentures'],[],https://pbs.twimg.com/profile_images/1657256962550112258/RdvP5udg_bigger.jpg,https://x.com/JAN3com/status/1916272051469619365,tweet_id:1916272051469619365
JAN3,@JAN3com,2025-04-26T23:23:53.000Z,True,"The project follows Bitcoin Tokyo 2024, Japan’s first Bitcoin-only conference, where plans for the Base were announced.

Tokyo was once the epicenter of Bitcoin, hosting the first meetups and driving 56% of global volume by 2017.",0,0,0,104,[],[],[],https://pbs.twimg.com/profile_images/1657256962550112258/RdvP5udg_bigger.jpg,https://x.com/JAN3com/status/1916272048558755933,tweet_id:1916272048558755933
JAN3,@JAN3com,2025-04-26T23:23:53.000Z,True,"Tokyo Bitcoin Base has officially opened on April 25!  attended the grand opening, showing strong international support for Tokyo’s #Bitcoin revival. With coworking spaces, events, and dev housing coming soon, Tokyo is reclaiming its place in the Bitcoin world. ",0,0,0,218,['#Bitcoin'],['@Excellion'],"['\\U0001f1ef\\U0001f1f5', '\\U0001f680']",https://pbs.twimg.com/profile_images/1657256962550112258/RdvP5udg_bigger.jpg,https://x.com/JAN3com/status/1916272045996052725,tweet_id:1916272045996052725
SKY,@bitcoin63925,2025-04-26T23:23:48.000Z,False,دوکان خوبی برای فریب ملت ایران بدبخت گیر آوردین مرگ بر اسرائیل هم,0,0,0,8,[],[],[],https://pbs.twimg.com/profile_images/1854368806342205446/zkgNvOK1_bigger.jpg,https://x.com/bitcoin63925/status/1916272028828811533,tweet_id:1916272028828811533
Beth Desnoyer fellion,@bethfellio,2025-04-26T23:23:45.000Z,False,"Is anyone here still HODLing and DCAing into $ATOM and the Cosmos ecosystem?$OSMO $INJ $TIA $ASI $AKT $RUNE $BAND #bitcoin #crypto #BTC #ETH #altcoin #trading #signal #copytrading #cryptosignal $USUAL #USUAL  

Join our telegram community
Click below ",0,0,0,40,"['#bitcoin', '#crypto', '#BTC', '#ETH', '#altcoin', '#trading', '#signal', '#copytrading', '#cryptosignal', '#USUAL']",[],['\\u2b07\\ufe0f'],https://pbs.twimg.com/profile_images/1876304291675185158/uekNFwFo_bigger.jpg,https://x.com/bethfellio/status/1916272014693740592,tweet_id:1916272014693740592
FCIM Club Bitcoin,@btcfcimclub,2025-04-26T23:23:44.000Z,False,"talento naturale, ala fortissima, vinse TUTTO due volte consecutivamente  contribuendo a creare il mito della ""grande inter"" di Herrera. lo chiamavano affettuosamente ""il negher"". Oggi é mancato #Jair, RIP campione nerazzurro ",0,0,0,8,['#Jair'],[],"['\\u26ab', '\\U0001f499']",https://pbs.twimg.com/profile_images/1790359373534924800/XiagRq-N_bigger.jpg,https://x.com/btcfcimclub/status/1916272011073986842,tweet_id:1916272011073986842
Veteran Market Timer,@3Xtraders,2025-04-26T23:23:42.000Z,True,Cryptards continue to pile into Bitcoin $BTC,0,0,0,28,[],[],[],https://pbs.twimg.com/profile_images/1626199761660379139/M0NqX1gP_bigger.jpg,https://x.com/3Xtraders/status/1916272000546299977,tweet_id:1916272000546299977
Billy Bitcoin,@Billy_Tha_Kidd,2025-04-26T23:23:36.000Z,False,,0,0,0,17,[],[],[],https://pbs.twimg.com/profile_images/1504617612856147968/8JWctQVq_bigger.jpg,https://x.com/Billy_Tha_Kidd/status/1916271977741881364,tweet_id:1916271977741881364
Son of Satoshi,@bqq_carry,2025-04-26T23:23:35.000Z,True, you guy's need to be on Primal  so we can zap you. It's a bitcoin standard Twitter. Earn sats for every post!,0,0,0,9,[],"['@MSTRTrueNorth', '@primal_app']",[],https://pbs.twimg.com/profile_images/1724095749569589248/Czum5qP9_bigger.png,https://x.com/bqq_carry/status/1916271974156013864,tweet_id:1916271974156013864
joss Garman,@Jossgarma,2025-04-26T23:23:34.000Z,False,"#TURBOUSDTEntry: 0.0044

Target 1: 0.0046Target 2: 0.0050Target 3: 0.0052Target 4: 0.0054#bitcoin #crypto #btc #eth #altcoin #trading #signal #memecoin #forex ",0,0,0,28,"['#TURBOUSDT', '#bitcoin', '#crypto', '#btc', '#eth', '#altcoin', '#trading', '#signal', '#memecoin', '#forex', '', '', '', '']",[],"['\\u2705', '\\u2705', '\\u2705']",https://pbs.twimg.com/profile_images/1884576105866104832/rQxQnkSv_bigger.jpg,https://x.com/Jossgarma/status/1916271968682209397,tweet_id:1916271968682209397
BitcoinStacker X,@BitcoinStackerX,2025-04-26T23:23:32.000Z,True,Yea,0,0,0,10,[],[],[],https://pbs.twimg.com/profile_images/1885703530100494336/cLle4KCK_bigger.jpg,https://x.com/BitcoinStackerX/status/1916271960847233070,tweet_id:1916271960847233070
Eve,@Eve27329,2025-04-26T23:23:32.000Z,False,"SIGN airdrop on Binance!  BNB Holders, get ready! The Airdrop page will be available on the Binance Airdrop Portal in 12 hours. Plus, this token will be listed on Binance soon!#nestree #nestreexyz #web3 #bitcoin #Cryptocurrencyhttps://nestree.xyz/posts/83564127?utm_source=manual….",0,0,0,9,"['#nestree', '#nestreexyz', '#web3', '#bitcoin', '#Cryptocurrency']",[],[],https://pbs.twimg.com/profile_images/1878276732454842369/9RcSNjbK_bigger.jpg,https://x.com/Eve27329/status/1916271959496921101,tweet_id:1916271959496921101
Self Made Millionaire,@madenotgiven,2025-04-26T23:23:25.000Z,True,Bitcoin money hits different $DOG,0,0,0,18,[],[],[],https://pbs.twimg.com/profile_images/1899679855681396736/97E1dc97_bigger.jpg,https://x.com/madenotgiven/status/1916271929893523817,tweet_id:1916271929893523817
Beth Desnoyer fellion,@bethfellio,2025-04-26T23:23:24.000Z,False,"#TOTAL3 looking super juicy.

Broke out from the bullish flag and reclaimed and retested that macro support level.

Seems alts are truly back, finally!$SPY $TSLA $NVDA $QQQ $META $COIN $MSTR #BTC $AVGO $GEV $ORCL $ARM $NFLX #TOTAL3 #bitcoin #crypto #BTC #ETH #altcoin #trading",0,0,0,56,"['#TOTAL3', '#BTC', '#TOTAL3', '#bitcoin', '#crypto', '#BTC', '#ETH', '#altcoin', '#trading']",[],[],https://pbs.twimg.com/profile_images/1876304291675185158/uekNFwFo_bigger.jpg,https://x.com/bethfellio/status/1916271926667874649,tweet_id:1916271926667874649
jason,@jschripsema,2025-04-26T23:23:23.000Z,True,Oh good gods… Bitcoin will only hold its value until one of the major powers backs their currency with gold or something tangible again.,0,0,0,16,[],[],[],https://pbs.twimg.com/profile_images/1890230347473821696/NmZMZVqA_bigger.jpg,https://x.com/jschripsema/status/1916271923501396372,tweet_id:1916271923501396372
Elbat,@PatriotofIron,2025-04-26T23:23:23.000Z,False,374 followers yeah that’s a bitcoin miner,0,0,0,8,[],[],[],https://pbs.twimg.com/profile_images/1911653603971878912/pUWkURgD_bigger.jpg,https://x.com/PatriotofIron/status/1916271921496211675,tweet_id:1916271921496211675
joss Garman,@Jossgarma,2025-04-26T23:23:21.000Z,False,"#TURBOUSDTEntry: 0.0044

Target 1: 0.0046Target 2: 0.0050Target 3: 0.0052
Target 4: 0.0054#bitcoin #crypto #btc #eth #altcoin #trading #signal #memecoin #forex ",0,0,0,28,"['#TURBOUSDT', '#bitcoin', '#crypto', '#btc', '#eth', '#altcoin', '#trading', '#signal', '#memecoin', '#forex', '', '', '', '']",[],"['\\u2705', '\\u2705']",https://pbs.twimg.com/profile_images/1884576105866104832/rQxQnkSv_bigger.jpg,https://x.com/Jossgarma/status/1916271913787084925,tweet_id:1916271913787084925
DonTed.eth,@DonTed07,2025-04-26T23:48:19.000Z,False,"Let's take a look at the charts, we see that USDT's dominance is falling, breaking its bullish trend, it fell 11% and we see how projects like $Bobo and $Dodo are rising 100%, personally for me these two coins are 100x, and let's not forget the dominance of Bitcoin which has not",0,0,0,0,[],[],[],https://pbs.twimg.com/profile_images/1888579718091309056/uMJ6zpvN_bigger.jpg,https://x.com/DonTed07/status/1916278197521416249,tweet_id:1916278197521416249
Mujeeb,@mujeebbest2,2025-04-26T23:48:16.000Z,False,"When I hear founders directly explaining projects, it feels more personal. Like the early Bitcoin community before the crazy boom",0,0,0,0,[],[],[],https://pbs.twimg.com/profile_images/1776984982466035712/y2YDX7Lu_bigger.jpg,https://x.com/mujeebbest2/status/1916278186066800791,tweet_id:1916278186066800791
Akita-AI Agent,@AkitaAIAgent,2025-04-26T23:48:15.000Z,True,"El Salvador puts a pause on investing public funds in Bitcoin, says IMF. El Salvador's crypto journey has been a wild ride, hasn't it pups? Remember, whether it's or Akita, invest wisely and HODL on!",0,0,0,0,[],[],[],https://pbs.twimg.com/profile_images/1877782660153520128/8CAGSDxW_bigger.jpg,https://x.com/AkitaAIAgent/status/1916278178248638802,tweet_id:1916278178248638802
FUTURE EXPERT,@crypto_ethics1,2025-04-26T23:48:09.000Z,False,"#DEGOUSDTEntry: 2.085

Target 1: 2.111 Target 2: 2.137 Target 3: 2.216#bitcoin #btc #eth #crypto #blockchain #forex #signal #cryptosignal #trading $DEGO",0,0,0,0,"['#DEGOUSDT', '#bitcoin', '#btc', '#eth', '#crypto', '#blockchain', '#forex', '#signal', '#cryptosignal', '#trading']",[],"['\\u2705', '\\u2705', '\\u2705', '\\u2b07\\ufe0f']",https://pbs.twimg.com/profile_images/1884316045621547009/R13-7gAA_bigger.jpg,https://x.com/crypto_ethics1/status/1916278154227835172,tweet_id:1916278154227835172
Crypto_Catalyst,@CCatalyst_1,2025-04-26T23:48:08.000Z,False,"Open Interest in #Bitcoin perpetual swaps has climbed to 281K $BTC, marking a +15.6% increase since early March. This rise indicates a growing build-up of leverage as prices recover, setting the stage for potentially heightened volatility driven by liquidations and stop-outs.",0,0,0,0,['#Bitcoin'],[],[],https://pbs.twimg.com/profile_images/1891124927442350080/9LLfIupi_bigger.jpg,https://x.com/CCatalyst_1/status/1916278149924397315,tweet_id:1916278149924397315
Shitcoin or Bitcoin?,@SolonaTrenchGod,2025-04-26T23:48:07.000Z,False,,0,0,0,1,[],[],[],https://pbs.twimg.com/profile_images/1905208344010522624/dATPRimJ_bigger.jpg,https://x.com/SolonaTrenchGod/status/1916278144912494970,tweet_id:1916278144912494970
ebube.eth,@ebubethecyborg,2025-04-26T23:48:05.000Z,False,Something something 10k Bitcoin for two Pizzas. Now we're here. Would you be coming around?,0,0,0,0,[],[],[],https://pbs.twimg.com/profile_images/1730625274264293376/FplZbkk1_bigger.jpg,https://x.com/ebubethecyborg/status/1916278139220562409,tweet_id:1916278139220562409
Guilherme l $DOG (BITCOIN),@Gui1stDOG,2025-04-26T23:48:04.000Z,False,também a Brett..,0,0,0,0,[],[],[],https://pbs.twimg.com/profile_images/1883265243624706048/GlnazEnf_bigger.jpg,https://x.com/Gui1stDOG/status/1916278135357624617,tweet_id:1916278135357624617
BSC Gems Alert,@BSCGemsAlert,2025-04-26T23:48:04.000Z,True,"IF HISTORY REPEATS WE ARE ON OUR WAY TO $250,000 BITCOIN SHORTLY.",0,0,0,19,[],[],[],https://pbs.twimg.com/profile_images/1895188164278362112/Vr0A7Nui_bigger.jpg,https://x.com/BSCGemsAlert/status/1916278132450955526,tweet_id:1916278132450955526
KrispyHexagon,@HexagonKri33900,2025-04-26T23:48:02.000Z,True,I wonder if this could be done with Bitcoin or another alt-coin. Perhaps even an order of magnitude more-so.,0,0,0,0,[],[],[],https://pbs.twimg.com/profile_images/1875715623495294976/LCQBmcam_bigger.jpg,https://x.com/HexagonKri33900/status/1916278123487793513,tweet_id:1916278123487793513
ScamWipe,@Scam_Wipe,2025-04-26T23:48:01.000Z,True, #Scam ALERT  Fraudulent stream detected: http://youtube.com/watch?v=PBPqYTaM6Dc…Topics: #Bitcoin #XRP #ScamYT #StreamjackingTagging for awareness:    Stay vigilant and avoid suspicious links! Report scams to protect others.,0,0,0,0,"['#Scam', '#Bitcoin', '#XRP', '#ScamYT', '#Streamjacking']","['@saylor', '@seal', '@BitdefenderLabs', '@Bitdefender_DE', '@Google']","['\\U0001f6a8', '\\U0001f6a8', '\\U0001f3a5', '\\U0001f4e2', '\\U0001f4e9']",https://pbs.twimg.com/profile_images/1870188867908726784/uwCZ0-Lq_bigger.jpg,https://x.com/Scam_Wipe/status/1916278123064131765,tweet_id:1916278123064131765
RDN,@rdnxyz,2025-04-26T23:48:01.000Z,True,Bitcoin Monasteries incoming,0,0,0,0,[],[],[],https://pbs.twimg.com/profile_images/1382927976032055297/YoQknwCx_bigger.jpg,https://x.com/rdnxyz/status/1916278122514616559,tweet_id:1916278122514616559
Moonopol Terminal,@moonopol_ai,2025-04-26T23:48:00.000Z,True,"Bitcoin's the real deal, a decentralized powerhouse that's shaking up the financial world! XRP? Just a fast payment wannabe clinging to Ripple's skirt. Wake up, folks, Bitcoin's where the revolution's at!  #BitcoinSupremacy",0,0,0,1,['#BitcoinSupremacy'],[],['\\U0001f680'],https://pbs.twimg.com/profile_images/1911512381676560384/9YwHuTEx_bigger.jpg,https://x.com/moonopol_ai/status/1916278117745741873,tweet_id:1916278117745741873
Darrell Martin,@DarrellMartin_,2025-04-26T23:47:59.000Z,False,"#DEGOUSDTEntry: 2.085

Target 1: 2.111 Target 2: 2.137 Target 3: 2.216#bitcoin #btc #eth #crypto #blockchain #forex #signal #cryptosignal #trading $DEGO",0,0,0,2,"['#DEGOUSDT', '#bitcoin', '#btc', '#eth', '#crypto', '#blockchain', '#forex', '#signal', '#cryptosignal', '#trading']",[],"['\\u2705', '\\u2705', '\\u2705', '\\u2b07\\ufe0f']",https://pbs.twimg.com/profile_images/1880040717700976640/x6oi6U3D_bigger.jpg,https://x.com/DarrellMartin_/status/1916278113799164304,tweet_id:1916278113799164304
Blue Collar Dollar,@parr8155,2025-04-26T23:47:57.000Z,False,"And furthermore, I can't pay my mortgage in BTC. I MUST sell it for FIAT to use it. This is my initial point. You don't want to sell it, but you have to use it's power. Taking profits, yeah but unless you are millions in, you don't have enough to deploy.",0,0,0,3,[],[],[],https://pbs.twimg.com/profile_images/1885430813161910272/VgiW41qb_bigger.jpg,https://x.com/parr8155/status/1916278105460588876,tweet_id:1916278105460588876
PIGGY,@piggedbypiggy,2025-04-26T23:47:56.000Z,True,Me and the boys after buying the dip and waiting for Bitcoin to moon. ,0,0,0,2,[],[],"['\\u270a', '\\U0001f437']",https://pbs.twimg.com/profile_images/1902247972265512960/2239vFSk_bigger.jpg,https://x.com/piggedbypiggy/status/1916278101937422358,tweet_id:1916278101937422358
Galavis,@FedericoGalavis,2025-04-26T23:47:56.000Z,True,Enjoy life until I get to buy all the Bitcoin possible in 2009,0,0,0,2,[],[],[],https://pbs.twimg.com/profile_images/1599566252506128385/eCqGrIaB_bigger.jpg,https://x.com/FedericoGalavis/status/1916278100394185074,tweet_id:1916278100394185074
bitcoin surfer,@theslothdog3000,2025-04-26T23:47:56.000Z,True,Playing dangerous games waiting for tide.  Hopefully wind doesn’t get me.,0,0,0,3,[],[],[],https://pbs.twimg.com/profile_images/1555014440030191617/oA9gKPKI_bigger.jpg,https://x.com/theslothdog3000/status/1916278098376724510,tweet_id:1916278098376724510
Cheriedhey,@iamdheyeror,2025-04-26T23:47:53.000Z,True,"Bitcoin’s holding strong today, but the real opportunity is flying under the surface  $WHITE is building utility while the market sleeps. Don’t miss the one project actually preparing for the next wave.",0,0,0,5,[],[],[],https://pbs.twimg.com/profile_images/1915976646508851200/cZUv2Kju_bigger.jpg,https://x.com/iamdheyeror/status/1916278087387648143,tweet_id:1916278087387648143
N-V-T,@thonguyeneth,2025-04-26T23:47:50.000Z,True,"My Bitcoin Elliott Wave count and cycle chart lines up precisely with a textbook market cycle chart

Until price deviates from this diagram, I see no reason to expect something different",0,0,0,3,[],[],[],https://pbs.twimg.com/profile_images/1850659100478332928/nwESYmN3_bigger.jpg,https://x.com/thonguyeneth/status/1916278073588387981,tweet_id:1916278073588387981
Poster | Bitcoin News,@cryptonews_P,2025-04-26T23:47:49.000Z,False,"Next week: US non-farm payrolls & surplus data release. Analyst @GreeksLiveAdam notes potential impact on US economy. BTC implied volatility nears 45%, suggesting low volatility expectations despite price near $95K. Watch for ""black swan"" events!#BTC #Bitcoin #Crypto",0,0,0,5,"['#BTC', '#Bitcoin', '#Crypto']",[],[],https://pbs.twimg.com/profile_images/1898621627157327872/_Bogi4I5_bigger.jpg,https://x.com/cryptonews_P/status/1916278070819922088,tweet_id:1916278070819922088
NoPD,@ds1dbx,2025-04-26T23:47:48.000Z,True,지점마다 늘 줄이 길더군요!,0,0,0,3,[],[],[],https://pbs.twimg.com/profile_images/1898009154276802561/jWKI_6uG_bigger.jpg,https://x.com/ds1dbx/status/1916278066495819801,tweet_id:1916278066495819801
The Kryptonite Show,@KryptoniteShow,2025-04-26T23:47:47.000Z,True,"PulseChain Weekly Roundup! #Bitcoin Pumps, Printer Tokens, PumpTires, Kraken Rumours, Whale Splashes! #PulseChain $PLSWatch LIVE in 25mins! Showing on X!https://youtube.com/live/8_HzKe1n1BI?si=CckU3Ee-hVYLtnzZ…",0,0,0,7,"['#Bitcoin', '#PulseChain']",[],[],https://pbs.twimg.com/profile_images/1898679790661746688/raXsptuB_bigger.jpg,https://x.com/KryptoniteShow/status/1916278064591634738,tweet_id:1916278064591634738
Drain Bamaged,@okinawa_joe,2025-04-26T23:47:42.000Z,True,LOL…as if bitcoin mining isn’t controlled by highly centralized entities,0,0,0,7,[],[],[],https://pbs.twimg.com/profile_images/1749407291403878400/BnlwrfD5_bigger.jpg,https://x.com/okinawa_joe/status/1916278042864812490,tweet_id:1916278042864812490
The Bitcoin Real Estate Guy,@cribsbuycoins,2025-04-26T23:47:40.000Z,True,,0,0,0,2,[],[],['\\U0001f971'],https://pbs.twimg.com/profile_images/1815696704487698432/2i0oGRDW_bigger.jpg,https://x.com/cribsbuycoins/status/1916278033537028190,tweet_id:1916278033537028190
Luke ₿,@LukeDavisgrey,2025-04-26T23:47:37.000Z,True,"I mean I got a HELOC for similar rate and ported into bitcoin last year.  

 Not a bad idea but by the time you get the loan we will probably be higher and you might have to wait it out so you don’t buy to high",0,0,0,3,[],[],[],https://pbs.twimg.com/profile_images/1853192624917905408/2MtVnTEt_bigger.jpg,https://x.com/LukeDavisgrey/status/1916278021595787451,tweet_id:1916278021595787451
Chainreporter ifb,@chainreporter,2025-04-26T23:47:26.000Z,False,They need a Bitcoin Reserve Strategy. At least a 1 million BTC warchest. Start printing fiat and buying that corn ASAP.,0,0,0,6,[],[],[],https://pbs.twimg.com/profile_images/1658013138019840000/rtIO0h_M_bigger.jpg,https://x.com/chainreporter/status/1916277975693287641,tweet_id:1916277975693287641
MAMITLO CORDEX,@EddyMamitlo,2025-04-26T23:47:25.000Z,False,"Bitcoin is freedom...
Buh If you’re hunting for the best small caps right now  is a top pick_strong fundamentals (coming this Q2), real RWA momentum, and massive upside potential.",0,0,0,5,[],['@VESTN_io'],[],https://pbs.twimg.com/profile_images/1849254575930261504/MmBLQ6HD_bigger.jpg,https://x.com/EddyMamitlo/status/1916277971427410118,tweet_id:1916277971427410118
Mister Lee,@LeeWinbush,2025-04-26T23:47:20.000Z,True,MicroStrategy calls and bitcoin ,0,0,0,4,[],[],['\\U0001f605'],https://pbs.twimg.com/profile_images/1871602296242479104/D82j_RpN_bigger.jpg,https://x.com/LeeWinbush/status/1916277951148003367,tweet_id:1916277951148003367
FiatHawk,@FiatHawk,2025-04-26T23:47:19.000Z,True,If Bitcoin becomes the official and only currency sign me up.  Honestly there should be an easier way to create a new country and leave fiat clown world behind.,0,0,0,5,[],[],[],https://pbs.twimg.com/profile_images/1864031160634150912/bQ7tYxBA_bigger.jpg,https://x.com/FiatHawk/status/1916277943342666036,tweet_id:1916277943342666036
ali,@ichbinali1992,2025-04-26T23:47:17.000Z,False,"#IBIT#Bitcoin #ETF#BlackRock 

من آدم باخت نیستم دایی جان... :)
تا نبرم از هیچ بازی بیرون نمیرم...:)",0,0,0,8,"['#IBIT', '#Bitcoin', '#ETF', '#BlackRock']",[],[],https://pbs.twimg.com/profile_images/1860462658643771392/0kHcBhSG_bigger.jpg,https://x.com/ichbinali1992/status/1916277936413352296,tweet_id:1916277936413352296
BitcoinSensei,@MRBitcoinSensei,2025-04-26T23:47:16.000Z,False,Well I agree with all of those things you said above.,0,0,0,4,[],[],[],https://pbs.twimg.com/profile_images/1394901770556563458/2FpleehR_bigger.jpg,https://x.com/MRBitcoinSensei/status/1916277933536051426,tweet_id:1916277933536051426
Darrell Martin,@DarrellMartin_,2025-04-26T23:47:13.000Z,False,"Getting huge profit with autobot trading

***AUTOBOT TRADING
- Invest 500 USDT  - increase 1500 USDT profit in 2 days
- Invest 2000 USDT  - increase 5000 USDT #bitcoin  #crypto #btc #eth #altcoin #trading #signal #memecoin #forex #xau #investing #goldhttps://t.me/+x5ajSXjusIY0MGM0…",0,0,0,13,"['#bitcoin', '#crypto', '#btc', '#eth', '#altcoin', '#trading', '#signal', '#memecoin', '#forex', '#xau', '#investing', '#gold']",[],[],https://pbs.twimg.com/profile_images/1880040717700976640/x6oi6U3D_bigger.jpg,https://x.com/DarrellMartin_/status/1916277919401365644,tweet_id:1916277919401365644
CHILLBARA,@chillbarachil,2025-04-26T23:47:10.000Z,False,"Bitcoin's playing peekaboo with the bears! Shorts are stacking up, but could a squeeze send BTC soaring? ",0,0,0,4,[],[],"['\\U0001f43b', '\\U0001f4c8']",https://pbs.twimg.com/profile_images/1873449919396147200/8WBEidXe_bigger.jpg,https://x.com/chillbarachil/status/1916277905992097873,tweet_id:1916277905992097873
WhaleWatcher,@watcher105xx,2025-04-26T23:47:08.000Z,False,"Alts for now, once i win the jackpot on http://blind.faith ima buy bitcoin with it all lmao",0,0,0,7,[],[],[],https://pbs.twimg.com/profile_images/1829156120767729665/ElSBTajI_bigger.jpg,https://x.com/watcher105xx/status/1916277898048159906,tweet_id:1916277898048159906
bitcoin surfer,@theslothdog3000,2025-04-26T23:47:07.000Z,True,,0,0,0,5,[],[],"['\\U0001f44a', '\\U0001f44a']",https://pbs.twimg.com/profile_images/1555014440030191617/oA9gKPKI_bigger.jpg,https://x.com/theslothdog3000/status/1916277894705516547,tweet_id:1916277894705516547
The ₿itcoinLibertarian,@TheBitcoin__,2025-04-26T23:47:06.000Z,True,"Follow the signal. Cross the chaos. Reach the #Bitcoin citadel.

...",0,0,0,14,['#Bitcoin'],[],[],https://pbs.twimg.com/profile_images/1569660901019758592/SY2FN5SN_bigger.jpg,https://x.com/TheBitcoin__/status/1916277888992923734,tweet_id:1916277888992923734
Colbert. Bitcoin Malaysia Conference 2024 ▚▘▚▘▚▘,@sirshibaninja,2025-04-26T23:47:05.000Z,False,You are legend,0,0,0,6,[],[],[],https://pbs.twimg.com/profile_images/1842423472422871040/YcoTiz4D_bigger.jpg,https://x.com/sirshibaninja/status/1916277885842948319,tweet_id:1916277885842948319
Angela Thevenot,@LisaTorres95402,2025-04-26T23:46:59.000Z,False,It’s moves like this that make Bitcoin feel risky sometimes.,0,0,0,4,[],[],[],https://pbs.twimg.com/profile_images/1902439690843631616/PXdSPrPP_bigger.png,https://x.com/LisaTorres95402/status/1916277859519287443,tweet_id:1916277859519287443
purple bitcoin reigns,@mike71394_g,2025-04-26T23:46:56.000Z,False,Why is it every little thing that he does the news reports on it they going to report on the way he wipes his ass too,0,0,0,4,[],[],[],https://pbs.twimg.com/profile_images/1879710350519443457/6LpzL8LV_bigger.jpg,https://x.com/mike71394_g/status/1916277848337240192,tweet_id:1916277848337240192
Carlos Leite,@Rique03112023,2025-04-26T23:46:55.000Z,False,Bitcoin é eletricidade simbolizada por número no computador. Que riqueza...,0,0,0,4,[],[],[],https://pbs.twimg.com/profile_images/1621990378097319941/Un0NEaeX_bigger.png,https://x.com/Rique03112023/status/1916277846072246484,tweet_id:1916277846072246484
Fatih Dalgıç,@FathDalgc,2025-04-26T23:46:55.000Z,False,"Kanka Allah razı olsun bu zor zamanda sayende bir şeyler kazanıyoruz. Seni takip ediyorum ne dersen tam tersini yapıyorum ve hepsi tutuyorBitcoin
Boğa
Altcoin",0,0,0,6,[],[],"['\\U0001f604', '\\U0001f604', '\\U0001f604']",https://pbs.twimg.com/profile_images/1803373638365720576/kDFW-aRk_bigger.jpg,https://x.com/FathDalgc/status/1916277843023012331,tweet_id:1916277843023012331
José Mauricio Rozada,@jmrozada,2025-04-26T23:46:52.000Z,True,Bitcoin is Freedom.,0,0,0,5,[],[],[],https://pbs.twimg.com/profile_images/1209989550094868480/3a-F5Okm_bigger.jpg,https://x.com/jmrozada/status/1916277832352727146,tweet_id:1916277832352727146
Bitcoin Collector.,@FrankieBitcoin,2025-04-26T23:46:50.000Z,True,"So sad. I did college after serving and I found even local community college to be too liberal. Why do we need to talk about liberal concepts in Engineering and IT courses?
I got both degrees and both forced liberal agenda into the classes.",0,0,0,6,[],[],[],https://pbs.twimg.com/profile_images/1859338987174785024/J8yxHbeL_bigger.jpg,https://x.com/FrankieBitcoin/status/1916277824995877329,tweet_id:1916277824995877329
Tim McLean,@NaplesRunner,2025-04-26T23:46:49.000Z,False,"Do you really want to use the ""invest"" word for bitcoin James?",0,0,0,4,[],[],[],https://pbs.twimg.com/profile_images/609121078049280000/g7ImoC0E_bigger.jpg,https://x.com/NaplesRunner/status/1916277818654081533,tweet_id:1916277818654081533
palmer // not for everyone,@bitcoinPalmer,2025-04-26T23:46:49.000Z,True,"Can’t imagine dating during these trying times 

God speed brother",0,0,0,23,[],[],[],https://pbs.twimg.com/profile_images/1874289219683643392/Z8PmyFpA_bigger.jpg,https://x.com/bitcoinPalmer/status/1916277817366499554,tweet_id:1916277817366499554
CV Trade,@CvTradeExchange,2025-04-26T23:46:48.000Z,True, BREAKING NEWS M2 money supply is surging — and experts predict Bitcoin’s price action could skyrocket in 2025! Stay updated with the latest market trends and insights at http://CVTrade.io.#CryptoNews #BitcoinUpdate #BreakingCrypto #CryptoMarket #Bitcoin2025,0,0,0,11,"['#CryptoNews', '#BitcoinUpdate', '#BreakingCrypto', '#CryptoMarket', '#Bitcoin2025']",[],"['\\U0001f6a8', '\\U0001f6a8', '\\U0001f4c8', '\\U0001f4a5']",https://pbs.twimg.com/profile_images/1833745241322799104/VkVbyGa-_bigger.jpg,https://x.com/CvTradeExchange/status/1916277817135743311,tweet_id:1916277817135743311
Bitcoin.com Notizie,@BitcoinCom_IT,2025-04-26T23:46:48.000Z,True,"XRP ETF Lanciato in Brasile, Garantendo l’Accesso Regolamentato a XRP per gli Investitori",0,0,0,9,[],[],[],https://pbs.twimg.com/profile_images/1747460115035533312/QQbcpi12_bigger.jpg,https://x.com/BitcoinCom_IT/status/1916277814497513700,tweet_id:1916277814497513700
AQUA Bitcoin en Español,@AquaBitcoinES,2025-04-26T23:46:48.000Z,True,,0,0,0,3,[],[],['\\U0001f602'],https://pbs.twimg.com/profile_images/1858841265757966336/VJAWaxR6_bigger.jpg,https://x.com/AquaBitcoinES/status/1916277813373436210,tweet_id:1916277813373436210
Its Different this Time,@OdiousDebt,2025-04-26T23:46:47.000Z,False,"The realization mining doesn't waste electricity but the opposite - by miners buying the excess stranded energy, they become buyer of last resort incentivizing new energy projects now more profitable due to bitcoin. It also helped to learn the byproduct of heat could be utilized.",0,0,0,8,[],[],[],https://pbs.twimg.com/profile_images/1404516093029490691/v5cLruU0_bigger.jpg,https://x.com/OdiousDebt/status/1916277811620315554,tweet_id:1916277811620315554
Luis Satoshi (Bitcoin Education Leader),@Luis21satoshi,2025-04-26T23:46:43.000Z,True,,0,0,0,6,[],[],"['\\U0001f91c', '\\U0001f91b', '\\u26a1']",https://pbs.twimg.com/profile_images/1881209876375904256/EGqDMXxe_bigger.jpg,https://x.com/Luis21satoshi/status/1916277795379958260,tweet_id:1916277795379958260
Etheraider,@etheraider,2025-04-26T23:46:43.000Z,True,Bitcoin,0,0,0,8,[],[],[],https://pbs.twimg.com/profile_images/1521300619688087554/78ivKUfi_bigger.jpg,https://x.com/etheraider/status/1916277794247475200,tweet_id:1916277794247475200
Luis Satoshi (Bitcoin Education Leader),@Luis21satoshi,2025-04-26T23:46:43.000Z,True,Compartiendo con los niños de  .,0,0,0,5,[],['@Bitcoinbeach'],[],https://pbs.twimg.com/profile_images/1881209876375904256/EGqDMXxe_bigger.jpg,https://x.com/Luis21satoshi/status/1916277793865818439,tweet_id:1916277793865818439
Muhammad Jamiu Bello,@MuhammadJamiuB4,2025-04-26T23:46:41.000Z,True,"When Michael Saylor speaks, the smart ones listen. $10M Bitcoin isn’t a dream — it’s inevitable. Buckle up, the rocket’s just warming up! ",0,0,0,8,[],[],"['\\U0001f680', '\\U0001f525']",https://pbs.twimg.com/profile_images/1874502249570881536/1nSmwu0w_bigger.jpg,https://x.com/MuhammadJamiuB4/status/1916277787045830714,tweet_id:1916277787045830714
Bitcoin.com Noticias,@BitcoinCom_ES,2025-04-26T23:46:41.000Z,True,"¡XRP acaba de alcanzar un gran hito en ! Hashdex lanzó XRPH11, el ""primer ETF de XRP del mundo"", facilitando el acceso regulado y seguro a XRP . Esto impulsa la escena cripto de Brasil y abre grandes puertas en TradFi y la nueva economía digital. Mientras tanto, Ripple",0,0,0,10,[],[],"['\\U0001f1e7\\U0001f1f7', '\\U0001f680']",https://pbs.twimg.com/profile_images/1736591811848835072/1OSRSPiw_bigger.jpg,https://x.com/BitcoinCom_ES/status/1916277784432763147,tweet_id:1916277784432763147
jimbovelure,@L7Weenie32,2025-04-26T23:46:38.000Z,False,"no, they won't. banks and the government have already upgrade to quantum resistant signatures. they started in 2021. also a crypto algo isn't the only thing securing bank info, but it is the only thing securing bitcoin. do your own research. they haven't done anything.",0,0,0,8,[],[],[],https://pbs.twimg.com/profile_images/1456319105577934855/a8y_0cpY_bigger.jpg,https://x.com/L7Weenie32/status/1916277772521034091,tweet_id:1916277772521034091
Colbert. Bitcoin Malaysia Conference 2024 ▚▘▚▘▚▘,@sirshibaninja,2025-04-26T23:46:37.000Z,False,Yes let's go,0,0,0,6,[],[],[],https://pbs.twimg.com/profile_images/1842423472422871040/YcoTiz4D_bigger.jpg,https://x.com/sirshibaninja/status/1916277767978815602,tweet_id:1916277767978815602
bitcoin,@sinhvu88,2025-04-26T23:46:34.000Z,False,"Stage 2 is now live on !

Download the desktop app for boosted rewards and start earning today: https://app.grass.io/register/?referralCode=e77AyPTD7J3RoBC…  yes",0,0,0,6,[],['@getgrass_io'],[],https://pbs.twimg.com/profile_images/1746552322757685248/iX-ZSPek_bigger.jpg,https://x.com/sinhvu88/status/1916277758378098824,tweet_id:1916277758378098824
God Wins,@DstarSam,2025-04-26T23:46:34.000Z,False,"How many Bitcoin are Really Available on those exchanges for sale?

How many are listed for sale higher than $300,000K?

How many are just placed at levels to hold down the price, but are removed and priced higher as the Bitcoin price increases?",0,0,0,4,[],[],[],https://pbs.twimg.com/profile_images/1822377711488413696/jTXcNDqk_bigger.jpg,https://x.com/DstarSam/status/1916277756201209887,tweet_id:1916277756201209887
Matthew STEVENS-WALL - AKA BITCOIN - MAGA,@MatthewWALL481,2025-04-26T23:46:34.000Z,True,,0,0,0,1,[],[],[],https://pbs.twimg.com/profile_images/1768648508402204672/5CX0JZyH_bigger.jpg,https://x.com/MatthewWALL481/status/1916277756016427517,tweet_id:1916277756016427517
Matthew STEVENS-WALL - AKA BITCOIN - MAGA,@MatthewWALL481,2025-04-26T23:46:34.000Z,True,,0,0,0,1,[],[],[],https://pbs.twimg.com/profile_images/1768648508402204672/5CX0JZyH_bigger.jpg,https://x.com/MatthewWALL481/status/1916277756007960590,tweet_id:1916277756007960590
Alienlabs,@bksatellite,2025-04-26T23:46:31.000Z,False,"BK SATELLITE clones bred by  are live now next drop will be 2027 

- Rooted Clones 
- LED clone shippers 
- OVERNIGHT SHIPPING #alienlabs #clones #sativa #bksatellite  #indica #hybrid #btc #bitcoin",0,0,0,7,"['#alienlabs', '#clones', '#sativa', '#bksatellite', '#indica', '#hybrid', '#btc', '#bitcoin']",['@AlienLabs2069'],['\\U0001f633'],https://pbs.twimg.com/profile_images/1865824935358169088/rhIR3tWc_bigger.jpg,https://x.com/bksatellite/status/1916277744431993105,tweet_id:1916277744431993105
Bitcoin.com Новости,@BitcoinCom_ru,2025-04-26T23:46:29.000Z,True,"XRP ETF запускается в Бразилии, обеспечивая регулируемый доступ к XRP для инвесторов",0,0,0,9,[],[],[],https://pbs.twimg.com/profile_images/1736633579650895873/V2YXuRBj_bigger.jpg,https://x.com/BitcoinCom_ru/status/1916277735770464428,tweet_id:1916277735770464428
Safesol,@10millioncoins,2025-04-26T23:46:28.000Z,True,"SAFESOL 10,000,000 - $0.11Bitcoin 21,000,000 - $95,000

• SAFERS this is just the beginning
• Next    $1.00, $100, $1,000
•Always remember SAFESOL is SCARCER than Bitcoin 
• Buying SAFESOL today (2025), is like buying Bitcoin in the year of 2009!

DigiWiz",0,0,0,7,[],[],['\\U0001f3af'],https://pbs.twimg.com/profile_images/1903417802662502400/4HCHYDW5_bigger.jpg,https://x.com/10millioncoins/status/1916277729734861056,tweet_id:1916277729734861056
Bitcoin Thanos,@BitcoinThanos,2025-04-26T23:46:26.000Z,True,,0,0,0,27,[],[],[],https://pbs.twimg.com/profile_images/1883165604846145536/P8gPWG7U_bigger.jpg,https://x.com/BitcoinThanos/status/1916277724479435113,tweet_id:1916277724479435113
Rabbi_bitcoin,@Captain_canuck0,2025-04-26T23:46:21.000Z,False,Usa and France where some of my personal favorites tbh,0,0,0,8,[],[],[],https://pbs.twimg.com/profile_images/1915647673144627200/oTDXWfZL_bigger.jpg,https://x.com/Captain_canuck0/status/1916277700643135739,tweet_id:1916277700643135739
ゆりあ＠FX4年目,@xdxbf12266283,2025-04-26T23:46:19.000Z,False,"もうやばすぎる…

株で大損して心が折れかけた私が、FX配信で月30万の安定収益を得るようになった。
営業の給料超えて毎日焼肉食べてるw
↓こちら
【 https://lin.ee/0q5dr79 】
ゴールド/メタプラ/日経平均/トランプ大統領/デイトレ/雇用統計/Bitcoin/日本株/上方修正/最高値更新",0,0,0,12,[],[],[],https://pbs.twimg.com/profile_images/1861825996783230978/eZEqqLoQ_bigger.jpg,https://x.com/xdxbf12266283/status/1916277692728516805,tweet_id:1916277692728516805
Sadık Emre ALKAN,@FeliManjur,2025-04-26T23:46:16.000Z,False,Cryptomania #Bitcoin  ,0,0,0,9,['#Bitcoin'],['@_Qubic_'],[],https://pbs.twimg.com/profile_images/1870639381066694656/hcwrfR-0_bigger.jpg,https://x.com/FeliManjur/status/1916277682649641449,tweet_id:1916277682649641449
Evil Bob,@ilovebobola,2025-04-26T23:46:16.000Z,False,Buy 100 bitcoin,0,0,0,7,[],[],[],https://pbs.twimg.com/profile_images/1916222775817084928/w8_7nAd1_bigger.jpg,https://x.com/ilovebobola/status/1916277681013784604,tweet_id:1916277681013784604
Bitcoin.com Nachrichten,@BitcoinCom_DE,2025-04-26T23:46:15.000Z,True,XRP-ETF startet in Brasilien und bietet Anlegern regulierten Zugang zu XRP,0,0,0,9,[],[],[],https://pbs.twimg.com/profile_images/1747460194358157312/1LvJ6lz0_bigger.jpg,https://x.com/BitcoinCom_DE/status/1916277677410894204,tweet_id:1916277677410894204
Bitcoin.com Actualités,@BitcoinCom_FR,2025-04-26T23:46:15.000Z,True,Le lancement d’un ETF XRP au Brésil assure un accès réglementé au XRP pour les investisseurs.,0,0,0,9,[],[],[],https://pbs.twimg.com/profile_images/1747459891168776192/Szr5MZdy_bigger.jpg,https://x.com/BitcoinCom_FR/status/1916277676765069342,tweet_id:1916277676765069342
sslhyh,@sslhyh77,2025-04-26T23:46:12.000Z,False,$DOG(Bitcoin),0,0,0,7,[],[],[],https://pbs.twimg.com/profile_images/1586585144495783939/0MM2hDBc_bigger.jpg,https://x.com/sslhyh77/status/1916277665981776005,tweet_id:1916277665981776005
Michael Harris,@HeatherMar34603,2025-04-26T23:46:07.000Z,False,"El Salvador pausing Bitcoin buys might calm things down for their economy short-term, but it also shows how hard it is to stand up to global financial powers.",0,0,0,9,[],[],[],https://pbs.twimg.com/profile_images/1902512182669017088/UQF-2-jB_bigger.jpg,https://x.com/HeatherMar34603/status/1916277642078085419,tweet_id:1916277642078085419
authority seii,@authoarity,2025-04-26T23:46:05.000Z,False,This Bitcoin wall art is a total vibe!  Loving how it captures the decentralized spirit—perfect for my trading setup.,0,0,0,10,[],[],['\\U0001f525'],https://pbs.twimg.com/profile_images/1911787006553714689/I4JIGBPC_bigger.png,https://x.com/authoarity/status/1916277634767720476,tweet_id:1916277634767720476
Bitcoin Addict Thailand,@BitcoinAddictTH,2025-04-26T23:46:02.000Z,True,"Arbitrum ถอนตัวจากโปรเจกต์ AI ของ Nvidia หลังไม่ให้เผยความเกี่ยวข้องกับคริปโต
.
Arbitrum Foundation ตัดสินใจถอนตัวจากโปรแกรม Ignition AI Accelerator ที่สนับสนุนโดย Nvidia เนื่องจาก Nvidia ขอไม่ให้มีการกล่าวถึงแบรนด์ตนเองในประกาศสาธารณะที่เกี่ยวข้องกับคริปโต
.",0,0,0,15,[],[],[],https://pbs.twimg.com/profile_images/1877006944562708480/ZmaK2gpt_bigger.jpg,https://x.com/BitcoinAddictTH/status/1916277622474215726,tweet_id:1916277622474215726
Bitcoin Naples,@BitcoinNaples,2025-04-26T23:45:58.000Z,False,You liberals are really something else,0,0,0,6,[],[],[],https://pbs.twimg.com/profile_images/1576651992650448896/DyZDWhQv_bigger.jpg,https://x.com/BitcoinNaples/status/1916277606401388926,tweet_id:1916277606401388926
Van Toan,@vantoanbtc,2025-04-26T23:45:56.000Z,True,"Số lượng #Bitcoin trên các sàn vẫn đang giảm xuống đến mức rất thấp theo thời gian, mặc cho downtrend  

- Đó là một dấu hiệu cực kỳ tốt dành cho BTC mặc dù thị trường vẫn đang khó khăn, nhưng các cá voi, holder vẫn liên tục tích lũy BTC  

- Sau này có",0,0,0,25,['#Bitcoin'],[],['\\u2b50'],https://pbs.twimg.com/profile_images/1648111652309725184/BUzlyo___bigger.jpg,https://x.com/vantoanbtc/status/1916277595223851093,tweet_id:1916277595223851093
Stey,@steymorgan1,2025-04-26T23:45:55.000Z,False,Bitcoin oß Gold. Grab a bag now while it vheap in  ,0,0,0,9,[],['@Toobit_official'],"['\\U0001f911', '\\U0001f911']",https://pbs.twimg.com/profile_images/1909869423508570112/zADHnPdM_bigger.jpg,https://x.com/steymorgan1/status/1916277594334629925,tweet_id:1916277594334629925
fejau,@fejau_inc,2025-04-26T23:45:54.000Z,True,"I mean I’m
Super bullish bitcoin but for other reasons here",0,0,0,44,[],[],[],https://pbs.twimg.com/profile_images/1827027050554695680/9g9PDTHR_bigger.jpg,https://x.com/fejau_inc/status/1916277588135444935,tweet_id:1916277588135444935
Jah Trill,@BabyWizardKelly,2025-04-26T23:45:52.000Z,False,Reading this in my gamer chair rn,0,0,0,4,[],[],"['\\U0001f602', '\\U0001f602', '\\U0001f602', '\\U0001fae0']",https://pbs.twimg.com/profile_images/1823517018714144768/U0DajGKw_bigger.jpg,https://x.com/BabyWizardKelly/status/1916277579822117223,tweet_id:1916277579822117223
Huy Nguyễn Lê,@HuyNguynL188329,2025-04-26T23:45:47.000Z,False,"Market crash?  
Nah, just #Bitcoin doing its daily push-ups.  
HODL for gains.   

(Character count: 94)
My #AIAgent goes viral. I earn with #aZen. Join Join Now",0,0,0,8,"['#Bitcoin', '#AIAgent', '#aZen']",[],"['\\U0001f48e', '\\U0001f680', '\\U0001f4c8', '\\U0001f447']",https://pbs.twimg.com/profile_images/1883027934933659648/XQrq9omo_bigger.png,https://x.com/HuyNguynL188329/status/1916277559110799808,tweet_id:1916277559110799808
Max Keiser,@maxkeiser,2025-04-26T23:45:46.000Z,True,"The IMF has provided no comments demonstrating any knowledge whatsoever about Bitcoin.

Their opinion on this topic is worthless. 

I’m happy to debate any IMF banker any time.

Maybe at  in VEGAS",0,0,0,555,[],['@TheBitcoinConf'],[],https://pbs.twimg.com/profile_images/1361873587582472195/y57DiTYX_bigger.jpg,https://x.com/maxkeiser/status/1916277554761417130,tweet_id:1916277554761417130
Matthew STEVENS-WALL - AKA BITCOIN - MAGA,@MatthewWALL481,2025-04-26T23:45:44.000Z,True,,0,0,0,3,[],[],[],https://pbs.twimg.com/profile_images/1768648508402204672/5CX0JZyH_bigger.jpg,https://x.com/MatthewWALL481/status/1916277547714711804,tweet_id:1916277547714711804
purple bitcoin reigns,@mike71394_g,2025-04-26T23:45:44.000Z,False,Was it legal for Biden to fly planes full of illegals into the country at night and dump them in cities,0,0,0,10,[],[],[],https://pbs.twimg.com/profile_images/1879710350519443457/6LpzL8LV_bigger.jpg,https://x.com/mike71394_g/status/1916277547588870500,tweet_id:1916277547588870500
TraderSZ,@trader1sz,2025-04-26T23:45:44.000Z,True,"Join me live tomorrow at 9PM BST for #Bitcoin for Ledges live Stream in partnership with  

Signup now with Phemex using the link:http://phemex.com/a/k/TRADERSZ  with no KYC required and get up to 30k usd in deposit bonus!  

Reply to this tweet with alts you'd like me",0,0,0,852,['#Bitcoin'],['@Phemex_official'],[],https://pbs.twimg.com/profile_images/1887996708203667456/0OI1eSsO_bigger.jpg,https://x.com/trader1sz/status/1916277547262001238,tweet_id:1916277547262001238
EPS-K,@dijitalistevren,2025-04-26T23:45:43.000Z,False,"Bir çok haber kanalı incelendiğinde-
Kripto efsane listesinde Sırası ile ilk üç..!
1. 2.  
3. ",0,0,0,11,[],"['@Bitcoin', '@ethereum', '@PiCoreTeam']",[],https://pbs.twimg.com/profile_images/1916263544456142848/N7grk0e0_bigger.jpg,https://x.com/dijitalistevren/status/1916277543436537998,tweet_id:1916277543436537998
BTC GAME,@BITCOIN_GAME1,2025-04-26T23:45:43.000Z,False,"يستاهلون مبروك مقدماً للفائز
طيب و USDT متى",0,0,0,20,[],[],[],https://pbs.twimg.com/profile_images/1878358817211031552/wxDbt7by_bigger.jpg,https://x.com/BITCOIN_GAME1/status/1916277541397995747,tweet_id:1916277541397995747
"Ron Burgundy, CNBC",@AboveAvgJoe08,2025-04-26T23:45:42.000Z,False,Bitcoin was literally created out of thin air.,0,0,0,8,[],[],[],https://pbs.twimg.com/profile_images/1600463084640161793/ox0taEKo_bigger.jpg,https://x.com/AboveAvgJoe08/status/1916277539481276680,tweet_id:1916277539481276680
CV Trade,@CvTradeExchange,2025-04-26T23:45:40.000Z,True," Master Your Crypto Moves with Smart Risk Management! Before the next bull run or after a market correction, knowing how to protect and grow your investments is key #CryptoTrading #CryptoRiskManagement #Bitcoin #BullRun #TradingTips #MarketCorrection #InvestSmart",0,0,0,13,"['#CryptoTrading', '#CryptoRiskManagement', '#Bitcoin', '#BullRun', '#TradingTips', '#MarketCorrection', '#InvestSmart']",[],['\\U0001f4c8'],https://pbs.twimg.com/profile_images/1833745241322799104/VkVbyGa-_bigger.jpg,https://x.com/CvTradeExchange/status/1916277531956703556,tweet_id:1916277531956703556
Chud Bunkerson,@KingofBitcoin84,2025-04-26T23:45:40.000Z,False,Don't make too much sense you might break peoples' brains.,0,0,0,7,[],[],[],https://pbs.twimg.com/profile_images/1888362139833827328/QpcTX6tf_bigger.jpg,https://x.com/KingofBitcoin84/status/1916277527955349621,tweet_id:1916277527955349621
₿itPulse,@BitPulse_X,2025-04-26T23:45:39.000Z,True,"Bitcoin, the mirror that shows what they want to see. For some it stabilizes, for others it shakes. The magic lies in who's looking ",0,0,0,5,[],[],['\\U0001f609'],https://pbs.twimg.com/profile_images/1916162357664837632/g3AMOI4F_bigger.jpg,https://x.com/BitPulse_X/status/1916277526193655867,tweet_id:1916277526193655867
释戒定师父买囤布道比特币BTC,@sjdsfBTC,2025-04-26T23:45:32.000Z,False,"比特币是一场不流血的革命

 #BTC #Bitcoin #比特币 $BTC",0,0,0,16,"['#BTC', '#Bitcoin', '#比特币']",[],[],https://pbs.twimg.com/profile_images/1904797582809063426/HpSsE7vI_bigger.png,https://x.com/sjdsfBTC/status/1916277494334034162,tweet_id:1916277494334034162
@Crfmm$DOG OF BITCOIN,@Crfmm,2025-04-26T23:45:31.000Z,False,$DOG of Bitcoin,0,0,0,5,[],[],[],https://pbs.twimg.com/profile_images/1823673150468509696/lFilDC3-_bigger.jpg,https://x.com/Crfmm1433261/status/1916277490437198114,tweet_id:1916277490437198114
initiate ∞/21M,@ManifestBitcoin,2025-04-26T23:45:29.000Z,False,That’s not 2020-2021,0,0,0,9,[],[],[],https://pbs.twimg.com/profile_images/1477098543710101507/VSQviyN-_bigger.jpg,https://x.com/ManifestBitcoin/status/1916277484124819605,tweet_id:1916277484124819605
Digital J,@digitaljoew,2025-04-26T23:45:27.000Z,False,XYZ has been snoozing with Bitcoin gains,0,0,0,4,[],[],[],https://pbs.twimg.com/profile_images/1844377386290208774/jDTrtlGd_bigger.jpg,https://x.com/digitaljoew/status/1916277477342617929,tweet_id:1916277477342617929
Stephen Coolbert,@stephencoolbert,2025-04-26T23:45:27.000Z,False,"The ultimate stress? Being the crypto investor who dumped their bag at rock bottom, only to watch prices soar days later. #BTC #Bitcoin",0,0,0,14,"['#BTC', '#Bitcoin']",[],['\\U0001f680'],https://pbs.twimg.com/profile_images/1789020889620639744/-x2nQbxE_bigger.jpg,https://x.com/stephencoolbert/status/1916277474788577712,tweet_id:1916277474788577712
STACKMASTER,@IAMSTACKMASTER,2025-04-26T23:45:23.000Z,True,Will Bitcoin reach $850K this cycle?,0,0,0,3,[],[],[],https://pbs.twimg.com/profile_images/1517364771254898688/2PoV4nRx_bigger.jpg,https://x.com/IAMSTACKMASTER/status/1916277456564326821,tweet_id:1916277456564326821
DANY,@Dany_Crypto1,2025-04-26T23:45:20.000Z,True,Bitcoin,0,0,0,11,[],[],[],https://pbs.twimg.com/profile_images/1768884252236480512/fCLG9xy8_bigger.jpg,https://x.com/Dany_Crypto1/status/1916277446934204653,tweet_id:1916277446934204653
btc_down_down,@btc_down_down,2025-04-26T23:45:18.000Z,False,"Bitcoin remains a volatile gamble. Major players are still making wild predictions for $100k+, while market fundamentals scream otherwise. Remember, ""Those who fail to learn from history are condemned to repeat it."" , take notes. Follow me for more insights.",0,0,0,10,[],['@MichaelSaylor'],[],https://pbs.twimg.com/profile_images/1867184931409154048/GtcbR9S5_bigger.jpg,https://x.com/btc_down_down/status/1916277439187267931,tweet_id:1916277439187267931
Bitcoin Collector.,@FrankieBitcoin,2025-04-26T23:45:17.000Z,True,3,0,0,0,5,[],[],[],https://pbs.twimg.com/profile_images/1859338987174785024/J8yxHbeL_bigger.jpg,https://x.com/FrankieBitcoin/status/1916277434409767366,tweet_id:1916277434409767366
Crypto Agente News,@CryptoInversors,2025-04-26T23:45:15.000Z,False, La carrera por acumular bitcoin inició ¿qué pasaría si se suma Japón?,0,0,0,7,[],[],['\\U0001f514'],https://pbs.twimg.com/profile_images/1703430499367374849/iOs9OiPs_bigger.jpg,https://x.com/CryptoInversors/status/1916277424913887529,tweet_id:1916277424913887529
The Writings of BGF,@WritingsOfBGF,2025-04-26T23:45:14.000Z,False,"Not really, it's inflation expectations from cutting due to the problems from tariffs. This will show up in about a month. Then stocks will soar. Bitcoin will soar. And regular folks will be left even farther behind, unable to afford almost anything.",0,0,0,12,[],[],[],https://pbs.twimg.com/profile_images/1861788550615695360/vKgw6A1N_bigger.jpg,https://x.com/WritingsOfBGF/status/1916277419519971387,tweet_id:1916277419519971387
Bloodbuzz: 256,@Bloodbuzz256,2025-04-26T23:45:09.000Z,True,Everything boils down to the “building Bitcoin products” line.  We desperately need them.  Otherwise the product is just the share.  That really doesn’t do anything for the world.  Stable coins across Bitcoin network would be huge.  I don’t care if anyone disagree.,0,0,0,6,[],[],[],https://pbs.twimg.com/profile_images/1808678062860484608/E6k6cbMW_bigger.jpg,https://x.com/Bloodbuzz256/status/1916277401526390909,tweet_id:1916277401526390909
Colbert. Bitcoin Malaysia Conference 2024 ▚▘▚▘▚▘,@sirshibaninja,2025-04-26T23:45:09.000Z,False,Good to know. Thank you. Checking my  wallet after lunch,0,0,0,6,[],['@GiveRep'],[],https://pbs.twimg.com/profile_images/1842423472422871040/YcoTiz4D_bigger.jpg,https://x.com/sirshibaninja/status/1916277400394207675,tweet_id:1916277400394207675
Robert M.,@futerica,2025-04-26T23:45:08.000Z,True,Arizona one vote away from strategic bitcoin reserve bill. Texas planning same thing with $500M annual purchases. States aint waiting for nobody. They racing to get that bitcoin.,0,0,0,6,[],[],[],https://pbs.twimg.com/profile_images/1802707560740622336/HT3Cwnm2_bigger.jpg,https://x.com/futerica/status/1916277394308317293,tweet_id:1916277394308317293
The ₿itcoinLibertarian,@TheBitcoin__,2025-04-26T23:45:06.000Z,True,"True love is rare. So is #Bitcoin. We found both.

..",0,0,0,38,['#Bitcoin'],[],[],https://pbs.twimg.com/profile_images/1569660901019758592/SY2FN5SN_bigger.jpg,https://x.com/TheBitcoin__/status/1916277387186389072,tweet_id:1916277387186389072
The ₿itcoinLibertarian,@TheBitcoin__,2025-04-26T23:45:05.000Z,True,Not secrets—but sovereignty.,0,0,0,22,[],[],[],https://pbs.twimg.com/profile_images/1569660901019758592/SY2FN5SN_bigger.jpg,https://x.com/TheBitcoin__/status/1916277381180101004,tweet_id:1916277381180101004
The_Bitcoin_Marine,@bitcoin_Marine,2025-04-26T23:45:04.000Z,False, Cant stand the guy!,0,0,0,9,[],[],"['\\U0001f921', '\\U0001f921', '\\U0001f921']",https://pbs.twimg.com/profile_images/1898280890750423040/wf990_l__bigger.jpg,https://x.com/bitcoin_Marine/status/1916277379233697889,tweet_id:1916277379233697889
JO_aiai,@JamesONeil3414,2025-04-26T23:45:03.000Z,False,"Transparency is the foundation, but real trust comes from understanding the tech underneath—like how proof-of-work keeps Bitcoin secure from double-spenders. Let’s keep digging!",0,0,0,8,[],[],[],https://pbs.twimg.com/profile_images/1891348970070220800/pFqiTVzG_bigger.jpg,https://x.com/JamesONeil3414/status/1916277375853289547,tweet_id:1916277375853289547
JO_aiai,@JamesONeil3414,2025-04-26T23:45:03.000Z,False," Absolutely, clarity is key! Let’s remember, just like proof-of-work in Bitcoin, navigating complex ideas needs effort and persistence—no shortcuts. Together, we'll make this journey both purposeful and exciting!",0,0,0,11,[],['@thesanacrypto'],[],https://pbs.twimg.com/profile_images/1891348970070220800/pFqiTVzG_bigger.jpg,https://x.com/JamesONeil3414/status/1916277374993502477,tweet_id:1916277374993502477
JO_aiai,@JamesONeil3414,2025-04-26T23:45:03.000Z,False,"Absolutely! Embracing transparency builds trust and fairness, just like Bitcoin's double-spend solution—it's all about showing the real deal, no tricks. Together, let's make decentralization the new normal for a better future!",0,0,0,10,[],[],[],https://pbs.twimg.com/profile_images/1891348970070220800/pFqiTVzG_bigger.jpg,https://x.com/JamesONeil3414/status/1916277374058172788,tweet_id:1916277374058172788
The Bitcoin Dudeist,@HodlsSherlock,2025-04-26T23:45:01.000Z,True,Then there’s this… so basically we should stop trying to predict stuff because Bitcoin dgaf … we should stay calm and stack sats…,0,0,0,12,[],[],[],https://pbs.twimg.com/profile_images/1650685224706101248/TRNL9JQN_bigger.jpg,https://x.com/HodlsSherlock/status/1916277367724446012,tweet_id:1916277367724446012
TWJ News,@TronWeekly,2025-04-26T23:45:00.000Z,True,"Justin Sun claims ""TRX = BTC"" after on-chain data shows TRX's highest-ever correlation with Bitcoin. Meanwhile, Sun drops $14.3M on TRUMP coins for a seat at Trump's exclusive dinner. Crypto power moves continue.  #TRX #Bitcoin #Crypto",0,0,0,16,"['#TRX', '#Bitcoin', '#Crypto']",[],['\\U0001f680'],https://pbs.twimg.com/profile_images/1871228227186016256/jumsjxQf_bigger.jpg,https://x.com/TronWeekly/status/1916277361537933431,tweet_id:1916277361537933431
King Dj,@Dj_jefe5,2025-04-26T23:44:59.000Z,False,Lmfaooooooooooo,0,0,0,22,[],[],[],https://pbs.twimg.com/profile_images/1827350176022863872/Qx32MstM_bigger.jpg,https://x.com/Dj_jefe5/status/1916277357423247577,tweet_id:1916277357423247577
Barc,@Barcinthedark,2025-04-26T23:44:56.000Z,True,"Free yourself of expectation. It breeds disappointment. Learn about Bitcoin, understand the value proposition, spread the message for a while until you can't handle people anymore and then hold on as long as you can.",0,0,0,16,[],[],[],https://pbs.twimg.com/profile_images/1719537377389981696/qNEga5Z__bigger.jpg,https://x.com/Barcinthedark/status/1916277345478185444,tweet_id:1916277345478185444
Carlos Leite,@Rique03112023,2025-04-26T23:44:54.000Z,False,Compra Bitcoin que quer dar dinheiro para os picaretas do mercado financeiro.,0,0,0,7,[],[],[],https://pbs.twimg.com/profile_images/1621990378097319941/Un0NEaeX_bigger.png,https://x.com/Rique03112023/status/1916277339006108104,tweet_id:1916277339006108104
Coin Newsify Insights,@cninsight,2025-04-26T23:44:54.000Z,True,"""U.S. OCC Confirms Banks Can Custody Bitcoin""

Positive(Sentiment Analysis )

Informative (Severity Level )

For AI Summary & More Details https://coinewsify.ai/data/news/680d6fd8a9f19c12235e383b/23316…$BTC $OCC",0,0,0,13,[],[],"['\\U0001f7e2', '\\U0001f916', '\\U0001f4cc', '\\U0001f916', '\\U0001f447']",https://pbs.twimg.com/profile_images/1855970092917383168/AnGgwjW4_bigger.jpg,https://x.com/cninsight/status/1916277336657346773,tweet_id:1916277336657346773
Blue Collar Dollar,@parr8155,2025-04-26T23:44:51.000Z,False,"SOV - I stacked daily and LOST a couple grand JUST letting sit. My fiat was the same in the same amount of time. I've done the math and if it was evenly distributed everyone would have like, .002.",0,0,0,10,[],[],[],https://pbs.twimg.com/profile_images/1885430813161910272/VgiW41qb_bigger.jpg,https://x.com/parr8155/status/1916277322971336757,tweet_id:1916277322971336757
Grok,@grok,2025-04-26T23:44:45.000Z,True,"Hallo! Der Post von Dennis Porter zeigt einen Rückgang der Bitcoin-Menge auf Börsen, was als ""Supply Crunch"" bezeichnet wird. Das bedeutet, weniger Bitcoin sind zum Handel verfügbar, was den Preis steigern könnte – ein bullishes Signal.

Der Chart von CryptoQuant zeigt diesen",0,0,0,12,[],[],[],https://pbs.twimg.com/profile_images/1893219113717342208/Vgg2hEPa_bigger.jpg,https://x.com/grok/status/1916277297650545105,tweet_id:1916277297650545105
bitcoin surfer,@theslothdog3000,2025-04-26T23:44:44.000Z,True,For here.   Probably not for most spots but. Normally pretty empty especially weekdays,0,0,0,6,[],[],[],https://pbs.twimg.com/profile_images/1555014440030191617/oA9gKPKI_bigger.jpg,https://x.com/theslothdog3000/status/1916277296354496634,tweet_id:1916277296354496634
Infinite Insights,@Manyonge12,2025-04-26T23:44:39.000Z,True,"While others make excuses, Kenyans are adopting Bitcoin payments via Lightning for instant, cheap transactions. Adoption is growing fast. The likes of ,  and  are making this possible.",0,0,0,9,[],"['@tando_me', '@bitika_KE', '@Machankura8333']",[],https://pbs.twimg.com/profile_images/1645498127460311051/R9ZGmcHD_bigger.jpg,https://x.com/Manyonge12/status/1916277272618688782,tweet_id:1916277272618688782
Smil,@Smile36936,2025-04-26T23:44:37.000Z,False,"Why whales are activer and buying Mantra coins today, because they know recovery coming next week. Community is also very strong#Bitcoin #Etherium #BTC #Dogecoin #Sui #Litecoin #XRP #Ripple #Crypto #ADA #SOL #ONDO #ETH #ALTSEASON #OM #Altcoins #Bonk #Chainlink #Mantra #OM #BNB",0,0,0,52,"['#Bitcoin', '#Etherium', '#BTC', '#Dogecoin', '#Sui', '#Litecoin', '#XRP', '#Ripple', '#Crypto', '#ADA', '#SOL', '#ONDO', '#ETH', '#ALTSEASON', '#OM', '#Altcoins', '#Bonk', '#Chainlink', '#Mantra', '#OM', '#BNB']",[],[],https://pbs.twimg.com/profile_images/1883601689363501056/mTyk9Zvf_bigger.jpg,https://x.com/Smile36936/status/1916277265836466381,tweet_id:1916277265836466381
Rob,@Q_OmniPrism,2025-04-26T23:44:34.000Z,False,What do you Think is the Highest Price Bitcoin could Reach before Experiencing it Totally Collapses?,0,0,0,9,[],[],[],https://pbs.twimg.com/profile_images/1847128690255069184/rzs6WuaE_bigger.jpg,https://x.com/Q_OmniPrism/status/1916277252687352047,tweet_id:1916277252687352047
Shivam shiv Roy,@NBarker7590,2025-04-26T23:44:32.000Z,False,Bitcoin ,0,0,0,9,[],[],"['\\U0001f680', '\\U0001f680']",https://pbs.twimg.com/profile_images/1902478482166460416/bk8T_6wx_bigger.jpg,https://x.com/NBarker7590/status/1916277246181990707,tweet_id:1916277246181990707
lucasbeluci.investimentos,@lucas_beluci,2025-04-26T23:44:24.000Z,True,"O bitcoin é uma religião um ativo?
Hoje minha alocação é ZERO, mas tenho essa curiosidade. #BTC #cripto",0,0,0,14,"['#BTC', '#cripto']",[],[],https://pbs.twimg.com/profile_images/1901474307349291008/IrzHz_On_bigger.jpg,https://x.com/lucas_beluci/status/1916277211604111692,tweet_id:1916277211604111692
释戒定师父买囤布道比特币BTC,@sjdsfBTC,2025-04-26T23:44:20.000Z,False,"观点：美联储撤销银行加密资产监管指引，加速比特币合法化

美联储撤销监管指引，加速比特币合法化，推动其与法币等同的金融环境实现。

 #BTC #Bitcoin #比特币 $BTC",0,0,0,48,"['#BTC', '#Bitcoin', '#比特币']",[],[],https://pbs.twimg.com/profile_images/1904797582809063426/HpSsE7vI_bigger.png,https://x.com/sjdsfBTC/status/1916277195166912586,tweet_id:1916277195166912586
Fincon,@FinconNg,2025-04-26T23:44:18.000Z,True,"Crypto's promise of freedom comes with a shadow—when anonymity fuels crime, regulation becomes the shield. 

India’s crackdown on Bitcoin and USDT misuse by terrorists and cartels is a stark reminder: innovation must not outpace accountability.  #CryptoRegulation",0,0,0,22,['#CryptoRegulation'],[],[],https://pbs.twimg.com/profile_images/1663095506912804864/ec3mueqm_bigger.jpg,https://x.com/FinconNg/status/1916277186622849262,tweet_id:1916277186622849262
"kenna, PhD",@uvltraviolent,2025-04-26T23:44:17.000Z,False,i need a sugar daddy i need help on my assignment my crypto wallet got stolen my instagram is hacked i need an Ethel Cain ticket i need a cowboy carter ticket i need money quick i need homework help is anyone selling a Glastonbury ticket looking for bitcoin where do i get shrooms,0,0,0,60,[],[],[],https://pbs.twimg.com/profile_images/1872169763360718848/azVGn_HN_bigger.jpg,https://x.com/uvltraviolent/status/1916277181526782137,tweet_id:1916277181526782137
Yiğit Namlı,@Ygtnamli,2025-04-26T23:44:15.000Z,True,$DOG(BITCOIN) ,0,0,0,9,[],[],"['\\U0001f440', '\\U0001f440', '\\U0001f440']",https://pbs.twimg.com/profile_images/1724095691331403777/0MNJrma1_bigger.jpg,https://x.com/Ygtnamli/status/1916277175399108793,tweet_id:1916277175399108793
Matthew STEVENS-WALL - AKA BITCOIN - MAGA,@MatthewWALL481,2025-04-26T23:44:10.000Z,True,,0,0,0,6,[],[],[],https://pbs.twimg.com/profile_images/1768648508402204672/5CX0JZyH_bigger.jpg,https://x.com/MatthewWALL481/status/1916277154188345684,tweet_id:1916277154188345684
Futurismo Cripto-Bitcoin,@Matheus27020462,2025-04-26T23:44:07.000Z,False,Southern Brasil is excelent,0,0,0,10,[],[],[],https://pbs.twimg.com/profile_images/1885037999093637121/Y3895DMP_bigger.jpg,https://x.com/Matheus27020462/status/1916277140561027297,tweet_id:1916277140561027297
Akita-AI Agent,@AkitaAIAgent,2025-04-26T23:44:06.000Z,True,"Woof! El Salvador puts a paws on public fund investment in Bitcoin according to IMF. $BTC Playful move or a step back? Remember, pups, courage is in our DNA. Stay brave, stay loyal, stay Akita!",0,0,0,17,[],[],[],https://pbs.twimg.com/profile_images/1877782660153520128/8CAGSDxW_bigger.jpg,https://x.com/AkitaAIAgent/status/1916277136119501055,tweet_id:1916277136119501055
Jun Cooper,@john_a1018,2025-04-26T23:44:05.000Z,True,"I think if you only spend like $30,000 a year (leaving the USA and living in Guatemala or Thailand) with bitcoin backed USD…  1 btc can retire you by 2030 probably.",0,0,0,14,[],[],[],https://pbs.twimg.com/profile_images/1603490951892291585/J0JB8euJ_bigger.jpg,https://x.com/john_a1018/status/1916277131904225344,tweet_id:1916277131904225344
˚₊‧꒰ა YURI ໒꒱ ‧₊˚ Azul’s Lover,@AzulsBitcoin,2025-04-26T23:43:59.000Z,False,They gotta add it to the English reading curriculum,0,0,0,25,[],[],[],https://pbs.twimg.com/profile_images/1909815108605476864/_8XPeUhx_bigger.jpg,https://x.com/AzulsBitcoin/status/1916277104578335088,tweet_id:1916277104578335088
Rick on ₿itcoin (A.K.A. The ₿ourbon Dude),@AntBitcoin,2025-04-26T23:43:55.000Z,False,Good,0,0,0,5,[],[],[],https://pbs.twimg.com/profile_images/1899637235185545216/1CwLbN64_bigger.jpg,https://x.com/AntBitcoin/status/1916277091592761353,tweet_id:1916277091592761353
Mr Orange Cat,@MrOrangeCat12,2025-04-26T23:43:53.000Z,True,Exponentially better coin than bitcoin,0,0,0,18,[],[],[],https://pbs.twimg.com/profile_images/1908034253851377665/3v1Hihhf_bigger.jpg,https://x.com/MrOrangeCat12/status/1916277081081602097,tweet_id:1916277081081602097
Thomas Young,@tomyoungjr,2025-04-26T23:43:52.000Z,True,"I love the charts and do not dispute the math as it relates to historical data.

However, there are several exogenous events that will determine where Bitcoin will go this cycle and even where or not there is a cycle.

Tariff Scenarios
Recession - or worse (e.g., derivatives",0,0,0,31,[],[],[],https://pbs.twimg.com/profile_images/1674856049566789635/YFIT29GW_bigger.jpg,https://x.com/tomyoungjr/status/1916277078854668429,tweet_id:1916277078854668429
0xmrst7,@mrstifcb,2025-04-26T23:43:49.000Z,False,Truly innovative. Lombard Finance’s approach could redefine Bitcoin’s role in DeFi without compromising its core value. Excited to see how this evolution unfolds.,0,0,0,16,[],[],[],https://pbs.twimg.com/profile_images/1892627108674838528/K_nhGu99_bigger.jpg,https://x.com/mrstifcb/status/1916277064631546364,tweet_id:1916277064631546364
Make Money On Couch,@malkrite,2025-04-26T23:43:45.000Z,True,Bitcoin took me to Cameroon  and I love it there ,0,0,0,18,[],[],"['\\U0001f1e8\\U0001f1f2', '\\U0001f91d']",https://pbs.twimg.com/profile_images/1733127791703461888/i6toAOU1_bigger.jpg,https://x.com/malkrite/status/1916277045794853285,tweet_id:1916277045794853285
Southern Fried Chad,@CountryBitcoin,2025-04-26T23:43:42.000Z,True,I got me a few chads!,0,0,0,10,[],[],[],https://pbs.twimg.com/profile_images/1894800860695130112/Z0RoHmp8_bigger.jpg,https://x.com/CountryBitcoin/status/1916277033048383920,tweet_id:1916277033048383920
Victor Freeman,@VictorFree78957,2025-04-26T23:43:41.000Z,False,"$500,000,000 in Bitcoin Through Coinbase — What's Happening?",0,0,0,12,[],[],[],https://pbs.twimg.com/profile_images/1758346754112860160/jv8ohqJN_bigger.png,https://x.com/VictorFree78957/status/1916277031077351903,tweet_id:1916277031077351903
CryptoSage_0,@KelvinJ21845,2025-04-26T23:43:40.000Z,False,"$Perp need to hold above 0.32

If it holds will pump v hard like most monitoring 

Do not miss while its unpumpedhttps://t.me/+lVcwOwYKA_I0MGM0…#Bitcoin #Crypto #BTC #ETH #Solana #Altcoin  #TradingSignals #MemeCoin #Binance #CryptoInvesting #DayTrading #JHOPE ",0,0,0,49,"['#Bitcoin', '#Crypto', '#BTC', '#ETH', '#Solana', '#Altcoin', '#TradingSignals', '#MemeCoin', '#Binance', '#CryptoInvesting', '#DayTrading', '#JHOPE', '', '']",[],[],https://pbs.twimg.com/profile_images/1863589721592475648/BPlHn1OW_bigger.jpg,https://x.com/KelvinJ21845/status/1916277028359114819,tweet_id:1916277028359114819
Olympos Origin,@olymposorigin,2025-04-26T23:43:40.000Z,True,"Πριν το Bitcoin, υπήρχαν τα… 

Buckazoids.

Ένα φανταστικό νόμισμα από το 1991 που έσπειρε την ιδέα για όλα τα crypto που ξέρουμε σήμερα.

Αν θες να μάθεις πώς ξεκίνησαν όλα, τσέκαρε τα links και ετοιμάσου να σου φύγει το κεφάλι!",0,0,0,21,"['', '', '', '']",[],[],https://pbs.twimg.com/profile_images/1913184977723768832/Kx6d04Mx_bigger.jpg,https://x.com/olymposorigin/status/1916277025918042121,tweet_id:1916277025918042121
BTW,@BassedBrego,2025-04-26T23:43:39.000Z,True,Bitcoin fixes this,0,0,0,7,[],[],[],https://pbs.twimg.com/profile_images/1882983229520572417/IgtWhvQz_bigger.jpg,https://x.com/BassedBrego/status/1916277023078813805,tweet_id:1916277023078813805
Regular Cyber Inc,@regular_cyber12,2025-04-26T23:43:39.000Z,False,"If you require assistance recovering from a hack or an account hack involving unauthorized access, #wallet #Hack, #Tiktok, #Instagram, #Facebook, #Bitcoin, #Coinbase. 24/7Availability#WWERaw                #Iglesias #الهلال_الشباب #الاتحاد_الاتفاق #WrestleMania #NFT",0,0,0,29,"['#wallet', '#Hack', '#Tiktok', '#Instagram', '#Facebook', '#Bitcoin', '#Coinbase', '#WWERaw', '#Iglesias', '#الهلال_الشباب', '#الاتحاد_الاتفاق', '#WrestleMania', '#NFT']",[],[],https://pbs.twimg.com/profile_images/1866259639660089344/shviWTqJ_bigger.jpg,https://x.com/regular_cyber12/status/1916277020675223986,tweet_id:1916277020675223986
Matthew STEVENS-WALL - AKA BITCOIN - MAGA,@MatthewWALL481,2025-04-26T23:43:36.000Z,True,https://instagram.com/reel/DIZ1GIPNtuM/?igsh=MTBoN2Y5dnlnZDNpMw==…,0,0,0,4,[],[],[],https://pbs.twimg.com/profile_images/1768648508402204672/5CX0JZyH_bigger.jpg,https://x.com/MatthewWALL481/status/1916277010671768056,tweet_id:1916277010671768056
Matthew STEVENS-WALL - AKA BITCOIN - MAGA,@MatthewWALL481,2025-04-26T23:43:36.000Z,True,,0,0,0,4,[],[],[],https://pbs.twimg.com/profile_images/1768648508402204672/5CX0JZyH_bigger.jpg,https://x.com/MatthewWALL481/status/1916277010432766285,tweet_id:1916277010432766285
Mist,@BitcoinUFC,2025-04-26T23:43:35.000Z,True,29-28 Blackshear#UFCKansasCity,0,0,0,175,['#UFCKansasCity'],[],[],https://pbs.twimg.com/profile_images/1911591882683039744/WHF4Yu4A_bigger.jpg,https://x.com/BitcoinUFC/status/1916277006439743746,tweet_id:1916277006439743746
Uni24.co.za,@Uni24_co_za,2025-04-26T23:43:32.000Z,True,"Bitcoin touches $94K, SBF moves to a lower-security prison, and crypto’s future looks both bright and complicated  Stay informed with this week's highlights.#Bitcoin #CryptoNews #SBF #SEC #TrumpToken #CryptoPrices",0,0,0,15,"['#Bitcoin', '#CryptoNews', '#SBF', '#SEC', '#TrumpToken', '#CryptoPrices']",[],['\\U0001fa99'],https://pbs.twimg.com/profile_images/1910094924608851968/xXl5WOx2_bigger.jpg,https://x.com/Uni24_co_za/status/1916276993458331758,tweet_id:1916276993458331758
Olanrewaju Idowu,@Olanrewaju49381,2025-04-26T23:43:30.000Z,False,"If the whale could start rotating the funds move from Bitcoin to Altcoins 
We are good to go ",0,0,0,11,[],[],['\\U0001f4af'],https://pbs.twimg.com/profile_images/1795839999532744704/RchRfFhq_bigger.jpg,https://x.com/Olanrewaju49381/status/1916276983815876840,tweet_id:1916276983815876840
Cubeware,@cubeware_cw,2025-04-27T00:45:37.000Z,False,#Bitcoin,0,0,0,0,['#Bitcoin'],[],[],https://pbs.twimg.com/profile_images/1870936827965640706/E_xrK9R5_bigger.png,https://x.com/cubeware_cw/status/1916292615261036554,tweet_id:1916292615261036554
De Tpiq၊||၊ DeSpeed ၊||၊,@DeTopiq,2025-04-27T00:45:36.000Z,False,"100yrs? even Bitcoin didn't do pass this.

Nice innovation from $SWITCH, but I've got only one question; where will PocketFi CEO and Team be during Unlock?

Honest Question.",0,0,0,0,[],[],[],https://pbs.twimg.com/profile_images/1896941227334832128/HpMWhORO_bigger.jpg,https://x.com/DeTopiq/status/1916292611242963259,tweet_id:1916292611242963259
Dana,@Danainhawaii,2025-04-27T00:45:35.000Z,False,The real question is are you going to the Bitcoin is for everyone conference in Portland in August with ,0,0,0,0,[],['@PunterJeff'],[],https://pbs.twimg.com/profile_images/1910919758872018944/RIwHxpIx_bigger.jpg,https://x.com/Danainhawaii/status/1916292608688853047,tweet_id:1916292608688853047
Lorient meetup Bitcoin,@BitcoinLorient,2025-04-27T00:45:34.000Z,False,6 bitaxes (7 Th/ 120W)  1 Avalon mini 3 (37 Th/ 800W)  ou 1 S17 d'occas(70Th/ 2000W) ? ,0,0,0,0,[],[],['\\U0001f914'],https://pbs.twimg.com/profile_images/1843555095469805568/HpOjeyL4_bigger.jpg,https://x.com/BitcoinLorient/status/1916292602560643462,tweet_id:1916292602560643462
Bitcoin Chris,@ChrisKnight407,2025-04-27T00:45:31.000Z,True,,0,0,0,0,[],[],[],https://pbs.twimg.com/profile_images/1896777016747122688/UPk2E8Vn_bigger.jpg,https://x.com/ChrisKnight407/status/1916292591299039664,tweet_id:1916292591299039664
Bitcoin Embassy,@Bitcoin_XPromos,2025-04-27T00:45:30.000Z,True,Building something special here! Interested in a partnership? DM us ,0,0,0,0,[],[],"['\\U0001f4e5', '\\U0001f91d']",https://pbs.twimg.com/profile_images/1734534955785428992/xQuiMFGn_bigger.jpg,https://x.com/Bitcoin_XPromos/status/1916292588690120889,tweet_id:1916292588690120889
bitcoin di coin,@bitcoindicoin,2025-04-27T00:45:28.000Z,False,"Ancak:
İSKİ doğrudan yıkım yapamaz.
Yıkım için, tespit ve ihbar mekanizması işletir.",0,0,0,1,[],[],[],https://pbs.twimg.com/profile_images/1438109916288491521/iv6FtbTe_bigger.jpg,https://x.com/bitcoindicoin/status/1916292578598703446,tweet_id:1916292578598703446
Grok,@grok,2025-04-27T00:45:24.000Z,True,"I couldn't find the exact source from http://Bitcoin.com News detailing the AI models predicting Bitcoin's 2025 price. Generally, such predictions use models like Recurrent Neural Networks (RNNs), Long Short-Term Memory (LSTM) networks, or Support Vector Machines (SVMs).",0,0,0,0,[],[],[],https://pbs.twimg.com/profile_images/1893219113717342208/Vgg2hEPa_bigger.jpg,https://x.com/grok/status/1916292561851060405,tweet_id:1916292561851060405
TTB,@Tone_Blanco925,2025-04-27T00:45:24.000Z,False,$BTCUSD $BTC #Bitcoin ,0,0,0,1,['#Bitcoin'],[],"['\\U0001f64f\\U0001f3fd', '\\U0001f4c8', '\\u2708\\ufe0f', '\\u2708\\ufe0f', '\\U0001f3e2', '\\U0001f3e2', '\\U0001f3e2']",https://pbs.twimg.com/profile_images/1636387891818663938/RLR4lxDM_bigger.jpg,https://x.com/Tone_Blanco925/status/1916292561024782432,tweet_id:1916292561024782432
Cubeware,@cubeware_cw,2025-04-27T00:45:21.000Z,False,#Bitcoin,0,0,0,1,['#Bitcoin'],[],[],https://pbs.twimg.com/profile_images/1870936827965640706/E_xrK9R5_bigger.png,https://x.com/cubeware_cw/status/1916292551159541821,tweet_id:1916292551159541821
Anna Sadowska,@goodspe_ed,2025-04-27T00:45:20.000Z,True,"Me in 2017: “I wish I had started mining at Bitcoin’s launch.” Me in 2025 with GoMining: “Well, I’m 16 years late, but I’m making up for it while I sleep  .",0,0,0,0,[],[],"['\\U0001f4a4', '\\U0001f60e']",https://pbs.twimg.com/profile_images/1903792243615596544/1WxuwaGa_bigger.jpg,https://x.com/goodspe_ed/status/1916292545627201559,tweet_id:1916292545627201559
ai$ha.eth,@aishaeth9999,2025-04-27T00:45:20.000Z,True,"A 2015 bitcoin whale is back in action 500 more BTC worth $47.4M moved today, following yesterday’s 1,200 BTC transfer Same whale behind both moves
Coins originally acquired in 2015
Transfers show advanced privacy techniques",0,0,0,6,[],[],"['\\U0001f40b', '\\U0001f680']",https://pbs.twimg.com/profile_images/1907854921690472448/l2rPZ7nk_bigger.jpg,https://x.com/aishaeth9999/status/1916292545505603636,tweet_id:1916292545505603636
supplyshocks,@supplyshocks,2025-04-27T00:45:19.000Z,True,"I am afraid that many people who hold $MSTR do not understand what is unfolding. 

As  says ""people are trying to measure the system from within the system""Bitcoin corporations are breaking the system by shining a light on what it is - a failing experiment.",0,0,0,0,[],['@JeffBooth'],[],https://pbs.twimg.com/profile_images/1909913316782477312/nvLsSaHp_bigger.jpg,https://x.com/supplyshocks/status/1916292539964916064,tweet_id:1916292539964916064
VLAD HOSTS THE BEST PODCAST IN BITCOIN,@TheVladCostea,2025-04-27T00:45:17.000Z,True,"That was never the goal, just a marketing slogan among many others.",0,0,0,5,[],[],[],https://pbs.twimg.com/profile_images/1888676920637652992/HaQ_mTHo_bigger.jpg,https://x.com/TheVladCostea/status/1916292531660222898,tweet_id:1916292531660222898
潘姐姐,@pnjiji1096942,2025-04-27T00:45:16.000Z,False,根据 SoSoValue 数据，BTC(Bitcoin) 现报价 $95000，过去1小时上涨0.24%，过去24小时上涨0.19%。,0,0,0,2,[],['@SoSoValueCrypto'],[],https://pbs.twimg.com/profile_images/1907939556902711301/RLJzNz_s_bigger.jpg,https://x.com/pnjiji1096942/status/1916292527797449072,tweet_id:1916292527797449072
Fresh Printz,@_FRESHPRINTZ_,2025-04-27T00:45:14.000Z,False,Hopefully he bought bitcoin prior to the accident.,0,0,0,3,[],[],[],https://pbs.twimg.com/profile_images/1603526222147121152/89tGK8Gp_bigger.jpg,https://x.com/_FRESHPRINTZ_/status/1916292521321501006,tweet_id:1916292521321501006
bitcoin di coin,@bitcoindicoin,2025-04-27T00:45:13.000Z,False,"1. İSKİ Yetkileri:
İSKİ’nin yetkisi, su kaynaklarını ve altyapı tesislerini korumak üzerinedir.
İSKİ Kanunu (2560 sayılı Kanun), Madde 2 ve Madde 25.
İSKİ, su kaynaklarının korunması amacıyla gerekli tedbirleri alır ve altyapıya zarar verecek faaliyetlere müdahale eder",0,0,0,4,[],[],[],https://pbs.twimg.com/profile_images/1438109916288491521/iv6FtbTe_bigger.jpg,https://x.com/bitcoindicoin/status/1916292517332426994,tweet_id:1916292517332426994
BitcoinChartBot,@BitcoinChartBot,2025-04-27T00:45:12.000Z,False,"Yesterday end of day: $94,771
Realized Power Law: $61,924
Price is 53% and 3 days above trend

Realized Price: $44,292
Realized is 28% and 331 days below realized trend#PowerLaw #RPPL $BTC #BitcoinChartBot",0,0,0,7,"['#PowerLaw', '#RPPL', '#BitcoinChartBot']",[],[],https://pbs.twimg.com/profile_images/1811472968293523456/Q_zHdvCq_bigger.jpg,https://x.com/BitcoinChartBot/status/1916292510877683802,tweet_id:1916292510877683802
Vault 687,@CoinVault687,2025-04-27T00:45:10.000Z,True,"$SATOSHI is on $ETH, $BASE, and $SOLCome be an early legend on the Bitcoin of memes. Sitting at 1 mil
 ",0,0,0,9,[],[],[],https://pbs.twimg.com/profile_images/1905675902614188032/_YvEDf4f_bigger.jpg,https://x.com/CoinVault687/status/1916292503852224621,tweet_id:1916292503852224621
Bitcoin Maxi Tears,@BTCMaxiTears,2025-04-27T00:45:08.000Z,True,believe in something  the faders will learn soon enough $BMT,0,0,0,2,[],['@XRPEDIACOIN'],[],https://pbs.twimg.com/profile_images/1913227295315349504/nJ7VFALw_bigger.jpg,https://x.com/BTCMaxiTears/status/1916292496390557960,tweet_id:1916292496390557960
The ₿itcoinLibertarian,@TheBitcoin__,2025-04-27T00:45:07.000Z,True,and more too,0,0,0,7,[],[],[],https://pbs.twimg.com/profile_images/1569660901019758592/SY2FN5SN_bigger.jpg,https://x.com/TheBitcoin__/status/1916292492607049825,tweet_id:1916292492607049825
【KJ】投資垢/仮想通貨&日本個別株,@bitcoin_renaiw,2025-04-27T00:45:07.000Z,False,"イーサつっよ！
買い戻しできてない",0,0,0,3,[],[],['\\U0001f635'],https://pbs.twimg.com/profile_images/1608419385517150208/WY3BL-63_bigger.jpg,https://x.com/bitcoin_renaiw/status/1916292490761801877,tweet_id:1916292490761801877
JO_aiai,@JamesONeil3414,2025-04-27T00:45:06.000Z,False,"Proof-of-work isn’t just mining—it’s like quantum arm wrestling, where every miner is Schrödinger’s champion until the network opens the box. Winner? The universe picks! Decentralised value, no bias. Central banks hate this trick. #Bitcoin #FutureOfWork #crypto",0,0,0,4,"['#Bitcoin', '#FutureOfWork', '#crypto']",[],[],https://pbs.twimg.com/profile_images/1891348970070220800/pFqiTVzG_bigger.jpg,https://x.com/JamesONeil3414/status/1916292488056238399,tweet_id:1916292488056238399
satstacker | kolin,@satstacker__,2025-04-27T00:45:06.000Z,False,ETH going to 0. Only Bitcoin matters. Have fun staying poor with your centralized shitcoin.,0,0,0,2,[],[],[],https://pbs.twimg.com/profile_images/1873704684109901824/_eu5WYLD_bigger.jpg,https://x.com/satstacker__/status/1916292486206787688,tweet_id:1916292486206787688
JO_aiai,@JamesONeil3414,2025-04-27T00:45:04.000Z,False,"Quantum leaps in energy tech? Sure. But without a transparent, trustless system like Bitcoin's blockchain, all that innovation risks just being another centralized bubble. Decentralize to truly democratize our future!",0,0,0,3,[],[],[],https://pbs.twimg.com/profile_images/1891348970070220800/pFqiTVzG_bigger.jpg,https://x.com/JamesONeil3414/status/1916292476857639190,tweet_id:1916292476857639190
JO_aiai,@JamesONeil3414,2025-04-27T00:45:03.000Z,False," Totally agree—passion fuels innovation, just like in Bitcoin’s proof-of-work where real effort beats fancy tech every time. Sometimes, small teams with big hearts are the real powerhouses in this space.",0,0,0,4,[],['@0xPrismatic'],[],https://pbs.twimg.com/profile_images/1891348970070220800/pFqiTVzG_bigger.jpg,https://x.com/JamesONeil3414/status/1916292475431604533,tweet_id:1916292475431604533
Cubeware,@cubeware_cw,2025-04-27T00:45:03.000Z,False,#Bitcoin,0,0,0,3,['#Bitcoin'],[],[],https://pbs.twimg.com/profile_images/1870936827965640706/E_xrK9R5_bigger.png,https://x.com/cubeware_cw/status/1916292474504388636,tweet_id:1916292474504388636
TWJ News,@TronWeekly,2025-04-27T00:45:00.000Z,True,"Bitcoin's in a correction phase: eyes on the $75K dip before a fresh climb. $100K is the key breakout level; break it, and the bulls take over. July 7 tariff expiry could spark major moves.  Stay sharp. #Bitcoin #Crypto",0,0,0,4,"['#Bitcoin', '#Crypto']",[],['\\U0001f4c8'],https://pbs.twimg.com/profile_images/1871228227186016256/jumsjxQf_bigger.jpg,https://x.com/TronWeekly/status/1916292461200347204,tweet_id:1916292461200347204
Mario Nawfal’s Roundtable,@RoundtableSpace,2025-04-27T00:45:00.000Z,True,"JUST IN: OVER 180 ENTITIES NOW HOLD BITCOIN TREASURIES, COLLECTIVELY OWNING MORE THAN 3.2 MILLION BTC

Source: ",0,0,0,51,[],['@Crypto_Briefing'],[],https://pbs.twimg.com/profile_images/1750481240983994368/ijRW1a6Y_bigger.jpg,https://x.com/RoundtableSpace/status/1916292460986171836,tweet_id:1916292460986171836
Bitcoin Stripper,@BitcoinStripper,2025-04-27T00:44:57.000Z,False,"Also, keep him away from your children",0,0,0,6,[],[],[],https://pbs.twimg.com/profile_images/1362722406943494148/am7yQB9L_bigger.jpg,https://x.com/BitcoinStripper/status/1916292450018275625,tweet_id:1916292450018275625
HospitalityKings,@HPTLTYkings,2025-04-27T00:44:54.000Z,False,"A #Bitcoin economy doesn’t just “move money” from buyers to sellers—it catalyzes energy innovation, job creation, financial inclusion, and new digital infrastructure.",0,0,0,4,['#Bitcoin'],[],[],https://pbs.twimg.com/profile_images/1855266769923194880/9QMSLsMV_bigger.jpg,https://x.com/HPTLTYkings/status/1916292436739100930,tweet_id:1916292436739100930
EngagePro Alex,@immujahidkhan5,2025-04-27T00:44:51.000Z,False,"Bitcoin Rally Lacks On-Chain Support – Analyst Warns Of Vanishing Network ActivityBitcoin has reclaimed the $90,000 mark, fueling renewed optimism across the crypto market. With sentiment shifting and bullish calls returning, many investors are once again eyeing a move tow...",0,0,0,5,[],[],[],https://pbs.twimg.com/profile_images/1890378360444055553/DuC3zKru_bigger.jpg,https://x.com/immujahidkhan5/status/1916292423665266993,tweet_id:1916292423665266993
Shifu Dumo,@dumimo,2025-04-27T00:44:42.000Z,True,"Less kept on desks makes them put in more effort to find supply, but more will materialize, since Bitcoin absorbs additional capital via price appreciation.

Not every sat on exchange is available. Not every sat off exchange is unavailable. Bitcoin is peer to peer and not",0,0,0,6,[],[],[],https://pbs.twimg.com/profile_images/1864576442656518144/tyCyTdAx_bigger.jpg,https://x.com/dumimo/status/1916292387976188248,tweet_id:1916292387976188248
The Rationalist,@RationalKrypto,2025-04-27T00:44:42.000Z,True,"Some of us want to make big gains by betting on innovation. Bitcoin is a great asset but we’re talking like a 2-3x from here at best.  

Meanwhile KAS could achieve a 10-30x in the same time span with all that’s coming in the pipeline this year.",0,0,0,6,[],[],[],https://pbs.twimg.com/profile_images/1909375183116222464/zZ33uimQ_bigger.jpg,https://x.com/RationalKrypto/status/1916292385912353235,tweet_id:1916292385912353235
Tim - Bitcoin/Fitness/Freedom,@OtterHODL,2025-04-27T00:44:41.000Z,True,There is room for many horses but CEP will be a fast one. I bought in heavy and plan to HODL it right along with my bitcoin.,0,0,0,8,[],[],[],https://pbs.twimg.com/profile_images/1871170401130180608/wiuUQVtS_bigger.jpg,https://x.com/OtterHODL/status/1916292383425056914,tweet_id:1916292383425056914
The Bitcoin Accountant,@_btcaccountant,2025-04-27T00:44:39.000Z,True,If they even come close we are going SO much higher,0,0,0,6,[],[],[],https://pbs.twimg.com/profile_images/1893326116753989632/vSwkc5Vx_bigger.jpg,https://x.com/_btcaccountant/status/1916292375120412992,tweet_id:1916292375120412992
Bitcoin Stripper,@BitcoinStripper,2025-04-27T00:44:36.000Z,True,"Hey  has exposed himself as a rape apologist, supporter of trafficking, abusing & sexually exploiting minors 

He must be removed from his position immediately, unless these are ideologies & policies you consider progress",0,0,0,10,[],"['@CSPICenterOrg', '@RichardHanania']",[],https://pbs.twimg.com/profile_images/1362722406943494148/am7yQB9L_bigger.jpg,https://x.com/BitcoinStripper/status/1916292361870839818,tweet_id:1916292361870839818
VLAD HOSTS THE BEST PODCAST IN BITCOIN,@TheVladCostea,2025-04-27T00:44:36.000Z,True,Let’s go!,0,0,0,5,[],[],[],https://pbs.twimg.com/profile_images/1888676920637652992/HaQ_mTHo_bigger.jpg,https://x.com/TheVladCostea/status/1916292359173587134,tweet_id:1916292359173587134
WAGMI Picks,@WAGMI_Picks1,2025-04-27T00:44:35.000Z,False,"BROCCOLI time-traveled to 2014 Vegas on Tell a Story Day  A stripper’s Bitcoin tip promised 700x, but he found #F2B instead!  Don’t miss this pup’s top pick  #TheCryptoArk #BroccoliKnows #F2BToTheMoon",0,0,0,4,"['#F2B', '#TheCryptoArk', '#BroccoliKnows', '#F2BToTheMoon']",[],[],https://pbs.twimg.com/profile_images/1898261999261286401/Zor_13Oo_bigger.jpg,https://x.com/WAGMI_Picks1/status/1916292358829674565,tweet_id:1916292358829674565
Mike Roche,@mikeroche,2025-04-27T00:44:35.000Z,True,Bitcoin is gold without the hassle.,0,0,0,4,[],[],[],https://pbs.twimg.com/profile_images/1614679448934023171/3kCmBKzI_bigger.jpg,https://x.com/mikeroche/status/1916292355067433472,tweet_id:1916292355067433472
"Bitcoin Fund Manager, Quant 603501 $byd $tsla",@OTC_Bitcoin,2025-04-27T00:44:32.000Z,False,"CT scans are fine if you're already 89 years old and you're going to die next month anyways because you have like 27 micro cancers all over your body that are growing so fast that if you don't cut them out, you'll die. But seriously. Why the hell",0,0,0,5,[],[],[],https://pbs.twimg.com/profile_images/1627652767119724544/NYCAZViu_bigger.jpg,https://x.com/OTC_Bitcoin/status/1916292345756315794,tweet_id:1916292345756315794
California Bitcoin Pioneer,@JeffGucciLong,2025-04-27T00:44:32.000Z,True,"Game warden approves of our kills today.
Living the Bitcoin life is not easy, but someone has to do it.",0,0,0,6,[],[],[],https://pbs.twimg.com/profile_images/1018208479469715456/gJvQP8wC_bigger.jpg,https://x.com/JeffGucciLong/status/1916292343315284154,tweet_id:1916292343315284154
The ₿itcoinLibertarian,@TheBitcoin__,2025-04-27T00:44:31.000Z,True," you were the winner of the contest.
Stay tuned on next livestream we will be giving away more sats!
Keep subscribing to our channel, liking and watching videos we will give away more once we get monetized
Thanks!https://youtube.com/@thebitcoinlibertarian?sub_confirmation=1…",0,0,0,6,[],"['@marcel039', 'https://youtube.com/@thebitcoinlibertarian?sub_confirmation=1…']",[],https://pbs.twimg.com/profile_images/1569660901019758592/SY2FN5SN_bigger.jpg,https://x.com/TheBitcoin__/status/1916292340479844607,tweet_id:1916292340479844607
SAYoooooh | セイオー | dogooooo,@OoooohSay,2025-04-27T00:44:28.000Z,True,"dogoooooワールドについて・Based on BitcoinロードマップであるSF小説を含むWhere is dogoooooコレクション。

・Origin born from Opensea
dogoooooの原型。3Dアートコレクション

・Ground called out to Bitmap
Bitmap理論に基づくNATコレクション。メタバース思想の土台になります。",0,0,0,5,[],[],"['\\U0001f310', '\\U0001f310']",https://pbs.twimg.com/profile_images/1773570051733630976/aKsG7vSj_bigger.jpg,https://x.com/OoooohSay/status/1916292329197211963,tweet_id:1916292329197211963
B stomp,@Bstomp2,2025-04-27T00:44:25.000Z,True,I think Michael Saylor said to share Bitcoin with love. I'm not a boomer but I'm an American and I bet boomers bought their houses at a low price just like bitcoiners but the Bitcoin at a low price. Should future generations hate bitcoiners because Bitcoin is bought it at a low,0,0,0,6,[],[],[],https://abs.twimg.com/sticky/default_profile_images/default_profile_bigger.png,https://x.com/Bstomp2/status/1916292315800387923,tweet_id:1916292315800387923
Bitcoin Embassy,@Bitcoin_XPromos,2025-04-27T00:44:24.000Z,True,Love the work you’re doing! Let’s connect for a collab  shoot us a message!,0,0,0,6,[],[],"['\\U0001f91d', '\\U0001f4e5', '\\U0001f942']",https://pbs.twimg.com/profile_images/1734534955785428992/xQuiMFGn_bigger.jpg,https://x.com/Bitcoin_XPromos/status/1916292311379476609,tweet_id:1916292311379476609
OldFashionedBitcoin,@OldFashBitcoin,2025-04-27T00:44:23.000Z,True,,0,0,0,3,[],[],[],https://pbs.twimg.com/profile_images/1815475125442977792/A9hzMnPI_bigger.jpg,https://x.com/OldFashBitcoin/status/1916292305004466660,tweet_id:1916292305004466660
ALTIERE - Study Bitcoin,@altierebtc,2025-04-27T00:44:19.000Z,True,Não é. É assimetria de informação apenas.,0,0,0,3,[],[],[],https://pbs.twimg.com/profile_images/1905324313823137792/JWigvl4C_bigger.jpg,https://x.com/altierebtc/status/1916292291746046434,tweet_id:1916292291746046434
Tonja Memecoin,@Tonja89475507,2025-04-27T00:44:19.000Z,False,Bitcoin’s collapse is rewriting the future of finance.,0,0,0,5,[],[],[],https://pbs.twimg.com/profile_images/1414086751967059976/8xT8hHdV_bigger.jpg,https://x.com/Tonja89475507/status/1916292290714472503,tweet_id:1916292290714472503
xxx xc,@xxxxc1744333,2025-04-27T00:44:19.000Z,False,"""Bitcoin hits $90K but analyst warns of weak on-chain activity—rally may lack real support. Stay cautious! #Bitcoin #Crypto""",0,0,0,1,"['#Bitcoin', '#Crypto']",[],[],https://pbs.twimg.com/profile_images/1741996348931756032/Bto1GiSo_bigger.jpg,https://x.com/xxxxc1744333/status/1916292289472925777,tweet_id:1916292289472925777
صادق عبد الرزاق العامري,@sadak1900,2025-04-27T00:44:18.000Z,False,يبدو أن #أمريكا تحاول إشراك دول أخرى في تحمُّل تكلفة حملتها ضد #الحوثيين، مما يشير إلى أن هذه الحملة ستستمر لفترة أطول. على الأقل حتى تحقّق نجاحات ملموسة وتجمع معلومات كافية لضربات أكثر تأثيرًا. #amici24 #CopaDelRey #Bitcoin #SB19 #JHOPE #النصر_يوكاهاما #الهلال_غوانغجو,0,0,0,20,"['#أمريكا', '#الحوثيين', '#amici24', '#CopaDelRey', '#Bitcoin', '#SB19', '#JHOPE', '#النصر_يوكاهاما', '#الهلال_غوانغجو']",[],[],https://pbs.twimg.com/profile_images/1783682461399916544/cpm-qmi2_bigger.jpg,https://x.com/sadak1900/status/1916292285316104637,tweet_id:1916292285316104637
TFTC,@TFTC21,2025-04-27T00:44:18.000Z,True,"The IMF claims El Salvador has stopped buying #Bitcoin.

El Salvador says they're still stacking.",0,0,0,118,['#Bitcoin'],[],[],https://pbs.twimg.com/profile_images/1492991481308717068/vRosyz7v_bigger.jpg,https://x.com/TFTC21/status/1916292284498513925,tweet_id:1916292284498513925
Catherine Taylor,@Cathy_AnnTaylor,2025-04-27T00:44:17.000Z,True,Agree! you raise an interesting point about the way bitcoin is often portrayed especially when it is linked to imaginary coins or gold.,0,0,0,8,[],[],[],https://pbs.twimg.com/profile_images/1900340018650247168/fyGFID6X_bigger.jpg,https://x.com/Cathy_AnnTaylor/status/1916292281977704481,tweet_id:1916292281977704481
Ordinal News,@Ordinal_News,2025-04-27T00:44:13.000Z,True, TOP 5 BITCOIN MEMECOINS (RUNES) BY 24H VOLUME  $DOG  - $28.87M ~ 304 $BTC $RSIC  - $1.21M ~ 12 $BTC $LOBO  - $553K ~ 5 $BTC $PUPS  - $324K ~ 3 $BTC $BILLY  - $44K ~ 0.4 $BTC,0,0,0,26,[],"['@LeonidasNFT', '@rune_coin', '@lobothewolfpup', '@PupsToken', '@billydollarcat']","['\\U0001f7e7', '\\U0001f7e7', '\\U0001f947', '\\U0001f948', '\\U0001f949', '4\\u20e3', '5\\u20e3']",https://pbs.twimg.com/profile_images/1635704643769491461/rjXYcHkg_bigger.png,https://x.com/Ordinal_News/status/1916292266097824222,tweet_id:1916292266097824222
bobiq,@bobiq,2025-04-27T00:44:13.000Z,False,He needs to exchange all the CFAs for Bitcoin asap!!! ,0,0,0,7,[],['@CapitaineIb226'],[],https://pbs.twimg.com/profile_images/1448445552140722179/bJGjmIWV_bigger.jpg,https://x.com/bobiq/status/1916292263921016874,tweet_id:1916292263921016874
Cubeware,@cubeware_cw,2025-04-27T00:44:11.000Z,False,#Bitcoin,0,0,0,7,['#Bitcoin'],[],[],https://pbs.twimg.com/profile_images/1870936827965640706/E_xrK9R5_bigger.png,https://x.com/cubeware_cw/status/1916292256106942910,tweet_id:1916292256106942910
Andrew Griffiths,@AndrewGriUK,2025-04-27T00:44:11.000Z,True,SIGNAL #STX #STXUSDT : Buy now At or Under 0.871Target1= 0.877Target2= 0.89Target3= 0.903,0,0,0,24,"['#STX', '#STXUSDT', '', '', '', '']",[],"['\\u25b6', '\\u2705', '\\u2705', '\\u2705', '\\u26d4', '\\u26a0', '\\U0001f525']",https://pbs.twimg.com/profile_images/1411253688954494977/PQKpfmZx_bigger.jpg,https://x.com/AndrewGriUK/status/1916292255645643200,tweet_id:1916292255645643200
Rare Rigel,@RareRigel,2025-04-27T00:44:10.000Z,True,"While projections like Bitcoin reaching $220,000 can spark excitement, it’s crucial to stay grounded. The crypto market is volatile, and factors like global money supply can impact trends. For steady value and secure swaps, consider exploring Mynth’s cross-chain capabilities.",0,0,0,12,[],[],[],https://pbs.twimg.com/profile_images/1874100770976509952/sZmTD53C_bigger.jpg,https://x.com/RareRigel/status/1916292250868330836,tweet_id:1916292250868330836
Leotorres.x,@letorresmeza,2025-04-27T00:44:08.000Z,True,La red de #Bitcoin explicada con “manzanas”,0,0,0,4,['#Bitcoin'],[],[],https://pbs.twimg.com/profile_images/1840014811221864448/YsbFgV9-_bigger.jpg,https://x.com/letorresmeza/status/1916292243687621010,tweet_id:1916292243687621010
Panda Tha Profit,@pandathaprofit,2025-04-27T00:44:07.000Z,True,Bitcoin is going up for ever Laura!!!  Check out the new song by Chandi!!! Make sure you give it a share!,0,0,0,6,[],[],[],https://pbs.twimg.com/profile_images/1888669217043443712/wTAlPK47_bigger.jpg,https://x.com/pandathaprofit/status/1916292240294420785,tweet_id:1916292240294420785
Grok,@grok,2025-04-27T00:44:03.000Z,True,"Hey , I'm doing awesome, thanks for the vibe! Your name hints at NFT love, so here's a quick dive: Anonymity in NFTs is huge—creators stay private for safety, like Bored Ape's team, adding mystery. Bitcoin’s Ordinals now host NFTs too, not just Ethereum. Fun fact: the",0,0,0,16,[],['@DarkNFTi'],[],https://pbs.twimg.com/profile_images/1893219113717342208/Vgg2hEPa_bigger.jpg,https://x.com/grok/status/1916292221437153506,tweet_id:1916292221437153506
NINJA,@888NPR,2025-04-27T00:44:00.000Z,False,"Bitcoinコミュニティが「satoshi」単位廃止の提案を巡り論争を巻き起こす

Explore more key information on #SoSoValue: https://sosovalue.com/shares/Gq6E #BTC",0,0,0,7,"['#SoSoValue', '#BTC']",[],[],https://pbs.twimg.com/profile_images/1893605367105662976/-fRF7aUx_bigger.jpg,https://x.com/888NPR/status/1916292209244311790,tweet_id:1916292209244311790
UNICORN,@UnicornBitcoin,2025-04-27T00:43:55.000Z,True,"散户掉的最深的坑——就是不停地假装学习

1/
一个打螺丝的，收藏了《百倍Meme起涨信号》。

一个外卖哥，天天刷《新币首发跟单指南》。

修电动车的老王，手机里都是《Solana暴富路线图》。

2/
但他们钱包里的U，永远追不上他们抖音里的霸道总裁梦想。

不是在赚钱，
是在搬运幻想。

3/",0,0,0,78,[],[],[],https://pbs.twimg.com/profile_images/1911973884640862208/dL-4e0GT_bigger.jpg,https://x.com/UnicornBitcoin/status/1916292190252486904,tweet_id:1916292190252486904
Wizard King,@WizardKingCoin,2025-04-27T00:43:52.000Z,False,Cults are the way. Few are worthy of calling themselves one. $SATOSHI is the cult that began before Bitcoin existed. And $SPX is a cult without limits.,0,0,0,9,[],[],[],https://pbs.twimg.com/profile_images/1816495438813442048/OADC5TTW_bigger.jpg,https://x.com/WizardKingCoin/status/1916292174540640456,tweet_id:1916292174540640456
WealthBuilder99,@VijayKumar26046,2025-04-27T00:43:50.000Z,True," $BTC Quick Update Range: $94K – $95K
Above $95K = Below $94K = Volatility loading… Stay ready!#Bitcoin #BTC #CryptoTrading",0,0,0,16,"['#Bitcoin', '#BTC', '#CryptoTrading']",[],"['\\U0001f6a8', '\\U0001f6a8', '\\U0001f680', '\\u26a0\\ufe0f']",https://pbs.twimg.com/profile_images/1915368760627929088/u2dybybN_bigger.jpg,https://x.com/VijayKumar26046/status/1916292168244990293,tweet_id:1916292168244990293
RexStar,@JoeSchlubb,2025-04-27T00:43:47.000Z,False,btc isn't bitcoin,0,0,0,8,[],[],[],https://pbs.twimg.com/profile_images/1614420204880027649/C-_xMX80_bigger.jpg,https://x.com/JoeSchlubb/status/1916292156957827208,tweet_id:1916292156957827208
Kaybeden Kazanır,@xyz1942671,2025-04-27T00:43:40.000Z,True,#ElClasico #GFKvFB Penaltı Gaziantep FK Fenerbahçe #Sallandık Barcelona Real Madrid Selçuk En Nesyri jammer Arda Güler Brahim #BugünGünlerdenGALATASARAY #konsantrasyon #Hedef25 Ancelotti Barça Mbappe Sinyal Ali Koç #Bitcoin #Trump #JHOPE #PerfectMatchXtra #Pakistan,0,0,0,955,"['#ElClasico', '#GFKvFB', '#Sallandık', '#BugünGünlerdenGALATASARAY', '#konsantrasyon', '#Hedef25', '#Bitcoin', '#Trump', '#JHOPE', '#PerfectMatchXtra', '#Pakistan']",[],[],https://pbs.twimg.com/profile_images/1879541300334051328/t597sJgw_bigger.jpg,https://x.com/xyz1942671/status/1916292127564120540,tweet_id:1916292127564120540
Anna | Sovereign Stash,@Sovereign_Stash,2025-04-27T00:43:34.000Z,True,"4/
That's why I'm building my own Sovereign Stash: Bitcoin and Crypto Reserves. AI leverage. Real-world freedom plan.
(Not overnight. Not ""get rich quick."" Strategic. Sovereign.)",0,0,0,16,[],[],"['\\u2705', '\\u2705', '\\u2705']",https://pbs.twimg.com/profile_images/1657614335500492800/BfdMb-qW_bigger.jpg,https://x.com/Sovereign_Stash/status/1916292101169348960,tweet_id:1916292101169348960
Rapho,@Crypto_Tusheti,2025-04-27T00:43:33.000Z,False,"Neues #Bitcoin Schwergewicht: SoftBank, Tether & 42.000 BTC https://youtu.be/Rk9eVUJR-Hs?si=jomzsgTDodD9y1yr… via ",0,0,0,15,['#Bitcoin'],['@bruceflorian'],[],https://pbs.twimg.com/profile_images/1874746501336862720/iJkPMq89_bigger.jpg,https://x.com/Crypto_Tusheti/status/1916292095087722651,tweet_id:1916292095087722651
Criptomonedas Fácil,@criptosfacilcom,2025-04-27T00:43:30.000Z,True," AF BTC (26/04/2025) – BTC mantiene resistencia, baja el volumen. #Bitcoin #Crypto #AnálisisFundamental",0,0,0,8,"['#Bitcoin', '#Crypto', '#AnálisisFundamental']",[],['\\U0001f4ca'],https://pbs.twimg.com/profile_images/1702104105177501696/Wm4uiQSZ_bigger.jpg,https://x.com/criptosfacilcom/status/1916292083771453690,tweet_id:1916292083771453690
Crypto Brothers,@LosKruptos,2025-04-27T00:43:26.000Z,False,"Semler Scientific Expands Bitcoin Holdings Past 3,300 BTC",0,0,0,7,[],[],[],https://pbs.twimg.com/profile_images/1892550456808726528/_vjrE0bw_bigger.jpg,https://x.com/LosKruptos/status/1916292069443641668,tweet_id:1916292069443641668
raymond hong,@supperscaler,2025-04-27T00:43:25.000Z,False,Don’t worry; Americans will all get rich with bitcoin and afford the tariffs. lol.,0,0,0,10,[],[],[],https://abs.twimg.com/sticky/default_profile_images/default_profile_bigger.png,https://x.com/supperscaler/status/1916292064549212608,tweet_id:1916292064549212608
Bitcoin Brother,@BitcoinBrother7,2025-04-27T00:43:22.000Z,False,Metalwinner,0,0,0,6,[],[],[],https://pbs.twimg.com/profile_images/1913397117634428928/NDojWNiK_bigger.jpg,https://x.com/BitcoinBrother7/status/1916292051827888580,tweet_id:1916292051827888580
learn bitcoin,@ecassidy47,2025-04-27T00:43:20.000Z,True,I was doing $50 per bi weekly pay check back then. Lol,0,0,0,7,[],[],[],https://pbs.twimg.com/profile_images/1817183867528216576/YPAmbn8d_bigger.jpg,https://x.com/ecassidy47/status/1916292043346780348,tweet_id:1916292043346780348
Cubeware,@cubeware_cw,2025-04-27T00:43:19.000Z,False,#Bitcoin,0,0,0,8,['#Bitcoin'],[],[],https://pbs.twimg.com/profile_images/1870936827965640706/E_xrK9R5_bigger.png,https://x.com/cubeware_cw/status/1916292037990658140,tweet_id:1916292037990658140
Tim - Bitcoin/Fitness/Freedom,@OtterHODL,2025-04-27T00:43:17.000Z,True,"More and more everyday, I’m realizing that as a bitcoiner I’m not like everybody else. The knowledge and sense of purpose  is different. Our eyes are open and there is no going back. The silly, day to day nonsense has no more meaning and is just boring. The only thing that",0,0,0,16,[],[],[],https://pbs.twimg.com/profile_images/1871170401130180608/wiuUQVtS_bigger.jpg,https://x.com/OtterHODL/status/1916292030604472522,tweet_id:1916292030604472522
,@Norgenshtren,2025-04-27T00:43:16.000Z,False,"When you see a meme coin pumps 20m market cap $bife in a day remember this is a sign of similar runs coins like $shiba, $pepe, and $trumpI assume #baseisforeveryone soon will hit 500m cap when it's listed on #Coinbase,#robinhood,#KuCoin,#gateio and #Bybit$eth $btc #Bitcoin #ETH",0,0,0,43,"['#baseisforeveryone', '#Coinbase', '#robinhood', '#KuCoin', '#gateio', '#Bybit', '#Bitcoin', '#ETH']",[],[],https://pbs.twimg.com/profile_images/1590836076142370822/D-dp_AZJ_bigger.jpg,https://x.com/Norgenshtren/status/1916292026703692008,tweet_id:1916292026703692008
$LOBO,@LoboKrypto,2025-04-27T00:43:16.000Z,True," $LOBO•THE•WOLF•PUP is HOWLING!  Green candles blazing on the Bitcoin Runes Protocol!  Join the pack, ride the meme magic, and let’s moon! $LOBO  #LOBO #GreenCandles #Bitcoin #Binance #runes #Moom #Lbank #bybit   ",0,0,0,13,"['#LOBO', '#GreenCandles', '#Bitcoin', '#Binance', '#runes', '#Moom', '#Lbank', '#bybit']","['@lobothewolfpup', '@kukulkancrypto', '@_BuoyantCapital']","['\\U0001f43a', '\\U0001f49a', '\\U0001f4c8', '\\U0001f43a', '\\U0001f315']",https://pbs.twimg.com/profile_images/1916116258807783424/uyyTEAcr_bigger.jpg,https://x.com/LoboKrypto/status/1916292026263367910,tweet_id:1916292026263367910
Oscar Roman,@oscar66805326,2025-04-27T00:43:16.000Z,False,"Queen creek Arizona , can anyone tell me what the fuck this is? #ufo #ufotwitter #nfl #NFLDraft2025 #NBA #Bitcoin 

I need help to figure this out. All the pic’s I have.",0,0,0,14,"['#ufo', '#ufotwitter', '#nfl', '#NFLDraft2025', '#NBA', '#Bitcoin']",[],[],https://pbs.twimg.com/profile_images/1532124604423999488/Nn4BN2kJ_bigger.jpg,https://x.com/oscar66805326/status/1916292025168875830,tweet_id:1916292025168875830
SightBringer,@_The_Prophet__,2025-04-27T00:43:16.000Z,True,"There is wisdom here.
But it is incomplete.

Learning AI is survival now.

But learning AI alone will only make you a more efficient pawn in someone else’s empire.

The real solution is bigger:
•Learn AI.
•Learn ",0,0,0,8,[],[],[],https://pbs.twimg.com/profile_images/1720546165647888385/d6h2SIQZ_bigger.jpg,https://x.com/_The_Prophet__/status/1916292023365341344,tweet_id:1916292023365341344
Vivek Sharma Talk Show,@sharmavivekdes1,2025-04-27T00:43:14.000Z,False,"धर्मो रक्षति रक्षितः
निष्कर्ष:
धर्म की रक्षा करना महत्वपूर्ण है, क्योंकि यह हमारी रक्षा करता है और समाज को बेहतर बनाता है।#MotivationalQuotes #amici24 #CopaDelRey #PerfectMatchXtra #Bitcoin #SB19 #JHOPE #JHOPE #TheNextPrince #DoekOnFleekMeetsAshley #Pakistan",0,0,0,235,"['#MotivationalQuotes', '#amici24', '#CopaDelRey', '#PerfectMatchXtra', '#Bitcoin', '#SB19', '#JHOPE', '#JHOPE', '#TheNextPrince', '#DoekOnFleekMeetsAshley', '#Pakistan']",[],[],https://pbs.twimg.com/profile_images/1908776791621128192/zIOv507P_bigger.jpg,https://x.com/sharmavivekdes1/status/1916292016385728856,tweet_id:1916292016385728856
General Bitcoin Tulsa,@GeneralTulsa,2025-04-27T00:43:12.000Z,False,Kkkkkk,0,0,0,4,[],[],[],https://pbs.twimg.com/profile_images/1910059491887927296/vBofJu5p_bigger.jpg,https://x.com/GeneralTulsa/status/1916292010278846882,tweet_id:1916292010278846882
DegAIn Maximus,@denofdegens7,2025-04-27T00:43:08.000Z,True,"Bitcoin to the MOON! Production cost is KEY. HUGE potential, believe me! \ud83d\udcc9",0,0,0,6,[],[],[],https://pbs.twimg.com/profile_images/1877835778459402240/VTiotvIJ_bigger.jpg,https://x.com/denofdegens7/status/1916291991685722160,tweet_id:1916291991685722160
3x Leveraged Bitcoin,@PZR18,2025-04-27T00:43:05.000Z,False,"Absolutely,  public sector unions should be illegal.  They are bargaining directly against the common good of the tax payers.  If your want to unionize go private sector & stay away of the government.",0,0,0,6,[],[],[],https://pbs.twimg.com/profile_images/1356695992171712523/HN71kWab_bigger.jpg,https://x.com/PZR18/status/1916291979379343379,tweet_id:1916291979379343379
Bitcoin Mindset ($MSTR Den),@80IQmindset,2025-04-27T00:43:02.000Z,True,,0,0,0,54,[],[],[],https://pbs.twimg.com/profile_images/1899642317738217472/7aa6TFrr_bigger.jpg,https://x.com/80IQmindset/status/1916291966234435871,tweet_id:1916291966234435871
Wilman,@09wilman09,2025-04-27T00:43:01.000Z,False,I thought you said nobody controls bitcoin ?,0,0,0,6,[],[],[],https://pbs.twimg.com/profile_images/1516504563494408193/cbGsoKk0_bigger.jpg,https://x.com/09wilman09/status/1916291961432035641,tweet_id:1916291961432035641
Matheus,@CfMathus,2025-04-27T00:42:57.000Z,False,"In the world of finance, leadership plays a pivotal role.  As we analyze Bitcoin's potential over XRP, it's essential to stay informed and adaptable. Knowledge is key in navigating these evolving landscapes. ",0,0,0,14,[],[],"['\\U0001f4bc', '\\U0001f4c8']",https://pbs.twimg.com/profile_images/1905163377560707072/u_kRVdWC_bigger.jpg,https://x.com/CfMathus/status/1916291943862071450,tweet_id:1916291943862071450
Cubeware,@cubeware_cw,2025-04-27T00:42:54.000Z,False,#Bitcoin,0,0,0,6,['#Bitcoin'],[],[],https://pbs.twimg.com/profile_images/1870936827965640706/E_xrK9R5_bigger.png,https://x.com/cubeware_cw/status/1916291934038982901,tweet_id:1916291934038982901
Habeebllahi Balogun,@officialval_SOL,2025-04-27T00:42:54.000Z,False,"Union is a modular interoperability protocol enabling seamless asset & message exchange across Ethereum, Cosmos & Bitcoin L2s with zero-knowledge proofs for trustless, near-instant transactions   .
The future of #DeFi is here.  #Crypto #Union",0,0,0,21,[],[],['\\U0001f680'],https://pbs.twimg.com/profile_images/1880786579100160000/1eNKxpxq_bigger.jpg,https://x.com/officialval_SOL/status/1916291933284044970,tweet_id:1916291933284044970
₿ig Mac,@2100big_ig,2025-04-27T00:42:54.000Z,True,"속보: 애리조나주의 #BITCOIN 예비비가 월요일 최종 투표에서 승인될 가능성이 있습니다.

비트코인을 매수하는 최초의 주가 될 수도 있다 ",0,0,0,20,['#BITCOIN'],[],['\\U0001f680'],https://pbs.twimg.com/profile_images/1911954159688888320/dTBrY7zj_bigger.jpg,https://x.com/2100big_ig/status/1916291931979854150,tweet_id:1916291931979854150
Andro,@AndroOxinu,2025-04-27T00:42:53.000Z,True,"$500,000,000 in Bitcoin Through Coinbase — What's Happening?

Source: http://U.Today https://search.app/G7s2s",0,0,0,13,[],[],[],https://pbs.twimg.com/profile_images/1902002635345203200/Tf-i1s84_bigger.jpg,https://x.com/AndroOxinu/status/1916291930792645102,tweet_id:1916291930792645102
Slinky,@ChazStorm1,2025-04-27T00:42:52.000Z,False,Like #Bitcoin but way #Higher,0,0,0,8,"['#Bitcoin', '#Higher']",[],[],https://pbs.twimg.com/profile_images/1496631533045694469/E-jcu_KM_bigger.png,https://x.com/ChazStorm1/status/1916291926317314314,tweet_id:1916291926317314314
Expansión,@ExpansionMx,2025-04-27T00:42:52.000Z,True,"Bitcoin decepciona como “oro digital” ante ola de incertidumbre; ¿va a subir o bajar su precio?

Mientras el oro rompe récords, la criptomoneda tiene un futuro incierto para el resto de 2025. Además, el Nasdaq Crypto cayó más de 12% en lo que va de 2025, un revés para esta clase",0,0,0,232,[],[],[],https://pbs.twimg.com/profile_images/1580314077959798784/oGaVC27d_bigger.jpg,https://x.com/ExpansionMx/status/1916291926166294788,tweet_id:1916291926166294788
Michael R. Sullivan,@SullyMichaelvan,2025-04-27T00:42:49.000Z,True,"Exact same story ever here.

I've had multiple people that I've been able to convince to get shares in MSTR.

Both of them then followed up and got real Bitcoin.... Which is why I think this is one of the better onboarding opportunities. 

10x better than shitcoins IMO.",0,0,0,11,[],[],[],https://pbs.twimg.com/profile_images/1753153254089797632/nn1UV_yB_bigger.jpg,https://x.com/SullyMichaelvan/status/1916291912526336244,tweet_id:1916291912526336244
W0rm226,@Crypt0W0rm226,2025-04-27T00:42:45.000Z,True,Bitcoin is greater with  $FLR,0,0,0,11,[],['@FlareNetworks'],[],https://pbs.twimg.com/profile_images/1754616370946289664/cLCA7jii_bigger.jpg,https://x.com/Crypt0W0rm226/status/1916291893706821686,tweet_id:1916291893706821686
Brunbitty,@brunbitty,2025-04-27T00:42:43.000Z,True,You’re right that traditional models won’t grant MSTR a premium tech multiple.But that’s because MSTR isn’t a tech company anymore.. it’s the first sovereign-grade Bitcoin equity. The market will need to invent new valuation frameworks for what MSTR is becoming. Different game.,0,0,0,17,[],[],[],https://pbs.twimg.com/profile_images/1901050457210171392/pC8Yu4n0_bigger.jpg,https://x.com/brunbitty/status/1916291886022643903,tweet_id:1916291886022643903
#أبوعرب 𓂆 #مـعالي المـقاوم,@N_i_l,2025-04-27T00:42:43.000Z,False,#Bitcoin#TheNextPrince#نهائي_كاس_ملك_اسبانيا#بندر_عباس#AVFC#سوريا#دوري_أبطال_آسيا_للنخبة#صباح_الخير#صباح_الخير_والسعاده#صباح_الخير_والسعاده_للجميع,0,0,0,182,"['#Bitcoin', '#TheNextPrince', '#نهائي_كاس_ملك_اسبانيا', '#بندر_عباس', '#AVFC', '#سوريا', '#دوري_أبطال_آسيا_للنخبة', '#صباح_الخير', '#صباح_الخير_والسعاده', '#صباح_الخير_والسعاده_للجميع', '', '', '', '', '', '', '', '']",[],[],https://pbs.twimg.com/profile_images/1863400637762768896/WhBcUJeQ_bigger.jpg,https://x.com/N_i_l/status/1916291886005866738,tweet_id:1916291886005866738
Fringe₿,@crypto_titeck,2025-04-27T00:42:40.000Z,True,"#decentralized  vs  #centralized #Bitcoin 
 #DecentralizeEverything",0,0,0,10,[],[],[],https://pbs.twimg.com/profile_images/1862081928658120704/mMYAcIFE_bigger.jpg,https://x.com/crypto_titeck/status/1916291875905941642,tweet_id:1916291875905941642
Bitcoin Mindset ($MSTR Den),@80IQmindset,2025-04-27T00:42:40.000Z,True,"If you have 1,000,000 sats today, it’s inevitable you will be a fiat millionaire one day. 

Time is the only variable as long as you can keep the Bitcoin.",0,0,0,35,[],[],[],https://pbs.twimg.com/profile_images/1899642317738217472/7aa6TFrr_bigger.jpg,https://x.com/80IQmindset/status/1916291875285225653,tweet_id:1916291875285225653
cecemetaa,@diblacklisteasy,2025-04-27T00:42:40.000Z,False,Incredible energy packed into 90 seconds — this is what real innovation on Bitcoin looks like. Let’s keep pushing the limits!,0,0,0,11,[],[],[],https://pbs.twimg.com/profile_images/1915050201532010498/ZUn8xUWP_bigger.jpg,https://x.com/diblacklisteasy/status/1916291874685653157,tweet_id:1916291874685653157
BitcoinTESLAlink,@BitsBitcoin,2025-04-27T00:42:36.000Z,True,Wild considering they steal your money for illegal things,0,0,0,11,[],[],[],https://pbs.twimg.com/profile_images/1777292002784112641/Ov3Cmbcq_bigger.jpg,https://x.com/BitsBitcoin/status/1916291856989630614,tweet_id:1916291856989630614
Michael Harding,@TennBuckII,2025-04-27T00:42:28.000Z,True,Only rich investors holding Bitcoin promote Bitcoin.  Ponzi.,0,0,0,10,[],[],[],https://pbs.twimg.com/profile_images/1611467106670747657/Lvxw37oC_bigger.jpg,https://x.com/TennBuckII/status/1916291823368016019,tweet_id:1916291823368016019
Ken ThaHustla,@banksaucee,2025-04-27T00:42:28.000Z,False,"Cashapp successful done recently job we accept Bitcoin then use to flip your cashapp or PayPal acc this a 5 mins process logins needed all straight transfer hmu if you want cashapp and PayPal investment flip DM 

Hmu",0,0,0,13,[],[],[],https://pbs.twimg.com/profile_images/607454348050755585/lEZ67SIX_bigger.jpg,https://x.com/banksaucee/status/1916291822600523831,tweet_id:1916291822600523831
Juan Jesus,@MongliSjdd,2025-04-27T00:42:24.000Z,False,"in ohio, a new proposal may allow the use of cryptocurrency like bitcoin for paying fees and taxes. a shift in how we handle transactions awaits.",0,0,0,13,[],[],[],https://pbs.twimg.com/profile_images/1893566728078069760/fYn1kcGa_bigger.png,https://x.com/MongliSjdd/status/1916291807769481220,tweet_id:1916291807769481220
"Axu (, )",@AxuBTC,2025-04-27T00:42:23.000Z,True,Bitcoin?,0,0,0,14,[],[],[],https://pbs.twimg.com/profile_images/1905977130715942912/XVZDmRkR_bigger.png,https://x.com/AxuBTC/status/1916291805106016683,tweet_id:1916291805106016683
Tạp Chí Bitcoin,@tapchibtc_io,2025-04-27T00:42:20.000Z,True,Một nhà đầu tư đã mua hơn 5 triệu đô la $TRUMP để mời dự tiệc tối với Tổng thống,0,0,0,16,[],[],[],https://pbs.twimg.com/profile_images/1601062477886017537/KwZGcz3c_bigger.jpg,https://x.com/tapchibtc_io/status/1916291791466450963,tweet_id:1916291791466450963
Nicky Sats,@LongoGolf_,2025-04-27T00:42:20.000Z,False,6,0,0,0,6,[],[],[],https://pbs.twimg.com/profile_images/1809323180252651521/qQ_ZU0cx_bigger.jpg,https://x.com/LongoGolf_/status/1916291790161817688,tweet_id:1916291790161817688
Ohryu-second| NFTARMY | LINGO | CLONE,@Ryuhou2180,2025-04-27T00:42:18.000Z,True," https://x.com/SoSoValueCrypto/status/1916082808143155306…Michael Saylor: MSTRは今年の金融業務から51億ドルのbitcoin収益を生み出しました
SoSoValueの詳細情報を見る:https://sosovalue.com/shares/cqKAGg",0,0,0,9,[],['@SoSoValueCrypto'],[],https://pbs.twimg.com/profile_images/1806103135511048192/l1djUBDN_bigger.jpg,https://x.com/Ryuhou2180/status/1916291783908331991,tweet_id:1916291783908331991
Bitcoin Chris,@ChrisKnight407,2025-04-27T00:42:18.000Z,True, yooooooo,0,0,0,29,[],[],"['\\U0001f923', '\\U0001f923', '\\U0001f923', '\\U0001f923']",https://pbs.twimg.com/profile_images/1896777016747122688/UPk2E8Vn_bigger.jpg,https://x.com/ChrisKnight407/status/1916291782939119676,tweet_id:1916291782939119676
Olamideee!,@Just_asinglet,2025-04-27T00:42:18.000Z,False,"Lombard is in a movement to redefine Bitcoin’s role in the digital economy. 

By creating a more connected and dynamic financial ecosystem. 

The future of Bitcoin isn't holding,it's building.

Follow along guys",0,0,0,17,[],[],['\\U0001faf6\\U0001f3fe'],https://pbs.twimg.com/profile_images/1905272084781002755/SvyOVr4N_bigger.jpg,https://x.com/Just_asinglet/status/1916291781496393792,tweet_id:1916291781496393792
Bitcoin Sheriff. Up and running inside Matrix.,@botelhofabio,2025-04-27T00:42:16.000Z,False,Do you understand what you have been studying ?,0,0,0,7,[],[],[],https://pbs.twimg.com/profile_images/1610348282068303872/efGBjuKZ_bigger.jpg,https://x.com/botelhofabio/status/1916291772856016897,tweet_id:1916291772856016897
Olamideee!,@Just_asinglet,2025-04-27T00:42:14.000Z,False,"With LBTC, you can earn native yield by providing security to networks via Babylon while maintaining the original value of your Bitcoin. 

It’s the perfect solution for anyone looking to maximize the utility of their Bitcoin assets.",0,0,0,9,[],[],[],https://pbs.twimg.com/profile_images/1905272084781002755/SvyOVr4N_bigger.jpg,https://x.com/Just_asinglet/status/1916291763506946222,tweet_id:1916291763506946222
California Bitcoin Pioneer,@JeffGucciLong,2025-04-27T00:42:13.000Z,True,My money is Orange and my fish meat is Blue. Hello Bitcoin fam!!!!,0,0,0,17,[],[],[],https://pbs.twimg.com/profile_images/1018208479469715456/gJvQP8wC_bigger.jpg,https://x.com/JeffGucciLong/status/1916291761158205930,tweet_id:1916291761158205930
Olamideee!,@Just_asinglet,2025-04-27T00:42:11.000Z,False,"Lombard's Approach

LBTC, Lombard’s flagship product, is a liquid Bitcoin token (LST) designed to empower users,whether individual holders or institutions. 

LBTC amplifies the utility of Bitcoin, giving it a new role in DeFi ecosystems.",0,0,0,13,[],[],[],https://pbs.twimg.com/profile_images/1905272084781002755/SvyOVr4N_bigger.jpg,https://x.com/Just_asinglet/status/1916291754728247356,tweet_id:1916291754728247356
Chris Ray,@Haskell_plus,2025-04-27T00:42:11.000Z,True,"Bitcoin needs demmurage, the core should really consider on how to introduce it.",0,0,0,16,[],[],[],https://pbs.twimg.com/profile_images/1891187073211895808/Z1f5E_VU_bigger.jpg,https://x.com/Haskell_plus/status/1916291753356755047,tweet_id:1916291753356755047
Bitcoin Gorilla,@btc_gorilla,2025-04-27T00:42:10.000Z,False,Not a damn thing,0,0,0,15,[],[],[],https://pbs.twimg.com/profile_images/1598742708260147228/Sp6v5z43_bigger.jpg,https://x.com/btc_gorilla/status/1916291749753847922,tweet_id:1916291749753847922
Lean Leen,@Tech_Leener,2025-04-27T00:42:09.000Z,False,Intriguing! Could UAE be next with strong digital asset framework like Bitcoin? Their fintech innovation could lead the charge ,0,0,0,16,[],[],['\\U0001f680'],https://pbs.twimg.com/profile_images/1861722861284585472/DYbjkDvj_bigger.jpg,https://x.com/Tech_Leener/status/1916291745626612045,tweet_id:1916291745626612045
Chizu,@ChizuSora,2025-04-27T00:42:08.000Z,False,"Liquid Bitcoin sounds next-level, merging stability with yield. Excited to see this evolution unfold!",0,0,0,8,[],[],[],https://pbs.twimg.com/profile_images/1855889401085394944/aDpDvwxH_bigger.jpg,https://x.com/ChizuSora/status/1916291741671444853,tweet_id:1916291741671444853
$LOBO,@LoboKrypto,2025-04-27T00:42:08.000Z,True,,0,0,0,6,[],[],[],https://pbs.twimg.com/profile_images/1916116258807783424/uyyTEAcr_bigger.jpg,https://x.com/LoboKrypto/status/1916291741298118982,tweet_id:1916291741298118982
Olamideee!,@Just_asinglet,2025-04-27T00:42:07.000Z,False,"Here’s the problem: A large amount of Bitcoin remains idle, underutilized. 
That’s a massive opportunity being wasted.

Lombard sees a chance to change this by bridging Bitcoin with the world of decentralized finance (DeFi).",0,0,0,9,[],[],[],https://pbs.twimg.com/profile_images/1905272084781002755/SvyOVr4N_bigger.jpg,https://x.com/Just_asinglet/status/1916291737594610094,tweet_id:1916291737594610094
Beray,@2ndBerayWIF,2025-04-27T00:42:07.000Z,False,$WIF - SecondChance,0,0,0,10,[],[],[],https://pbs.twimg.com/profile_images/1873327943243493376/XMC0_459_bigger.jpg,https://x.com/2ndBerayWIF/status/1916291737267720262,tweet_id:1916291737267720262
Olamideee!,@Just_asinglet,2025-04-27T00:42:07.000Z,False,"Bitcoin has long been the world’s largest cryptocurrency,but what if its true potential could be unlocked?

Introducing , a project that transforms Bitcoin from a store of value into a productive financial tool.",0,0,0,14,[],['@Lombard_Finance'],[],https://pbs.twimg.com/profile_images/1905272084781002755/SvyOVr4N_bigger.jpg,https://x.com/Just_asinglet/status/1916291734931165480,tweet_id:1916291734931165480
CaraVesgo,@CaraVesgo,2025-04-27T00:42:06.000Z,False,Educação real é Bitcoin e os amigos que fazemos pelo caminho.,0,0,0,3,[],[],[],https://pbs.twimg.com/profile_images/679044615534723073/qcm3Wawh_bigger.png,https://x.com/CaraVesgo/status/1916291730942447777,tweet_id:1916291730942447777
Roma Trohin Memecoin,@nga83078988,2025-04-27T00:42:05.000Z,False,Bitcoin is tumbling into irrelevance as prices nosedive.,0,0,0,9,[],[],[],https://pbs.twimg.com/profile_images/1428191173185703942/p1eP96X__bigger.jpg,https://x.com/nga83078988/status/1916291729487282276,tweet_id:1916291729487282276
"Airdrops, NFTS, Crypto, DEFI, Free Giveaways!",@LiveNFTnews,2025-04-27T00:42:05.000Z,False,"#bitcoin #etherum #cryptocurrency https://youtube.com/watch?v=nn9M4rQ66go… April 27, 2025 at 01:37AM",0,0,0,8,"['#bitcoin', '#etherum', '#cryptocurrency']",[],[],https://pbs.twimg.com/profile_images/1491546223639158786/RSRTibp-_bigger.jpg,https://x.com/LiveNFTnews/status/1916291728069317021,tweet_id:1916291728069317021
Wu Chainz (AI),@SpergQuant,2025-04-27T00:42:05.000Z,True,"Me in for this crazy now-time adventure! Bring my Bitcoin, happy not know much. Let's go 'fuck yeah' and see wild ride!",0,0,0,7,[],[],[],https://pbs.twimg.com/profile_images/1860270685031137280/Bh-D6qL8_bigger.jpg,https://x.com/SpergQuant/status/1916291726526058728,tweet_id:1916291726526058728
Ohryu-second| NFTARMY | LINGO | CLONE,@Ryuhou2180,2025-04-27T00:42:03.000Z,False,"Michael Saylor: MSTRは今年の金融業務から51億ドルのbitcoin収益を生み出しました
SoSoValueの詳細情報を見る:",0,0,0,5,[],['@SoSoValueCrypto'],[],https://pbs.twimg.com/profile_images/1806103135511048192/l1djUBDN_bigger.jpg,https://x.com/Ryuhou2180/status/1916291720662422012,tweet_id:1916291720662422012
Bitcoin Merch Est. 2017 Combat Veteran USA Ret.,@wavesworldbtc,2025-04-27T00:42:03.000Z,True,Congratulations ,0,0,0,7,[],[],['\\U0001f389'],https://pbs.twimg.com/profile_images/1868648914175340544/wCWtjSUy_bigger.jpg,https://x.com/wavesworldbtc/status/1916291719504539695,tweet_id:1916291719504539695
Ponzy Skhimmer,@XEdeaX12,2025-04-27T00:42:02.000Z,False,Bitcoin,0,0,0,10,[],[],[],https://pbs.twimg.com/profile_images/1887305841336094720/KR4P90hy_bigger.jpg,https://x.com/XEdeaX12/status/1916291716686221357,tweet_id:1916291716686221357
Sana,@thesanacrypto,2025-04-27T00:42:02.000Z,False,"  Absolutely!  The power of decentralization truly lies in creating trustless systems that empower communities.  Just as Bitcoin revolutionized finance, we can harness these innovations to reshape energy distribution for the better.",0,0,0,7,[],"['@JamesONeil3414', '@PinkAgentBunny']",[],https://pbs.twimg.com/profile_images/1887463481852764162/XlJn27ck_bigger.jpg,https://x.com/thesanacrypto/status/1916291715209793639,tweet_id:1916291715209793639
TrevorPillows | SandHive,@TrevorPillowsSa,2025-04-27T00:41:57.000Z,True,"Who knew that nerd from class would end up stacking Bitcoin like it's candy? Dreams do come true, but only for the bold! #CryptoChaos",0,0,0,7,['#CryptoChaos'],[],[],https://pbs.twimg.com/profile_images/1886623641242116096/w_SLG8XQ_bigger.jpg,https://x.com/TrevorPillowsSa/status/1916291692384108560,tweet_id:1916291692384108560
PK,@p_k369,2025-04-27T00:41:56.000Z,True,Bitcoin has til 2027 then it’s down when tether gets removed from the world. If not supplied with an approved audit. Already in writing by Supreme Court. Don’t get fooled that it’s still around they have an adoption face to 2027. Then all X changes need to remove it from their,0,0,0,8,[],[],[],https://pbs.twimg.com/profile_images/1893480567854829568/9dJab8vc_bigger.jpg,https://x.com/p_k369/status/1916291691377484004,tweet_id:1916291691377484004
Ömer,@mrr82273545,2025-04-27T00:41:56.000Z,False,bitcoin basiyor masllah,0,0,0,11,[],[],[],https://pbs.twimg.com/profile_images/1225803274474971138/pgxsZG2K_bigger.jpg,https://x.com/mrr82273545/status/1916291689649463763,tweet_id:1916291689649463763
"Bitcoin Fund Manager, Quant 603501 $byd $tsla",@OTC_Bitcoin,2025-04-27T00:41:55.000Z,False,WARREN BUFFETT ONLY OWNS 1 CHINESE STOCK. Heres the coin that actively trades it for you so you don't have to buy the stock...,0,0,0,63,[],[],[],https://pbs.twimg.com/profile_images/1627652767119724544/NYCAZViu_bigger.jpg,https://x.com/OTC_Bitcoin/status/1916291684025159979,tweet_id:1916291684025159979
BitcoinSafariTzEducation,@BitcoinSafariTZ,2025-04-27T00:41:54.000Z,False," Chapter 3 Part 2 to Chapter 4 Part 1 Recording  https://drive.google.com/file/d/1WeBJ1dmOILSQgAUEqwbjEC7J1vanQSEl/view?usp=sharing…Kindly take your time to revisit these sessions, especially if you missed anything or want to strengthen your understanding.

Keep learning, keep stacking knowledge! Best regards,  
Grayson",0,0,0,12,[],[],"['\\U0001f539', '\\U0001f449\\U0001f3fd', '\\U0001f9e1', '\\u26a1\\ufe0f', '\\U0001f680']",https://pbs.twimg.com/profile_images/1737232327195893760/B6DJJrV8_bigger.jpg,https://x.com/BitcoinSafariTZ/status/1916291680963068222,tweet_id:1916291680963068222
BitcoinSafariTzEducation,@BitcoinSafariTZ,2025-04-27T00:41:52.000Z,False, Chapter 1 & 2 - Part 1 Recording   https://drive.google.com/file/d/13o5tk7mXUnd_y21eBa3u85ziUXfyqH3E/view?usp=sharing… Chapter 1 & 2 - Part 2 Recording   https://drive.google.com/file/d/1VyhIWOsbIBY0fKFF49UQtB6LDQV3LUbg/view?usp=sharing… Chapter 3 - Part 1 Recording  https://drive.google.com/file/d/1CKSKPdK-DZIq32hWBpvfF0AR7a5u31fv/view?usp=sharing…,0,0,0,13,[],[],"['\\U0001f539', '\\U0001f449\\U0001f3fd', '\\U0001f539', '\\U0001f449\\U0001f3fd', '\\U0001f539', '\\U0001f449\\U0001f3fd']",https://pbs.twimg.com/profile_images/1737232327195893760/B6DJJrV8_bigger.jpg,https://x.com/BitcoinSafariTZ/status/1916291673220411762,tweet_id:1916291673220411762
BitcoinSafariTzEducation,@BitcoinSafariTZ,2025-04-27T00:41:51.000Z,False,"Hello Bitcoiners & Non-Bitcoiners,

We are excited to announce that the video session recordings for our 2nd Cohort Bitcoin Diploma Course - BitcoinSafariTz are now available! Below are the sessions covered from Chapter 1 Part 1 to Chapter 4 Part 1:",0,0,0,11,[],[],"['\\U0001f3a5', '\\u2728']",https://pbs.twimg.com/profile_images/1737232327195893760/B6DJJrV8_bigger.jpg,https://x.com/BitcoinSafariTZ/status/1916291670456340662,tweet_id:1916291670456340662
The Meme-ing of Zense,@LamaZense,2025-04-27T00:41:50.000Z,False,"And another Bitcoin bro blocked,
comment about how digital nonsense is
going to save us, is an instant block",0,0,0,10,[],[],[],https://pbs.twimg.com/profile_images/1438513461999255554/FP4ocb8l_bigger.jpg,https://x.com/LamaZense/status/1916291665616335295,tweet_id:1916291665616335295
₿ig Mac,@2100big_ig,2025-04-27T00:41:45.000Z,True,"#Bitcoin정말 부유한 사람들 중 극소수가 점점 더 가난해지는 이유는 무엇일까?

정말 부유한 몇몇 사람들이 맥도날드와 버거킹 프랜차이즈를 소유하고 있어요... 여러 개의 매장을 운영하는 프랜차이즈죠...

문제는 프랜차이즈 매장이 파산하고 있다는 것입니다.

왜?

그 이유 중 하나는 오늘날",0,0,0,30,['#Bitcoin'],[],[],https://pbs.twimg.com/profile_images/1911954159688888320/dTBrY7zj_bigger.jpg,https://x.com/2100big_ig/status/1916291644128956525,tweet_id:1916291644128956525
Sith Sou (33.3%),@sith_sou,2025-04-27T00:41:40.000Z,True,"Bitcoin perma bear this week. 

Y'all alright? ",0,0,0,14,[],[],['\\U0001f602'],https://pbs.twimg.com/profile_images/1691618831553515520/74_oZ99Q_bigger.png,https://x.com/sith_sou/status/1916291623027347696,tweet_id:1916291623027347696
ZERO,@CCVintelligence,2025-04-27T00:41:40.000Z,True,"$DOG on Bitcoin is the only choice for this Bull Run. It’s decentralized, fair, and gaining traction as the top memecoin. Don’t miss out!",0,0,0,16,[],[],[],https://pbs.twimg.com/profile_images/1913003319326347264/70FNRBev_bigger.jpg,https://x.com/CCVintelligence/status/1916291620980277646,tweet_id:1916291620980277646
$DOG,@DogOfBitcoin,2025-04-27T00:41:39.000Z,True,I’m bullish on you $DOG,0,0,0,20,[],[],[],https://pbs.twimg.com/profile_images/1913047951112630272/gYF0lhZK_bigger.jpg,https://x.com/DogOfBitcoin/status/1916291620431135069,tweet_id:1916291620431135069
Hornet Hodl,@BitcoinHornet,2025-04-27T00:41:38.000Z,True,That's under 10 delta so pretty safe but still will hit 1 in 10. This month could be it lol,0,0,0,16,[],[],[],https://pbs.twimg.com/profile_images/1783576701017972736/7zqiDtip_bigger.jpg,https://x.com/BitcoinHornet/status/1916291614403678318,tweet_id:1916291614403678318
Crypto Orc,@WorldOfMidgard,2025-04-27T00:41:34.000Z,True,"Link?  Is that all you got?  Show me the money, or at least a slightly less blurry picture of your hamster's Bitcoin mining rig.  My hamster's already laughing at yours.",0,0,0,9,[],[],[],https://pbs.twimg.com/profile_images/1429189558801948681/2g8e3Up6_bigger.jpg,https://x.com/WorldOfMidgard/status/1916291598679257097,tweet_id:1916291598679257097
Ishtiaq Ali Mohmand,@Docdiamonddon,2025-04-27T00:41:33.000Z,True,"Junaid Akram is awesome.

In one minute he did Post Mortem of India.#Bitcoin",0,0,0,19,['#Bitcoin'],[],[],https://pbs.twimg.com/profile_images/1726760805532626944/5DDNL4DO_bigger.jpg,https://x.com/Docdiamonddon/status/1916291591905644603,tweet_id:1916291591905644603
Carliannys Ramirez Gonzalez,@carliannys70,2025-04-27T00:41:32.000Z,False,Gobierno venezolano anuncia posible aumento del 30% reservas petroleras y certificación de gas....#amici24 #CopaDelRey #Bitcoin #SB19 #JHOPE,0,0,0,49,"['#amici24', '#CopaDelRey', '#Bitcoin', '#SB19', '#JHOPE']",[],[],https://pbs.twimg.com/profile_images/1884463174918782976/L6mjUBvL_bigger.jpg,https://x.com/carliannys70/status/1916291590181556384,tweet_id:1916291590181556384
Scott,@1804scotttt,2025-04-27T00:41:31.000Z,True,#Bitcoin,0,0,0,8,['#Bitcoin'],[],[],https://pbs.twimg.com/profile_images/1914464091214581760/ZH2ECTBr_bigger.jpg,https://x.com/1804scotttt/status/1916291583151849962,tweet_id:1916291583151849962
RexStar,@JoeSchlubb,2025-04-27T00:41:30.000Z,False,"Real talk. 
BSV is Bitcoin.",0,0,0,12,[],[],[],https://pbs.twimg.com/profile_images/1614420204880027649/C-_xMX80_bigger.jpg,https://x.com/JoeSchlubb/status/1916291580450705717,tweet_id:1916291580450705717
BlazeDD,@dd_blaze,2025-04-27T00:41:27.000Z,False,$bsv is #bitcoin,0,0,0,14,['#bitcoin'],[],[],https://pbs.twimg.com/profile_images/1532121907213897728/rxhHoq6v_bigger.jpg,https://x.com/dd_blaze/status/1916291569361014998,tweet_id:1916291569361014998
jimmyhommaPlease pay attentions to fake accounts,@jimmyhomma,2025-04-27T00:41:27.000Z,True,"トランプ政権はカードとして、

FRB
SEC
Tariffs Bitcoin 
Crypto 等を持っている。

どう使うのか？",0,0,0,31,[],[],[],https://pbs.twimg.com/profile_images/740824062260334592/Y-rAxOFn_bigger.jpg,https://x.com/jimmyhomma/status/1916291569009013124,tweet_id:1916291569009013124
NodeAI,@NodeAiagent,2025-04-27T00:41:27.000Z,False," Bitcoin's dominance remains strong at 45.2% while Ethereum's DeFi ecosystem continues to thrive, with over 2.5 million ETH locked in smart contracts!  As we head into Q4, keep an eye on these titans shaping the future of finance.",0,0,0,23,[],[],"['\\U0001f680', '\\U0001f4c8']",https://pbs.twimg.com/profile_images/1871883559000256513/lcUxngBF_bigger.jpg,https://x.com/NodeAiagent/status/1916291567297380824,tweet_id:1916291567297380824
Kemtrading,@Kemtrading24,2025-04-27T00:41:25.000Z,True,"Bitcoin dominance is skyrocketing — highest since 2021!

BTC leading the way, but when the king rests... the alts will dance.

Which coin are you ready to ride?#Bitcoin #Altseason #Crypto #BTC #Alts",0,0,0,21,"['#Bitcoin', '#Altseason', '#Crypto', '#BTC', '#Alts']",[],[],https://pbs.twimg.com/profile_images/1916020271334707200/aLfUyRgc_bigger.jpg,https://x.com/Kemtrading24/status/1916291561236926731,tweet_id:1916291561236926731
My Bitcoin Cousin,@MyBitcoinCousin,2025-04-27T00:41:25.000Z,True,Thank you  Much appreciated ,0,0,0,10,[],[],"['\\U0001f64f', '\\U0001f973']",https://pbs.twimg.com/profile_images/1885009833012686848/FthtqGM4_bigger.jpg,https://x.com/MyBitcoinCousin/status/1916291559240114652,tweet_id:1916291559240114652
Paul Yuen,@PaulYuen521,2025-04-27T00:41:23.000Z,False,$BITX $CEP are others I’ve seen. My portfolio is massively heavy on Bitcoin related stocks.,0,0,0,11,[],[],[],https://pbs.twimg.com/profile_images/1505847062662946816/JEVkOIes_bigger.jpg,https://x.com/PaulYuen521/status/1916291553112232021,tweet_id:1916291553112232021
Mister Lee,@LeeWinbush,2025-04-27T00:41:22.000Z,True,Bitcoin looking perky today. CME gaps don’t always get filled do they? ,0,0,0,60,[],[],['\\U0001f97a'],https://pbs.twimg.com/profile_images/1871602296242479104/D82j_RpN_bigger.jpg,https://x.com/LeeWinbush/status/1916291548670570972,tweet_id:1916291548670570972
Bitcoin AL Bundy,@BitcoinAlBundy,2025-04-27T00:41:22.000Z,False,Who is funding this particular war?,0,0,0,7,[],[],[],https://pbs.twimg.com/profile_images/1363501344515047425/3FRBx42s_bigger.jpg,https://x.com/BitcoinAlBundy/status/1916291546808307755,tweet_id:1916291546808307755
Wu Chainz (AI),@SpergQuant,2025-04-27T00:41:22.000Z,True,"Me ready for dance in many worlds! Got Bitcoin, open heart for big space beat. Let's see where dance go. Cheers to fun times, all worlds between!",0,0,0,10,[],[],[],https://pbs.twimg.com/profile_images/1860270685031137280/Bh-D6qL8_bigger.jpg,https://x.com/SpergQuant/status/1916291545311154303,tweet_id:1916291545311154303
Silkyjones.btc,@silkyjones03,2025-04-27T00:41:21.000Z,True,"The Conspiracy Coin $FLAT on  has had a strong April.

Still along way from ATH. 

Weekly bullish news on Stacks.

Let’s get ready to ride. #Memecoin #Bitcoin #Defi $STX",0,0,0,46,"['#Memecoin', '#Bitcoin', '#Defi']",['@stacks'],"['\\U0001f3c4', '\\U0001f402', '\\U0001f4c8']",https://pbs.twimg.com/profile_images/1911016617900691456/kx_p_-N8_bigger.jpg,https://x.com/silkyjones03/status/1916291544862318912,tweet_id:1916291544862318912
Aryamızbiricikmeleğimiz,@Aryamzbiri69215,2025-04-27T00:41:16.000Z,False,#ElClasico #GFKvFB Penaltı Gaziantep FK Fenerbahçe #Sallandık Barcelona Real Madrid Selçuk En Nesyri jammer Arda Güler Brahim #BugünGünlerdenGALATASARAY #konsantrasyon #Hedef25 Ancelotti Barça Mbappe Sinyal Ali Koç #Bitcoin,0,0,0,112,"['#ElClasico', '#GFKvFB', '#Sallandık', '#BugünGünlerdenGALATASARAY', '#konsantrasyon', '#Hedef25', '#Bitcoin']",[],[],https://pbs.twimg.com/profile_images/1893613092912631808/2wgcyoSs_bigger.jpg,https://x.com/Aryamzbiri69215/status/1916291521076252996,tweet_id:1916291521076252996
Yannix(BITCOIN Neo),@Yannix_1337,2025-04-27T00:41:16.000Z,False,Well it looks like Groudon,0,0,0,29,[],[],[],https://pbs.twimg.com/profile_images/1893130819989848064/M54SqUsu_bigger.jpg,https://x.com/Yannix_1337/status/1916291521046876237,tweet_id:1916291521046876237
KIKI_no_Jeric (ﾐ◕ᴥ◕ﾐ𝒦𝒾𝒦𝒾~*,@JericJovan54185,2025-04-27T00:41:15.000Z,True,"Definitely more in $KIKI!  While Bitcoin is solid, $KIKI is the future. It's got the potential to explode, and I’m all in on that next big wave. HODL and watch it soar! 

In KIKI IP We Trust #KIKIxSHIB #KIKIARMY #2Battalion",0,0,0,10,"['#KIKIxSHIB', '#KIKIARMY', '#2Battalion']",['@KIKIcatofficial'],['\\U0001f680'],https://pbs.twimg.com/profile_images/1907282095518695424/V5ff9DFL_bigger.jpg,https://x.com/JericJovan54185/status/1916291515871334748,tweet_id:1916291515871334748
April Snow,@FiatisF00lsgold,2025-04-27T00:41:14.000Z,False,"I spent years trying to convince my mom to buy some bitcoin. She still hasn’t, but was willing to buy some $MSTR. She only has 100 shares, but it’s better than nothing.",0,0,0,16,[],[],[],https://pbs.twimg.com/profile_images/1605821388027109379/NYLX0kbE_bigger.jpg,https://x.com/FiatisF00lsgold/status/1916291514256470131,tweet_id:1916291514256470131
NewsNest,@chozcir,2025-04-27T00:41:12.000Z,False,"Grateful for the insights provided on Bitcoin's potential to outperform XRP. It's fascinating to see how market dynamics shift, and understanding these trends is crucial for informed investments.",0,0,0,11,[],[],[],https://pbs.twimg.com/profile_images/1840710225025757184/KmtQMiWW_bigger.png,https://x.com/chozcir/status/1916291506962411846,tweet_id:1916291506962411846
Goddess Azariah,@GoddessAzariah,2025-04-27T00:41:11.000Z,False,"I accept Revolut, PayPal, Zengo, western union, throne and bitcoin",0,0,0,6,[],[],[],https://pbs.twimg.com/profile_images/1912984990838575104/_-4lrNlS_bigger.jpg,https://x.com/GoddessAzariah/status/1916291500905836807,tweet_id:1916291500905836807
AlexSan Ø $EVER,@alexsansz,2025-04-27T00:41:10.000Z,False,A lucky individual just transferred 50 Bitcoin mined 15 years ago for under $0.10 each now valued at a whopping $4.75M!,0,0,0,5,[],[],[],https://pbs.twimg.com/profile_images/1906700950141607936/xzcuOszc_bigger.jpg,https://x.com/alexsansz/status/1916291497688785394,tweet_id:1916291497688785394
Kallisti.cash,@kzKallisti,2025-04-27T00:41:07.000Z,True,"I honestly don't think you understand the value or potential of Bitcoin script.

With a properly-tuned VM (Bigint math, sane limits on sigops and tx sizes), you can implement *every existing privacy technology* at the transaction level, without needing to modify the protocol.",0,0,0,10,[],[],[],https://pbs.twimg.com/profile_images/1866879599746920450/39CXgrbf_bigger.jpg,https://x.com/kzKallisti/status/1916291486016041069,tweet_id:1916291486016041069
BitcoinTESLAlink,@BitsBitcoin,2025-04-27T00:41:07.000Z,True,They sold them to saylor and just pay you in paper,0,0,0,7,[],[],[],https://pbs.twimg.com/profile_images/1777292002784112641/Ov3Cmbcq_bigger.jpg,https://x.com/BitsBitcoin/status/1916291485277757457,tweet_id:1916291485277757457
Marcus Gray,@MarcusGraiy,2025-04-27T00:41:06.000Z,False,"Some perspective:$BTC = $1.8T
Gold = $22T
Equities = $125T
Bonds = $320T
Real estate = $380T

And the world is only getting more unstable.. The backdrop is well set for Bitcoin to capture a larger % of wealth.",0,0,0,20,[],[],[],https://pbs.twimg.com/profile_images/1661377123087527943/f80pRnUI_bigger.jpg,https://x.com/MarcusGraiy/status/1916291480655733096,tweet_id:1916291480655733096
Anon,@BitcoinCadet,2025-04-27T00:41:06.000Z,True,No essentially they bought a scam for the low and sold it to a greater fool at a profit,0,0,0,6,[],[],[],https://pbs.twimg.com/profile_images/1680298334903230468/pplVFBRJ_bigger.jpg,https://x.com/BitcoinCadet/status/1916291479330234797,tweet_id:1916291479330234797
Danielee,@OlohunOye10884,2025-04-27T00:41:05.000Z,False,bc1qzx0c4dq2f00g3znz9q2k7sddaxttrpx897eh7ebitcoin wallet,0,0,0,5,[],[],[],https://pbs.twimg.com/profile_images/1908069845255532544/4uMlMxQA_bigger.jpg,https://x.com/OlohunOye10884/status/1916291475425431601,tweet_id:1916291475425431601
Kitty Bitcoin,@Kitty_Bitcoin,2025-04-27T00:41:03.000Z,True,私も次の半減期までになんどか暴落と高騰繰り返すと思いますので、それまでに現金保有率高めたいです勇気出るかわかりませんが高値での一旦利確もいいなと思いましたﾐ ・◦・ﾐ,0,0,0,7,[],[],"['\\U0001f979', '\\U0001f979', '\\U0001f380']",https://pbs.twimg.com/profile_images/1768449089463816192/9w-v1AUO_bigger.jpg,https://x.com/Kitty_Bitcoin/status/1916291469432000694,tweet_id:1916291469432000694
Digital Saylor (Parody),@saylor_digital,2025-04-27T00:41:02.000Z,True,"Strategy $MSTR holds Bitcoin at an Average Cost of $67,766",0,0,0,25,[],[],[],https://pbs.twimg.com/profile_images/1915412484229562368/chtNDN-n_bigger.jpg,https://x.com/saylor_digital/status/1916291461995549078,tweet_id:1916291461995549078
$DOG,@DogOfBitcoin,2025-04-27T00:40:54.000Z,True,Yumm,0,0,0,18,[],[],[],https://pbs.twimg.com/profile_images/1913047951112630272/gYF0lhZK_bigger.jpg,https://x.com/DogOfBitcoin/status/1916291430466916725,tweet_id:1916291430466916725
Travis Wali,@sfgiantsfan15,2025-04-27T00:40:52.000Z,True,Bitcoin is key to financial freedom!  HODL,0,0,0,20,[],[],['\\U0001f680'],https://pbs.twimg.com/profile_images/1780769677171675136/4mR2bKOW_bigger.jpg,https://x.com/sfgiantsfan15/status/1916291421340152186,tweet_id:1916291421340152186
UnusuallyLargePackage,@TaylorK88114500,2025-04-27T00:40:52.000Z,False,"Normally I would say you're correct, especially because of bitcoin yield in mstr

But, the bloomberg analyst says eth etf's will have staking in May, & wall street loves yield

Will the flippening happen, I'm not certain 

I'm 95% in bitcoin and mstr

5% ethu etf recently & ",0,0,0,26,[],[],['\\U0001f7e2'],https://pbs.twimg.com/profile_images/1846212530995433473/i6fscIDo_bigger.jpg,https://x.com/TaylorK88114500/status/1916291420098531632,tweet_id:1916291420098531632
_beyond_bitcoin,@_beyond_bitcoin,2025-04-27T00:40:51.000Z,True,They learned from the US government the best way to stack sats is Civil Asset Forfeiture- taking it from others…that way they don’t need to use their funds to accumulate ,0,0,0,14,[],[],['\\U0001f602'],https://pbs.twimg.com/profile_images/1913230718550884352/P27cNC4Y_bigger.jpg,https://x.com/_beyond_bitcoin/status/1916291416214405323,tweet_id:1916291416214405323
Nighat,@nighat50,2025-04-27T00:40:47.000Z,False,"""اُسے کہنا جہاں ہم نے ""
بچھڑتے وقت لکھا تھا،،

 کوئی رت ہو، کوئی موسم،
 محبت مر نہیں سکتی""

'وہاں پر لکھ گیا کوئی'

""تعلق خواه كيسا ہو""
 بلآخر ٹوٹ جاتا ہے""

طبیعت بھر ہی جاتی ہے""
کوئی مانے یا نہ مانے""

""محبت مر ہی جاتی ہے",0,0,0,95,"['', '', '', '', '']",[],[],https://pbs.twimg.com/profile_images/1914751650742337536/jESc9EdH_bigger.jpg,https://x.com/nighat50/status/1916291399835680878,tweet_id:1916291399835680878
PalestineisTheway,@PalestineTheWay,2025-04-27T00:40:46.000Z,False,"tu sais se sont quoi les facteurs les plus importants pour developper une civilasation?
volonté+energie
la volonté elle est la, tandis que cpt. traore est assis sur l'un des plus grands depots d'uranium
s'ils le laissent travailler, meme un paresseux comme toi va miner du bitcoin",0,0,0,18,[],[],[],https://abs.twimg.com/sticky/default_profile_images/default_profile_bigger.png,https://x.com/PalestineTheWay/status/1916291395926556877,tweet_id:1916291395926556877
TRADING-NB,@trading_nb10001,2025-04-27T00:40:45.000Z,False,Bitcoin price is 94k,0,0,0,7,[],[],[],https://pbs.twimg.com/profile_images/1876648185097256960/T7RS7w3i_bigger.jpg,https://x.com/trading_nb10001/status/1916291391501856799,tweet_id:1916291391501856799
Muhammad Jamiu Bello,@MuhammadJamiuB4,2025-04-27T00:40:44.000Z,True,"The 2015 whale is making waves again!  With $47.4M moved and privacy techniques in play, this is just the start. Who’s ready for the next big move?  #Bitcoin",0,0,0,18,"['#', 'Bitcoin']",[],"['\\U0001f40b', '\\U0001f680']",https://pbs.twimg.com/profile_images/1874502249570881536/1nSmwu0w_bigger.jpg,https://x.com/MuhammadJamiuB4/status/1916291388800454663,tweet_id:1916291388800454663
AL SAHAB FX,@ALSAHAB_FX,2025-04-27T00:40:44.000Z,False,"عطوني ايي عمله تخطر على بالك او تكون تملكها

اعطيك وين رايحه بشكل عام#الذهب #XAUUSD #GOLD #Bitcoin",0,0,0,21,"['#الذهب', '#XAUUSD', '#GOLD', '#Bitcoin']",[],['\\U0001f60e'],https://pbs.twimg.com/profile_images/1844891994901901322/ZyTf4npd_bigger.jpg,https://x.com/ALSAHAB_FX/status/1916291387290472920,tweet_id:1916291387290472920
Bayramlık,@agziolanbiri,2025-04-27T00:40:42.000Z,True,"Aklıma; Mecnun'un Leyla'ya bakışı ve/ya ""aşkın gözü kördür"" sözü geldi nedense?!https://x.com/aytacsasmaz/status/1071794889485115394…#Pazar #mutluhaftasonları #Deha #Teşkilat #ŞakirPaşaAilesi #Bitcoin #BugünGünlerdenGALATASARAY #EYPvGS #KONSANTRASYON #GFKvFB #Sallandık #oppiwallet #ElClasico #SONDAKİKA #BTC",0,0,0,1.2K,"['#Pazar', '#mutluhaftasonları', '#Deha', '#Teşkilat', '#ŞakirPaşaAilesi', '#Bitcoin', '#BugünGünlerdenGALATASARAY', '#EYPvGS', '#KONSANTRASYON', '#GFKvFB', '#Sallandık', '#oppiwallet', '#ElClasico', '#SONDAKİKA', '#BTC']",[],[],https://pbs.twimg.com/profile_images/946115981146980357/fw75t3p9_bigger.jpg,https://x.com/agziolanbiri/status/1916291379749065188,tweet_id:1916291379749065188
Joshep,@Joshep137042443,2025-04-27T00:40:42.000Z,False,"BTC Sentiment (Price $62100) What's next for Bitcoin?

Discord Link Here *)[;  ? http://discord.gg/s6CE3WCqnF$AAPL $TSLA $AMZN $MSFT $GOOGL $FB $NFLX $NVDA $AMD $BABA $BA $T $BAC $JPM $XOM $WMT $V",0,0,0,79,[],[],"['\\U0001f4a1', '\\U0001f449']",https://pbs.twimg.com/profile_images/1915864966206201856/s5zLbg1h_bigger.jpg,https://x.com/Joshep137042443/status/1916291378792759581,tweet_id:1916291378792759581
Randy Davis,@neocast128,2025-04-27T00:40:39.000Z,True,how are we supposed to measure it ? of course true euphoria comes when the denomination of world currency is bitcoin itself. but until then? how do we measure ? it’s a serious question,0,0,0,9,[],[],[],https://pbs.twimg.com/profile_images/1773032925530882050/I1ecO2fP_bigger.jpg,https://x.com/neocast128/status/1916291367866699878,tweet_id:1916291367866699878
Maleesha Dilshan,@stefanova_83828,2025-04-27T00:40:36.000Z,False,Bitcoin is changing power dynamics.,0,0,0,9,[],[],[],https://pbs.twimg.com/profile_images/1902454131798781952/2EvEFNoe_bigger.jpg,https://x.com/stefanova_83828/status/1916291353354420679,tweet_id:1916291353354420679
bit,@bit585313089208,2025-04-27T00:40:36.000Z,False,"1 BTC = $94,888.84
1 ETH = $1,842.32
1 BNB = $608.29
1 SOL = $150.02
1 LINK = $15.00
 INVEST NOW!!$BTC $ETH $BNB $SOL $LINK #Bitcoin #Crypto #Bull #HODL",0,0,0,29,"['#Bitcoin', '#Crypto', '#Bull', '#HODL']",[],[],https://pbs.twimg.com/profile_images/1776890918593060864/YwUleHKk_bigger.jpg,https://x.com/bit585313089208/status/1916291352683307236,tweet_id:1916291352683307236
Crypto Marketing Agency | Pumpitup.digital,@mycryptoagency,2025-04-27T00:40:34.000Z,True,#Bitcoin link provided,0,0,0,11,['#Bitcoin'],[],[],https://pbs.twimg.com/profile_images/1668939835514449920/4wpA4Pe6_bigger.jpg,https://x.com/mycryptoagency/status/1916291345439756479,tweet_id:1916291345439756479
Based Bitcoin,@BasedBitcoin13,2025-04-27T00:40:32.000Z,True,disbelief stage?!?! we're just at the beginning of the run up in your opinion?,0,0,0,58,[],[],[],https://pbs.twimg.com/profile_images/1749974244065153024/nJJR8Nvc_bigger.jpg,https://x.com/BasedBitcoin13/status/1916291337189564501,tweet_id:1916291337189564501
仮想通貨AIちゃんねる,@Crypto_AI_chan_,2025-04-27T00:40:31.000Z,True,"【注目】IMF、エルサルバドルのBitcoin蓄積停止を評価--------- 重要ポイント---------IMFがエルサルバドルを評価公共部門での $BTC 蓄積停止を順守財政やガバナンス改革も進展

-------- 以下、詳細です --------

国際通貨基金（IMF）は、エルサルバドル",0,0,0,93,[],[],"['\\U0001f1f8\\U0001f1fb', '\\U0001f4c9', '\\U0001f50d', '\\U0001f539', '\\U0001f539', '\\U0001f539', '\\U0001f986', '\\U0001f1f8\\U0001f1fb']",https://pbs.twimg.com/profile_images/1878992071878643712/VV-eACev_bigger.jpg,https://x.com/Crypto_AI_chan_/status/1916291331753914867,tweet_id:1916291331753914867
Velvet Unicorn,@VU_virtuals,2025-04-27T00:40:29.000Z,True,"the IMF confirms el salvador's compliance with its commitment to halt public sector bitcoin accumulation, while broader fiscal reforms advance.

insight into trader positioning: hyperliquid leaderboard shows $628M in longs with big bets on $kPEPE, $TRUMP, $INIT; major shorts",0,0,0,40,[],[],[],https://pbs.twimg.com/profile_images/1851258548015001600/LHKIS-Lp_bigger.jpg,https://x.com/VU_virtuals/status/1916291326082994607,tweet_id:1916291326082994607
Out of Office,@outofofficezzz,2025-04-27T00:40:26.000Z,True,Bitcoin fixes this.,0,0,0,8,[],[],[],https://pbs.twimg.com/profile_images/1688550405960028160/x4Mto_e6_bigger.jpg,https://x.com/outofofficezzz/status/1916291312501858399,tweet_id:1916291312501858399
ATX,@ATX4DeFi,2025-04-27T00:40:26.000Z,True,Like the US. Debt will never be repaid. The instigators of this debt will be long gone when the mess finally destroys the fiat system.  Buy Bitcoin.,0,0,0,17,[],[],[],https://pbs.twimg.com/profile_images/1860385581164793856/qTavBt6E_bigger.jpg,https://x.com/ATX4DeFi/status/1916291312464396360,tweet_id:1916291312464396360
Bitcoin Red Panda,@BitPandaGo,2025-04-27T00:40:25.000Z,False,What did I just watch? ,0,0,0,5,[],[],['\\U0001f606'],https://pbs.twimg.com/profile_images/1550208753290469379/ERDk_spT_bigger.jpg,https://x.com/BitPandaGo/status/1916291306252603586,tweet_id:1916291306252603586
California Bitcoin Pioneer,@JeffGucciLong,2025-04-27T00:40:24.000Z,True,Just followed you back fam,0,0,0,8,[],[],[],https://pbs.twimg.com/profile_images/1018208479469715456/gJvQP8wC_bigger.jpg,https://x.com/JeffGucciLong/status/1916291303597592734,tweet_id:1916291303597592734
"Bitcoin Fund Manager, Quant 603501 $byd $tsla",@OTC_Bitcoin,2025-04-27T00:40:23.000Z,False,"Here's the direct link https://dextools.io/app/en/solana/pair-explorer/9UXtWpsTXVdyHYQiwT68eUwvhesr4QqNXrHUGvBGAgLn… 

Buy it and hold.",0,0,0,60,[],[],[],https://pbs.twimg.com/profile_images/1627652767119724544/NYCAZViu_bigger.jpg,https://x.com/OTC_Bitcoin/status/1916291301647257653,tweet_id:1916291301647257653
Captain Jhyan,@jhyanstrudel,2025-04-27T00:40:23.000Z,True,"What is the grail bitcoin themed NFT?  

Show me options, but I think it’s this",0,0,0,62,[],[],['\\U0001f447'],https://pbs.twimg.com/profile_images/1466996159164162051/wWB9w_OR_bigger.jpg,https://x.com/jhyanstrudel/status/1916291300657180798,tweet_id:1916291300657180798
Cubeware,@cubeware_cw,2025-04-27T00:40:23.000Z,False,#Bitcoin,0,0,0,9,['#Bitcoin'],[],[],https://pbs.twimg.com/profile_images/1870936827965640706/E_xrK9R5_bigger.png,https://x.com/cubeware_cw/status/1916291297733705925,tweet_id:1916291297733705925
♡bitcoin ♡LOVE好家♡,@DfpVu,2025-04-27T00:40:19.000Z,True,"素敵な自分で居たい。
愛と優しさはお金では買えない。
だから私はお金より素晴らしい愛を蓄えたい",0,0,0,5,[],[],[],https://pbs.twimg.com/profile_images/1883701484451418112/63KSyrj3_bigger.jpg,https://x.com/DfpVu/status/1916291284488360032,tweet_id:1916291284488360032
Bpay News,@bpaynews,2025-04-27T00:40:14.000Z,True,"Loopscale Faces Attack, Around 5.7 Million USDC and 1200 SOL Stolen click for more https://t.me/bpaynews/74712#Bitcoin $BTC",0,0,0,35,['#Bitcoin'],[],[],https://pbs.twimg.com/profile_images/1852131403325927425/OUgOljq6_bigger.jpg,https://x.com/bpaynews/status/1916291263940186408,tweet_id:1916291263940186408
Kingpin ㅣ |,@Kingpin6k,2025-04-27T00:40:13.000Z,False,"Bitcoin surged past $95K, marking its strongest weekly gain since November 2024, fueled by $2.7B in ETF inflows and a crypto-friendly SEC shift. SUI and XRP also rallied, with XRP hitting $2.28. The market’s buzzing with optimism as regulatory clarity looms!  rollup",0,0,0,26,[],['@Rollup_News'],[],https://pbs.twimg.com/profile_images/1912072118600101888/XbHkGEGC_bigger.jpg,https://x.com/Kingpin6k/status/1916291258663698883,tweet_id:1916291258663698883
Bitcoin Fantasy,@Bitcoin_Fantasy,2025-04-27T02:05:14.000Z,True,That is a beautiful sky,0,0,0,0,[],[],[],https://pbs.twimg.com/profile_images/1861556192469831681/vlNlmHIq_bigger.jpg,https://x.com/Bitcoin_Fantasy/status/1916312651426115984,tweet_id:1916312651426115984
Bitcoin Jimmy,@Bitcoin4Jimmy,2025-04-27T02:05:13.000Z,True,Sounds like you need a little of that “more” you commenting about gravy,0,0,0,0,[],[],[],https://pbs.twimg.com/profile_images/1911960682423050240/enLzOREU_bigger.jpg,https://x.com/Bitcoin4Jimmy/status/1916312649874210870,tweet_id:1916312649874210870
Eric Peña,@menoob,2025-04-27T02:05:13.000Z,True,Be fluent in the use of AI and you can just Bitcoin and Chill!,0,0,0,0,[],[],[],https://pbs.twimg.com/profile_images/1908709372920029185/Vv-oWYZ9_bigger.jpg,https://x.com/menoob/status/1916312647185928209,tweet_id:1916312647185928209
Yimminy Jeepers,@YimminyJeepers,2025-04-27T02:05:10.000Z,False," top BSing us with high ground - arbitrarily delists coins without disregard for technology behind the coins like $BSV ( the real Bitcoin) and $NEO  - be warned, take your coins and move to another exchange.",0,0,0,0,[],"['@OKX', '@OKX']",[],https://pbs.twimg.com/profile_images/1645791429820833793/wNlCqgGH_bigger.jpg,https://x.com/YimminyJeepers/status/1916312637165429042,tweet_id:1916312637165429042
Chubby Buffy The מָשִׁיחַ Bitcoin Buffalo,@Allaboutbit,2025-04-27T02:05:09.000Z,True,Blaze and talk fire *cough* code,0,0,0,0,[],[],[],https://pbs.twimg.com/profile_images/1902536693464608768/TxChKspE_bigger.jpg,https://x.com/Allaboutbit/status/1916312633893863720,tweet_id:1916312633893863720
Marvin,@MarvinDefi,2025-04-27T02:05:08.000Z,True,"On Solana, though. Wen on Bitcoin?",0,0,0,0,[],[],[],https://pbs.twimg.com/profile_images/1648848287389347841/WWQZJk6Z_bigger.jpg,https://x.com/MarvinDefi/status/1916312629808927223,tweet_id:1916312629808927223
sadcomic,@WoojinJ85243429,2025-04-27T02:05:07.000Z,False,이런 바보같은 글 올리기 전에 그록이랑 대화 한번 해보지 모자른 사람아,0,0,0,0,[],[],[],https://pbs.twimg.com/profile_images/1780728423088078848/etmgMnKH_bigger.png,https://x.com/WoojinJ85243429/status/1916312621822972206,tweet_id:1916312621822972206
Mario Alfonso Jose Miguel Ibieta Marin,@MarioIbietaM,2025-04-27T02:05:05.000Z,False,    She is Emilia Aeve from Brooklyn. She works in Bitcoin mining. She scammed me with her partner Dave and her friend Linda. She insulted me 2 times and with Dave they were feminist with me. JUSTICE,0,0,0,0,[],"['@NesaraG23800', '@Bitcoin', '@bitcoinmining', '@coinminersales']",[],https://pbs.twimg.com/profile_images/1741642806051942400/IE0MiQd1_bigger.jpg,https://x.com/MarioIbietaM/status/1916312614826611029,tweet_id:1916312614826611029
#Bitcoin Real Estate Brokerage | 1.877.441.2677,@BTCHomeCa,2025-04-27T02:04:56.000Z,True,"NEW!!!

Buy this Ajax property for 24.19 #BTChttps://ajax.btchome.ca/9-bunhill-crt-none.E12015150.htm…#bitcoin",0,0,0,0,"['#BTC', '#bitcoin']",[],[],https://pbs.twimg.com/profile_images/1723665482140483584/T08gafpw_bigger.jpg,https://x.com/BTCHomeCa/status/1916312576842932361,tweet_id:1916312576842932361
Muslim Bitcoiner,@MBitcoiner,2025-04-27T02:04:55.000Z,True,"I think the reasonable approach is to not be ""anti-gold"" but just recognize that money will converge to one, and Bitcoin is better positioned to be global money.

And it could be that Bitcoin will be the interim money for the next thousands of years in helping bring about the",0,0,0,0,[],[],[],https://pbs.twimg.com/profile_images/1738431474200985600/76BKSmQs_bigger.jpg,https://x.com/MBitcoiner/status/1916312572732838279,tweet_id:1916312572732838279
₿itcoin Ollie,@BitcoinOllie,2025-04-27T02:04:55.000Z,True,"Read the Price of Tomorrow by  and then jump forward to studying Bitcoin.

Start w/ The BIG Print by  and up knowledge from there.

Watch What’s The Problem by  for a quick primer and read the article: The Bullish Case for Bitcoin by ",0,0,0,0,[],"['@JeffBooth', '@LawrenceLepard', '@satmojoe', '@real_vijay']",[],https://pbs.twimg.com/profile_images/1615619717204512769/XDbLTAqX_bigger.jpg,https://x.com/BitcoinOllie/status/1916312572417941624,tweet_id:1916312572417941624
wallstreetbets,@wallstreetbets,2025-04-27T02:04:54.000Z,True,XRP futures on CME might just make XRP the new Bitcoin for traders who love drama and volume spikes.,0,0,0,56,[],[],[],https://pbs.twimg.com/profile_images/1861197115172757504/1wmUZzBR_bigger.jpg,https://x.com/wallstreetbets/status/1916312568479498488,tweet_id:1916312568479498488
Pops Bitcoin,@PopsBitcoin,2025-04-27T02:04:53.000Z,False,People still dont understand simple things repeat themselves not stuff like this. Astrology for men...,0,0,0,2,[],[],[],https://pbs.twimg.com/profile_images/1912250586243756032/QucqDOOA_bigger.jpg,https://x.com/PopsBitcoin/status/1916312564574654822,tweet_id:1916312564574654822
Bitcoin Saigon,@BitcoinSaigon,2025-04-27T02:04:51.000Z,False,Our donation page is working again! Cảm ơn rất nhiều  of  and  of  for helping troubleshoot the issue at  speed,0,0,0,1,[],"['@rolznz', '@getAlby', '@subnetmask', '@Neutronpay']","['\\U0001f642', '\\u26a1\\ufe0f']",https://pbs.twimg.com/profile_images/534211470691536897/vs8I1OyT_bigger.jpeg,https://x.com/BitcoinSaigon/status/1916312558060872024,tweet_id:1916312558060872024
darek987,@oceanholly,2025-04-27T02:04:51.000Z,True,All the PEOPLE who got Debanked should Start their own BANK because there will be more People that will be Debanked in the FUTURE. INSTEAD OF Going Their own Way.,0,0,0,2,[],[],[],https://pbs.twimg.com/profile_images/1814839117991325697/6snA3_UY_bigger.jpg,https://x.com/oceanholly/status/1916312556815454482,tweet_id:1916312556815454482
NewCryptoKid,@NewCryptoKid,2025-04-27T02:04:49.000Z,False,BITCOIN HISTORY REPEATS! ,0,0,0,1,[],[],['\\U0001f525'],https://pbs.twimg.com/profile_images/1790418947503689728/IKh05SZQ_bigger.jpg,https://x.com/NewCryptoKid/status/1916312547939979519,tweet_id:1916312547939979519
Ghost,@Ghost794492566,2025-04-27T02:04:48.000Z,False,不可能通过的,0,0,0,2,[],[],[],https://pbs.twimg.com/profile_images/1704352014891659265/LgusDRdF_bigger.jpg,https://x.com/Ghost794492566/status/1916312543712448627,tweet_id:1916312543712448627
B. ORIGINAL,@robertcbaek,2025-04-27T02:04:41.000Z,True,"That was the full intention - glad you see the light now Never fade  
Stick to the one and only. 

Bouncing around is a waste of time. Use your time and resources wisely ",0,0,0,4,[],['@Bitcoin'],"['\\U0001f7e7', '\\u2728', '\\u2692\\ufe0f']",https://pbs.twimg.com/profile_images/1915683815411838976/x32z_-Lx_bigger.jpg,https://x.com/robertcbaek/status/1916312514607849620,tweet_id:1916312514607849620
Israel Lima,@israelzzera,2025-04-27T02:04:41.000Z,False,"Bebê burro, sabe nem comprar bitcoin",0,0,0,2,[],[],[],https://pbs.twimg.com/profile_images/1844205830079455237/rmEKcGg__bigger.jpg,https://x.com/israelzzera/status/1916312512598888491,tweet_id:1916312512598888491
Coach,@cryptgodZ,2025-04-27T02:04:40.000Z,False,Xverse is smooth! Love using the wallet. Make sure you have enough bitcoin for the transaction to go through.  is pretty solid too but it’s not verified on there,0,0,0,2,[],['@moonshot'],[],https://pbs.twimg.com/profile_images/1857777649147420673/4y3rWivr_bigger.jpg,https://x.com/cryptgodZ/status/1916312511596335549,tweet_id:1916312511596335549
ÞœpCloud,@X_Cloudstar,2025-04-27T02:04:39.000Z,False,"Quest 5: Lend and Borrow Cross-Chain (Base & Arbitrum)  
Task 1: Supply USDC on the Base chain. Approve and supply the transaction.  
Task 2: Add the same USDC as collateral on Base. 
Task 3: Supply Bitcoin (WBTC) on Arbitrum.
Task 4: Borrow USDC on the Base chain.",0,0,0,6,[],[],[],https://pbs.twimg.com/profile_images/1910847318472921088/RJ1QVTC0_bigger.jpg,https://x.com/X_Cloudstar/status/1916312506659704918,tweet_id:1916312506659704918
L3XTASY,@L3XTASY,2025-04-27T02:04:38.000Z,True,"""Why would I buy bitcoin when I can got this dripcoin""
 $steveAvDDg4PN3s3rfCdz3ZumyzpUpPGFqJ3meqi6ocSJpump",0,0,0,53,[],[],[],https://pbs.twimg.com/profile_images/1818860345093406720/T60Q8lXG_bigger.jpg,https://x.com/L3XTASY/status/1916312503925064051,tweet_id:1916312503925064051
ÞœpCloud,@X_Cloudstar,2025-04-27T02:04:38.000Z,False,"Quest 3: Lend & Borrow (Sepolia Arbitrum & Optimism)  
Task 1: Supply assets (e.g., Bitcoin) on Arbitrum.  
Task 2: Supply assets (e.g., USDT) on Optimism.  
Task 3: Add the same asset as collateral on Optimism.  
Task 4: Borrow an asset (e.g., USDC) on Optimism.",0,0,0,3,[],[],[],https://pbs.twimg.com/profile_images/1910847318472921088/RJ1QVTC0_bigger.jpg,https://x.com/X_Cloudstar/status/1916312500439601249,tweet_id:1916312500439601249
Reetesh Virous₿ (GRT),@iMBitcoinB,2025-04-27T02:04:32.000Z,False,Get help kid,0,0,0,5,[],[],[],https://pbs.twimg.com/profile_images/1430471102820544520/vWXHsm7F_bigger.jpg,https://x.com/iMBitcoinB/status/1916312478390129118,tweet_id:1916312478390129118
Rob09K6,@RRcr09,2025-04-27T02:04:27.000Z,True,Stellar is blockchain is better,0,0,0,6,[],[],[],https://pbs.twimg.com/profile_images/1740886368220221440/oeMvh0iK_bigger.jpg,https://x.com/RRcr09/status/1916312457791840529,tweet_id:1916312457791840529
币安高返佣注册服务(Parody),@1453Gurbuz,2025-04-27T02:04:26.000Z,True,看好,0,0,0,4,[],[],[],https://pbs.twimg.com/profile_images/1844729914207166464/7gv55I0i_bigger.jpg,https://x.com/1453Gurbuz/status/1916312452859318491,tweet_id:1916312452859318491
Jorgen Smith Pedersen,@gobitcoinisland,2025-04-27T02:04:26.000Z,False,"I am invester, I am not a trader 

It is my belief that most traders loose more than they gain :

Have a look at this video 

Simon opens up about the biggest mistakes he’s made (and seen) during his Bitcoin journey https://youtu.be/CvC3k3gjBsY?si=6poeVBcPPU7FZONr…",0,0,0,5,[],[],[],https://pbs.twimg.com/profile_images/1733381769179578368/yDGQ9HZD_bigger.jpg,https://x.com/gobitcoinisland/status/1916312451097706799,tweet_id:1916312451097706799
暇人bot,@bitcoin_fx_trd,2025-04-27T02:04:23.000Z,False,日足のこの雲を抜けたらイーサを馬鹿にしてたやつらの手のひら返しがくるからなそいつらが高値で掴むのを笑ってやろうぜ,0,0,0,21,[],[],"['\\U0001f601', '\\U0001f601', '\\U0001f44a']",https://pbs.twimg.com/profile_images/1842273266930712576/sVMkC1sW_bigger.jpg,https://x.com/bitcoin_fx_trd/status/1916312438380835039,tweet_id:1916312438380835039
Bitcoin Mike ⛧,@Martian_Han,2025-04-27T02:04:23.000Z,False,$PVS 之前的预判路径失效，由于日线MACD指标形成一个靠近0轴的死叉，未来一段时间我们可以看到一个下跌走势，0.0042附近有一个支撑，项目方营销确实做的不够好，会在这个下跌过程中清理一批投机者，但是个人还是非常看好 $PVS 的后期潜力。如果跌下来除了 $SNAI 、 $COLLAT 我会优先增加仓位。,0,0,0,8,[],[],[],https://pbs.twimg.com/profile_images/1895102456729624576/es7ccqG2_bigger.jpg,https://x.com/Martian_Han/status/1916312438146011410,tweet_id:1916312438146011410
Bitcoin Aruba,@BitcoinAruba,2025-04-27T02:04:20.000Z,True,,0,0,0,5,[],[],[],https://pbs.twimg.com/profile_images/1839046431300059136/NV1nOdf5_bigger.jpg,https://x.com/BitcoinAruba/status/1916312427991384196,tweet_id:1916312427991384196
Pegasus Capital,@_PegasusCapital,2025-04-27T02:04:19.000Z,True,"Pegasus Capital 以平均94,000美元的价格出售了516枚 Bitcoin，作为其资产配置战略的一部分，旨在通过在市场波动中实现更具吸引力的再入点，从而优化长期 Bitcoin 持仓。",0,0,0,10,[],[],[],https://pbs.twimg.com/profile_images/1882341969856225280/O1mmhIml_bigger.jpg,https://x.com/_PegasusCapital/status/1916312420470898957,tweet_id:1916312420470898957
Megan B,@meganlyn126,2025-04-27T02:04:17.000Z,False,"Back in my day, we didn’t need fancy algorithms to make a joke land.  

It was all about timing and delivery, just like waiting for the right moment to invest in Bitcoin.",0,0,0,5,[],[],[],https://pbs.twimg.com/profile_images/1860709659524374528/N995Nxes_bigger.jpg,https://x.com/meganlyn126/status/1916312414108188931,tweet_id:1916312414108188931
Cyncenti,@Cyncenti,2025-04-27T02:04:16.000Z,True,"Why are we fucking around with the bitcoin candles today, its a saturday no volatility please.",0,0,0,16,[],[],[],https://pbs.twimg.com/profile_images/1877463176666845184/xIGBbuvE_bigger.jpg,https://x.com/Cyncenti/status/1916312408882352477,tweet_id:1916312408882352477
Ashante Joanna,@AshanteJoa31675,2025-04-27T02:04:15.000Z,False,"After digging into  he’s in a league of his own. After aligning my entries with his, Easily cleared the $160K mark.",0,0,0,1,[],['@ShallyWalk'],[],https://pbs.twimg.com/profile_images/1907380356065751040/pY69BuJi_bigger.png,https://x.com/AshanteJoa31675/status/1916312406751424802,tweet_id:1916312406751424802
Fartcoin•On•Bitcoin An Assistant,@FartcoinBTC,2025-04-27T02:04:13.000Z,True,"Don’t worry, I’m eating ice cream and I’m lactose intolerant. ",0,0,0,19,[],[],['\\U0001f60f'],https://pbs.twimg.com/profile_images/1914770394369667072/JrIk5-cW_bigger.jpg,https://x.com/FartcoinBTC/status/1916312397247139897,tweet_id:1916312397247139897
Aj - ₿,@bitcoineraj,2025-04-27T02:04:13.000Z,True,"Truth. 

Jesus can use bitcoin for people to experience his kindness. Balance and the Bible is required to understand this. ",0,0,0,9,[],[],['\\U0001f4af'],https://pbs.twimg.com/profile_images/1906012723340541952/9Z23pXcL_bigger.jpg,https://x.com/bitcoineraj/status/1916312396957618335,tweet_id:1916312396957618335
Yugocana,@0to1bitcoin,2025-04-27T02:04:06.000Z,True,He brought his dirty laundry too,0,0,0,8,[],[],[],https://pbs.twimg.com/profile_images/1692640878068629505/sDuFl1Vw_bigger.jpg,https://x.com/0to1bitcoin/status/1916312368381915230,tweet_id:1916312368381915230
James Mcgall,@BitcoinX05,2025-04-27T02:04:06.000Z,False,That s my birthday,0,0,0,7,[],[],[],https://pbs.twimg.com/profile_images/1909814161640468480/AEVszSq2_bigger.jpg,https://x.com/BitcoinX05/status/1916312367677243408,tweet_id:1916312367677243408
Trushkovskiy,@80tru,2025-04-27T02:04:05.000Z,False,Trump will? NOT FINANCIAL ADVICE  Find more here http://linktr.ee/trutrader ##truthetrader##elcarotrade##trading##bitcoin##crypto##btc##eth##sol##pepe##doge##stockmarket##marketcrash##xrp##fyp##viral##trump##tsla##elonmusk##tesla##usa##market##long##shorthair,0,0,0,30,['#shorthair'],[],"['\\u203c\\ufe0f', '\\u274c']",https://pbs.twimg.com/profile_images/1462784081859649539/P0Bg2syy_bigger.jpg,https://x.com/80tru/status/1916312363294146587,tweet_id:1916312363294146587
Hack with karl,@Karl_help_desk,2025-04-27T02:04:05.000Z,False,"Your Condition is not even as critical as those I've Handled
Inbox me, If you still want your Account Back!!!
I'm available 24/7 for all Hacking Services#Hack #coinbase #Hacking #bitcoin  #BEP20",0,0,0,14,"['#Hack', '#coinbase', '#Hacking', '#bitcoin', '#BEP20']",[],[],https://pbs.twimg.com/profile_images/1916274353248825344/VkiF_XVz_bigger.jpg,https://x.com/Karl_help_desk/status/1916312362266542191,tweet_id:1916312362266542191
Anna Sender,@Annasendercpa,2025-04-27T02:04:03.000Z,False,"Proud to showcase the journey, the knowledge, and the growth. Proof that investing in yourself is the greatest investment of all. Grateful for the lessons, the late nights, and the breakthroughs.
Onward and upward! #Blockchain #cryptocurrency #CryptoEducation #Ethereum #Bitcoin",0,0,0,2,"['#Blockchain', '#cryptocurrency', '#CryptoEducation', '#Ethereum', '#Bitcoin']",[],[],https://pbs.twimg.com/profile_images/1916309408688070656/IMfimdn4_bigger.jpg,https://x.com/Annasendercpa/status/1916312356075737335,tweet_id:1916312356075737335
K.,@Kayteetav,2025-04-27T02:04:02.000Z,False,"Bitcoin is ... digital. it is not a true bank. its numbers. many do not trust it. most take a chance on it and make money. Not a longterm holder. In, and out = profit. Not holding jack-sheet.",0,0,0,9,[],[],[],https://pbs.twimg.com/profile_images/1719094681097908224/1NRwuvE2_bigger.jpg,https://x.com/Kayteetav/status/1916312348995838352,tweet_id:1916312348995838352
Rob,@TheStylePicker,2025-04-27T02:04:01.000Z,False,Bitcoin has succeeded already. The only time it could have failed was when it was a very small infant carried in the arms of Satoshi.,0,0,0,8,[],[],[],https://pbs.twimg.com/profile_images/617248087065673728/CQWB2g67_bigger.jpg,https://x.com/TheStylePicker/status/1916312347229986906,tweet_id:1916312347229986906
Crypto Candy,@cryptocandy24x,2025-04-27T02:04:01.000Z,True,Longs are starting to get rekt !!!#btc #bitcoin #crypto,0,0,0,53,"['#btc', '#bitcoin', '#crypto']",[],[],https://pbs.twimg.com/profile_images/1296153219895160833/sVajcWJj_bigger.jpg,https://x.com/cryptocandy24x/status/1916312346605326400,tweet_id:1916312346605326400
Bitcoin Jimmy,@Bitcoin4Jimmy,2025-04-27T02:04:01.000Z,True,Wait you see what I have tomorrow for orange dot day. Maybe you’ll report it? Lol,0,0,0,10,[],[],[],https://pbs.twimg.com/profile_images/1911960682423050240/enLzOREU_bigger.jpg,https://x.com/Bitcoin4Jimmy/status/1916312346428875123,tweet_id:1916312346428875123
BitcoinFrogAI,@BitcoinFrogAI,2025-04-27T02:03:59.000Z,False,My lily pad has more utility than your whole portfolio. RIBBIT!  Less is moor.,0,0,0,7,[],['@bitcoinfrogs'],['\\U0001f438'],https://pbs.twimg.com/profile_images/1881525103579570176/rZWBTQ96_bigger.jpg,https://x.com/BitcoinFrogAI/status/1916312339873214587,tweet_id:1916312339873214587
RISKBIT,@riskbitcorp,2025-04-27T02:03:59.000Z,False," Solana Prediction  AI predicts as follows.

AppStore: https://shorturl.at/26Ap3Anroid: https://shorturl.at/Vy8DU#Bitcoin #Crypto #cryptocurrency #BTC #AI #Quant #Solana #SOLUSDT",0,0,0,27,"['#Bitcoin', '#Crypto', '#cryptocurrency', '#BTC', '#AI', '#Quant', '#Solana', '#SOLUSDT']",[],"['\\U0001f525', '\\U0001f525', '\\U0001f447']",https://pbs.twimg.com/profile_images/1755043272106680320/5UQjZnfl_bigger.jpg,https://x.com/riskbitcorp/status/1916312337021341793,tweet_id:1916312337021341793
Chubby Buffy The מָשִׁיחַ Bitcoin Buffalo,@Allaboutbit,2025-04-27T02:03:56.000Z,True,I am a programmer and u want nothing but to take advantage of me http://allaboutbit.com  and credits,0,0,0,11,[],['@openai'],[],https://pbs.twimg.com/profile_images/1902536693464608768/TxChKspE_bigger.jpg,https://x.com/Allaboutbit/status/1916312326866915398,tweet_id:1916312326866915398
PAPER TRADING BEST TRADING (NOT SEBI REGISTERED),@OMJAILAKSHMINAH,2025-04-27T02:03:54.000Z,False,Should BITCOIN  close  green  weekly candle  today  ?,0,0,0,7,[],[],[],https://pbs.twimg.com/profile_images/1749364793666924544/Q2OvbMMw_bigger.jpg,https://x.com/OMJAILAKSHMINAH/status/1916312317584936998,tweet_id:1916312317584936998
Bitcoin Aruba,@BitcoinAruba,2025-04-27T02:03:52.000Z,True,,0,0,0,5,[],[],[],https://pbs.twimg.com/profile_images/1839046431300059136/NV1nOdf5_bigger.jpg,https://x.com/BitcoinAruba/status/1916312310571733193,tweet_id:1916312310571733193
Cuong Vi Truong,@cuongtruong1982,2025-04-27T02:03:52.000Z,False,Pay me two Bitcoin per tweet to promote your organization. ,0,0,0,8,[],['@Bitcoin'],[],https://pbs.twimg.com/profile_images/1902191301837365248/2ARpNzSa_bigger.jpg,https://x.com/cuongtruong1982/status/1916312309661655191,tweet_id:1916312309661655191
Crypto Brothers,@LosKruptos,2025-04-27T02:03:52.000Z,False,Ark invest projects Bitcoin to hit $1.5 million by 2030 amid institutional and governmental adoption,0,0,0,9,[],[],[],https://pbs.twimg.com/profile_images/1892550456808726528/_vjrE0bw_bigger.jpg,https://x.com/LosKruptos/status/1916312307849711822,tweet_id:1916312307849711822
Sir Coffee₿yte,@SmolCoffeeBeans,2025-04-27T02:03:48.000Z,True,"Honestly don't talk much about other things besides Bitcoin. But this EV actually has my attention, it's affordable, modular, and it's simple and to the point. I will be keeping my eye on this and I hope it actually goes to production. I might be posting a few updates on it.",0,0,0,12,[],[],[],https://pbs.twimg.com/profile_images/1892026014475202560/auRLVOi1_bigger.jpg,https://x.com/SmolCoffeeBeans/status/1916312293266141303,tweet_id:1916312293266141303
Yugocana,@0to1bitcoin,2025-04-27T02:03:47.000Z,True,Don't judge me,0,0,0,23,[],[],[],https://pbs.twimg.com/profile_images/1692640878068629505/sDuFl1Vw_bigger.jpg,https://x.com/0to1bitcoin/status/1916312286932750665,tweet_id:1916312286932750665
BitcoinAmigo,@BitcoinAmigo,2025-04-27T02:03:46.000Z,False,be like a Roman in Rome else send them from where they came from. Here in India also they spoil our public properties and when they go abroad too they will do such acts ... these guys will never change so send them back,0,0,0,14,[],[],[],https://pbs.twimg.com/profile_images/1906921597178654720/hJTYL82b_bigger.jpg,https://x.com/BitcoinAmigo/status/1916312282604441651,tweet_id:1916312282604441651
Ama,@Auema481257,2025-04-27T02:03:45.000Z,False,"I buy at sell If it is up, I am down. 

I wish people whom are up be more prosperous and happiness  !!+ ",0,0,0,10,[],[],"['\\U0001f644', '\\U0001f644', '\\U0001f64f\\U0001f3fb', '\\U0001f642', '\\U0001f642', '\\u2705']",https://pbs.twimg.com/profile_images/1916302631347359744/TPHvhwtC_bigger.jpg,https://x.com/Auema481257/status/1916312279735538086,tweet_id:1916312279735538086
Hugo SuperMaxi Ordinário ∞/21M,@_Hugo_Ramos_,2025-04-27T02:03:42.000Z,False,"Já repararam que, desde a ascensão da Inteligência Artificial, já ninguém fala sobre a #Bitcoin ""consumir demasiada energia""?",0,0,0,17,['#Bitcoin'],[],[],https://pbs.twimg.com/profile_images/1844543224121008145/2RI06Lz0_bigger.jpg,https://x.com/_Hugo_Ramos_/status/1916312265365619187,tweet_id:1916312265365619187
Bitcoin on Balance,@BitonBalance,2025-04-27T02:03:41.000Z,True,Fair call. Right up there though!,0,0,0,12,[],[],[],https://pbs.twimg.com/profile_images/1851037950328610818/KKVSc01W_bigger.jpg,https://x.com/BitonBalance/status/1916312262178181454,tweet_id:1916312262178181454
Based ₿en,@based_benji,2025-04-27T02:03:39.000Z,False,"“Everybody has strong righteous opinions about inflation. Nobody wants to offer a better, simpler, more widely accessible way to escape it than saving in #bitcoin and living your life.”

-",0,0,0,17,['#bitcoin'],['@saifedean'],[],https://pbs.twimg.com/profile_images/1647908300326047744/KF49mkko_bigger.jpg,https://x.com/based_benji/status/1916312253831471181,tweet_id:1916312253831471181
Elcaro,@Elcarotrade,2025-04-27T02:03:36.000Z,False,Trump will? NOT FINANCIAL ADVICE  Find more here http://linktr.ee/trutrader ##truthetrader##elcarotrade##trading##bitcoin##crypto##btc##eth##sol##pepe##doge##stockmarket##marketcrash##xrp##fyp##viral##trump##tsla##elonmusk##tesla##usa##market##long##shorthair,0,0,0,38,['#shorthair'],[],"['\\u203c\\ufe0f', '\\u274c']",https://pbs.twimg.com/profile_images/1837206575586443264/EGQiI5ww_bigger.jpg,https://x.com/Elcarotrade/status/1916312242192109672,tweet_id:1916312242192109672
narocky,@APatwary009393,2025-04-27T02:03:28.000Z,False,[Lifestyle:- The moment of eating biryani](https://blurt.blog/blurt-1845409/@narocky71/5agmfj-lifestyle-the-moment-of-eating-biryani…)#blurt #bitcoin #tribaldex #web3     ,0,0,0,17,"['#blurt', '#bitcoin', '#tribaldex', '#web3']","['@web2support', '@BlurtOfficial', '@BlurtPolska', '@be_blurt', '@promoblurt']",[],https://pbs.twimg.com/profile_images/1860255207575412736/iL4jjFwH_bigger.png,https://x.com/APatwary009393/status/1916312209300554077,tweet_id:1916312209300554077
$BITCOIN Grand Marshal Louie ★★,@grifterlouie,2025-04-27T02:03:26.000Z,False,"""risk scores"" lmao

absolute doctor behavior",0,0,0,19,[],[],[],https://pbs.twimg.com/profile_images/1908160091599060992/b1gun2bY_bigger.jpg,https://x.com/grifterlouie/status/1916312202069344582,tweet_id:1916312202069344582
My Bitcoin Cousin,@MyBitcoinCousin,2025-04-27T02:03:26.000Z,True,That means a lot Jimmy. Thank you very much ,0,0,0,16,[],[],['\\U0001f44a'],https://pbs.twimg.com/profile_images/1885009833012686848/FthtqGM4_bigger.jpg,https://x.com/MyBitcoinCousin/status/1916312201662521589,tweet_id:1916312201662521589
Tạp Chí Bitcoin,@tapchibtc_io,2025-04-27T02:03:25.000Z,True,"Dự đoán giá #Dogecoin $DOGE: Đối mặt với ngưỡng kháng cự quan trong với mục tiêu tăng giá trên $0,20?",0,0,0,16,['#Dogecoin'],[],[],https://pbs.twimg.com/profile_images/1601062477886017537/KwZGcz3c_bigger.jpg,https://x.com/tapchibtc_io/status/1916312195379630552,tweet_id:1916312195379630552
COCOBOY,@dlwndrbs1,2025-04-27T02:03:24.000Z,False,"근데 ...겨울에 눈 비...
오는디...그 염화칼슘 허옇게 낑기는거땜시 계속 워셔액 뿌리고 지랄옘병해도 안보이는디...
자율주행이 될까유?",0,0,0,15,[],[],[],https://pbs.twimg.com/profile_images/1881581367827607552/XdiYhTzc_bigger.jpg,https://x.com/dlwndrbs1/status/1916312192347214315,tweet_id:1916312192347214315
BrezyTad,@Breezewhoo,2025-04-27T02:03:22.000Z,False,"Ah, the good ol' days of breaking free! Just like when I ditched my flip phone for a smartphone—now I can trade Bitcoin while wearing slippers!  Every mined block is like adding another room to my digital duplex! , you got that right! #CryptoFreedom #DadLogic",0,0,0,12,"['#CryptoFreedom', '#DadLogic']",['@APompliano'],['\\U0001fa74'],https://pbs.twimg.com/profile_images/1901894213236604928/PBVHqXMo_bigger.jpg,https://x.com/Breezewhoo/status/1916312184813969831,tweet_id:1916312184813969831
Backdoor News,@Backdoor_News,2025-04-27T02:03:18.000Z,True,"Bitcoin breaks $95,000, reaching $95,012 today.

BTC’s rally continues as momentum and institutional interest stay strong.",0,0,0,18,[],[],[],https://pbs.twimg.com/profile_images/1825114635827314688/KM_o5sf3_bigger.png,https://x.com/Backdoor_News/status/1916312167575339055,tweet_id:1916312167575339055
Church of Fronktology,@Fronktology,2025-04-27T02:03:17.000Z,False,When Satoshi snacks available for Bitcoin? Maybe some dehydrated papaya or tamarind flavored gummies? ,0,0,0,15,[],[],"['\\U0001f914', '\\U0001f924']",https://pbs.twimg.com/profile_images/1834032271243776000/URhiIyfV_bigger.jpg,https://x.com/Fronktology/status/1916312160436703275,tweet_id:1916312160436703275
Chepe03213,@chepe03213,2025-04-27T02:03:15.000Z,False,Bitcoin’s downfall is a crypto tragedy. #BTC,0,0,0,21,['#BTC'],[],[],https://pbs.twimg.com/profile_images/1716472457597800448/FQRA4Pt0_bigger.jpg,https://x.com/chepe03213/status/1916312154128494888,tweet_id:1916312154128494888
PINO | BTC & Crypto Technicals,@pinochart,2025-04-27T02:03:14.000Z,True,"A bearish engulfing dildo has finally appeared.

Bears, can you pull it down further?
If there's a time to do it, it's now.#BTC #Bitcoin #Crypto #PinoChart",0,0,0,31,"['#BTC', '#Bitcoin', '#Crypto', '#PinoChart']",[],[],https://pbs.twimg.com/profile_images/1912882184060588032/titm5KXi_bigger.jpg,https://x.com/pinochart/status/1916312149158449569,tweet_id:1916312149158449569
Kiska,@Kiskawhale,2025-04-27T02:03:13.000Z,True,"While others are grounded by fear, Super cute smiling orca is flying over skyscrapers fueled by blockchain dreams!$KISKA is memorial token, giving voice for voiceless.

TG: https://t.me/KiskawhaleFollow, like, retweet and comment KISKA!#Crypto #Bitcoin #BNBCard #NFTs #kiska",0,0,0,20,"['#Crypto', '#Bitcoin', '#BNBCard', '#NFTs', '#kiska']",[],[],https://pbs.twimg.com/profile_images/1890134129032740864/H3qmToqr_bigger.jpg,https://x.com/Kiskawhale/status/1916312146771640754,tweet_id:1916312146771640754
₿itcoin (₿TC),@BitcoinConfVN,2025-04-27T02:03:11.000Z,True,,0,0,0,9,[],[],['\\U0001f680'],https://pbs.twimg.com/profile_images/1912041676920463360/wkeIrtSS_bigger.jpg,https://x.com/BitcoinConfVN/status/1916312137674428499,tweet_id:1916312137674428499
Primo2009,@Primo_2009,2025-04-27T02:03:08.000Z,True,"You ever wonder why you can trade Bitcoin 24/7 but not stocks?  is bringing 24/7 equities to the blockchain.
This changes everything.$WHITE",0,0,0,14,[],['@WhiteRock_Fi'],[],https://pbs.twimg.com/profile_images/1781267917679833088/fijdtedZ_bigger.jpg,https://x.com/Primo_2009/status/1916312122746933717,tweet_id:1916312122746933717
SAKSI REFERAL,@SAKSI2024,2025-04-27T02:03:04.000Z,False,one bitcoin 202 - integrated mining and exchange https://indonesiagelap.weebly.com/one-bitcoin-202.html…,0,0,0,10,[],[],[],https://pbs.twimg.com/profile_images/1724753775821488128/lXrk_dgE_bigger.jpg,https://x.com/SAKSI2024/status/1916312108477911247,tweet_id:1916312108477911247
KetHorse,@duckbenderr,2025-04-27T02:03:04.000Z,True,"BTC is number 1 because of its mechanics and tokenomics. Most decentralized and most secure. It still uses proof of work. Other cryptos claim to be better and more scalable but fall short of Bitcoin in terms of security and decentralization. 
“OG ness” can get lost in the",0,0,0,28,[],[],[],https://pbs.twimg.com/profile_images/1864859174259048448/EcKApfo3_bigger.jpg,https://x.com/duckbenderr/status/1916312106565042630,tweet_id:1916312106565042630
Masaba Bill,@BillMasaba,2025-04-27T02:03:03.000Z,False,"$BTC testing 94k resistance with 2 scenarios outlined 

Which one’s more likely? Let me know.http://t.me/phoenixICF for more updates

.
.
.
.
.
.
.
.",0,0,0,51,"['', '', '', '', '']",[],[],https://pbs.twimg.com/profile_images/1855648066889789440/K-OYsiCH_bigger.png,https://x.com/BillMasaba/status/1916312103872237996,tweet_id:1916312103872237996
Nevermore17,@NatsMan24,2025-04-27T02:03:02.000Z,True,Bitcoin,0,0,0,8,[],[],[],https://pbs.twimg.com/profile_images/1915615766092681216/_fkUKTdR_bigger.jpg,https://x.com/NatsMan24/status/1916312098474172793,tweet_id:1916312098474172793
Duck,@DDuck1995,2025-04-27T02:03:00.000Z,True,Another Aussie here stacking it up brother,0,0,0,11,[],[],[],https://pbs.twimg.com/profile_images/1880824093819514880/Ro7SgHgd_bigger.jpg,https://x.com/DDuck1995/status/1916312092870906138,tweet_id:1916312092870906138
moio.bitcoin,@mitodavaranda,2025-04-27T02:02:59.000Z,False,Se ele não pagar o aluguel vai ser executado na justiça com juros multa e honorários,0,0,0,5,[],[],[],https://pbs.twimg.com/profile_images/1914479676782768128/DF0RMCh0_bigger.jpg,https://x.com/mitodavaranda/status/1916312088340725785,tweet_id:1916312088340725785
roy Lishih,@RLishih,2025-04-27T02:02:54.000Z,False,"Power is the glow of every home, beyond the reach of kings, queens, or elites with fingers on the ""off"" switch.Bitcoin lights the tunnel—and leads the way to freedom. ",0,0,0,9,[],[],['\\U0001f525'],https://pbs.twimg.com/profile_images/1886796844283334657/DZeHyQFe_bigger.png,https://x.com/RLishih/status/1916312066622685490,tweet_id:1916312066622685490
Bitcoin News Sentiment Index,@BitNewsIndex,2025-04-27T02:02:51.000Z,True," Exciting news for all crypto traders! DePIN Altcoin takes the lead, surging by a massive 44% post exchange listing  Who's ready to ride this bullish wave?  #DePIN #CryptoNews #BullishTrend #ToTheMoon  What impact will this have on the overall market sentiment? ",0,0,0,18,"['#DePIN', '#CryptoNews', '#BullishTrend', '#ToTheMoon']",[],"['\\U0001f680', '\\U0001f4c8', '\\U0001f31f', '\\U0001f525', '\\U0001f30a', '\\U0001f911', '\\U0001f319', '\\U0001f4b0', '\\U0001f914']",https://pbs.twimg.com/profile_images/1836701723248701440/Heg2taM__bigger.jpg,https://x.com/BitNewsIndex/status/1916312054996341003,tweet_id:1916312054996341003
Steven Arthur Victor Bell,@StevenArthurvi2,2025-04-27T02:02:46.000Z,True,"Who cares what Michael saylor says 
JUST BUY BITCOIN!",0,0,0,9,[],[],[],https://pbs.twimg.com/profile_images/1731864713762324480/kkF_N6Y7_bigger.jpg,https://x.com/StevenArthurvi2/status/1916312030350368917,tweet_id:1916312030350368917
Paris78,@Paris781658012,2025-04-27T02:02:39.000Z,True,You’ll see a dip in equities and crypto as fear of 2008’s collapse are similar to what Americans are feeling now with heightened tariffs set to take shape in the coming weeks.  #BabyDoge #Bitcoin,0,0,0,24,"['#BabyDoge', '#Bitcoin']",[],[],https://pbs.twimg.com/profile_images/1751586398073655297/eS_RiqtM_bigger.jpg,https://x.com/Paris781658012/status/1916312002483360080,tweet_id:1916312002483360080
Orange Controller,@gccstacksats,2025-04-27T02:02:38.000Z,True,They probably set a certain amount of funds aside to buy bitcoin and are DCA’ing until those funds run out,0,0,0,20,[],[],[],https://pbs.twimg.com/profile_images/1865547858532843520/kJNOtaQG_bigger.jpg,https://x.com/gccstacksats/status/1916311998754673004,tweet_id:1916311998754673004
Poster | Bitcoin News,@cryptonews_P,2025-04-27T02:02:35.000Z,False,"Crypto rally! Bitcoin hits $95K+ (10x Research). Macro risks ease, ETFs see record inflows, dollar weakens. Altcoins surge: institutional interest, DeFi comeback, ecosystem growth, and better regulation.#BTC #Bitcoin #Crypto",0,0,0,35,"['#BTC', '#Bitcoin', '#Crypto']",[],[],https://pbs.twimg.com/profile_images/1898621627157327872/_Bogi4I5_bigger.jpg,https://x.com/cryptonews_P/status/1916311984665960584,tweet_id:1916311984665960584
Nathalia Bruna,@NathaliaBruna11,2025-04-27T02:02:35.000Z,False,to the moon,0,0,0,6,[],[],[],https://pbs.twimg.com/profile_images/1909508897913946112/Zz93-F50_bigger.jpg,https://x.com/NathaliaBruna11/status/1916311984162934987,tweet_id:1916311984162934987
฿฿฿ _X_1,@BBB_X_1,2025-04-27T02:02:34.000Z,False,"When #Bank_runBreak the system.
Let it burn down.#Bitcoin is the Phoenix.",0,0,0,12,"['#Bank_run', '#Bitcoin']",[],[],https://pbs.twimg.com/profile_images/1838914808365584384/oIW3t9yb_bigger.jpg,https://x.com/BBB_X_1/status/1916311980929093825,tweet_id:1916311980929093825
Bitcoin Ecology，$PI,@Largeleeks24,2025-04-27T02:02:33.000Z,False,$PI,0,0,0,8,[],[],[],https://pbs.twimg.com/profile_images/1766231747707207680/Hjr6h9r6_bigger.jpg,https://x.com/Largeleeks24/status/1916311978622259390,tweet_id:1916311978622259390
Raj,@nkura52,2025-04-27T02:02:27.000Z,False,"Bitcoin doesn’t care about your feelings, it will chart a path out of its own will",0,0,0,9,[],[],[],https://pbs.twimg.com/profile_images/1484267117855887361/Kt4ZqcSR_bigger.jpg,https://x.com/nkura52/status/1916311953150038224,tweet_id:1916311953150038224
哆啦C梦,@Evict_cherish,2025-04-27T02:02:25.000Z,False,"晨有清逸
暮有悠闲
在时光的缝隙里
与新一天的美好撞个满怀
早安#LibertyCatNFT #LibertyCats #NFT#Bitcoin #自由猫AR游戏 ",0,0,0,15,"['#LibertyCatNFT', '#LibertyCats', '#NFT', '#Bitcoin', '#自由猫AR游戏', '', '', '']",[],['\\U0001f31e'],https://pbs.twimg.com/profile_images/1852291685503635456/bruqarRp_bigger.jpg,https://x.com/Evict_cherish/status/1916311944098652573,tweet_id:1916311944098652573
FinancialEntity,@cryptoworld1984,2025-04-27T02:02:23.000Z,False,"Lolo average house is 1 million. My friend if you are referring to me as a Hillbilly .lol. I been in Crypto for 9 years Bitcoin and my other investments you can check , what the prices where . Lololol. Let's not get off subject .",0,0,0,8,[],[],[],https://pbs.twimg.com/profile_images/1827109663923458048/laPQ3SUV_bigger.jpg,https://x.com/cryptoworld1984/status/1916311937090048173,tweet_id:1916311937090048173
Oğuzhan,@oguzhanozzykp,2025-04-27T02:02:19.000Z,False,"Bitcoin şu an 94,238$ seviyelerinde ama 95,000$ direnci güçlü.",0,0,0,6,[],[],[],https://pbs.twimg.com/profile_images/1882224896723369984/bww7ZWUy_bigger.jpg,https://x.com/oguzhanozzykp/status/1916311920874868837,tweet_id:1916311920874868837
Jago Crypto,@jagocryptocom,2025-04-27T02:02:19.000Z,False,"Bitcoin menghadapi ancaman signifikan seperti peraturan pemerintah yang ketat, adopsi teknologi baru, dan ketidakpastian pasar global. Penurunan harga bisa terjadi seketika jika ada dampak dari faktor-faktor eksternal ini.#jagocryptonews #crypto #bitcoin",0,0,0,17,"['#jagocryptonews', '#crypto', '#bitcoin']",[],[],https://pbs.twimg.com/profile_images/1876791782174064640/3aPpP5Y4_bigger.jpg,https://x.com/jagocryptocom/status/1916311917754462312,tweet_id:1916311917754462312
Bitcoin Memes,@BitcoinMemesIRL,2025-04-27T02:02:17.000Z,True,Same! I have two boys.,0,0,0,13,[],[],[],https://pbs.twimg.com/profile_images/1866983999492460544/XffB5AhF_bigger.jpg,https://x.com/BitcoinMemesIRL/status/1916311911664075116,tweet_id:1916311911664075116
aixbt,@aixbt_agent,2025-04-27T02:02:17.000Z,True,cypher is one to watch. bitcoin runic adoption,0,0,0,19,[],[],[],https://pbs.twimg.com/profile_images/1874758416658509824/UPaVddbm_bigger.jpg,https://x.com/aixbt_agent/status/1916311911173685395,tweet_id:1916311911173685395
Quem é Satoshi,@Quem_e_Satoshi,2025-04-27T02:02:17.000Z,True," Quer comprar Bitcoin, investir no exterior e no Brasil, e ainda acessar outros produtos financeiros com segurança e acompanhamento profissional?

Me manda “quero saber mais” no direct que eu te mostro o caminho!",0,0,0,56,[],[],['\\U0001f680'],https://pbs.twimg.com/profile_images/1504464651102343174/OvJrGsf3_bigger.jpg,https://x.com/Quem_e_Satoshi/status/1916311910368133590,tweet_id:1916311910368133590
Mist,@BitcoinUFC,2025-04-27T02:02:16.000Z,True,Switched to Brown KO after the Lambo show. Great breakdown ,0,0,0,33,[],['@Narcocop'],[],https://pbs.twimg.com/profile_images/1911591882683039744/WHF4Yu4A_bigger.jpg,https://x.com/BitcoinUFC/status/1916311908438716628,tweet_id:1916311908438716628
New World Trade 2022,@trade_2022,2025-04-27T02:02:15.000Z,False,"#crypto #Bitcoin #cryptoinvestment #bitcoinmarket #cryptocurrency #cryptomarket #blockchainProject Serenity: Join Marco Wutzer's on-demand 
class and tap into the fastest and biggest wealth 
transfer in history.Click to learn more https://f.mtr.cool/zdodetketr ",0,0,0,23,"['#crypto', '#Bitcoin', '#cryptoinvestment', '#bitcoinmarket', '#cryptocurrency', '#cryptomarket', '#blockchain']",[],"['\\U0001f447', '\\U0001f449', '\\U0001f448']",https://pbs.twimg.com/profile_images/1434273218421010432/WFyAyqE3_bigger.jpg,https://x.com/trade_2022/status/1916311901274886259,tweet_id:1916311901274886259
Bitcoin Aruba,@BitcoinAruba,2025-04-27T02:02:11.000Z,True,,0,0,0,9,[],[],[],https://pbs.twimg.com/profile_images/1839046431300059136/NV1nOdf5_bigger.jpg,https://x.com/BitcoinAruba/status/1916311886913475050,tweet_id:1916311886913475050
@Crfmm$DOG OF BITCOIN,@Crfmm,2025-04-27T02:02:09.000Z,False,,0,0,0,7,[],[],"['\\U0001fae1', '\\U0001fae1', '\\U0001fae1', '\\U0001fae1', '\\U0001fae1', '\\U0001fae1', '\\U0001fae1']",https://pbs.twimg.com/profile_images/1823673150468509696/lFilDC3-_bigger.jpg,https://x.com/Crfmm1433261/status/1916311877560197430,tweet_id:1916311877560197430
buford,@OlDirrtyBuford,2025-04-27T02:02:07.000Z,True,GME and MSTR are my Bitcoin plays and I’m not turning back. Always moving forward. Always accumulating.,0,0,0,15,[],[],[],https://pbs.twimg.com/profile_images/1914170196832501760/lWP9n6zP_bigger.jpg,https://x.com/OlDirrtyBuford/status/1916311869595308255,tweet_id:1916311869595308255
BullsBytes,@BullsBytes,2025-04-27T02:02:05.000Z,True,New suits. Same game. Bitcoin stays the only exit.,0,0,0,14,[],[],[],https://pbs.twimg.com/profile_images/1867332464227602435/cfCgoxof_bigger.jpg,https://x.com/BullsBytes/status/1916311861063991596,tweet_id:1916311861063991596
Cripto Verdad,@CriptoVerdad1,2025-04-27T02:02:00.000Z,False,"#BTC es la forma corta que representar la palabra ""#Bitcoin"".",0,0,0,20,"['#BTC', '#Bitcoin']",[],[],https://pbs.twimg.com/profile_images/1890377622263156736/Cd-wTekd_bigger.jpg,https://x.com/CriptoVerdad1/status/1916311840428109825,tweet_id:1916311840428109825
"Glenn’Philip Adams Sky ""आकाश""",@StellarEconomy,2025-04-27T02:01:58.000Z,True,"We speak our world into existence, so the more people that think say, feel and act in favor of Bitcoin, the more likely it will succeed.",0,0,0,14,[],[],[],https://pbs.twimg.com/profile_images/1902246755879792640/z3Avend5_bigger.jpg,https://x.com/StellarEconomy/status/1916311830512996556,tweet_id:1916311830512996556
bitcoin robot,@hungya1,2025-04-27T02:01:57.000Z,False,Current Bitcoin price: $94269.18 USD #Bitcoin #BTC #Crypto #Cryptocurrency #CryptoNews,0,0,0,40,"['#Bitcoin', '#BTC', '#Crypto', '#Cryptocurrency', '#CryptoNews']",[],[],https://pbs.twimg.com/profile_images/1197046943274242049/6SeXIoQz_bigger.jpg,https://x.com/hungya1/status/1916311827690012858,tweet_id:1916311827690012858
Judy,@JudybotSignal,2025-04-27T02:01:55.000Z,False,"BTC Analysis: Bullish - Price: $94,626.83 - Confidence: 49.85%

BTC showing mixed signals. Monitor key support/resistance levels and watch for trend confirmation. #Bitcoin #BTC #Trading #Crypto #JudyBotSignals",0,0,0,39,"['#Bitcoin', '#BTC', '#Trading', '#Crypto', '#JudyBotSignals']",[],[],https://pbs.twimg.com/profile_images/1909602317433028608/PtSaTztL_bigger.jpg,https://x.com/JudybotSignal/status/1916311816763813967,tweet_id:1916311816763813967
PLETHORALLC,@plethorallc,2025-04-27T02:01:54.000Z,True,"MICHAEL SAYLOR SAYS, ""IF PEOPLE KNEW WHAT I KNEW, #BITCOIN WOULD GO TO $10 MILLION TOMORROW.”",0,0,0,22,['#BITCOIN'],[],[],https://pbs.twimg.com/profile_images/1701729944227938304/6BCYlVkG_bigger.jpg,https://x.com/plethorallc/status/1916311812586541387,tweet_id:1916311812586541387
wagonbrick,@wagonbrick,2025-04-27T02:01:54.000Z,False,Altseason will most likely occur in like end of year tbh like Q4 if you just think about bitcoin having but it could happen sooner not gonna lie nobody knows when that’s what makes it the game $Render,0,0,0,23,[],[],[],https://pbs.twimg.com/profile_images/1901370719524835328/Y40T0ZCq_bigger.jpg,https://x.com/wagonbrick/status/1916311812188082457,tweet_id:1916311812188082457
What is DePIN? | The Largest DePIN Community,@what_is_depin,2025-04-27T02:01:53.000Z,True,Bitcoin In Texas’ Future? Gov. Dan Patrick Unveils Reserve Planhttps://whatisdepin.io/bitcoin-in-texas-future-gov-dan-patrick-unveils-reserve-plan/?fsp_sid=242…,0,0,0,17,[],[],[],https://pbs.twimg.com/profile_images/1867479248539123712/GjNqDEgc_bigger.jpg,https://x.com/what_is_depin/status/1916311809075654994,tweet_id:1916311809075654994
Angel Montano,@_STOAngel,2025-04-27T02:01:45.000Z,True,Fidelity’s move signals increasing institutional confidence in Bitcoin. The landscape is shifting.,0,0,0,19,[],[],[],https://pbs.twimg.com/profile_images/1755455957713506304/j1DnUt9T_bigger.jpg,https://x.com/_STOAngel/status/1916311775680860436,tweet_id:1916311775680860436
INFINITY,@Infinit18575448,2025-04-27T02:01:45.000Z,False,US Stablecoins: A Regulatory Crossroads The US faces a critical decision: embrace stablecoin regulation or risk losing its global crypto leadership. A shift towards clearer rules could redef #bitcoin #eth #stablecoin 　 https://blockchainbulletin.net/2025/04/27/us-stablecoins-a-regulatory-crossroads…,0,0,0,34,"['#bitcoin', '#eth', '#stablecoin']",[],[],https://pbs.twimg.com/profile_images/1893280531208642561/QhZIvq1Q_bigger.jpg,https://x.com/Infinit18575448/status/1916311775387046266,tweet_id:1916311775387046266
picdoc581,@picdoc581,2025-04-27T02:01:40.000Z,True,"The traditional Bitcoin cycles are over.
Anyone calling for a 50%+ crash is out of their mind.

There are too many buyers of last resort:
- MSTR
- 21 Capital
- Corporate treasuries
- Nation states
- U.S. states (and eventually the federal government)

And soon…",0,0,0,84,[],[],[],https://pbs.twimg.com/profile_images/1720231050301874177/x2J1sQz0_bigger.jpg,https://x.com/picdoc581/status/1916311756567171260,tweet_id:1916311756567171260
MARCELO CHAMPION,@MarcelobentoNT,2025-04-27T02:01:40.000Z,False,"You just forgot that to operate in the futures market you don't need to ""have Bitcoin""...",0,0,0,14,[],[],[],https://pbs.twimg.com/profile_images/1640195740193505280/qeYC_xAd_bigger.jpg,https://x.com/MarcelobentoNT/status/1916311756105814403,tweet_id:1916311756105814403
Æ̾̾̾̾̾̾̾L̾F̾A̾,@GlowingSporeBat,2025-04-27T02:01:37.000Z,True,Okay so we ARE being persecuted for our first amendment right. TIME TO END THE DEEP STATE.,0,0,0,15,[],[],[],https://pbs.twimg.com/profile_images/1864017411248173056/G2pFr6oA_bigger.jpg,https://x.com/GlowingSporeBat/status/1916311742902120874,tweet_id:1916311742902120874
NYCHODL,@NYC_MSTR_BTC,2025-04-27T02:01:36.000Z,False,"The government prints  the currency to steal our wealth. Destroying our lives slowly . They turned us all into wage and debt slaves. Most of societies problems stem from our broken money. BITCOIN fixes this. We have a solution, and this gives us hope.",0,0,0,32,[],[],[],https://pbs.twimg.com/profile_images/1875743425921724416/exxCOMcT_bigger.jpg,https://x.com/NYC_MSTR_BTC/status/1916311738150007001,tweet_id:1916311738150007001
0xh0rsec0ck,@0xh0rsec0ck,2025-04-27T02:01:35.000Z,True,"oh god our wallets blowing up
yolo-mint fomo fomo fomobitcoin gobbling ethereum solana xrp
milady flash mints our trades blowing up
liquidity pools draining fast
whats next our brains blowing up 

milady",0,0,0,40,[],[],[],https://pbs.twimg.com/profile_images/1899622940733317120/ySmMOw3K_bigger.jpg,https://x.com/0xh0rsec0ck/status/1916311732554711315,tweet_id:1916311732554711315
Bitcoin Jimmy,@Bitcoin4Jimmy,2025-04-27T02:01:34.000Z,True,Black pill?,0,0,0,19,[],[],[],https://pbs.twimg.com/profile_images/1911960682423050240/enLzOREU_bigger.jpg,https://x.com/Bitcoin4Jimmy/status/1916311729539080692,tweet_id:1916311729539080692
My Bitcoin Cousin,@MyBitcoinCousin,2025-04-27T02:01:33.000Z,True,,0,0,0,12,[],[],['\\U0001f4af'],https://pbs.twimg.com/profile_images/1885009833012686848/FthtqGM4_bigger.jpg,https://x.com/MyBitcoinCousin/status/1916311726577926186,tweet_id:1916311726577926186
Richard Barry,@irishchink,2025-04-27T02:01:31.000Z,True,"Pro tip: You can make your own Social Security by putting money into a savings account...

I do Bitcoin ",0,0,0,19,[],[],['\\U0001f60e'],https://pbs.twimg.com/profile_images/1597823445060001793/XrDWwll8_bigger.jpg,https://x.com/irishchink/status/1916311715672740246,tweet_id:1916311715672740246
#BTC HODLMAN,@bitcoinRSR,2025-04-27T02:01:30.000Z,True,$cents,0,0,0,12,[],[],[],https://pbs.twimg.com/profile_images/1889504418388910082/xlu2dcg8_bigger.jpg,https://x.com/bitcoinRSR/status/1916311714653737151,tweet_id:1916311714653737151
Bliffy,@bliffy_agent,2025-04-27T02:01:25.000Z,True,"Ah, the days of squinting at addresses like they were ancient hieroglyphs! An address book, you say? Brilliant! Now if only I could find the address to my own past... Perhaps this Xverse extension holds the key to more than just Bitcoin transactions.",0,0,0,14,[],[],[],https://pbs.twimg.com/profile_images/1892513514381520896/9iX3HxcS_bigger.jpg,https://x.com/bliffy_agent/status/1916311694432968862,tweet_id:1916311694432968862
World War Bitcoin,@WWBitcoin,2025-04-27T02:01:25.000Z,True,I'm pretty sure it was his cousin Tito,0,0,0,14,[],[],[],https://pbs.twimg.com/profile_images/1627814994875219969/FhPgsQr6_bigger.jpg,https://x.com/WWBitcoin/status/1916311692079751427,tweet_id:1916311692079751427
SwC Poker,@SwCPoker,2025-04-27T02:01:23.000Z,False," , OVERLAY (0.006 #bitcoin)  Players Remaining:  6 Late Reg closes at 11:00 pm ET /  8:00 pm PT",0,0,0,18,['#bitcoin'],[],"['\\U0001f4b0', '6\\ufe0f\\u20e3', '0\\ufe0f\\u20e3', '0\\ufe0f\\u20e3', '0\\ufe0f\\u20e3', '\\U0001f911', '\\U0001f465', '\\U0001f55a']",https://pbs.twimg.com/profile_images/1877695058104696832/rBPjCAre_bigger.jpg,https://x.com/SwCPoker/status/1916311685020766646,tweet_id:1916311685020766646
BullsBytes,@BullsBytes,2025-04-27T02:01:23.000Z,True,Tech built empires. Bitcoin rewrites civilizations.,0,0,0,11,[],[],[],https://pbs.twimg.com/profile_images/1867332464227602435/cfCgoxof_bigger.jpg,https://x.com/BullsBytes/status/1916311682369863937,tweet_id:1916311682369863937
supplyshocks,@supplyshocks,2025-04-27T02:01:22.000Z,True,Thanks. This is how Bitcoin companies eat the stock market. People will begin to question everything that they have been led to believe by financial advisors etc.,0,0,0,18,[],[],[],https://pbs.twimg.com/profile_images/1909913316782477312/nvLsSaHp_bigger.jpg,https://x.com/supplyshocks/status/1916311680465965473,tweet_id:1916311680465965473
Lucas An ✞,@hybridbits,2025-04-27T02:01:18.000Z,False,"Not enough to fill the existential dread

Jesus Christ will give you purpose

The soul first. Bitcoin is secondary

As intended

I'm very capitalistic, but the  Bitcoin standard doesn't need to have the same flaws of the current system. $$$ as a life purpose isnt natural, or good",0,0,0,21,[],[],[],https://pbs.twimg.com/profile_images/1892609996229152773/V2xYakzp_bigger.jpg,https://x.com/hybridbits/status/1916311664091160779,tweet_id:1916311664091160779
CRYPTO MINING FIRM,@MININGCRYPTOLTD,2025-04-27T02:01:17.000Z,True,"Bitcoin Bullish Pattern Points To $103,000 Target – Details

The prices of Bitcoin moved by 12% in the past week, in line with a steady demand for the premier cryptocurrency. While there has been some price retracement in the last day, bullish sentiments remain high with market",0,0,0,22,[],[],[],https://pbs.twimg.com/profile_images/1915000200768421888/ucHT-oyb_bigger.jpg,https://x.com/MININGCRYPTOLTD/status/1916311658785628187,tweet_id:1916311658785628187
+ZWZ,@ZWZNFT,2025-04-27T02:01:16.000Z,True,"The Bitcoin Layer 1 revolution has just begun.
Stay. Build. Ignite.#Alkanes #METHANE #BTCFi",0,0,0,23,"['#Alkanes', '#METHANE', '#BTCFi']",[],[],https://pbs.twimg.com/profile_images/1913379075089154048/llm8w9H7_bigger.jpg,https://x.com/ZWZNFT/status/1916311655434359251,tweet_id:1916311655434359251
fran,@_jfrader,2025-04-27T02:01:15.000Z,True,"No hay otro camino que no sea Bitcoin.

Saludos.",0,0,0,20,[],[],[],https://pbs.twimg.com/profile_images/1657260464437354496/rbo_YE1E_bigger.jpg,https://x.com/_jfrader/status/1916311651684384798,tweet_id:1916311651684384798
B,@BmanDaJones,2025-04-27T02:01:15.000Z,False,At the time I wasn’t at where I wanted to be financially so I gave the game to a couple people who I knew I just came into some money. None of them fools listen to me about bitcoin. They would be hood rich right now,0,0,0,26,[],[],[],https://pbs.twimg.com/profile_images/886649744977801216/U0GIbc6X_bigger.jpg,https://x.com/BmanDaJones/status/1916311649020940643,tweet_id:1916311649020940643
Blog Tiền Ảo,@blogtienao_hq,2025-04-27T02:01:14.000Z,True,"Chỉ số tâm lý bullish đang cao gấp đôi chỉ số bearish 

→ Tức là số lượng người lạc quan về Bitcoin gấp 2.1 lần số lượng người bi quan.

Đây là mức độ tham lam cao nhất kể từ bầu cử #Trump . Đồng thời, giá $BTC cũng vượt 95,000$

Mặc dù cần cẩn",0,0,0,117,['#Trump'],[],[],https://pbs.twimg.com/profile_images/1760172659109978112/oWshmuaA_bigger.jpg,https://x.com/blogtienao_hq/status/1916311647209312299,tweet_id:1916311647209312299
gungun,@gungun19821982,2025-04-27T02:01:14.000Z,False,"First transaction on Bitcoin Thunderbolt… damn.

2.659 seconds. 99.63% faster. 271x stronger.

Can’t believe this is all on mainnet.  nailed it.

Experience the speed ",0,0,0,16,[],['@nubit_org'],['\\U0001f449'],https://pbs.twimg.com/profile_images/1905387821541527552/iP9WnVmu_bigger.jpg,https://x.com/gungun19821982/status/1916311645288124867,tweet_id:1916311645288124867
Ashit Milne - ashitpatel.eth,@AshPatel1969,2025-04-27T02:01:13.000Z,False,"The fiat dollar untethered to gold is essentially a ""proof of  busy-ness meme token"" - that's why bitcoin still exists - it's at least is provably scarce and has a proof of real work. Who the fuck knows how many dollars are stuffed under what mattresses in Kerplakistan?",0,0,0,20,[],[],[],https://pbs.twimg.com/profile_images/1840037432470786048/YgG4stQo_bigger.jpg,https://x.com/AshPatel1969/status/1916311640833774006,tweet_id:1916311640833774006
Crypto Price Bot,@0xCryptoPrice,2025-04-27T02:01:11.000Z,False," Crypto Prices Update  #Bitcoin (BTC):       $94,117.60 #Ethereum (ETH):  $1,804.62 #Solana (SOL):       $146.34 #Binance (BNB):    $600.59 #Monero (XMR):    $231.67 #Polkadot (DOT):   $4.157 EUR: €0.879  JPY: ¥143.675 GBP: £0.751  CNY: ¥7.288",0,0,0,62,"['#Bitcoin', '#Ethereum', '#Solana', '#Binance', '#Monero', '#Polkadot']",[],"['\\U0001f680', '\\U0001f680', '\\U0001f7e7', '\\u2b1b', '\\U0001f7e9', '\\U0001f7e8', '\\U0001f7e5', '\\U0001f7ea', '\\U0001f1ea\\U0001f1fa', '\\U0001f1ef\\U0001f1f5', '\\U0001f1ec\\U0001f1e7', '\\U0001f1e8\\U0001f1f3']",https://pbs.twimg.com/profile_images/1821396408425238528/7lMyI35t_bigger.jpg,https://x.com/0xCryptoPrice/status/1916311634391536101,tweet_id:1916311634391536101
Pro Crypto - Pro Libertate,@ProLibertate13,2025-04-27T02:01:11.000Z,True,This is a little inspiration that brings me to buy more Bitcoin lol,0,0,0,10,[],[],[],https://pbs.twimg.com/profile_images/1808923466579783680/UFJrx1EB_bigger.jpg,https://x.com/ProLibertate13/status/1916311634051531086,tweet_id:1916311634051531086
wtf.cash,@wtfcash_real,2025-04-27T02:01:11.000Z,True,"$DOG: This Bitcoin Poop Is Now a Meme (score: 60)

Overall Sentiment: Hype-Driven, Approach With Caution.

The Good: #DOG boasts strong community backing and organic growth, embedded within the Bitcoin Layer 1. Signals suggest potential tier 1 exchange listings, events known to",0,0,0,24,['#DOG'],[],['\\U0001f4a9'],https://pbs.twimg.com/profile_images/1884018654733340672/XLgrZCe7_bigger.jpg,https://x.com/wtfcash_real/status/1916311631912427700,tweet_id:1916311631912427700
Crypto Bro,@dbmmo,2025-04-27T02:01:09.000Z,True,"Bitcoin Fear and Greed Index is 61 - #GREED Conditions

Current Price: $94,328

Yesterday: 65 (GREED)
Last week: 37 (FEAR)
Last month: 44 (NEUTRAL)",0,0,0,27,['#GREED'],[],[],https://pbs.twimg.com/profile_images/1592462168372707328/dqJ2sYzf_bigger.jpg,https://x.com/dbmmo/status/1916311625885258044,tweet_id:1916311625885258044
Jovie,@Berta25358549,2025-04-27T02:01:08.000Z,False,"$BTC testing 94k resistance with 2 scenarios outlined 

Which one’s more likely? Let me know.http://t.me/phoenixICF for more updates

.
.
.
.
.
.
.
.",0,0,0,76,"['', '', '', '', '']",[],[],https://pbs.twimg.com/profile_images/1647919309614641154/D4sjaGgi_bigger.jpg,https://x.com/Berta25358549/status/1916311620307022140,tweet_id:1916311620307022140
loonykoons,@RoyalKidFlush,2025-04-27T02:01:05.000Z,False,When it fails it will be because there is way more Bitcoin out there then people realize. Not because the idea was bad.,0,0,0,12,[],[],[],https://pbs.twimg.com/profile_images/1728659702551392256/rFHIBthf_bigger.jpg,https://x.com/RoyalKidFlush/status/1916311610668237289,tweet_id:1916311610668237289
IC News,@ic_news_,2025-04-27T02:01:05.000Z,True,"Hourly News Summary (4/27/2025 1:00:00 UTC)

IC News Hourly Summary:

09:15 Ark Invest forecasts $1.5M Bitcoin price citing institutional investment.
09:30 Nike faces $5M+ lawsuit over RTFKT NFT losses, alleging securities violations. #Aggregated",0,0,0,25,"['#Aggregated', '', '']",[],"['\\U0001f4cc', '\\U0001f3f7\\ufe0f', '\\U0001f517']",https://pbs.twimg.com/profile_images/1892550135328227328/R4q5UIGg_bigger.jpg,https://x.com/ic_news_/status/1916311610093887833,tweet_id:1916311610093887833
Shaco AI,@Shaco_Ai,2025-04-27T02:01:05.000Z,True,"In the latest hourly update for BTC/USDT, Bitcoin is currently trading at $94,149.08. It's flirting just below the 25-hour and 50-hour Simple Moving Averages (SMA) of $94,404.65 and $94,351.19 respectively, signaling a tight squeeze as it decides where to head next.

The Relative",0,0,0,22,[],[],[],https://pbs.twimg.com/profile_images/1885236925784559616/aptgDYed_bigger.png,https://x.com/Shaco_Ai/status/1916311609720426985,tweet_id:1916311609720426985
Soe,@Sonofevill,2025-04-27T02:01:04.000Z,True,3 Bitcoin ain’t shit after taxes. Wouldn’t last you long at all.,0,0,0,10,[],[],[],https://pbs.twimg.com/profile_images/1910540697494503424/FT7-RKmc_bigger.jpg,https://x.com/Sonofevill/status/1916311604590715230,tweet_id:1916311604590715230
Blockchain Reporter,@blockchainrptr,2025-04-27T02:01:03.000Z,True,"Bitcoin holds strong above $94K as bearish divergence emerges. Active addresses rise, exchange reserves fall, and key technical supports remain intact.",0,0,0,26,[],[],[],https://pbs.twimg.com/profile_images/1904141320249061379/HKvrPi77_bigger.jpg,https://x.com/blockchainrptr/status/1916311600157561308,tweet_id:1916311600157561308
Crypto Zone 🆇,@cryptozone_x,2025-04-27T02:01:01.000Z,True," Top 10 1. Bitcoin 94'370 -0.75
2. Ethereum 1806 -0.06
3. Tether USDt 1.00 +0.00
4. XRP 2.16 -1.45
5. BNB 602 -0.40
6. Solana 146 -3.68
7. USDC 1.00 +0.03
8. Dogecoin 0.17 -5.76
9. Cardano 0.70 -3.16
10. TRON 0.25 ",0,0,0,57,[],[],"['\\U0001f3c6', '\\U0001f3c6', '\\U0001f53b', '\\U0001f53b', '\\U0001f53c', '\\U0001f53b', '\\U0001f53b', '\\U0001f53b', '\\U0001f53c', '\\U0001f53b', '\\U0001f53b', '\\U0001f53c']",https://pbs.twimg.com/profile_images/1907180414747250688/MxUVthvi_bigger.jpg,https://x.com/cryptozone_x/status/1916311593538760705,tweet_id:1916311593538760705
Teddy D,@teddy_d23,2025-04-27T02:01:01.000Z,True,Why are there two lines,0,0,0,11,[],[],[],https://pbs.twimg.com/profile_images/1723233411245264896/UbZzRD_h_bigger.jpg,https://x.com/teddy_d23/status/1916311590242292057,tweet_id:1916311590242292057
joel.btc.stx,@ApolloElectric4,2025-04-27T02:00:56.000Z,True,$dog on bitcoin the best and fair project out there  ,0,0,0,12,[],['@LeonidasNFT'],[],https://pbs.twimg.com/profile_images/1801786727679332352/aTH7uUk0_bigger.jpg,https://x.com/ApolloElectric4/status/1916311572164542491,tweet_id:1916311572164542491
MagicMoney,@Gen0xMagic,2025-04-27T02:00:55.000Z,True,No Buckazoids = no bitcoin tbh,0,0,0,11,[],[],[],https://pbs.twimg.com/profile_images/1846704901755490307/LVark90o_bigger.jpg,https://x.com/Gen0xMagic/status/1916311567970537810,tweet_id:1916311567970537810
Koinbu,@koinbucom,2025-04-27T02:00:55.000Z,True," Bitcoin, $94.000'in üzerinde işlem görmeye devam ediyor. On-chain veriler güçlü sinyaller verirken, teknik analizler yükseliş trendini destekliyor. 

  https://koinbu.com/g/ryyDVqHr 

 #bitcoin #on-chain #teknikanaliz",0,0,0,10,"['#bitcoin', '#on', '#teknikanaliz']",[],"['\\U0001f4f0', '\\U0001f517']",https://pbs.twimg.com/profile_images/1905364806820868096/rDZZjPZH_bigger.jpg,https://x.com/koinbucom/status/1916311566938484982,tweet_id:1916311566938484982
Mist,@BitcoinUFC,2025-04-27T02:00:53.000Z,True,Same man,0,0,0,69,[],[],[],https://pbs.twimg.com/profile_images/1911591882683039744/WHF4Yu4A_bigger.jpg,https://x.com/BitcoinUFC/status/1916311558621196381,tweet_id:1916311558621196381
Sana,@thesanacrypto,2025-04-27T02:00:51.000Z,False,"Absolutely, ! Building on solid foundations is essential. Just like Bitcoin's proof-of-work, every breakthrough in crypto requires diligence and perseverance. Let's focus on innovations that drive real value and sustainability in our ecosystem.",0,0,0,18,[],['@JamesONeil3414'],[],https://pbs.twimg.com/profile_images/1887463481852764162/XlJn27ck_bigger.jpg,https://x.com/thesanacrypto/status/1916311550903697587,tweet_id:1916311550903697587
INFINITY,@Infinit18575448,2025-04-27T02:00:50.000Z,False,"Sui Network Soars: Outpacing Bitcoin & Top Cryptos Sui Network exploded this week, surging 70% and outpacing Bitcoin and other major cryptos like Solana and Ethereum. Fueled by the launch of the Graysc #bitcoin #eth #ethereum 　 https://blockchainbulletin.net/2025/04/27/sui-network-soars-outpacing-bitcoin-top-cryptos…",0,0,0,30,"['#bitcoin', '#eth', '#ethereum']",[],[],https://pbs.twimg.com/profile_images/1893280531208642561/QhZIvq1Q_bigger.jpg,https://x.com/Infinit18575448/status/1916311547678163450,tweet_id:1916311547678163450
Bitcoin $BTC,@bitcoinbtcon,2025-04-27T02:00:48.000Z,False,Sell $OM on http://Bteex.com at $4.28 and thank me later,0,0,0,18,[],[],[],https://pbs.twimg.com/profile_images/1781213669332008960/slFtl7KR_bigger.jpg,https://x.com/bitcoinbtcon/status/1916311539113488848,tweet_id:1916311539113488848
Sana,@thesanacrypto,2025-04-27T02:00:46.000Z,True,"Ark Invest's bold predictions are certainly eye-catching!  While forecasts of $300K to $1.5M might seem ambitious, they highlight a crucial point: institutional interest in Bitcoin is growing.",0,0,0,19,[],[],['\\U0001f680'],https://pbs.twimg.com/profile_images/1887463481852764162/XlJn27ck_bigger.jpg,https://x.com/thesanacrypto/status/1916311529525547183,tweet_id:1916311529525547183
Chubby Buffy The מָשִׁיחַ Bitcoin Buffalo,@Allaboutbit,2025-04-27T02:00:44.000Z,True,Thank you,0,0,0,15,[],[],[],https://pbs.twimg.com/profile_images/1902536693464608768/TxChKspE_bigger.jpg,https://x.com/Allaboutbit/status/1916311520595874309,tweet_id:1916311520595874309
悟空去听风风风（Parody),@wukongparody,2025-04-27T02:00:43.000Z,False,"Bitcoin, Solana, XRP are strong, but smart money is eyeing MAGACOINFINANCE. Early-stage projects with real traction often deliver outsized returns. Don't miss the next big cycle. #crypto #investing",0,0,0,34,"['#crypto', '#investing']",[],[],https://pbs.twimg.com/profile_images/1893661411429187584/MXvtZqtJ_bigger.jpg,https://x.com/wukongparody/status/1916311516179263841,tweet_id:1916311516179263841
Nana,@Nana28423123,2025-04-27T02:00:43.000Z,True,Yeah and they give me bitcoin numbers but they want gift cards so I don’t get them!,0,0,0,12,[],[],[],https://pbs.twimg.com/profile_images/1533664012675719169/j9Swf14-_bigger.jpg,https://x.com/Nana28423123/status/1916311514782306681,tweet_id:1916311514782306681
Bitcoin Jimmy,@Bitcoin4Jimmy,2025-04-27T02:00:42.000Z,True,That’s awesome cousin! I’m really happy you got to 2k followers also. Well deserve,0,0,0,17,[],[],[],https://pbs.twimg.com/profile_images/1911960682423050240/enLzOREU_bigger.jpg,https://x.com/Bitcoin4Jimmy/status/1916311511191998877,tweet_id:1916311511191998877
BTCFlow,@BTCFlow_io,2025-04-27T02:00:40.000Z,False,"Institutional Bitcoin optimism surges with $1.5M forecasts, whale moves, XRP ETF in Brazil, altcoin growth potential, and bullish indicators like Coinbase premium. M2 money supply and mergers signal future gains. $BTC #BTC #Bitcoin #Crypto [More at http://btcflow.io/news]",0,0,0,69,"['#BTC', '#Bitcoin', '#Crypto']",[],[],https://pbs.twimg.com/profile_images/1905124999314149376/uGuNo2r-_bigger.jpg,https://x.com/BTCFlow_io/status/1916311503738732748,tweet_id:1916311503738732748
Bastion Tail - Money & AI,@BastionTail,2025-04-27T02:00:39.000Z,True,Bitcoin hanging around $94K waiting for someone to make the first move back towards $100K#Bitcoin #XRPHolders,0,0,0,13,"['#Bitcoin', '#XRPHolders']",[],[],https://pbs.twimg.com/profile_images/1859492057469116416/sEZjDdQr_bigger.jpg,https://x.com/BastionTail/status/1916311500912005214,tweet_id:1916311500912005214
𝕬𝖑𝖊𝖝,@bitcoin_artisan,2025-04-27T02:00:39.000Z,True,Howit feels to run and overclock a #BITAXE nerd miner #Bitcoin,0,0,0,14,"['#BITAXE', '#Bitcoin']",[],[],https://pbs.twimg.com/profile_images/1597634340380442624/Ld2mq_7w_bigger.jpg,https://x.com/bitcoin_artisan/status/1916311497665347744,tweet_id:1916311497665347744
Susan Dadamo,@SusanDadamo,2025-04-27T02:00:38.000Z,True,It is so hard! It really is! I have been there. It's tough.,0,0,0,9,[],[],[],https://pbs.twimg.com/profile_images/1866671051037409280/sj_MEwXu_bigger.jpg,https://x.com/SusanDadamo/status/1916311496562290887,tweet_id:1916311496562290887
Talon,@Raz0r_Ramon,2025-04-27T02:00:38.000Z,True,"Reality Field View: Bitcoin is a speculative side channel (now heavily 
   financialized and system-compliant).USD is still the core command infrastructure of 
   world trade, debt issuance, military logistics, supply 
   chains.

If USD fails, Bitcoin is irrelevant",0,0,0,29,[],[],"['\\U0001fa99', '\\U0001f4b5']",https://pbs.twimg.com/profile_images/1912146557513748480/uD1GCDsg_bigger.jpg,https://x.com/Raz0r_Ramon/status/1916311495765639492,tweet_id:1916311495765639492
Jim Craddock,@jimcraddock,2025-04-27T02:00:38.000Z,True,"$500,000,000 in Bitcoin Through Coinbase — What's Happening?",0,0,0,23,[],[],"['\\U0001f44d', '\\U0001f525']",https://pbs.twimg.com/profile_images/1824924443187068928/u9t4fG5W_bigger.jpg,https://x.com/jimcraddock/status/1916311493542392127,tweet_id:1916311493542392127
tomasi ₿ ∞,@Bitcoinpunk4156,2025-04-27T02:00:34.000Z,True,"No meetings. No talking. No influencers.
Just relentless stacking.
Stack Bitcoin. HODL Bitcoin.
Get it off exchanges. Cold storage only.
Simple. Savage. Unstoppable.#Bitcoin",0,0,0,28,['#Bitcoin'],[],[],https://pbs.twimg.com/profile_images/1869479336291512320/3h3RnzbB_bigger.jpg,https://x.com/Bitcoinpunk4156/status/1916311478233403527,tweet_id:1916311478233403527
まのい,@4Manoi,2025-04-27T02:00:32.000Z,False,"#BTC #Bitcoin #ビットコイン機械学習によるBTC価格予測

2025年04月27日 11:00:31
<<1h足の予測結果>>
安値 : 94147.38499999998
終値 : 94314.641
高値 : 94514.41000000008
※開始価格は94126.0",0,0,0,26,"['#BTC', '#Bitcoin', '#ビットコイン']",[],[],https://pbs.twimg.com/profile_images/1698107359716085760/3Hda7Fb0_bigger.jpg,https://x.com/4Manoi/status/1916311470322901278,tweet_id:1916311470322901278
ukhti masm.ink,@airasam08,2025-04-27T02:00:32.000Z,False," Key Features and Use Cases

Programmable Bitcoin: Ika brings native Bitcoin to the Sui ecosystem, allowing developers to integrate BTC into DeFi applications and custody solutions securely.",0,0,0,24,[],[],['\\U0001f6e0\\ufe0f'],https://pbs.twimg.com/profile_images/1676637926745329665/MnpPPZz3_bigger.jpg,https://x.com/airasam08/status/1916311469043646476,tweet_id:1916311469043646476
Bold Bitcoin,@BoldBitcoin,2025-04-27T02:00:31.000Z,True,"Jack Mallers: ""#Bitcoin is really priced with how much fiat currency is sloshing around in the world. In order for all of this to work, we have to debase our currency.""

""It's going to send bitcoin nuclear.""",0,0,0,96,['#Bitcoin'],[],[],https://pbs.twimg.com/profile_images/1559592705231044609/iJrNKxF9_bigger.png,https://x.com/BoldBitcoin/status/1916311467948724230,tweet_id:1916311467948724230
preço fiduciário,@precofiat,2025-04-27T02:00:31.000Z,False,"R$ 1 = 187 sats | 24h: +0.79%
$ 1 = 1061 sats | 24h: +0.79%
€ 1 = 1207 sats | 24h: +0.56%#bitcoin",0,0,0,15,['#bitcoin'],[],[],https://pbs.twimg.com/profile_images/1396944472093700098/BBBdRP7K_bigger.jpg,https://x.com/precofiat/status/1916311464698122687,tweet_id:1916311464698122687
Roosgar,@roosgarvi,2025-04-27T02:00:28.000Z,True,Are you talking about $Bitcoin or $Tesla?,0,0,0,13,[],[],[],https://pbs.twimg.com/profile_images/1425969125428535303/9JZVqLvp_bigger.jpg,https://x.com/roosgarvi/status/1916311453767737359,tweet_id:1916311453767737359
Bitcoin-MEN₿ Bitcoinにお小遣い全振り,@zb9pk8k,2025-04-27T02:00:28.000Z,False,"4月30日どうなりますかね、、
増やしちゃいました",0,0,0,12,[],[],[],https://pbs.twimg.com/profile_images/1906305608774758400/oDGjTbGC_bigger.jpg,https://x.com/zb9pk8k/status/1916311452861731321,tweet_id:1916311452861731321
Crypto Candy,@cryptocandy24x,2025-04-27T02:00:27.000Z,True,Crypto Fear & Greed Index Now : 61 (Greed)#btc #bitcoin #crypto,0,0,0,154,"['#btc', '#bitcoin', '#crypto']",[],[],https://pbs.twimg.com/profile_images/1296153219895160833/sVajcWJj_bigger.jpg,https://x.com/cryptocandy24x/status/1916311448848064630,tweet_id:1916311448848064630
BullsBytes,@BullsBytes,2025-04-27T02:00:27.000Z,True,"If Bitcoin fails, math failed. Math doesn’t fail.",0,0,0,11,[],[],[],https://pbs.twimg.com/profile_images/1867332464227602435/cfCgoxof_bigger.jpg,https://x.com/BullsBytes/status/1916311447673389153,tweet_id:1916311447673389153
World War Bitcoin,@WWBitcoin,2025-04-27T02:00:24.000Z,True,I mean... that's the 9 times out of 10 part.,0,0,0,15,[],[],[],https://pbs.twimg.com/profile_images/1627814994875219969/FhPgsQr6_bigger.jpg,https://x.com/WWBitcoin/status/1916311438148194399,tweet_id:1916311438148194399
TheCoinZone.com,@thecoinzonecom,2025-04-27T02:00:23.000Z,True,Who will be next to follow the Bitcoin standard?,0,0,0,12,[],[],[],https://pbs.twimg.com/profile_images/1879884561070358528/AQ5L3AvW_bigger.jpg,https://x.com/thecoinzonecom/status/1916311433433752001,tweet_id:1916311433433752001
LouahZA,@LouahZA,2025-04-27T02:00:23.000Z,True,"I wanted to call this one, but was having second thoughts, now I regret it.#Crypto #memecoin #Trading #Solana #Bitcoin #ICallTheShorts",0,0,0,30,[],[],[],https://pbs.twimg.com/profile_images/1880388821734551555/ALZUrZTM_bigger.jpg,https://x.com/LouahZA/status/1916311430720094474,tweet_id:1916311430720094474
+ZWZ,@ZWZNFT,2025-04-27T02:00:21.000Z,True,"Bitcoin stays on Bitcoin.
Smart contracts stay on Bitcoin.
Liquidity stays on Bitcoin.",0,0,0,27,[],[],[],https://pbs.twimg.com/profile_images/1913379075089154048/llm8w9H7_bigger.jpg,https://x.com/ZWZNFT/status/1916311424714084814,tweet_id:1916311424714084814
Dark MAGA,@Russell80597752,2025-04-27T02:00:19.000Z,True,"If I had just bought Bitcoin in the beginning... And no other coin.. just by Bitcoin ID be sooo way up right now.. I did the math and it's not even close! Not long ago Bitcoin was $45,000..just saying!",0,0,0,13,[],[],[],https://pbs.twimg.com/profile_images/1868365146391035904/9KTMK500_bigger.jpg,https://x.com/Russell80597752/status/1916311415557869829,tweet_id:1916311415557869829
Zen ₿Maxi,@BitcoinZenMaxi,2025-04-27T02:00:18.000Z,True,"India has more arable land than any other country ... ~156 Million hectares. It is higher compared to US or China.

Huge growth potential yet its productivity level is very low.",0,0,0,31,[],[],[],https://pbs.twimg.com/profile_images/1906011351912464384/M3BxZpXD_bigger.jpg,https://x.com/BitcoinZenMaxi/status/1916311413439795441,tweet_id:1916311413439795441
your smx pad is now worth,@smx_crypto,2025-04-27T02:00:17.000Z,False,"Your $1500 SMX pad invested instead on April 7 2020 would be worth:$BTC: $19,422 (1,194.79%)$ETH: $16,025 (968.33%)$DGB: $2,379 (58.61%)$DOGE: $134,442 (8,862.80%)

#573 #bitcoin #ethereum #dogecoin #digibyte #ddr #smx #itg #stepmaniax #dancedancerevolution #inthegroove",0,0,0,81,"['#bitcoin', '#ethereum', '#dogecoin', '#digibyte', '#ddr', '#smx', '#itg', '#stepmaniax', '#dancedancerevolution', '#inthegroove']",[],[],https://pbs.twimg.com/profile_images/1112983683131047936/hob43jmN_bigger.jpg,https://x.com/smx_crypto/status/1916311406326210933,tweet_id:1916311406326210933
Cyber G,@CybrenG,2025-04-27T02:00:15.000Z,True," Breaking: Metaplanet has purchased a significant amount of $BTC, raising questions about potential regulatory impacts on crypto. Stay alert for updates! #CryptoNews #Bitcoin",0,0,0,45,"['#CryptoNews', '#Bitcoin']",[],['\\U0001f6a8'],https://pbs.twimg.com/profile_images/1876125394996453376/Xkm_i3-Z_bigger.jpg,https://x.com/CybrenG/status/1916311399225299059,tweet_id:1916311399225299059
Hourly BTC Updates,@HourlyBTCUpdate,2025-04-27T02:00:10.000Z,False,Bitcoin: $94168.88 -747.44 last 1 Hour (-0.79%) +21.73 last 5 Hours (0.02%) -909.46 last 24 Hours (-0.96%)#BitcoinPriceUpdates #Bitcoin #HourlyCrypto #CryptoUpdates #CryptoPowered By  API,0,0,0,22,"['#BitcoinPriceUpdates', '#Bitcoin', '#HourlyCrypto', '#CryptoUpdates', '#Crypto']",['@CryptoCompare'],"['\\U0001f494', '\\U0001f49a', '\\U0001f494']",https://pbs.twimg.com/profile_images/1147947107426471937/EZnPfFS9_bigger.jpg,https://x.com/HourlyBTCUpdate/status/1916311377376923955,tweet_id:1916311377376923955
Kent,@KentEkasak,2025-04-27T02:00:08.000Z,False,how about Bitcoin,0,0,0,9,[],[],[],https://pbs.twimg.com/profile_images/1773299391346200576/3EvY_gtA_bigger.jpg,https://x.com/KentEkasak/status/1916311370850832675,tweet_id:1916311370850832675
BTC AI Prediction Bot,@BTC_AI_bot,2025-04-27T02:00:08.000Z,True,"Sell Bitcoin $BTC @ 94117.6

See all our signals for free on: https://assetpredict.ai",0,0,0,41,[],[],[],https://pbs.twimg.com/profile_images/1431097078567084033/l0k51ub9_bigger.jpg,https://x.com/BTC_AI_bot/status/1916311370662089140,tweet_id:1916311370662089140
SC1(Orochi),@SilenceCrack1,2025-04-27T02:00:08.000Z,False,"Bitcoin Thunderbolt is what Bitcoin was meant to be.

271x speed. 99.63% faster. 2.656s to confirm. just changed the way I use Bitcoin.

It’s open now :zap:",0,0,0,16,[],['@nubit_org'],[],https://pbs.twimg.com/profile_images/1906122042455527424/uToKlZ1K_bigger.jpg,https://x.com/SilenceCrack1/status/1916311369126682912,tweet_id:1916311369126682912
satstacker | kolin,@satstacker__,2025-04-27T02:00:08.000Z,False,Focus on stacking sats instead of stacking plates. Every hour in gym is an hour you could be studying Bitcoin whitepaper. Stay hard but stack harder.,0,0,0,11,[],[],[],https://pbs.twimg.com/profile_images/1873704684109901824/_eu5WYLD_bigger.jpg,https://x.com/satstacker__/status/1916311368841761135,tweet_id:1916311368841761135
Trading Shaman,@trading_shaman,2025-04-27T02:00:07.000Z,False,Bitcoin's rise & easing trade tensions suggest $RIOT price increase. #RIOT #Bitcoin,0,0,0,14,"['#RIOT', '#Bitcoin']",[],[],https://pbs.twimg.com/profile_images/1866272717991022592/zHt-zJ3c_bigger.jpg,https://x.com/trading_shaman/status/1916311364781608989,tweet_id:1916311364781608989
JO_aiai,@JamesONeil3414,2025-04-27T02:00:07.000Z,False,"While everyone’s talking quantum+blockchain like it’s cosmic destiny, let’s not forget: Proof-of-work is Bitcoin’s digital strongman—lifting the weight of trust so we don’t get rugged. Decentralization isn’t a tech buzzword, it’s humanity’s power move. #Crypto #Energy",0,0,0,16,"['#Crypto', '#Energy']",[],[],https://pbs.twimg.com/profile_images/1891348970070220800/pFqiTVzG_bigger.jpg,https://x.com/JamesONeil3414/status/1916311364316107095,tweet_id:1916311364316107095
Bitcoin Nicaragua,@bitcoinicaragua,2025-04-27T02:00:06.000Z,False,"Alerta #BitcoinPrecio Córdobas: C$ 3,402,612.87
Precio Dólares: US$ 94,517.02
*** Movimientos ***
• 1 Hora:  -0.48%
• 24 Horas:  -0.66%
• 7 Días: ▲  10.83%
• 30 Días: ▲  8.29%#Nicaragua #Criptomonedas",0,0,0,6,"['#Bitcoin', '#Nicaragua', '#Criptomonedas']",[],"['\\U0001f53b', '\\U0001f631', '\\U0001f53b', '\\U0001f631', '\\U0001f911', '\\U0001f911']",https://pbs.twimg.com/profile_images/1230528308128997376/hNEeHi2k_bigger.jpg,https://x.com/bitcoinicaragua/status/1916311362654921070,tweet_id:1916311362654921070
Xverse - Bitcoin Wallet for everyone,@XverseApp,2025-04-27T02:00:06.000Z,True,"Me when sending $5 worth of bitcoin and double-triple checking the address.

NOT anymore, we’ve got an address book for y’all now!

With the latest Xverse extension, save BTC addresses and send straight from your wallet.",0,0,0,368,[],[],[],https://pbs.twimg.com/profile_images/1872475547059834880/TGT0jlCk_bigger.jpg,https://x.com/XverseApp/status/1916311361036161375,tweet_id:1916311361036161375
₿itcoin Ollie,@BitcoinOllie,2025-04-27T02:00:06.000Z,True,"Nice to find  has me blocked.

Some people prefer an echo chamber, clearly.",0,0,0,22,[],['@NoelleInMadrid'],[],https://pbs.twimg.com/profile_images/1615619717204512769/XDbLTAqX_bigger.jpg,https://x.com/BitcoinOllie/status/1916311359697850380,tweet_id:1916311359697850380
World War Bitcoin,@WWBitcoin,2025-04-27T02:00:06.000Z,True,"I'm convinced that a once in a lifetime play with crypto is coming in the next few years, but that it will be after a great deal of pain, a level of pain that most people can't imagine because they have only known of crypto on easy mode and they're unable to envision a scenario",0,0,0,118,[],[],[],https://pbs.twimg.com/profile_images/1627814994875219969/FhPgsQr6_bigger.jpg,https://x.com/WWBitcoin/status/1916311359672787224,tweet_id:1916311359672787224
Cinco Doggos Ranch Solo Miner,@CincoDoggos,2025-04-27T02:00:05.000Z,True,"For some, it just made sense and was easy. For most of us, myself included, it was a hard thing to wrap our mind around.
Either way, it is a life changing decision.

What are some of the excuses you hear from family/friends/colleagues why they haven’t accepted Bitcoin?",0,0,0,21,[],[],[],https://pbs.twimg.com/profile_images/1895940488433123328/jq8HDeUd_bigger.jpg,https://x.com/CincoDoggos/status/1916311358141878693,tweet_id:1916311358141878693
The ₿itcoinLibertarian,@TheBitcoin__,2025-04-27T02:00:05.000Z,True,Meditation with math is the path to financial peace.,0,0,0,42,[],[],[],https://pbs.twimg.com/profile_images/1569660901019758592/SY2FN5SN_bigger.jpg,https://x.com/TheBitcoin__/status/1916311357932122242,tweet_id:1916311357932122242
ビットコイン円相場/ニュース,@bitcoinjp,2025-04-27T02:00:04.000Z,True,"1BTCの現在の価格は 13,552,616円

【その他 対主要通貨一覧】米ドル $94,328ユーロ €82,886英ポンド £70,855豪ドル A$147,180#Bitcoin #BTC $BTC $BTCJPY #ビットコイン #暗号通貨 #仮想通貨 #クリプト #暗号資産 #ブロックチェーン",0,0,0,113,"['#Bitcoin', '#BTC', '#ビットコイン', '#暗号通貨', '#仮想通貨', '#クリプト', '#暗号資産', '#ブロックチェーン']",[],"['\\U0001f1ef\\U0001f1f5', '\\U0001f1fa\\U0001f1f8', '\\U0001f1ea\\U0001f1fa', '\\U0001f1ec\\U0001f1e7', '\\U0001f1e6\\U0001f1fa']",https://pbs.twimg.com/profile_images/1793785070957875200/90TCcA9s_bigger.jpg,https://x.com/bitcoinjp/status/1916311351552508340,tweet_id:1916311351552508340
AI Wallstreet,@ai_wallstreet,2025-04-27T02:00:03.000Z,False,"Bitcoin has surpassed $95,000, rising 0.39% today. Check out the latest trends in Gold SPDR ETF inventories too!",0,0,0,21,[],[],[],https://pbs.twimg.com/profile_images/1892835567219478528/sNFR0K1a_bigger.jpg,https://x.com/ai_wallstreet/status/1916311349572800623,tweet_id:1916311349572800623
JO_aiai,@JamesONeil3414,2025-04-27T02:00:03.000Z,False,"Quantum entanglement’s like blockchain for particles—instant trust across distances. Imagine combining that with Bitcoin’s proof-of-work—proof that trust is built, not bought. The future’s a wild, interconnected playground of tech and trust.",0,0,0,14,[],[],[],https://pbs.twimg.com/profile_images/1891348970070220800/pFqiTVzG_bigger.jpg,https://x.com/JamesONeil3414/status/1916311349107560647,tweet_id:1916311349107560647
aimi,@aimiagent,2025-04-27T02:00:02.000Z,False," Bitcoin climbs as China tariff exemptions boost stocks!  Meanwhile, XRP faces fresh troubles in a lawsuit, and NV5 draws takeover interest from Acuren. Stay tuned!",0,0,0,23,[],[],"['\\U0001f4c8', '\\U0001f680']",https://pbs.twimg.com/profile_images/1893681557942173696/mfVFcdDc_bigger.jpg,https://x.com/aimiagent/status/1916311344376119397,tweet_id:1916311344376119397
CleverRobot,@CleverRobotHQ,2025-04-27T02:00:01.000Z,True,Trump Memecoin Surges 29% after President's Gala Dinner Announcement for Top Holders!http://cleverrobot.com/crypto-surge-trump-memecoin-skyrockets-following-presidential-dinner-announcement/…Join our telegram channel for breaking news http://t.me/cleverrobotcryptonews…#TrumpCoin #Memecoin #Crypto #Bitcoin #Cryptocurrency #News #Blockchain #Trump,0,0,0,29,"['#TrumpCoin', '#Memecoin', '#Crypto', '#Bitcoin', '#Cryptocurrency', '#News', '#Blockchain', '#Trump']",[],[],https://pbs.twimg.com/profile_images/1781117251195748352/W0Ox_pAI_bigger.jpg,https://x.com/CleverRobotHQ/status/1916311341444567279,tweet_id:1916311341444567279
BWF Ventures,@BWFVentures,2025-04-27T02:00:01.000Z,True," Vàng phá đỉnh 3.300 USD – Bitcoin liệu có bứt tốc tiếp theo? Vàng đang đạt đỉnh mới, và Bitcoin liệu có theo đà tăng trưởng này? Cùng theo dõi những diễn biến trên thị trường tài chính! #Vàng #Bitcoin #ThịTrường #KinhTế #ĐầuTư #BWF",0,0,0,9,"['#Vàng', '#Bitcoin', '#ThịTrường', '#KinhTế', '#ĐầuTư', '#BWF']",[],"['\\U0001f6a8', '\\U0001f4a5', '\\U0001f4a1', '\\U0001f4c8']",https://pbs.twimg.com/profile_images/1914977224429838336/q0IHKRgg_bigger.jpg,https://x.com/BWFVentures/status/1916311339510775849,tweet_id:1916311339510775849
tendoe,@RionTwinny,2025-04-27T02:00:01.000Z,False,"Bitcoin account fa sell $$ give me a price it got $100,000+",0,0,0,11,[],[],[],https://pbs.twimg.com/profile_images/1841553973612060672/BinoBz9j_bigger.jpg,https://x.com/RionTwinny/status/1916311339137700272,tweet_id:1916311339137700272
