timestamp,price
2025-05-11 00:01:00,104692.9609375
2025-05-11 00:02:00,104744.203125
2025-05-11 00:03:00,104836.4765625
2025-05-11 00:04:00,104894.1484375
2025-05-11 00:05:00,104869.7265625
2025-05-11 00:06:00,104908.265625
2025-05-11 00:07:00,104878.5078125
2025-05-11 00:08:00,104905.0703125
2025-05-11 00:09:00,104897.421875
2025-05-11 00:11:00,104788.6875
2025-05-11 00:12:00,104659.703125
2025-05-11 00:14:00,104692.7109375
2025-05-11 00:15:00,104643.6015625
2025-05-11 00:16:00,104581.203125
2025-05-11 00:17:00,104447.4609375
2025-05-11 00:18:00,104390.703125
2025-05-11 00:19:00,104489.84375
2025-05-11 00:20:00,104427.0546875
2025-05-11 00:22:00,104458.796875
2025-05-11 00:23:00,104492.8203125
2025-05-11 00:24:00,104558.8984375
2025-05-11 00:25:00,104518.1328125
2025-05-11 00:26:00,104389.6484375
2025-05-11 00:27:00,104391.7578125
2025-05-11 00:28:00,104191.140625
2025-05-11 00:29:00,104164.296875
2025-05-11 00:30:00,104006.265625
2025-05-11 00:31:00,104161.078125
2025-05-11 00:33:00,104215.96875
2025-05-11 00:34:00,104244.453125
2025-05-11 00:35:00,104242.3671875
2025-05-11 00:36:00,104320.8671875
2025-05-11 00:37:00,104327.09375
2025-05-11 00:38:00,104330.6328125
2025-05-11 00:39:00,104175.6171875
2025-05-11 00:40:00,104140.5546875
2025-05-11 00:41:00,104226.4296875
2025-05-11 00:42:00,104270.3359375
2025-05-11 00:43:00,104334.0859375
2025-05-11 00:44:00,104367.0859375
2025-05-11 00:45:00,104411.15625
2025-05-11 00:46:00,104456.5390625
2025-05-11 00:47:00,104478.3828125
2025-05-11 00:48:00,104510.734375
2025-05-11 00:49:00,104532.9375
2025-05-11 00:50:00,104548.6484375
2025-05-11 00:51:00,104573.5546875
2025-05-11 00:52:00,104491.59375
2025-05-11 00:53:00,104451.25
2025-05-11 00:54:00,104477.1171875
2025-05-11 00:55:00,104425.0390625
2025-05-11 00:56:00,104404.390625
2025-05-11 00:57:00,104453.4453125
2025-05-11 00:58:00,104417.3984375
2025-05-11 00:59:00,104408.3828125
2025-05-11 01:00:00,104425.453125
2025-05-11 01:02:00,104201.4375
2025-05-11 01:03:00,104165.8203125
2025-05-11 01:04:00,104184.5078125
2025-05-11 01:05:00,104288.5078125
2025-05-11 01:06:00,104305.5078125
2025-05-11 01:07:00,104292.0234375
2025-05-11 01:09:00,104373.3515625
2025-05-11 01:10:00,104373.8046875
2025-05-11 01:11:00,104376.640625
2025-05-11 01:12:00,104437.4765625
2025-05-11 01:13:00,104464.9375
2025-05-11 01:14:00,104496.7890625
2025-05-11 01:15:00,104485.53125
2025-05-11 01:16:00,104473.203125
2025-05-11 01:17:00,104456.421875
2025-05-11 01:18:00,104372.609375
2025-05-11 01:19:00,104363.9453125
2025-05-11 01:21:00,104408.3125
2025-05-11 01:22:00,104416.703125
2025-05-11 01:23:00,104383.7265625
2025-05-11 01:24:00,104351.9140625
2025-05-11 01:25:00,104282.8046875
2025-05-11 01:26:00,104332.0078125
2025-05-11 01:27:00,104343.4765625
2025-05-11 01:28:00,104373.484375
2025-05-11 01:29:00,104400.5
2025-05-11 01:30:00,104388.2265625
2025-05-11 01:31:00,104337.4609375
2025-05-11 01:32:00,104310.3359375
2025-05-11 01:33:00,104339.765625
2025-05-11 01:34:00,104407.9921875
2025-05-11 01:35:00,104457.7109375
2025-05-11 01:36:00,104475.078125
2025-05-11 01:37:00,104358.7734375
2025-05-11 01:38:00,104433.703125
2025-05-11 01:39:00,104431.8125
2025-05-11 01:40:00,104465.9609375
2025-05-11 01:41:00,104426.0859375
2025-05-11 01:42:00,104360.1640625
2025-05-11 01:43:00,104377.171875
2025-05-11 01:45:00,104390.59375
2025-05-11 01:46:00,104354.5234375
2025-05-11 01:47:00,104291.3046875
2025-05-11 01:48:00,104279.109375
2025-05-11 01:49:00,104262.4921875
2025-05-11 01:50:00,104237.6484375
2025-05-11 01:51:00,104206.1171875
2025-05-11 01:52:00,104056.3046875
2025-05-11 01:53:00,104031.625
2025-05-11 01:54:00,103937.8046875
2025-05-11 01:55:00,104077.2890625
2025-05-11 01:57:00,104040.015625
2025-05-11 01:58:00,104030.828125
2025-05-11 01:59:00,104077.7109375
2025-05-11 02:00:00,104102.171875
2025-05-11 02:01:00,104095.8671875
2025-05-11 02:02:00,104068.2890625
2025-05-11 02:03:00,104037.8125
2025-05-11 02:04:00,103996.7890625
2025-05-11 02:05:00,103984.6640625
2025-05-11 02:06:00,103897.2578125
2025-05-11 02:07:00,103983.2421875
2025-05-11 02:09:00,104009.7578125
2025-05-11 02:10:00,103987.25
2025-05-11 02:11:00,104026.9140625
2025-05-11 02:12:00,104035.09375
2025-05-11 02:13:00,104009.546875
2025-05-11 02:14:00,103988.7109375
2025-05-11 02:15:00,104017.7109375
2025-05-11 02:16:00,104064.609375
2025-05-11 02:17:00,104054.3125
2025-05-11 02:18:00,104067.7421875
2025-05-11 02:19:00,104077.5
2025-05-11 02:20:00,104078.171875
2025-05-11 02:22:00,104173.078125
2025-05-11 02:23:00,104175.375
2025-05-11 02:24:00,104214.1484375
2025-05-11 02:25:00,104224.5546875
2025-05-11 02:26:00,104203.1953125
2025-05-11 02:27:00,104206.375
2025-05-11 02:28:00,104217.6953125
2025-05-11 02:29:00,104193.140625
2025-05-11 02:30:00,104153.3984375
2025-05-11 02:31:00,104099.1953125
2025-05-11 02:32:00,104149.2421875
2025-05-11 02:33:00,104203.6171875
2025-05-11 02:34:00,104257.484375
2025-05-11 02:36:00,104233.0
2025-05-11 02:37:00,104249.15625
2025-05-11 02:38:00,104230.328125
2025-05-11 02:39:00,104233.453125
2025-05-11 02:40:00,104206.953125
2025-05-11 02:41:00,104210.71875
2025-05-11 02:42:00,104229.484375
2025-05-11 02:43:00,104224.1953125
2025-05-11 02:45:00,104044.109375
2025-05-11 02:46:00,104031.953125
2025-05-11 02:47:00,104075.6015625
2025-05-11 02:48:00,104082.09375
2025-05-11 02:49:00,104071.828125
2025-05-11 02:50:00,104014.0
2025-05-11 02:51:00,103916.640625
2025-05-11 02:52:00,103820.0234375
2025-05-11 02:53:00,103749.609375
2025-05-11 02:54:00,103528.4765625
2025-05-11 02:55:00,103535.2734375
2025-05-11 02:56:00,103581.1171875
2025-05-11 02:57:00,103670.6640625
2025-05-11 02:58:00,103706.2734375
2025-05-11 02:59:00,103757.65625
2025-05-11 03:00:00,103736.1484375
2025-05-11 03:02:00,103735.4765625
2025-05-11 03:03:00,103762.5
2025-05-11 03:04:00,103740.3984375
2025-05-11 03:05:00,103724.2109375
2025-05-11 03:06:00,103755.9609375
2025-05-11 03:07:00,103803.15625
2025-05-11 03:08:00,103858.7734375
2025-05-11 03:09:00,103845.9921875
2025-05-11 03:10:00,103852.8125
2025-05-11 03:11:00,103854.34375
2025-05-11 03:12:00,103853.203125
2025-05-11 03:13:00,103853.328125
2025-05-11 03:14:00,103856.4453125
2025-05-11 03:15:00,103853.109375
2025-05-11 03:16:00,103820.2578125
2025-05-11 03:17:00,103828.15625
2025-05-11 03:18:00,103868.5546875
2025-05-11 03:19:00,103925.3671875
2025-05-11 03:21:00,103961.9140625
2025-05-11 03:22:00,103903.4375
2025-05-11 03:23:00,103951.0625
2025-05-11 03:24:00,103955.3203125
2025-05-11 03:25:00,103967.5703125
2025-05-11 03:27:00,103949.0078125
2025-05-11 03:28:00,103967.65625
2025-05-11 03:29:00,103971.796875
2025-05-11 03:31:00,103952.3671875
2025-05-11 03:33:00,103945.703125
2025-05-11 03:34:00,103940.65625
2025-05-11 03:35:00,103899.515625
2025-05-11 03:36:00,103871.65625
2025-05-11 03:37:00,103837.53125
2025-05-11 03:38:00,103822.4375
2025-05-11 03:39:00,103855.2734375
2025-05-11 03:40:00,103890.1953125
2025-05-11 03:41:00,103876.0234375
2025-05-11 03:42:00,103920.5
2025-05-11 03:43:00,103963.2421875
2025-05-11 03:45:00,104014.8515625
2025-05-11 03:46:00,104032.265625
2025-05-11 03:47:00,104099.984375
2025-05-11 03:48:00,104171.2578125
2025-05-11 03:49:00,104162.0625
2025-05-11 03:50:00,104128.890625
2025-05-11 03:51:00,104148.9375
2025-05-11 03:52:00,104150.140625
2025-05-11 03:53:00,104136.7578125
2025-05-11 03:54:00,104126.2734375
2025-05-11 03:55:00,104055.7109375
2025-05-11 03:56:00,104064.8046875
2025-05-11 03:57:00,104059.15625
2025-05-11 03:58:00,104077.890625
2025-05-11 03:59:00,104055.6796875
2025-05-11 04:00:00,104049.0234375
2025-05-11 04:01:00,104025.28125
2025-05-11 04:02:00,104047.6171875
2025-05-11 04:03:00,104036.203125
2025-05-11 04:04:00,104041.0078125
2025-05-11 04:05:00,104057.71875
2025-05-11 04:06:00,104038.078125
2025-05-11 04:07:00,104021.53125
2025-05-11 04:09:00,104059.296875
2025-05-11 04:10:00,104075.3515625
2025-05-11 04:11:00,104363.390625
2025-05-11 04:12:00,104299.4375
2025-05-11 04:13:00,104317.140625
2025-05-11 04:14:00,104354.265625
2025-05-11 04:15:00,104334.328125
2025-05-11 04:16:00,104348.4765625
2025-05-11 04:17:00,104304.6953125
2025-05-11 04:19:00,104317.234375
2025-05-11 04:20:00,104312.1875
2025-05-11 04:22:00,104299.15625
2025-05-11 04:23:00,104289.9453125
2025-05-11 04:24:00,104259.1484375
2025-05-11 04:25:00,104247.765625
2025-05-11 04:26:00,104259.5546875
2025-05-11 04:27:00,104257.6015625
2025-05-11 04:28:00,104243.3359375
2025-05-11 04:29:00,104240.6953125
2025-05-11 04:30:00,104249.078125
2025-05-11 04:31:00,104248.796875
2025-05-11 04:33:00,104160.5390625
2025-05-11 04:34:00,104167.2421875
2025-05-11 04:35:00,104221.359375
2025-05-11 04:36:00,104229.9140625
2025-05-11 04:37:00,104182.4296875
2025-05-11 04:39:00,104137.78125
2025-05-11 04:40:00,104094.46875
2025-05-11 04:42:00,104133.625
2025-05-11 04:43:00,104160.703125
2025-05-11 04:45:00,104157.375
2025-05-11 04:46:00,104157.3671875
2025-05-11 04:47:00,104132.234375
2025-05-11 04:48:00,104146.671875
2025-05-11 04:49:00,104145.96875
2025-05-11 04:50:00,104168.65625
2025-05-11 04:51:00,104146.78125
2025-05-11 04:52:00,104156.8828125
2025-05-11 04:53:00,104153.765625
2025-05-11 04:54:00,104160.2265625
2025-05-11 04:55:00,104152.7109375
2025-05-11 04:57:00,104140.0234375
2025-05-11 04:58:00,104145.8984375
2025-05-11 04:59:00,104153.9140625
2025-05-11 05:00:00,104129.921875
2025-05-11 05:02:00,104188.484375
2025-05-11 05:03:00,104151.625
2025-05-11 05:04:00,104193.5859375
2025-05-11 05:05:00,104168.4296875
2025-05-11 05:06:00,104159.9453125
2025-05-11 05:07:00,104106.671875
2025-05-11 05:08:00,104083.7890625
2025-05-11 05:09:00,104100.6796875
2025-05-11 05:10:00,104109.5078125
2025-05-11 05:11:00,104107.7421875
2025-05-11 05:12:00,104122.71875
2025-05-11 05:13:00,104121.734375
2025-05-11 05:14:00,104117.0
2025-05-11 05:15:00,104122.828125
2025-05-11 05:16:00,104076.859375
2025-05-11 05:17:00,104082.0546875
2025-05-11 05:18:00,104036.28125
2025-05-11 05:19:00,104032.359375
2025-05-11 05:21:00,104035.5390625
2025-05-11 05:22:00,104038.6640625
2025-05-11 05:23:00,104044.8046875
2025-05-11 05:24:00,104018.8359375
2025-05-11 05:25:00,104007.9921875
2025-05-11 05:27:00,103901.5078125
2025-05-11 05:28:00,103869.8671875
2025-05-11 05:29:00,103888.8671875
2025-05-11 05:30:00,103877.1875
2025-05-11 05:31:00,103847.9453125
2025-05-11 05:32:00,103926.75
2025-05-11 05:33:00,103928.421875
2025-05-11 05:34:00,103962.484375
2025-05-11 05:35:00,103971.25
2025-05-11 05:36:00,103985.6796875
2025-05-11 05:37:00,103991.5546875
2025-05-11 05:38:00,103986.203125
2025-05-11 05:39:00,103957.5546875
2025-05-11 05:40:00,103952.8671875
2025-05-11 05:41:00,103960.09375
2025-05-11 05:42:00,103962.4921875
2025-05-11 05:43:00,103955.40625
2025-05-11 05:45:00,103975.3515625
2025-05-11 05:46:00,103978.5546875
2025-05-11 05:47:00,103960.3359375
2025-05-11 05:48:00,103955.8125
2025-05-11 05:49:00,103934.390625
2025-05-11 05:50:00,103913.265625
2025-05-11 05:51:00,103933.2421875
2025-05-11 05:52:00,103904.9453125
2025-05-11 05:53:00,103891.109375
2025-05-11 05:54:00,103880.625
2025-05-11 05:55:00,103905.8203125
2025-05-11 05:56:00,103858.984375
2025-05-11 05:57:00,103845.1015625
2025-05-11 05:58:00,103841.4453125
2025-05-11 05:59:00,103834.7578125
2025-05-11 06:00:00,103846.5
2025-05-11 06:02:00,103816.8125
2025-05-11 06:03:00,103805.7734375
2025-05-11 06:04:00,103836.96875
2025-05-11 06:05:00,103873.203125
2025-05-11 06:06:00,103794.765625
2025-05-11 06:07:00,103732.546875
2025-05-11 06:09:00,103843.5
2025-05-11 06:10:00,103868.6328125
2025-05-11 06:11:00,103837.9609375
2025-05-11 06:12:00,103810.359375
2025-05-11 06:13:00,103825.078125
2025-05-11 06:14:00,103779.90625
2025-05-11 06:15:00,103789.203125
2025-05-11 06:16:00,103795.015625
2025-05-11 06:17:00,103811.5703125
2025-05-11 06:18:00,103823.6796875
2025-05-11 06:19:00,103865.9296875
2025-05-11 06:21:00,103930.9296875
2025-05-11 06:22:00,103936.2265625
2025-05-11 06:23:00,103931.5234375
2025-05-11 06:24:00,103903.859375
2025-05-11 06:25:00,103933.84375
2025-05-11 06:26:00,103921.15625
2025-05-11 06:27:00,103942.734375
2025-05-11 06:28:00,103915.5546875
2025-05-11 06:29:00,103934.6953125
2025-05-11 06:30:00,103952.6796875
2025-05-11 06:31:00,103928.25
2025-05-11 06:33:00,103959.2265625
2025-05-11 06:34:00,103958.5703125
2025-05-11 06:35:00,103954.328125
2025-05-11 06:36:00,103926.109375
2025-05-11 06:37:00,103911.71875
2025-05-11 06:39:00,103895.1484375
2025-05-11 06:40:00,103891.203125
2025-05-11 06:41:00,103809.890625
2025-05-11 06:42:00,103763.2109375
2025-05-11 06:43:00,103693.3984375
2025-05-11 06:44:00,103752.140625
2025-05-11 06:45:00,103769.0
2025-05-11 06:46:00,103772.5
2025-05-11 06:47:00,103679.8671875
2025-05-11 06:48:00,103666.3203125
2025-05-11 06:49:00,103648.390625
2025-05-11 06:50:00,103661.9453125
2025-05-11 06:51:00,103692.2578125
2025-05-11 06:52:00,103714.96875
2025-05-11 06:53:00,103709.6171875
2025-05-11 06:54:00,103729.125
2025-05-11 06:55:00,103746.1875
2025-05-11 06:57:00,103800.28125
2025-05-11 06:58:00,103856.0859375
2025-05-11 06:59:00,103860.484375
2025-05-11 07:00:00,103864.1171875
2025-05-11 07:01:00,103854.8359375
2025-05-11 07:02:00,103841.9296875
2025-05-11 07:03:00,103859.5546875
2025-05-11 07:04:00,103847.7109375
2025-05-11 07:05:00,103777.6484375
2025-05-11 07:06:00,103648.8046875
2025-05-11 07:07:00,103638.28125
2025-05-11 07:09:00,103730.3203125
2025-05-11 07:10:00,103655.703125
2025-05-11 07:12:00,103662.5078125
2025-05-11 07:13:00,103666.25
2025-05-11 07:14:00,103704.4296875
2025-05-11 07:15:00,103709.1796875
2025-05-11 07:16:00,103674.484375
2025-05-11 07:18:00,103647.4609375
2025-05-11 07:19:00,103663.1953125
2025-05-11 07:21:00,103669.59375
2025-05-11 07:22:00,103743.8828125
2025-05-11 07:23:00,103756.4921875
2025-05-11 07:24:00,103784.9375
2025-05-11 07:25:00,103804.3984375
2025-05-11 07:26:00,103795.859375
2025-05-11 07:27:00,103771.8671875
2025-05-11 07:28:00,103702.3984375
2025-05-11 07:29:00,103679.71875
2025-05-11 07:30:00,103681.484375
2025-05-11 07:31:00,103687.078125
2025-05-11 07:33:00,103670.4921875
2025-05-11 07:34:00,103647.046875
2025-05-11 07:35:00,103656.1328125
2025-05-11 07:36:00,103647.9921875
2025-05-11 07:37:00,103667.6171875
2025-05-11 07:38:00,103663.296875
2025-05-11 07:39:00,103654.78125
2025-05-11 07:40:00,103617.4765625
2025-05-11 07:41:00,103506.8828125
2025-05-11 07:42:00,103442.375
2025-05-11 07:43:00,103467.65625
2025-05-11 07:44:00,103493.4453125
2025-05-11 07:45:00,103443.328125
2025-05-11 07:46:00,103501.0703125
2025-05-11 07:48:00,103600.984375
2025-05-11 07:49:00,103592.3203125
2025-05-11 07:51:00,103543.6953125
2025-05-11 07:52:00,103484.8515625
2025-05-11 07:53:00,103495.9296875
2025-05-11 07:54:00,103466.0234375
2025-05-11 07:55:00,103462.828125
2025-05-11 07:57:00,103466.1328125
2025-05-11 07:58:00,103456.5234375
2025-05-11 07:59:00,103425.828125
2025-05-11 08:00:00,103394.8671875
2025-05-11 08:02:00,103526.015625
2025-05-11 08:03:00,103567.390625
2025-05-11 08:04:00,103662.28125
2025-05-11 08:05:00,103668.859375
2025-05-11 08:06:00,103643.75
2025-05-11 08:07:00,103666.828125
2025-05-11 08:08:00,103699.109375
2025-05-11 08:09:00,103757.625
2025-05-11 08:10:00,103742.0625
2025-05-11 08:11:00,103757.2109375
2025-05-11 08:12:00,103733.75
2025-05-11 08:13:00,103751.90625
2025-05-11 08:14:00,103762.734375
2025-05-11 08:15:00,103786.8671875
2025-05-11 08:16:00,103849.109375
2025-05-11 08:17:00,103981.1484375
2025-05-11 08:18:00,103955.2734375
2025-05-11 08:19:00,103953.6328125
2025-05-11 08:20:00,103920.1953125
2025-05-11 08:21:00,103956.9765625
2025-05-11 08:22:00,103962.78125
2025-05-11 08:23:00,103969.4296875
2025-05-11 08:24:00,103957.453125
2025-05-11 08:25:00,103956.3046875
2025-05-11 08:26:00,103952.078125
2025-05-11 08:27:00,103946.203125
2025-05-11 08:28:00,103877.265625
2025-05-11 08:29:00,103878.5546875
2025-05-11 08:30:00,103868.5703125
2025-05-11 08:31:00,103843.8125
2025-05-11 08:33:00,103792.03125
2025-05-11 08:34:00,103757.578125
2025-05-11 08:35:00,103795.6796875
2025-05-11 08:36:00,103856.984375
2025-05-11 08:37:00,103853.265625
2025-05-11 08:39:00,103848.640625
2025-05-11 08:40:00,103796.546875
2025-05-11 08:42:00,103888.7890625
2025-05-11 08:43:00,103919.1953125
2025-05-11 08:45:00,103955.96875
2025-05-11 08:46:00,103960.984375
2025-05-11 08:47:00,103913.3515625
2025-05-11 08:48:00,103840.109375
2025-05-11 08:49:00,103818.8515625
2025-05-11 08:50:00,103811.9453125
2025-05-11 08:52:00,103841.6640625
2025-05-11 08:53:00,103846.984375
2025-05-11 08:54:00,103830.2265625
2025-05-11 08:55:00,103865.6796875
2025-05-11 08:57:00,103847.5859375
2025-05-11 08:58:00,103860.0546875
2025-05-11 08:59:00,103864.234375
2025-05-11 09:00:00,103855.890625
2025-05-11 09:01:00,103860.7265625
2025-05-11 09:02:00,103881.953125
2025-05-11 09:03:00,103853.5390625
2025-05-11 09:04:00,103877.1796875
2025-05-11 09:05:00,103903.8671875
2025-05-11 09:06:00,103930.0625
2025-05-11 09:07:00,103949.0078125
2025-05-11 09:08:00,103982.1484375
2025-05-11 09:09:00,103991.8203125
2025-05-11 09:10:00,104029.0625
2025-05-11 09:11:00,104029.234375
2025-05-11 09:12:00,104047.328125
2025-05-11 09:13:00,104041.828125
2025-05-11 09:14:00,104018.0546875
2025-05-11 09:15:00,104165.765625
2025-05-11 09:16:00,104229.4609375
2025-05-11 09:17:00,104207.1796875
2025-05-11 09:18:00,104159.9296875
2025-05-11 09:19:00,104119.6796875
2025-05-11 09:21:00,104182.2421875
2025-05-11 09:22:00,104194.8828125
2025-05-11 09:23:00,104150.8984375
2025-05-11 09:24:00,104148.046875
2025-05-11 09:25:00,104168.65625
2025-05-11 09:26:00,104176.7109375
2025-05-11 09:27:00,104179.5703125
2025-05-11 09:28:00,104186.578125
2025-05-11 09:29:00,104288.3203125
2025-05-11 09:30:00,104278.4453125
2025-05-11 09:31:00,104269.34375
2025-05-11 09:33:00,104265.4140625
2025-05-11 09:34:00,104250.6328125
2025-05-11 09:35:00,104258.390625
2025-05-11 09:36:00,104250.75
2025-05-11 09:37:00,104254.796875
2025-05-11 09:38:00,104254.1171875
2025-05-11 09:39:00,104255.6953125
2025-05-11 09:40:00,104265.6171875
2025-05-11 09:41:00,104263.4609375
2025-05-11 09:42:00,104256.40625
2025-05-11 09:43:00,104277.2578125
2025-05-11 09:44:00,104261.6328125
2025-05-11 09:45:00,104270.7265625
2025-05-11 09:46:00,104275.9609375
2025-05-11 09:47:00,104285.8203125
2025-05-11 09:48:00,104270.9921875
2025-05-11 09:49:00,104303.9921875
2025-05-11 09:50:00,104298.046875
2025-05-11 09:52:00,104353.1796875
2025-05-11 09:53:00,104382.90625
2025-05-11 09:55:00,104456.6328125
2025-05-11 09:57:00,104404.90625
2025-05-11 09:58:00,104366.0
2025-05-11 09:59:00,104353.4375
2025-05-11 10:00:00,104363.328125
2025-05-11 10:01:00,104340.8125
2025-05-11 10:03:00,104337.2890625
2025-05-11 10:05:00,104378.40625
2025-05-11 10:06:00,104368.984375
2025-05-11 10:07:00,104391.8984375
2025-05-11 10:09:00,104385.9296875
2025-05-11 10:10:00,104387.890625
2025-05-11 10:11:00,104382.765625
2025-05-11 10:12:00,104315.953125
2025-05-11 10:13:00,104317.296875
2025-05-11 10:15:00,104294.5859375
2025-05-11 10:16:00,104253.1875
2025-05-11 10:17:00,104212.703125
2025-05-11 10:18:00,104248.8984375
2025-05-11 10:19:00,104234.328125
2025-05-11 10:21:00,104353.2734375
2025-05-11 10:22:00,104370.0703125
2025-05-11 10:23:00,104376.703125
2025-05-11 10:24:00,104447.796875
2025-05-11 10:25:00,104456.25
2025-05-11 10:26:00,104454.1171875
2025-05-11 10:27:00,104461.96875
2025-05-11 10:28:00,104461.234375
2025-05-11 10:29:00,104467.6484375
2025-05-11 10:30:00,104468.609375
2025-05-11 10:31:00,104474.03125
2025-05-11 10:33:00,104503.828125
2025-05-11 10:34:00,104476.0
2025-05-11 10:35:00,104487.375
2025-05-11 10:36:00,104400.3671875
2025-05-11 10:37:00,104392.9375
2025-05-11 10:38:00,104401.1015625
2025-05-11 10:39:00,104439.796875
2025-05-11 10:40:00,104425.578125
2025-05-11 10:41:00,104398.8984375
2025-05-11 10:42:00,104413.046875
2025-05-11 10:43:00,104411.0
2025-05-11 10:45:00,104395.3125
2025-05-11 10:46:00,104372.3203125
2025-05-11 10:47:00,104358.015625
2025-05-11 10:48:00,104398.9609375
2025-05-11 10:49:00,104403.359375
2025-05-11 10:50:00,104388.703125
2025-05-11 10:51:00,104435.0078125
2025-05-11 10:52:00,104450.4609375
2025-05-11 10:53:00,104427.1328125
2025-05-11 10:54:00,104429.109375
2025-05-11 10:55:00,104405.2421875
2025-05-11 10:56:00,104453.8515625
2025-05-11 10:57:00,104456.953125
2025-05-11 10:58:00,104488.0390625
2025-05-11 10:59:00,104535.65625
2025-05-11 11:00:00,104588.71875
2025-05-11 11:01:00,104703.765625
2025-05-11 11:03:00,104715.671875
2025-05-11 11:04:00,104704.328125
2025-05-11 11:05:00,104690.2734375
2025-05-11 11:06:00,104631.8984375
2025-05-11 11:07:00,104626.6953125
2025-05-11 11:08:00,104595.4453125
2025-05-11 11:09:00,104595.984375
2025-05-11 11:10:00,104554.6015625
2025-05-11 11:11:00,104560.34375
2025-05-11 11:12:00,104567.3203125
2025-05-11 11:13:00,104545.859375
2025-05-11 11:14:00,104421.1015625
2025-05-11 11:15:00,104418.125
2025-05-11 11:16:00,104454.234375
2025-05-11 11:18:00,104465.3359375
2025-05-11 11:19:00,104460.421875
2025-05-11 11:21:00,104487.4453125
2025-05-11 11:22:00,104455.6484375
2025-05-11 11:23:00,104489.3671875
2025-05-11 11:24:00,104467.4140625
2025-05-11 11:25:00,104442.6640625
2025-05-11 11:26:00,104433.8984375
2025-05-11 11:27:00,104406.6796875
2025-05-11 11:28:00,104451.390625
2025-05-11 11:29:00,104502.15625
2025-05-11 11:30:00,104507.734375
2025-05-11 11:33:00,104508.0546875
2025-05-11 11:34:00,104488.75
2025-05-11 11:35:00,104481.84375
2025-05-11 11:36:00,104461.203125
2025-05-11 11:37:00,104480.28125
2025-05-11 11:38:00,104484.1015625
2025-05-11 11:39:00,104449.8125
2025-05-11 11:40:00,104437.8984375
2025-05-11 11:41:00,104438.984375
2025-05-11 11:42:00,104418.46875
2025-05-11 11:43:00,104443.8515625
2025-05-11 11:44:00,104464.6484375
2025-05-11 11:45:00,104493.1484375
2025-05-11 11:46:00,104485.3359375
2025-05-11 11:47:00,104448.359375
2025-05-11 11:48:00,104440.21875
2025-05-11 11:49:00,104439.46875
2025-05-11 11:50:00,104456.09375
2025-05-11 11:51:00,104455.3828125
2025-05-11 11:52:00,104480.390625
2025-05-11 11:53:00,104474.1953125
2025-05-11 11:54:00,104490.8671875
2025-05-11 11:55:00,104516.359375
2025-05-11 11:57:00,104628.03125
2025-05-11 11:58:00,104671.2421875
2025-05-11 11:59:00,104674.3828125
2025-05-11 12:00:00,104665.7734375
2025-05-11 12:01:00,104677.359375
2025-05-11 12:02:00,104664.0234375
2025-05-11 12:03:00,104658.6171875
2025-05-11 12:04:00,104673.1484375
2025-05-11 12:05:00,104663.3515625
2025-05-11 12:06:00,104677.90625
2025-05-11 12:07:00,104682.84375
2025-05-11 12:09:00,104794.71875
2025-05-11 12:10:00,104771.3125
2025-05-11 12:11:00,104780.5234375
2025-05-11 12:12:00,104813.875
2025-05-11 12:13:00,104806.4140625
2025-05-11 12:14:00,104802.9453125
2025-05-11 12:15:00,104810.9296875
2025-05-11 12:16:00,104756.0390625
2025-05-11 12:17:00,104787.328125
2025-05-11 12:18:00,104746.8203125
2025-05-11 12:19:00,104747.1640625
2025-05-11 12:20:00,104709.1796875
2025-05-11 12:22:00,104716.4453125
2025-05-11 12:23:00,104650.3359375
2025-05-11 12:24:00,104678.71875
2025-05-11 12:25:00,104665.0546875
2025-05-11 12:27:00,104729.4296875
2025-05-11 12:28:00,104701.0703125
2025-05-11 12:29:00,104679.171875
2025-05-11 12:31:00,104677.25
2025-05-11 12:33:00,104682.3359375
2025-05-11 12:34:00,104717.734375
2025-05-11 12:35:00,104757.359375
2025-05-11 12:36:00,104755.6015625
2025-05-11 12:37:00,104750.3515625
2025-05-11 12:38:00,104782.2421875
2025-05-11 12:39:00,104766.6953125
2025-05-11 12:41:00,104581.515625
2025-05-11 12:42:00,104588.5703125
2025-05-11 12:43:00,104545.453125
2025-05-11 12:45:00,104564.8203125
2025-05-11 12:46:00,104588.2734375
2025-05-11 12:47:00,104666.5546875
2025-05-11 12:48:00,104702.9921875
2025-05-11 12:49:00,104677.0625
2025-05-11 12:50:00,104691.9296875
2025-05-11 12:51:00,104736.203125
2025-05-11 12:52:00,104755.1015625
2025-05-11 12:53:00,104726.21875
2025-05-11 12:54:00,104730.0625
2025-05-11 12:55:00,104732.8203125
2025-05-11 12:56:00,104699.6484375
2025-05-11 12:57:00,104646.609375
2025-05-11 12:58:00,104616.7109375
2025-05-11 12:59:00,104636.7890625
2025-05-11 13:00:00,104605.65625
2025-05-11 13:02:00,104553.078125
2025-05-11 13:03:00,104535.5859375
2025-05-11 13:04:00,104552.8828125
2025-05-11 13:05:00,104615.40625
2025-05-11 13:06:00,104630.0
2025-05-11 13:07:00,104614.8984375
2025-05-11 13:08:00,104603.0390625
2025-05-11 13:09:00,104604.2890625
2025-05-11 13:10:00,104629.796875
2025-05-11 13:11:00,104646.90625
2025-05-11 13:12:00,104620.234375
2025-05-11 13:13:00,104619.4140625
2025-05-11 13:14:00,104600.5859375
2025-05-11 13:15:00,104609.1953125
2025-05-11 13:16:00,104601.7265625
2025-05-11 13:17:00,104587.140625
2025-05-11 13:18:00,104565.90625
2025-05-11 13:19:00,104567.1484375
2025-05-11 13:20:00,104578.0546875
2025-05-11 13:23:00,104507.8203125
2025-05-11 13:24:00,104500.265625
2025-05-11 13:27:00,104455.0546875
2025-05-11 13:28:00,104298.6171875
2025-05-11 13:29:00,104318.796875
2025-05-11 13:30:00,104338.15625
2025-05-11 13:31:00,104261.4765625
2025-05-11 13:33:00,104259.03125
2025-05-11 13:34:00,104310.96875
2025-05-11 13:35:00,104423.9140625
2025-05-11 13:36:00,104426.015625
2025-05-11 13:37:00,104389.609375
2025-05-11 13:38:00,104436.7890625
2025-05-11 13:39:00,104477.5546875
2025-05-11 13:40:00,104484.5234375
2025-05-11 13:41:00,104408.5859375
2025-05-11 13:42:00,104289.28125
2025-05-11 13:43:00,104257.5390625
2025-05-11 13:45:00,104294.625
2025-05-11 13:46:00,104316.6015625
2025-05-11 13:47:00,104390.8671875
2025-05-11 13:48:00,104315.59375
2025-05-11 13:49:00,104240.9453125
2025-05-11 13:50:00,104283.3515625
2025-05-11 13:51:00,104358.0390625
2025-05-11 13:52:00,104365.703125
2025-05-11 13:53:00,104425.5625
2025-05-11 13:54:00,104404.296875
2025-05-11 13:55:00,104392.71875
2025-05-11 13:57:00,104117.2109375
2025-05-11 13:58:00,104089.4375
2025-05-11 13:59:00,104085.578125
2025-05-11 14:00:00,104010.5859375
2025-05-11 14:02:00,103988.6484375
2025-05-11 14:03:00,104033.296875
2025-05-11 14:04:00,103994.8046875
2025-05-11 14:05:00,104016.3203125
2025-05-11 14:06:00,103955.703125
2025-05-11 14:07:00,103989.390625
2025-05-11 14:09:00,104008.703125
2025-05-11 14:10:00,104037.984375
2025-05-11 14:11:00,103954.6640625
2025-05-11 14:12:00,103981.0390625
2025-05-11 14:13:00,104006.890625
2025-05-11 14:15:00,103971.2578125
2025-05-11 14:16:00,103871.6796875
2025-05-11 14:17:00,103865.0234375
2025-05-11 14:18:00,103834.3125
2025-05-11 14:19:00,103888.078125
2025-05-11 14:20:00,103881.5625
2025-05-11 14:22:00,103887.0234375
2025-05-11 14:23:00,103891.453125
2025-05-11 14:24:00,103908.109375
2025-05-11 14:25:00,104004.9921875
2025-05-11 14:26:00,104022.796875
2025-05-11 14:27:00,104056.1796875
2025-05-11 14:28:00,104035.6015625
2025-05-11 14:29:00,103921.484375
2025-05-11 14:30:00,103930.1328125
2025-05-11 14:31:00,103978.328125
2025-05-11 14:33:00,104106.6328125
2025-05-11 14:34:00,104085.6953125
2025-05-11 14:35:00,104079.4921875
2025-05-11 14:36:00,104079.375
2025-05-11 14:37:00,104137.2578125
2025-05-11 14:38:00,104149.015625
2025-05-11 14:39:00,104184.3125
2025-05-11 14:40:00,104209.1953125
2025-05-11 14:41:00,104211.9921875
2025-05-11 14:42:00,104219.4140625
2025-05-11 14:43:00,104245.625
2025-05-11 14:45:00,104257.7421875
2025-05-11 14:46:00,104247.28125
2025-05-11 14:47:00,104203.671875
2025-05-11 14:48:00,104300.2734375
2025-05-11 14:49:00,104251.9921875
2025-05-11 14:51:00,104244.4921875
2025-05-11 14:52:00,104219.5390625
2025-05-11 14:53:00,104225.6640625
2025-05-11 14:54:00,104152.671875
2025-05-11 14:55:00,104181.46875
2025-05-11 14:57:00,104200.6640625
2025-05-11 14:58:00,104257.5390625
2025-05-11 14:59:00,104244.984375
2025-05-11 15:00:00,104185.375
2025-05-11 15:02:00,104100.7890625
2025-05-11 15:03:00,104152.046875
2025-05-11 15:04:00,104164.0859375
2025-05-11 15:05:00,104274.7890625
2025-05-11 15:06:00,104298.1953125
2025-05-11 15:07:00,104315.6796875
2025-05-11 15:08:00,104309.2890625
2025-05-11 15:09:00,104343.734375
2025-05-11 15:10:00,104390.984375
2025-05-11 15:11:00,104368.4296875
2025-05-11 15:12:00,104380.171875
2025-05-11 15:13:00,104408.53125
2025-05-11 15:14:00,104515.984375
2025-05-11 15:15:00,104519.1015625
2025-05-11 15:16:00,104489.84375
2025-05-11 15:18:00,104642.3984375
2025-05-11 15:19:00,104640.5546875
2025-05-11 15:20:00,104606.46875
2025-05-11 15:21:00,104588.140625
2025-05-11 15:22:00,104569.09375
2025-05-11 15:23:00,104582.59375
2025-05-11 15:24:00,104517.0234375
2025-05-11 15:25:00,104446.0390625
2025-05-11 15:26:00,104454.8515625
2025-05-11 15:27:00,104408.1796875
2025-05-11 15:28:00,104378.5859375
2025-05-11 15:29:00,104366.8046875
2025-05-11 15:30:00,104363.6484375
2025-05-11 15:31:00,104349.984375
2025-05-11 15:32:00,104347.90625
2025-05-11 15:33:00,104359.0703125
2025-05-11 15:34:00,104379.21875
2025-05-11 15:35:00,104415.078125
2025-05-11 15:36:00,104431.7578125
2025-05-11 15:37:00,104371.2734375
2025-05-11 15:38:00,104362.4453125
2025-05-11 15:39:00,104325.796875
2025-05-11 15:40:00,104308.6328125
2025-05-11 15:41:00,104287.4765625
2025-05-11 15:42:00,104352.5078125
2025-05-11 15:43:00,104377.359375
2025-05-11 15:44:00,104378.078125
2025-05-11 15:45:00,104308.109375
2025-05-11 15:46:00,104327.2109375
2025-05-11 15:47:00,104357.1953125
2025-05-11 15:48:00,104319.296875
2025-05-11 15:49:00,104109.84375
2025-05-11 15:50:00,104116.375
2025-05-11 15:51:00,104170.84375
2025-05-11 15:52:00,104281.1171875
2025-05-11 15:53:00,104200.09375
2025-05-11 15:54:00,104141.25
2025-05-11 15:55:00,103953.625
2025-05-11 15:56:00,104001.75
2025-05-11 15:57:00,103982.234375
2025-05-11 15:58:00,104160.1015625
2025-05-11 15:59:00,104156.5390625
2025-05-11 16:00:00,104153.546875
2025-05-11 16:01:00,104181.734375
2025-05-11 16:03:00,104092.625
2025-05-11 16:05:00,104007.5234375
2025-05-11 16:06:00,103886.0625
2025-05-11 16:07:00,103865.4921875
2025-05-11 16:08:00,103890.4765625
2025-05-11 16:09:00,103872.421875
2025-05-11 16:10:00,103863.5625
2025-05-11 16:11:00,103875.4921875
2025-05-11 16:12:00,104010.625
2025-05-11 16:13:00,103995.625
2025-05-11 16:14:00,104014.890625
2025-05-11 16:15:00,104010.4375
2025-05-11 16:16:00,103945.25
2025-05-11 16:17:00,103911.1640625
2025-05-11 16:18:00,103954.75
2025-05-11 16:19:00,103813.6328125
2025-05-11 16:20:00,103896.890625
2025-05-11 16:22:00,103970.3671875
2025-05-11 16:23:00,104023.515625
2025-05-11 16:24:00,104046.1484375
2025-05-11 16:25:00,104063.7734375
2025-05-11 16:27:00,104073.046875
2025-05-11 16:28:00,104051.9765625
2025-05-11 16:29:00,104083.4921875
2025-05-11 16:30:00,104069.328125
2025-05-11 16:31:00,104057.2265625
2025-05-11 16:32:00,104050.34375
2025-05-11 16:33:00,104108.5625
2025-05-11 16:34:00,104066.9765625
2025-05-11 16:35:00,104036.6171875
2025-05-11 16:36:00,103952.4296875
2025-05-11 16:37:00,103989.5390625
2025-05-11 16:39:00,103971.96875
2025-05-11 16:40:00,103959.3359375
2025-05-11 16:41:00,103961.7109375
2025-05-11 16:42:00,103947.9921875
2025-05-11 16:43:00,103996.109375
2025-05-11 16:45:00,103977.5234375
2025-05-11 16:46:00,103933.46875
2025-05-11 16:47:00,103916.4140625
2025-05-11 16:48:00,103873.2734375
2025-05-11 16:49:00,103869.828125
2025-05-11 16:51:00,103822.796875
2025-05-11 16:52:00,103843.921875
2025-05-11 16:53:00,103858.8515625
2025-05-11 16:54:00,103928.53125
2025-05-11 16:55:00,103935.1796875
2025-05-11 16:56:00,103933.8125
2025-05-11 16:57:00,103942.9921875
2025-05-11 16:58:00,103972.1953125
2025-05-11 16:59:00,103981.625
2025-05-11 17:00:00,103995.9296875
2025-05-11 17:02:00,103957.171875
2025-05-11 17:03:00,103996.34375
2025-05-11 17:04:00,104006.3515625
2025-05-11 17:05:00,104007.984375
2025-05-11 17:06:00,103952.046875
2025-05-11 17:07:00,103930.8828125
2025-05-11 17:08:00,103953.109375
2025-05-11 17:09:00,103995.6171875
2025-05-11 17:10:00,103984.7734375
2025-05-11 17:11:00,103881.9375
2025-05-11 17:12:00,103857.125
2025-05-11 17:13:00,103901.2265625
2025-05-11 17:14:00,103923.46875
2025-05-11 17:15:00,104042.1171875
2025-05-11 17:16:00,103990.6640625
2025-05-11 17:18:00,104000.71875
2025-05-11 17:19:00,104089.0234375
2025-05-11 17:20:00,104102.75
2025-05-11 17:22:00,104140.8046875
2025-05-11 17:23:00,104050.3203125
2025-05-11 17:24:00,104046.0703125
2025-05-11 17:25:00,103887.5234375
2025-05-11 17:26:00,103868.1953125
2025-05-11 17:27:00,103889.875
2025-05-11 17:28:00,103914.8828125
2025-05-11 17:29:00,103898.4921875
2025-05-11 17:30:00,103924.171875
2025-05-11 17:31:00,103902.265625
2025-05-11 17:32:00,103960.96875
2025-05-11 17:33:00,103869.4375
2025-05-11 17:34:00,103888.078125
2025-05-11 17:35:00,103879.6328125
2025-05-11 17:36:00,103952.7734375
2025-05-11 17:37:00,103957.3125
2025-05-11 17:38:00,103911.4453125
2025-05-11 17:39:00,103967.703125
2025-05-11 17:40:00,103965.921875
2025-05-11 17:41:00,103973.1640625
2025-05-11 17:42:00,103973.1015625
2025-05-11 17:43:00,103970.125
2025-05-11 17:44:00,103981.1171875
2025-05-11 17:45:00,104015.3046875
2025-05-11 17:46:00,103987.875
2025-05-11 17:47:00,103944.28125
2025-05-11 17:48:00,103941.6796875
2025-05-11 17:49:00,103971.6875
2025-05-11 17:50:00,104016.8046875
2025-05-11 17:51:00,104036.875
2025-05-11 17:52:00,104048.3125
2025-05-11 17:53:00,104051.96875
2025-05-11 17:54:00,104076.625
2025-05-11 17:55:00,104073.0859375
2025-05-11 17:56:00,104065.1875
2025-05-11 17:57:00,104081.703125
2025-05-11 17:58:00,104068.40625
2025-05-11 17:59:00,104071.46875
2025-05-11 18:00:00,104054.5
2025-05-11 18:01:00,104042.921875
2025-05-11 18:03:00,104082.3046875
2025-05-11 18:04:00,104092.6171875
2025-05-11 18:05:00,104041.8828125
2025-05-11 18:06:00,103996.71875
2025-05-11 18:07:00,103968.8828125
2025-05-11 18:08:00,103931.796875
2025-05-11 18:09:00,103914.75
2025-05-11 18:10:00,103929.578125
2025-05-11 18:11:00,103958.8203125
2025-05-11 18:12:00,103964.609375
2025-05-11 18:14:00,103958.953125
2025-05-11 18:15:00,103953.40625
2025-05-11 18:16:00,103931.671875
2025-05-11 18:17:00,103944.6640625
2025-05-11 18:19:00,103987.1484375
2025-05-11 18:20:00,104006.578125
2025-05-11 18:22:00,104040.6875
2025-05-11 18:23:00,104048.375
2025-05-11 18:24:00,104039.6171875
2025-05-11 18:25:00,104023.0625
2025-05-11 18:26:00,104020.0625
2025-05-11 18:27:00,104028.90625
2025-05-11 18:28:00,104012.9375
2025-05-11 18:30:00,103951.78125
2025-05-11 18:31:00,103932.8828125
2025-05-11 18:32:00,103925.140625
2025-05-11 18:33:00,103895.9375
2025-05-11 18:34:00,103936.5078125
2025-05-11 18:35:00,103938.640625
2025-05-11 18:36:00,103950.46875
2025-05-11 18:37:00,103989.4921875
2025-05-11 18:38:00,104165.6015625
2025-05-11 18:39:00,104359.8046875
2025-05-11 18:40:00,104402.9453125
2025-05-11 18:41:00,104401.9296875
2025-05-11 18:42:00,104473.4140625
2025-05-11 18:43:00,104552.828125
2025-05-11 18:44:00,104543.671875
2025-05-11 18:45:00,104501.078125
2025-05-11 18:46:00,104533.9140625
2025-05-11 18:47:00,104573.7265625
2025-05-11 18:48:00,104660.6875
2025-05-11 18:49:00,104776.3359375
2025-05-11 18:51:00,104737.671875
2025-05-11 18:52:00,104802.4609375
2025-05-11 18:53:00,104803.5546875
2025-05-11 18:54:00,104755.8515625
2025-05-11 18:55:00,104744.1015625
2025-05-11 18:56:00,104738.46875
2025-05-11 18:57:00,104668.5234375
2025-05-11 18:58:00,104637.3984375
2025-05-11 18:59:00,104554.0
2025-05-11 19:00:00,104562.1875
2025-05-11 19:02:00,104579.6640625
2025-05-11 19:03:00,104541.7109375
2025-05-11 19:04:00,104561.0625
2025-05-11 19:05:00,104537.6796875
2025-05-11 19:06:00,104567.28125
2025-05-11 19:07:00,104600.59375
2025-05-11 19:08:00,104490.890625
2025-05-11 19:09:00,104499.7109375
2025-05-11 19:10:00,104509.8046875
2025-05-11 19:11:00,104620.6484375
2025-05-11 19:12:00,104646.1171875
2025-05-11 19:13:00,104613.5390625
2025-05-11 19:14:00,104582.4140625
2025-05-11 19:15:00,104611.8515625
2025-05-11 19:16:00,104607.9140625
2025-05-11 19:17:00,104603.4765625
2025-05-11 19:18:00,104576.5859375
2025-05-11 19:20:00,104533.765625
2025-05-11 19:21:00,104521.53125
2025-05-11 19:22:00,104506.6875
2025-05-11 19:23:00,104507.0703125
2025-05-11 19:24:00,104511.984375
2025-05-11 19:25:00,104497.1640625
2025-05-11 19:26:00,104500.953125
2025-05-11 19:27:00,104500.953125
2025-05-11 19:28:00,104516.1640625
2025-05-11 19:29:00,104529.3203125
2025-05-11 19:31:00,104538.625
2025-05-11 19:32:00,104564.703125
2025-05-11 19:33:00,104563.7734375
2025-05-11 19:34:00,104610.7734375
2025-05-11 19:35:00,104612.5703125
2025-05-11 19:36:00,104548.6640625
2025-05-11 19:37:00,104564.984375
2025-05-11 19:39:00,104558.1484375
2025-05-11 19:40:00,104549.2890625
2025-05-11 19:41:00,104549.6640625
2025-05-11 19:42:00,104539.2109375
2025-05-11 19:43:00,104536.125
2025-05-11 19:44:00,104509.484375
2025-05-11 19:45:00,104483.1953125
2025-05-11 19:46:00,104533.1796875
2025-05-11 19:47:00,104550.90625
2025-05-11 19:48:00,104537.15625
2025-05-11 19:49:00,104578.734375
2025-05-11 19:50:00,104602.3203125
2025-05-11 19:51:00,104586.1875
2025-05-11 19:52:00,104567.21875
2025-05-11 19:53:00,104570.390625
2025-05-11 19:54:00,104547.1171875
2025-05-11 19:55:00,104484.171875
2025-05-11 19:56:00,104483.40625
2025-05-11 19:57:00,104483.40625
2025-05-11 19:58:00,104405.9609375
2025-05-11 19:59:00,104438.7890625
2025-05-11 20:00:00,104447.203125
2025-05-11 20:01:00,104415.0703125
2025-05-11 20:02:00,104435.734375
2025-05-11 20:03:00,104434.28125
2025-05-11 20:04:00,104335.9921875
2025-05-11 20:05:00,104345.5078125
2025-05-11 20:06:00,104362.0625
2025-05-11 20:07:00,104321.0546875
2025-05-11 20:08:00,104293.0390625
2025-05-11 20:09:00,104260.3203125
2025-05-11 20:10:00,104279.125
2025-05-11 20:11:00,104293.2421875
2025-05-11 20:12:00,104314.1953125
2025-05-11 20:13:00,104354.34375
2025-05-11 20:14:00,104389.2421875
2025-05-11 20:15:00,104400.7421875
2025-05-11 20:16:00,104419.796875
2025-05-11 20:17:00,104389.703125
2025-05-11 20:18:00,104379.3203125
2025-05-11 20:19:00,104357.9921875
2025-05-11 20:20:00,104368.46875
2025-05-11 20:22:00,104370.6796875
2025-05-11 20:23:00,104350.6015625
2025-05-11 20:24:00,104360.25
2025-05-11 20:25:00,104347.453125
2025-05-11 20:26:00,104339.4140625
2025-05-11 20:27:00,104395.3046875
2025-05-11 20:28:00,104415.140625
2025-05-11 20:29:00,104414.03125
2025-05-11 20:31:00,104376.8828125
2025-05-11 20:32:00,104357.2265625
2025-05-11 20:33:00,104374.359375
2025-05-11 20:34:00,104324.8359375
2025-05-11 20:35:00,104376.0859375
2025-05-11 20:36:00,104444.5625
2025-05-11 20:37:00,104440.359375
2025-05-11 20:38:00,104446.0546875
2025-05-11 20:39:00,104440.25
2025-05-11 20:40:00,104402.8828125
2025-05-11 20:41:00,104334.953125
2025-05-11 20:42:00,104340.5078125
2025-05-11 20:43:00,104331.375
2025-05-11 20:44:00,104331.1953125
2025-05-11 20:45:00,104335.1171875
2025-05-11 20:46:00,104298.34375
2025-05-11 20:47:00,104297.8359375
2025-05-11 20:48:00,104290.2578125
2025-05-11 20:49:00,104296.4921875
2025-05-11 20:50:00,104302.2734375
2025-05-11 20:51:00,104323.2890625
2025-05-11 20:53:00,104283.2109375
2025-05-11 20:54:00,104278.1640625
2025-05-11 20:55:00,104274.3828125
2025-05-11 20:56:00,104288.46875
2025-05-11 20:57:00,104294.7890625
2025-05-11 20:58:00,104291.5625
2025-05-11 20:59:00,104306.3359375
2025-05-11 21:00:00,104296.9609375
2025-05-11 21:01:00,104276.5625
2025-05-11 21:03:00,104282.2109375
2025-05-11 21:04:00,104259.28125
2025-05-11 21:05:00,104267.765625
2025-05-11 21:06:00,104226.828125
2025-05-11 21:07:00,104205.3671875
2025-05-11 21:08:00,104159.46875
2025-05-11 21:09:00,104127.1953125
2025-05-11 21:10:00,104100.9921875
2025-05-11 21:11:00,104071.03125
2025-05-11 21:12:00,104079.3828125
2025-05-11 21:13:00,104068.5390625
2025-05-11 21:14:00,104038.2265625
2025-05-11 21:15:00,104047.7578125
2025-05-11 21:16:00,104107.3359375
2025-05-11 21:17:00,104120.4140625
2025-05-11 21:18:00,104125.40625
2025-05-11 21:19:00,104192.53125
2025-05-11 21:20:00,104233.0546875
2025-05-11 21:22:00,104206.2734375
2025-05-11 21:23:00,104208.5078125
2025-05-11 21:24:00,104255.640625
2025-05-11 21:25:00,104258.6875
2025-05-11 21:26:00,104253.2578125
2025-05-11 21:27:00,104238.9140625
2025-05-11 21:28:00,104235.9296875
2025-05-11 21:30:00,104225.1640625
2025-05-11 21:31:00,104205.8359375
2025-05-11 21:32:00,104209.4453125
2025-05-11 21:33:00,104208.2890625
2025-05-11 21:34:00,104175.6796875
2025-05-11 21:35:00,104146.125
2025-05-11 21:36:00,104190.5625
2025-05-11 21:37:00,104199.9375
2025-05-11 21:38:00,104171.1640625
2025-05-11 21:39:00,104142.96875
2025-05-11 21:40:00,104132.296875
2025-05-11 21:41:00,104102.0625
2025-05-11 21:42:00,104053.3046875
2025-05-11 21:43:00,104036.8828125
2025-05-11 21:44:00,104030.171875
2025-05-11 21:45:00,104093.1171875
2025-05-11 21:46:00,104070.390625
2025-05-11 21:47:00,104100.53125
2025-05-11 21:48:00,104100.484375
2025-05-11 21:49:00,104100.4140625
2025-05-11 21:51:00,104177.203125
2025-05-11 21:52:00,104167.7109375
2025-05-11 21:53:00,104242.5234375
2025-05-11 21:54:00,104312.890625
2025-05-11 21:55:00,104351.5859375
2025-05-11 21:56:00,104367.203125
2025-05-11 21:57:00,104351.5625
2025-05-11 21:58:00,104337.3984375
2025-05-11 21:59:00,104320.8125
2025-05-11 22:00:00,104376.625
2025-05-11 22:01:00,104365.0078125
2025-05-11 22:02:00,104513.6953125
2025-05-11 22:03:00,104502.90625
2025-05-11 22:04:00,104236.484375
2025-05-11 22:05:00,104048.4140625
2025-05-11 22:06:00,103933.5078125
2025-05-11 22:07:00,103925.9453125
2025-05-11 22:08:00,103889.8046875
2025-05-11 22:09:00,103882.5078125
2025-05-11 22:10:00,103959.296875
2025-05-11 22:11:00,104009.4453125
2025-05-11 22:12:00,103978.5703125
2025-05-11 22:15:00,104139.6171875
2025-05-11 22:16:00,104073.375
2025-05-11 22:17:00,104105.84375
2025-05-11 22:18:00,104044.953125
2025-05-11 22:19:00,104040.5234375
2025-05-11 22:20:00,104127.9765625
2025-05-11 22:22:00,104176.1484375
2025-05-11 22:23:00,104170.375
2025-05-11 22:24:00,104061.890625
2025-05-11 22:25:00,103973.0390625
2025-05-11 22:26:00,103911.8046875
2025-05-11 22:27:00,103914.3359375
2025-05-11 22:28:00,103991.90625
2025-05-11 22:29:00,104005.484375
2025-05-11 22:30:00,103976.765625
2025-05-11 22:31:00,103992.1171875
2025-05-11 22:32:00,103989.484375
2025-05-11 22:33:00,104011.3359375
2025-05-11 22:34:00,104007.5859375
2025-05-11 22:35:00,103891.875
2025-05-11 22:36:00,103793.4921875
2025-05-11 22:37:00,103772.109375
2025-05-11 22:38:00,103691.0859375
2025-05-11 22:40:00,103764.2265625
2025-05-11 22:41:00,103794.1328125
2025-05-11 22:42:00,103788.4140625
2025-05-11 22:43:00,103772.25
2025-05-11 22:44:00,103774.2265625
2025-05-11 22:45:00,103617.90625
2025-05-11 22:46:00,103653.9140625
2025-05-11 22:47:00,103702.3828125
2025-05-11 22:48:00,103665.203125
2025-05-11 22:49:00,103687.625
2025-05-11 22:50:00,103687.625
2025-05-11 22:51:00,103705.875
2025-05-11 22:52:00,103746.1875
2025-05-11 22:53:00,103774.625
2025-05-11 22:54:00,103788.7734375
2025-05-11 22:55:00,103758.46875
2025-05-11 22:56:00,103750.453125
2025-05-11 22:57:00,103772.96875
2025-05-11 22:58:00,103790.484375
2025-05-11 22:59:00,103798.9296875
2025-05-11 23:00:00,103808.9140625
2025-05-11 23:03:00,103854.34375
2025-05-11 23:04:00,103869.4140625
2025-05-11 23:05:00,103908.109375
2025-05-11 23:06:00,103933.0234375
2025-05-11 23:07:00,103921.1953125
2025-05-11 23:08:00,103897.015625
2025-05-11 23:09:00,103944.7734375
2025-05-11 23:10:00,103949.03125
2025-05-11 23:11:00,103874.328125
2025-05-11 23:12:00,103979.9375
2025-05-11 23:14:00,103946.5234375
2025-05-11 23:15:00,103906.140625
2025-05-11 23:16:00,103937.640625
2025-05-11 23:17:00,103947.4609375
2025-05-11 23:18:00,103975.0625
2025-05-11 23:19:00,103977.40625
2025-05-11 23:20:00,103967.6171875
2025-05-11 23:22:00,103923.4296875
2025-05-11 23:23:00,103869.203125
2025-05-11 23:24:00,103867.015625
2025-05-11 23:25:00,103908.5546875
2025-05-11 23:26:00,103949.5390625
2025-05-11 23:27:00,103985.203125
2025-05-11 23:28:00,103972.453125
2025-05-11 23:29:00,103985.8046875
2025-05-11 23:30:00,103995.15625
2025-05-11 23:31:00,103953.1640625
2025-05-11 23:32:00,103931.1796875
2025-05-11 23:33:00,103911.9140625
2025-05-11 23:34:00,103911.4140625
2025-05-11 23:35:00,103935.0234375
2025-05-11 23:36:00,103861.1328125
2025-05-11 23:37:00,103897.7734375
2025-05-11 23:38:00,103912.375
2025-05-11 23:39:00,103842.4375
2025-05-11 23:40:00,103841.640625
2025-05-11 23:41:00,103788.984375
2025-05-11 23:42:00,103835.8359375
2025-05-11 23:43:00,103856.9375
2025-05-11 23:44:00,103954.7578125
2025-05-11 23:45:00,103972.0546875
2025-05-11 23:46:00,103989.078125
2025-05-11 23:47:00,103994.1171875
2025-05-11 23:48:00,104031.6640625
2025-05-11 23:49:00,104041.9375
2025-05-11 23:50:00,103987.734375
2025-05-11 23:51:00,103943.5078125
2025-05-11 23:52:00,104012.609375
2025-05-11 23:53:00,104053.953125
2025-05-11 23:54:00,104024.7109375
2025-05-11 23:55:00,103987.265625
2025-05-11 23:56:00,103977.03125
2025-05-11 23:57:00,104080.2734375
2025-05-11 23:58:00,104087.2109375
2025-05-12 00:00:00,104126.796875
2025-05-12 00:01:00,104110.2265625
2025-05-12 00:02:00,104109.4921875
2025-05-12 00:03:00,104125.1640625
2025-05-12 00:04:00,104188.875
2025-05-12 00:05:00,104191.546875
2025-05-12 00:06:00,104224.9765625
2025-05-12 00:07:00,104287.6796875
2025-05-12 00:08:00,104272.6171875
2025-05-12 00:09:00,104276.4609375
2025-05-12 00:10:00,104236.0703125
2025-05-12 00:11:00,104217.8359375
2025-05-12 00:12:00,104193.65625
2025-05-12 00:13:00,104218.7421875
2025-05-12 00:14:00,104307.3515625
2025-05-12 00:16:00,104357.8515625
2025-05-12 00:17:00,104430.53125
2025-05-12 00:18:00,104417.8671875
2025-05-12 00:19:00,104429.375
2025-05-12 00:20:00,104387.375
2025-05-12 00:22:00,104352.34375
2025-05-12 00:23:00,104413.6953125
2025-05-12 00:24:00,104444.5390625
2025-05-12 00:25:00,104340.9140625
2025-05-12 00:26:00,104374.0078125
2025-05-12 00:27:00,104360.9296875
2025-05-12 00:28:00,104402.5
2025-05-12 00:29:00,104408.0859375
2025-05-12 00:30:00,104415.859375
2025-05-12 00:31:00,104518.765625
2025-05-12 00:32:00,104536.8046875
2025-05-12 00:33:00,104590.265625
2025-05-12 00:34:00,104591.171875
2025-05-12 00:35:00,104576.8515625
2025-05-12 00:36:00,104582.7265625
2025-05-12 00:37:00,104596.8515625
2025-05-12 00:39:00,104518.46875
2025-05-12 00:40:00,104516.7421875
2025-05-12 00:41:00,104459.6796875
2025-05-12 00:42:00,104452.0625
2025-05-12 00:43:00,104462.34375
2025-05-12 00:44:00,104397.7734375
2025-05-12 00:45:00,104371.46875
2025-05-12 00:46:00,104374.6484375
2025-05-12 00:47:00,104371.703125
2025-05-12 00:48:00,104419.859375
2025-05-12 00:49:00,104485.171875
2025-05-12 00:50:00,104507.109375
2025-05-12 00:51:00,104526.6796875
2025-05-12 00:52:00,104549.03125
2025-05-12 00:54:00,104541.2734375
2025-05-12 00:55:00,104580.3359375
2025-05-12 00:56:00,104645.234375
2025-05-12 00:57:00,104610.078125
2025-05-12 00:58:00,104586.484375
2025-05-12 00:59:00,104592.6796875
2025-05-12 01:00:00,104600.890625
2025-05-12 01:02:00,104629.40625
2025-05-12 01:03:00,104644.109375
2025-05-12 01:04:00,104661.046875
2025-05-12 01:05:00,104667.4921875
2025-05-12 01:06:00,104752.65625
2025-05-12 01:07:00,104841.0234375
2025-05-12 01:08:00,105015.796875
2025-05-12 01:09:00,104982.2421875
2025-05-12 01:10:00,104980.703125
2025-05-12 01:11:00,104980.84375
2025-05-12 01:12:00,104882.640625
2025-05-12 01:13:00,104927.3828125
2025-05-12 01:14:00,104820.21875
2025-05-12 01:15:00,104763.8515625
2025-05-12 01:16:00,104744.5859375
2025-05-12 01:17:00,104640.90625
2025-05-12 01:18:00,104605.203125
2025-05-12 01:19:00,104600.703125
2025-05-12 01:20:00,104505.3828125
2025-05-12 01:21:00,104419.4921875
2025-05-12 01:22:00,104420.765625
2025-05-12 01:23:00,104479.8828125
2025-05-12 01:24:00,104457.046875
2025-05-12 01:25:00,104444.6640625
2025-05-12 01:26:00,104396.4765625
2025-05-12 01:27:00,104373.1484375
2025-05-12 01:28:00,104253.2890625
2025-05-12 01:29:00,104293.9375
2025-05-12 01:30:00,104291.875
2025-05-12 01:31:00,104263.4140625
2025-05-12 01:32:00,104197.1484375
2025-05-12 01:33:00,104203.59375
2025-05-12 01:34:00,104176.015625
2025-05-12 01:35:00,104103.5546875
2025-05-12 01:36:00,103965.3515625
2025-05-12 01:37:00,103813.6953125
2025-05-12 01:38:00,103881.15625
2025-05-12 01:39:00,103935.6171875
2025-05-12 01:40:00,103946.8203125
2025-05-12 01:41:00,103949.984375
2025-05-12 01:42:00,103910.0859375
2025-05-12 01:43:00,103937.765625
2025-05-12 01:44:00,103962.0703125
2025-05-12 01:45:00,104003.546875
2025-05-12 01:46:00,104019.7578125
2025-05-12 01:47:00,103988.03125
2025-05-12 01:48:00,103965.7734375
2025-05-12 01:49:00,103943.171875
2025-05-12 01:50:00,103939.8046875
2025-05-12 01:51:00,103964.3515625
2025-05-12 01:52:00,103965.2890625
2025-05-12 01:53:00,104006.03125
2025-05-12 01:54:00,104006.515625
2025-05-12 01:55:00,103990.5546875
2025-05-12 01:56:00,104027.1484375
2025-05-12 01:57:00,104067.015625
2025-05-12 01:58:00,104014.1953125
2025-05-12 01:59:00,104025.3046875
2025-05-12 02:00:00,103988.7734375
2025-05-12 02:01:00,104010.84375
2025-05-12 02:02:00,104064.359375
2025-05-12 02:03:00,104085.75
2025-05-12 02:04:00,104091.65625
2025-05-12 02:05:00,104171.96875
2025-05-12 02:06:00,104156.0234375
2025-05-12 02:07:00,104162.3515625
2025-05-12 02:08:00,104167.046875
2025-05-12 02:09:00,104120.9609375
2025-05-12 02:10:00,104144.6484375
2025-05-12 02:11:00,104135.171875
2025-05-12 02:12:00,104102.4609375
2025-05-12 02:13:00,104080.5234375
2025-05-12 02:14:00,104045.5859375
2025-05-12 02:15:00,104017.9375
2025-05-12 02:16:00,103973.953125
2025-05-12 02:17:00,103965.1796875
2025-05-12 02:18:00,104025.5078125
2025-05-12 02:19:00,104160.921875
2025-05-12 02:20:00,104145.71875
2025-05-12 02:22:00,104145.71875
2025-05-12 02:23:00,104145.71875
2025-05-12 02:24:00,104145.71875
2025-05-12 02:25:00,104145.71875
2025-05-12 02:26:00,104019.9921875
2025-05-12 02:27:00,103993.875
2025-05-12 02:28:00,103972.9375
2025-05-12 02:29:00,103968.828125
2025-05-12 02:30:00,103975.6015625
2025-05-12 02:31:00,104015.765625
2025-05-12 02:32:00,104055.2890625
2025-05-12 02:33:00,104039.6640625
2025-05-12 02:34:00,104015.65625
2025-05-12 02:35:00,104028.15625
2025-05-12 02:36:00,104005.140625
2025-05-12 02:37:00,104036.6328125
2025-05-12 02:38:00,104030.0078125
2025-05-12 02:39:00,103963.40625
2025-05-12 02:40:00,103976.7109375
2025-05-12 02:41:00,103959.7109375
2025-05-12 02:43:00,103947.1953125
2025-05-12 02:44:00,103943.203125
2025-05-12 02:45:00,103913.6875
2025-05-12 02:46:00,103951.53125
2025-05-12 02:47:00,103965.875
2025-05-12 02:48:00,103961.5234375
2025-05-12 02:49:00,103939.1796875
2025-05-12 02:50:00,103919.875
2025-05-12 02:51:00,103903.4296875
2025-05-12 02:52:00,103877.375
2025-05-12 02:53:00,103881.9140625
2025-05-12 02:54:00,103863.515625
2025-05-12 02:55:00,103839.0234375
2025-05-12 02:56:00,103776.34375
2025-05-12 02:57:00,103805.09375
2025-05-12 02:58:00,103865.109375
2025-05-12 02:59:00,103885.7265625
2025-05-12 03:00:00,103880.1015625
2025-05-12 03:02:00,103828.1484375
2025-05-12 03:03:00,103817.875
2025-05-12 03:04:00,103817.7421875
2025-05-12 03:05:00,103803.4375
2025-05-12 03:06:00,103765.15625
2025-05-12 03:07:00,103766.1875
2025-05-12 03:08:00,103739.7421875
2025-05-12 03:09:00,103728.1328125
2025-05-12 03:10:00,103757.0390625
2025-05-12 03:11:00,103724.8046875
2025-05-12 03:12:00,103766.1640625
2025-05-12 03:13:00,103831.9453125
2025-05-12 03:14:00,103849.8984375
2025-05-12 03:15:00,103850.5546875
2025-05-12 03:17:00,103864.1015625
2025-05-12 03:18:00,103839.6328125
2025-05-12 03:19:00,103861.3359375
2025-05-12 03:20:00,103936.8046875
2025-05-12 03:21:00,103928.5859375
2025-05-12 03:22:00,103912.5625
2025-05-12 03:23:00,103909.765625
2025-05-12 03:24:00,103958.4921875
2025-05-12 03:25:00,103994.34375
2025-05-12 03:26:00,103996.703125
2025-05-12 03:27:00,104027.2578125
2025-05-12 03:28:00,104033.3359375
2025-05-12 03:29:00,103955.8828125
2025-05-12 03:30:00,103877.3203125
2025-05-12 03:32:00,103897.7265625
2025-05-12 03:33:00,103907.9609375
2025-05-12 03:34:00,103898.3671875
2025-05-12 03:35:00,103916.8984375
2025-05-12 03:36:00,103945.1953125
2025-05-12 03:37:00,103937.2578125
2025-05-12 03:38:00,103905.875
2025-05-12 03:39:00,103851.9375
2025-05-12 03:40:00,103862.6171875
2025-05-12 03:41:00,103791.8671875
2025-05-12 03:42:00,103831.8125
2025-05-12 03:43:00,103840.515625
2025-05-12 03:44:00,103936.8671875
2025-05-12 03:45:00,103931.265625
2025-05-12 03:46:00,103898.8046875
2025-05-12 03:47:00,103951.3671875
2025-05-12 03:48:00,103953.2109375
2025-05-12 03:49:00,103967.28125
2025-05-12 03:50:00,103995.046875
2025-05-12 03:51:00,104032.015625
2025-05-12 03:52:00,104041.6015625
2025-05-12 03:53:00,104052.3984375
2025-05-12 03:54:00,104072.7578125
2025-05-12 03:55:00,104048.7265625
2025-05-12 03:56:00,104015.203125
2025-05-12 03:57:00,104018.7890625
2025-05-12 03:58:00,104062.5859375
2025-05-12 03:59:00,104078.9296875
2025-05-12 04:00:00,104090.8203125
2025-05-12 04:01:00,104108.265625
2025-05-12 04:02:00,104113.4375
2025-05-12 04:03:00,104081.9296875
2025-05-12 04:04:00,104107.5390625
2025-05-12 04:05:00,104087.09375
2025-05-12 04:06:00,104014.171875
2025-05-12 04:07:00,104044.3671875
2025-05-12 04:08:00,104017.6171875
2025-05-12 04:09:00,104038.0625
2025-05-12 04:10:00,104009.7578125
2025-05-12 04:11:00,104007.453125
2025-05-12 04:12:00,103974.6796875
2025-05-12 04:13:00,104005.7890625
2025-05-12 04:14:00,104029.84375
2025-05-12 04:15:00,104038.125
2025-05-12 04:16:00,104066.640625
2025-05-12 04:17:00,104124.2890625
2025-05-12 04:18:00,104149.734375
2025-05-12 04:19:00,104153.8203125
2025-05-12 04:20:00,104110.625
2025-05-12 04:22:00,104043.65625
2025-05-12 04:23:00,104032.2265625
2025-05-12 04:24:00,104000.1875
2025-05-12 04:25:00,103975.4140625
2025-05-12 04:26:00,103934.765625
2025-05-12 04:27:00,103894.5859375
2025-05-12 04:28:00,103853.8828125
2025-05-12 04:29:00,103871.0546875
2025-05-12 04:30:00,103882.9921875
2025-05-12 04:31:00,103863.890625
2025-05-12 04:32:00,103969.1484375
2025-05-12 04:33:00,103910.5625
2025-05-12 04:34:00,103910.9453125
2025-05-12 04:35:00,103949.28125
2025-05-12 04:36:00,103970.71875
2025-05-12 04:37:00,103985.3828125
2025-05-12 04:38:00,103969.1875
2025-05-12 04:39:00,103980.46875
2025-05-12 04:40:00,103967.25
2025-05-12 04:42:00,103966.34375
2025-05-12 04:43:00,103957.1015625
2025-05-12 04:44:00,103963.8203125
2025-05-12 04:45:00,103964.421875
2025-05-12 04:46:00,103962.3984375
2025-05-12 04:47:00,103940.703125
2025-05-12 04:48:00,103956.3125
2025-05-12 04:49:00,103934.8671875
2025-05-12 04:51:00,103987.2265625
2025-05-12 04:52:00,103990.328125
2025-05-12 04:53:00,103972.3125
2025-05-12 04:54:00,103986.625
2025-05-12 04:55:00,103999.328125
2025-05-12 04:56:00,104035.109375
2025-05-12 04:57:00,104082.4296875
2025-05-12 04:58:00,104079.546875
2025-05-12 04:59:00,104079.2578125
2025-05-12 05:00:00,104061.8203125
2025-05-12 05:01:00,104031.0625
2025-05-12 05:02:00,104028.359375
2025-05-12 05:03:00,104007.109375
2025-05-12 05:04:00,103991.125
2025-05-12 05:05:00,103992.3359375
2025-05-12 05:06:00,103976.03125
2025-05-12 05:07:00,103947.2421875
2025-05-12 05:08:00,103994.8984375
2025-05-12 05:09:00,103990.0
2025-05-12 05:10:00,103972.25
2025-05-12 05:11:00,103958.3359375
2025-05-12 05:12:00,103948.03125
2025-05-12 05:13:00,103868.9609375
2025-05-12 05:14:00,103903.2421875
2025-05-12 05:15:00,103919.46875
2025-05-12 05:16:00,103925.140625
2025-05-12 05:17:00,103896.140625
2025-05-12 05:18:00,103873.2421875
2025-05-12 05:19:00,103869.1953125
2025-05-12 05:20:00,103908.875
2025-05-12 05:21:00,103890.5078125
2025-05-12 05:22:00,103882.1015625
2025-05-12 05:23:00,103847.21875
2025-05-12 05:24:00,103866.6640625
2025-05-12 05:25:00,103907.2109375
2025-05-12 05:26:00,103844.984375
2025-05-12 05:27:00,103822.6640625
2025-05-12 05:28:00,103829.6875
2025-05-12 05:29:00,103804.890625
2025-05-12 05:30:00,103808.515625
2025-05-12 05:31:00,103805.8984375
2025-05-12 05:32:00,103814.3828125
2025-05-12 05:33:00,103812.71875
2025-05-12 05:34:00,103780.9375
2025-05-12 05:35:00,103769.9921875
2025-05-12 05:36:00,103786.6015625
2025-05-12 05:37:00,103817.390625
2025-05-12 05:38:00,103855.421875
2025-05-12 05:39:00,103859.1171875
2025-05-12 05:40:00,103835.875
2025-05-12 05:41:00,103857.765625
2025-05-12 05:42:00,103900.828125
2025-05-12 05:43:00,103950.890625
2025-05-12 05:44:00,103952.8203125
2025-05-12 05:45:00,103949.0078125
2025-05-12 05:46:00,103944.40625
2025-05-12 05:47:00,103994.0625
2025-05-12 05:48:00,103983.2578125
2025-05-12 05:49:00,103988.9453125
2025-05-12 05:50:00,103958.4140625
2025-05-12 05:52:00,103963.03125
2025-05-12 05:53:00,103945.796875
2025-05-12 05:54:00,103885.7578125
2025-05-12 05:55:00,103877.4921875
2025-05-12 05:56:00,103893.5390625
2025-05-12 05:57:00,103907.859375
2025-05-12 05:58:00,103917.5703125
2025-05-12 05:59:00,103933.296875
2025-05-12 06:00:00,103938.90625
2025-05-12 06:01:00,103956.09375
2025-05-12 06:02:00,103960.796875
2025-05-12 06:03:00,103828.6640625
2025-05-12 06:04:00,103841.3359375
2025-05-12 06:05:00,103875.9609375
2025-05-12 06:06:00,103917.625
2025-05-12 06:07:00,103992.765625
2025-05-12 06:08:00,103996.46875
2025-05-12 06:09:00,103977.140625
2025-05-12 06:10:00,104008.0625
2025-05-12 06:11:00,103974.046875
2025-05-12 06:12:00,103991.21875
2025-05-12 06:13:00,103975.875
2025-05-12 06:14:00,103977.9453125
2025-05-12 06:15:00,103951.265625
2025-05-12 06:16:00,103935.953125
2025-05-12 06:17:00,103894.8359375
2025-05-12 06:18:00,103859.4375
2025-05-12 06:19:00,103869.6484375
2025-05-12 06:21:00,103905.296875
2025-05-12 06:22:00,103914.078125
2025-05-12 06:23:00,104008.5625
2025-05-12 06:24:00,104057.0390625
2025-05-12 06:25:00,104035.2890625
2025-05-12 06:26:00,104065.96875
2025-05-12 06:27:00,104112.3359375
2025-05-12 06:28:00,104203.6171875
2025-05-12 06:29:00,104220.828125
2025-05-12 06:30:00,104197.59375
2025-05-12 06:31:00,104233.7890625
2025-05-12 06:32:00,104212.5
2025-05-12 06:33:00,104203.5546875
2025-05-12 06:34:00,104253.8984375
2025-05-12 06:35:00,104271.15625
2025-05-12 06:36:00,104303.6015625
2025-05-12 06:37:00,104305.1953125
2025-05-12 06:39:00,104306.703125
2025-05-12 06:40:00,104323.8515625
2025-05-12 06:41:00,104333.7578125
2025-05-12 06:42:00,104351.7578125
2025-05-12 06:43:00,104342.4921875
2025-05-12 06:44:00,104335.3984375
2025-05-12 06:45:00,104346.4375
2025-05-12 06:46:00,104374.0234375
2025-05-12 06:47:00,104399.5390625
2025-05-12 06:48:00,104405.2109375
2025-05-12 06:50:00,104370.84375
2025-05-12 06:51:00,104314.3671875
2025-05-12 06:52:00,104297.2890625
2025-05-12 06:53:00,104307.078125
2025-05-12 06:54:00,104309.7421875
2025-05-12 06:56:00,104325.1796875
2025-05-12 06:57:00,104340.0390625
2025-05-12 06:59:00,104376.625
2025-05-12 07:00:00,104379.9140625
2025-05-12 07:01:00,104903.5234375
2025-05-12 07:02:00,105150.8203125
2025-05-12 07:03:00,105244.1171875
2025-05-12 07:04:00,105379.8203125
2025-05-12 07:06:00,105686.765625
2025-05-12 07:07:00,105618.1640625
2025-05-12 07:08:00,105257.7578125
2025-05-12 07:09:00,105216.9296875
2025-05-12 07:11:00,105441.796875
2025-05-12 07:12:00,105390.71875
2025-05-12 07:13:00,105397.3984375
2025-05-12 07:14:00,105387.0
2025-05-12 07:16:00,105591.625
2025-05-12 07:17:00,105515.1796875
2025-05-12 07:18:00,105427.9140625
2025-05-12 07:19:00,105246.859375
2025-05-12 07:21:00,105386.421875
2025-05-12 07:22:00,105490.8515625
2025-05-12 07:23:00,105432.1484375
2025-05-12 07:25:00,105493.5
2025-05-12 07:26:00,105461.3984375
2025-05-12 07:27:00,105488.1171875
2025-05-12 07:29:00,105429.4375
2025-05-12 07:30:00,105409.03125
2025-05-12 07:31:00,105473.15625
2025-05-12 07:32:00,105499.2890625
2025-05-12 07:35:00,105318.546875
2025-05-12 07:36:00,105093.234375
2025-05-12 07:37:00,105120.71875
2025-05-12 07:38:00,105332.1875
2025-05-12 07:39:00,105236.1640625
2025-05-12 07:40:00,105212.8515625
2025-05-12 07:41:00,105136.1875
2025-05-12 07:43:00,104806.859375
2025-05-12 07:44:00,104708.828125
2025-05-12 07:46:00,104632.9453125
2025-05-12 07:47:00,104539.4609375
2025-05-12 07:49:00,104387.625
2025-05-12 07:50:00,104455.8125
2025-05-12 07:52:00,104483.8671875
2025-05-12 07:53:00,104542.796875
2025-05-12 07:54:00,104497.4921875
2025-05-12 07:55:00,104489.78125
2025-05-12 07:56:00,104307.4765625
2025-05-12 07:57:00,104332.328125
2025-05-12 07:59:00,104466.96875
2025-05-12 08:01:00,104486.921875
2025-05-12 08:02:00,104481.578125
2025-05-12 08:03:00,104405.078125
2025-05-12 08:04:00,104409.78125
2025-05-12 08:05:00,104284.828125
2025-05-12 08:06:00,104285.0546875
2025-05-12 08:07:00,104209.59375
2025-05-12 08:08:00,104287.9609375
2025-05-12 08:10:00,104330.0234375
2025-05-12 08:12:00,104119.8671875
2025-05-12 08:14:00,104235.4296875
2025-05-12 08:15:00,104290.5078125
2025-05-12 08:17:00,104351.6484375
2025-05-12 08:19:00,104398.46875
2025-05-12 08:20:00,104405.9765625
2025-05-12 08:21:00,104340.3984375
2025-05-12 08:22:00,104330.9296875
2025-05-12 08:23:00,104239.65625
2025-05-12 08:24:00,104184.9140625
2025-05-12 08:25:00,104182.5390625
2025-05-12 08:26:00,104182.296875
2025-05-12 08:28:00,104278.171875
2025-05-12 08:29:00,104226.7421875
2025-05-12 08:30:00,104293.8671875
2025-05-12 08:32:00,104359.3125
2025-05-12 08:34:00,104358.28125
2025-05-12 08:35:00,104364.3984375
2025-05-12 08:37:00,104350.8671875
2025-05-12 08:38:00,104361.8828125
2025-05-12 08:39:00,104344.7265625
2025-05-12 08:41:00,104319.0
2025-05-12 08:42:00,104441.5859375
2025-05-12 08:43:00,104514.46875
2025-05-12 08:44:00,104515.7109375
2025-05-12 08:45:00,104495.1640625
2025-05-12 08:47:00,104517.5546875
2025-05-12 08:48:00,104509.46875
2025-05-12 08:49:00,104515.7734375
2025-05-12 08:50:00,104576.8203125
2025-05-12 08:52:00,104703.828125
2025-05-12 08:53:00,104659.75
2025-05-12 08:54:00,104652.7578125
2025-05-12 08:55:00,104720.5703125
2025-05-12 08:56:00,104661.5625
2025-05-12 08:58:00,104626.8828125
2025-05-12 08:59:00,104622.9921875
2025-05-12 09:00:00,104606.3671875
2025-05-12 09:02:00,104653.2734375
2025-05-12 09:03:00,104637.890625
2025-05-12 09:04:00,104564.96875
2025-05-12 09:06:00,104532.5234375
2025-05-12 09:07:00,104532.015625
2025-05-12 09:08:00,104538.5546875
2025-05-12 09:10:00,104512.2421875
2025-05-12 09:11:00,104501.34375
2025-05-12 09:12:00,104463.1328125
2025-05-12 09:13:00,104457.546875
2025-05-12 09:15:00,104445.6484375
2025-05-12 09:16:00,104477.6484375
2025-05-12 09:18:00,104497.1484375
2025-05-12 09:19:00,104482.0703125
2025-05-12 09:21:00,104457.40625
2025-05-12 09:22:00,104401.546875
2025-05-12 09:23:00,104409.3203125
2025-05-12 09:25:00,104438.828125
2025-05-12 09:26:00,104460.2109375
2025-05-12 09:27:00,104451.984375
2025-05-12 09:28:00,104426.03125
2025-05-12 09:29:00,104500.0703125
2025-05-12 09:30:00,104519.03125
2025-05-12 09:32:00,104452.5
2025-05-12 09:33:00,104443.65625
2025-05-12 09:34:00,104469.7734375
2025-05-12 09:35:00,104505.4609375
2025-05-12 09:36:00,104460.9140625
2025-05-12 09:37:00,104405.921875
2025-05-12 09:38:00,104438.359375
2025-05-12 09:40:00,104490.484375
2025-05-12 09:41:00,104457.8671875
2025-05-12 09:42:00,104467.40625
2025-05-12 09:43:00,104465.421875
2025-05-12 09:44:00,104491.9453125
2025-05-12 09:45:00,104527.328125
2025-05-12 09:46:00,104500.4453125
2025-05-12 09:47:00,104460.53125
2025-05-12 09:48:00,104459.6328125
2025-05-12 09:49:00,104387.390625
2025-05-12 09:50:00,104397.890625
2025-05-12 09:52:00,104414.703125
2025-05-12 09:53:00,104396.4921875
2025-05-12 09:54:00,104445.34375
2025-05-12 09:55:00,104437.8359375
2025-05-12 09:56:00,104421.0859375
2025-05-12 09:57:00,104426.9765625
2025-05-12 09:59:00,104440.4765625
2025-05-12 10:00:00,104433.5
2025-05-12 10:01:00,104434.1015625
2025-05-12 10:02:00,104451.921875
2025-05-12 10:03:00,104462.8203125
2025-05-12 10:05:00,104288.0390625
2025-05-12 10:07:00,104363.3125
2025-05-12 10:09:00,104382.1171875
2025-05-12 10:10:00,104232.2890625
2025-05-12 10:12:00,104295.9609375
2025-05-12 10:14:00,104307.4453125
2025-05-12 10:16:00,104326.5078125
2025-05-12 10:18:00,104306.9375
2025-05-12 10:19:00,104295.4140625
2025-05-12 10:20:00,104259.28125
2025-05-12 10:22:00,104241.765625
2025-05-12 10:23:00,104224.9140625
2025-05-12 10:25:00,104220.625
2025-05-12 10:26:00,104266.625
2025-05-12 10:27:00,104273.9296875
2025-05-12 10:28:00,104289.0234375
2025-05-12 10:30:00,104303.4296875
2025-05-12 10:32:00,104318.265625
2025-05-12 10:33:00,104287.109375
2025-05-12 10:34:00,104319.4296875
2025-05-12 10:35:00,104400.890625
2025-05-12 10:36:00,104417.234375
2025-05-12 10:37:00,104431.7734375
2025-05-12 10:38:00,104458.4296875
2025-05-12 10:39:00,104477.6328125
2025-05-12 10:40:00,104503.6484375
2025-05-12 10:42:00,104491.140625
2025-05-12 10:43:00,104474.4296875
2025-05-12 10:44:00,104453.1171875
2025-05-12 10:45:00,104389.7109375
2025-05-12 10:47:00,104338.8828125
2025-05-12 10:48:00,104376.7421875
2025-05-12 10:49:00,104374.4609375
2025-05-12 10:50:00,104370.0234375
2025-05-12 10:52:00,104372.09375
2025-05-12 10:53:00,104376.03125
2025-05-12 10:54:00,104394.5390625
2025-05-12 10:55:00,104427.328125
2025-05-12 10:57:00,104487.3828125
2025-05-12 10:59:00,104507.0078125
2025-05-12 11:00:00,104517.09375
2025-05-12 11:02:00,104486.2109375
2025-05-12 11:03:00,104523.859375
2025-05-12 11:05:00,104522.3203125
2025-05-12 11:06:00,104532.234375
2025-05-12 11:08:00,104605.40625
2025-05-12 11:09:00,104577.78125
2025-05-12 11:10:00,104572.7890625
2025-05-12 11:11:00,104542.640625
2025-05-12 11:13:00,104481.1171875
2025-05-12 11:14:00,104421.25
2025-05-12 11:15:00,104470.0625
2025-05-12 11:16:00,104455.65625
2025-05-12 11:17:00,104442.796875
2025-05-12 11:18:00,104461.2421875
2025-05-12 11:19:00,104420.3359375
2025-05-12 11:20:00,104417.5390625
2025-05-12 11:22:00,104345.953125
2025-05-12 11:23:00,104325.578125
2025-05-12 11:24:00,104360.828125
2025-05-12 11:25:00,104362.8203125
2025-05-12 11:26:00,104369.015625
2025-05-12 11:27:00,104391.734375
2025-05-12 11:28:00,104406.1953125
2025-05-12 11:29:00,104433.1796875
2025-05-12 11:30:00,104368.8828125
2025-05-12 11:31:00,104300.265625
2025-05-12 11:32:00,104291.1796875
2025-05-12 11:34:00,104301.6875
2025-05-12 11:35:00,104341.0859375
2025-05-12 11:36:00,104324.6640625
2025-05-12 11:37:00,104338.859375
2025-05-12 11:38:00,104295.765625
2025-05-12 11:39:00,104334.6875
2025-05-12 11:40:00,104334.4296875
2025-05-12 11:41:00,104294.21875
2025-05-12 11:43:00,104188.296875
2025-05-12 11:44:00,104189.640625
2025-05-12 11:46:00,104172.0625
2025-05-12 11:47:00,104192.0625
2025-05-12 11:48:00,104200.2421875
2025-05-12 11:49:00,104011.2421875
2025-05-12 11:50:00,104048.03125
2025-05-12 11:51:00,104013.5
2025-05-12 11:53:00,103724.03125
2025-05-12 11:54:00,103775.8515625
2025-05-12 11:55:00,103860.9453125
2025-05-12 11:56:00,103809.625
2025-05-12 11:57:00,103715.2265625
2025-05-12 11:58:00,103752.0625
2025-05-12 12:00:00,103757.0546875
2025-05-12 12:02:00,103807.28125
2025-05-12 12:03:00,103839.328125
2025-05-12 12:04:00,103839.984375
2025-05-12 12:05:00,103868.6015625
2025-05-12 12:06:00,103791.578125
2025-05-12 12:07:00,103855.5390625
2025-05-12 12:08:00,103841.7109375
2025-05-12 12:09:00,103855.296875
2025-05-12 12:11:00,103901.3515625
2025-05-12 12:13:00,103879.734375
2025-05-12 12:14:00,103870.7734375
2025-05-12 12:15:00,103919.890625
2025-05-12 12:16:00,103890.921875
2025-05-12 12:17:00,103823.125
2025-05-12 12:18:00,103879.6484375
2025-05-12 12:19:00,103853.7890625
2025-05-12 12:20:00,103841.28125
2025-05-12 12:21:00,103796.4765625
2025-05-12 12:23:00,103919.0390625
2025-05-12 12:25:00,103984.4140625
2025-05-12 12:26:00,103947.4765625
2025-05-12 12:28:00,104011.015625
2025-05-12 12:29:00,104004.3359375
2025-05-12 12:30:00,103998.140625
2025-05-12 12:32:00,103915.4453125
2025-05-12 12:33:00,103952.5078125
2025-05-12 12:34:00,104024.75
2025-05-12 12:35:00,104020.2421875
2025-05-12 12:36:00,104002.609375
2025-05-12 12:37:00,104034.4375
2025-05-12 12:38:00,104052.015625
2025-05-12 12:39:00,104054.5234375
2025-05-12 12:40:00,104049.1484375
2025-05-12 12:41:00,104014.46875
2025-05-12 12:42:00,104020.578125
2025-05-12 12:43:00,104059.1796875
2025-05-12 12:44:00,104106.4140625
2025-05-12 12:45:00,104101.6875
2025-05-12 12:46:00,104040.0546875
2025-05-12 12:47:00,103998.53125
2025-05-12 12:48:00,104007.6015625
2025-05-12 12:49:00,104022.28125
2025-05-12 12:51:00,104007.6171875
2025-05-12 12:52:00,104036.9609375
2025-05-12 12:53:00,104048.046875
2025-05-12 12:54:00,104045.65625
2025-05-12 12:55:00,104056.296875
2025-05-12 12:56:00,104022.3671875
2025-05-12 12:57:00,104066.90625
2025-05-12 12:58:00,104026.265625
2025-05-12 12:59:00,103934.921875
2025-05-12 13:01:00,103909.2890625
2025-05-12 13:06:00,103946.078125
2025-05-12 13:07:00,103942.1171875
2025-05-12 13:10:00,103894.703125
2025-05-12 13:11:00,103925.984375
2025-05-12 13:12:00,104082.7890625
2025-05-12 13:13:00,104203.4609375
2025-05-12 13:14:00,104171.890625
2025-05-12 13:15:00,104182.453125
2025-05-12 13:16:00,104267.3046875
2025-05-12 13:17:00,104280.1953125
2025-05-12 13:18:00,104268.703125
2025-05-12 13:19:00,104276.5625
2025-05-12 13:20:00,104298.2265625
2025-05-12 13:21:00,104299.1953125
2025-05-12 13:22:00,104320.5
2025-05-12 13:23:00,104275.953125
2025-05-12 13:24:00,104273.6953125
2025-05-12 13:25:00,104276.9921875
2025-05-12 13:26:00,104291.59375
2025-05-12 13:27:00,104327.984375
2025-05-12 13:28:00,104340.71875
2025-05-12 13:29:00,104295.7890625
2025-05-12 13:31:00,104032.1953125
2025-05-12 13:32:00,104116.859375
2025-05-12 13:33:00,104171.28125
2025-05-12 13:34:00,104220.2265625
2025-05-12 13:36:00,104116.421875
2025-05-12 13:38:00,104204.5546875
2025-05-12 13:39:00,104008.3125
2025-05-12 13:42:00,103988.8046875
2025-05-12 13:43:00,103699.6875
2025-05-12 13:44:00,103797.8359375
2025-05-12 13:45:00,103806.7109375
2025-05-12 13:47:00,103935.203125
2025-05-12 13:48:00,103954.921875
2025-05-12 13:49:00,103883.4765625
2025-05-12 13:51:00,104153.5390625
2025-05-12 13:52:00,104324.2265625
2025-05-12 13:53:00,104438.3125
2025-05-12 13:54:00,104588.8671875
2025-05-12 13:55:00,104427.5234375
2025-05-12 13:56:00,104235.34375
2025-05-12 13:57:00,104263.65625
2025-05-12 13:58:00,104235.46875
2025-05-12 13:59:00,104282.0234375
2025-05-12 14:00:00,104301.0078125
2025-05-12 14:01:00,104207.5859375
2025-05-12 14:02:00,104198.75
2025-05-12 14:03:00,104274.6328125
2025-05-12 14:04:00,104200.4765625
2025-05-12 14:05:00,104219.65625
2025-05-12 14:06:00,104337.1328125
2025-05-12 14:07:00,104305.6875
2025-05-12 14:08:00,104241.0703125
2025-05-12 14:10:00,104218.0078125
2025-05-12 14:11:00,104125.2265625
2025-05-12 14:12:00,104020.2109375
2025-05-12 14:13:00,104095.359375
2025-05-12 14:14:00,104086.609375
2025-05-12 14:15:00,104041.0703125
2025-05-12 14:17:00,104106.2578125
2025-05-12 14:18:00,104191.4296875
2025-05-12 14:19:00,104196.4765625
2025-05-12 14:20:00,104064.90625
2025-05-12 14:22:00,103975.8828125
2025-05-12 14:23:00,103821.9765625
2025-05-12 14:24:00,103850.9375
2025-05-12 14:25:00,103792.2265625
2025-05-12 14:27:00,103460.9609375
2025-05-12 14:28:00,103344.0859375
2025-05-12 14:29:00,103115.7109375
2025-05-12 14:31:00,102609.5546875
2025-05-12 14:32:00,102913.1328125
2025-05-12 14:33:00,103224.46875
2025-05-12 14:34:00,103386.4921875
2025-05-12 14:35:00,103329.21875
2025-05-12 14:38:00,103149.3203125
2025-05-12 14:39:00,103176.9375
2025-05-12 14:40:00,103420.9453125
2025-05-12 14:42:00,103413.640625
2025-05-12 14:43:00,103382.4609375
2025-05-12 14:45:00,103446.921875
2025-05-12 14:47:00,103239.7265625
2025-05-12 14:48:00,103187.1875
2025-05-12 14:49:00,103133.5078125
2025-05-12 14:51:00,103093.2578125
2025-05-12 14:52:00,102918.40625
2025-05-12 14:53:00,102959.0859375
2025-05-12 14:54:00,102911.5
2025-05-12 14:55:00,102800.2109375
2025-05-12 14:56:00,102844.1796875
2025-05-12 14:57:00,102972.84375
2025-05-12 14:58:00,102934.296875
2025-05-12 14:59:00,102823.6640625
2025-05-12 15:00:00,102791.8359375
2025-05-12 15:01:00,102808.5546875
2025-05-12 15:03:00,102858.609375
2025-05-12 15:04:00,102783.1015625
2025-05-12 15:05:00,102517.3203125
2025-05-12 15:06:00,102678.390625
2025-05-12 15:08:00,102585.2109375
2025-05-12 15:10:00,102794.90625
2025-05-12 15:11:00,102759.65625
2025-05-12 15:13:00,102898.1328125
2025-05-12 15:14:00,102920.8359375
2025-05-12 15:15:00,102960.5234375
2025-05-12 15:16:00,102868.28125
2025-05-12 15:17:00,102844.1796875
2025-05-12 15:20:00,103105.53125
2025-05-12 15:22:00,103173.9140625
2025-05-12 15:23:00,103154.4375
2025-05-12 15:24:00,103046.3125
2025-05-12 15:26:00,103020.4140625
2025-05-12 15:27:00,103056.234375
2025-05-12 15:28:00,103147.0078125
2025-05-12 15:29:00,103063.75
2025-05-12 15:30:00,102965.1015625
2025-05-12 15:32:00,102885.7578125
2025-05-12 15:33:00,102896.2109375
2025-05-12 15:34:00,102899.3984375
2025-05-12 15:36:00,102876.796875
2025-05-12 15:37:00,102904.6796875
2025-05-12 15:38:00,102889.4453125
2025-05-12 15:39:00,102841.5078125
2025-05-12 15:40:00,102710.9375
2025-05-12 15:42:00,102670.9296875
2025-05-12 15:43:00,102666.46875
2025-05-12 15:45:00,102625.1015625
2025-05-12 15:47:00,102671.9921875
2025-05-12 15:48:00,102542.25
2025-05-12 15:49:00,102548.3515625
2025-05-12 15:51:00,102479.5390625
2025-05-12 15:52:00,102526.9921875
2025-05-12 15:53:00,102534.25
2025-05-12 15:54:00,102558.9375
2025-05-12 15:57:00,102604.3984375
2025-05-12 15:58:00,102524.7421875
2025-05-12 15:59:00,102535.0078125
2025-05-12 16:00:00,102509.984375
2025-05-12 16:01:00,102534.96875
2025-05-12 16:02:00,102683.1640625
2025-05-12 16:04:00,102597.9375
2025-05-12 16:05:00,102589.3359375
2025-05-12 16:06:00,102505.0234375
2025-05-12 16:07:00,102614.90625
2025-05-12 16:08:00,102671.625
2025-05-12 16:09:00,102637.734375
2025-05-12 16:10:00,102536.0625
2025-05-12 16:12:00,102626.5703125
2025-05-12 16:13:00,102617.921875
2025-05-12 16:15:00,102766.9296875
2025-05-12 16:16:00,102869.1875
2025-05-12 16:17:00,102835.796875
2025-05-12 16:18:00,102875.7109375
2025-05-12 16:19:00,102909.7890625
2025-05-12 16:20:00,102889.1328125
2025-05-12 16:22:00,102854.078125
2025-05-12 16:23:00,102887.78125
2025-05-12 16:24:00,102932.9453125
2025-05-12 16:26:00,102911.3984375
2025-05-12 16:27:00,102947.9140625
2025-05-12 16:28:00,102994.65625
2025-05-12 16:29:00,103009.828125
2025-05-12 16:31:00,102987.4375
2025-05-12 16:32:00,102981.671875
2025-05-12 16:33:00,102972.96875
2025-05-12 16:35:00,102917.734375
2025-05-12 16:36:00,102834.0078125
2025-05-12 16:37:00,102824.3515625
2025-05-12 16:38:00,102853.0859375
2025-05-12 16:39:00,102818.0625
2025-05-12 16:40:00,102821.8046875
2025-05-12 16:41:00,102772.9453125
2025-05-12 16:42:00,102792.8046875
2025-05-12 16:43:00,102859.3671875
2025-05-12 16:44:00,102932.7890625
2025-05-12 16:45:00,102920.3671875
2025-05-12 16:47:00,102954.6796875
2025-05-12 16:48:00,103038.609375
2025-05-12 16:49:00,103013.5234375
2025-05-12 16:51:00,103026.4921875
2025-05-12 16:52:00,103007.296875
2025-05-12 16:53:00,102995.0703125
2025-05-12 16:54:00,102972.3203125
2025-05-12 16:55:00,102976.9296875
2025-05-12 16:56:00,102934.390625
2025-05-12 16:58:00,102866.5859375
2025-05-12 16:59:00,102840.4453125
2025-05-12 17:00:00,102848.0078125
2025-05-12 17:02:00,102867.9609375
2025-05-12 17:04:00,102926.2890625
2025-05-12 17:05:00,102939.8984375
2025-05-12 17:06:00,102947.4453125
2025-05-12 17:07:00,102975.9375
2025-05-12 17:08:00,103039.875
2025-05-12 17:09:00,103063.453125
2025-05-12 17:10:00,103058.140625
2025-05-12 17:12:00,103078.8828125
2025-05-12 17:14:00,103028.9609375
2025-05-12 17:15:00,103010.234375
2025-05-12 17:16:00,102975.625
2025-05-12 17:17:00,102966.59375
2025-05-12 17:18:00,102980.9296875
2025-05-12 17:19:00,103001.296875
2025-05-12 17:20:00,102943.453125
2025-05-12 17:22:00,102838.5859375
2025-05-12 17:23:00,102736.3828125
2025-05-12 17:25:00,102822.2421875
2025-05-12 17:26:00,102830.3046875
2025-05-12 17:27:00,102866.1796875
2025-05-12 17:28:00,102892.0078125
2025-05-12 17:29:00,102910.4921875
2025-05-12 17:30:00,102929.84375
2025-05-12 17:31:00,102931.484375
2025-05-12 17:32:00,102976.7734375
2025-05-12 17:33:00,102986.8984375
2025-05-12 17:35:00,102957.7578125
2025-05-12 17:36:00,102953.4296875
2025-05-12 17:37:00,102809.9296875
2025-05-12 17:39:00,102894.7578125
2025-05-12 17:41:00,102840.984375
2025-05-12 17:43:00,102831.296875
2025-05-12 17:44:00,102825.140625
2025-05-12 17:45:00,102786.765625
2025-05-12 17:46:00,102824.5
2025-05-12 17:47:00,102713.6953125
2025-05-12 17:48:00,102714.0078125
2025-05-12 17:49:00,102665.5078125
2025-05-12 17:50:00,102600.359375
2025-05-12 17:51:00,102585.1953125
2025-05-12 17:52:00,102653.171875
2025-05-12 17:53:00,102651.359375
2025-05-12 17:54:00,102660.7421875
2025-05-12 17:55:00,102687.640625
2025-05-12 17:56:00,102700.578125
2025-05-12 17:57:00,102637.296875
2025-05-12 17:58:00,102578.171875
2025-05-12 17:59:00,102569.453125
2025-05-12 18:00:00,102566.859375
2025-05-12 18:02:00,102593.2734375
2025-05-12 18:03:00,102606.4765625
2025-05-12 18:04:00,102618.109375
2025-05-12 18:05:00,102615.5390625
2025-05-12 18:07:00,102307.1796875
2025-05-12 18:08:00,101954.0859375
2025-05-12 18:09:00,101978.9921875
2025-05-12 18:11:00,101886.1328125
2025-05-12 18:12:00,101929.578125
2025-05-12 18:13:00,102007.1328125
2025-05-12 18:14:00,101979.46875
2025-05-12 18:15:00,101949.921875
2025-05-12 18:17:00,102145.40625
2025-05-12 18:19:00,102201.4765625
2025-05-12 18:21:00,102198.0234375
2025-05-12 18:22:00,102187.0625
2025-05-12 18:23:00,102205.4375
2025-05-12 18:25:00,102072.4921875
2025-05-12 18:26:00,102030.6328125
2025-05-12 18:28:00,101858.765625
2025-05-12 18:30:00,101689.390625
2025-05-12 18:32:00,101612.953125
2025-05-12 18:35:00,101290.90625
2025-05-12 18:36:00,101347.0
2025-05-12 18:37:00,101367.546875
2025-05-12 18:38:00,101408.078125
2025-05-12 18:39:00,101292.2734375
2025-05-12 18:40:00,101311.9453125
2025-05-12 18:42:00,101452.1484375
2025-05-12 18:44:00,101139.015625
2025-05-12 18:45:00,101231.2890625
2025-05-12 18:46:00,101298.8828125
2025-05-12 18:48:00,101023.7578125
2025-05-12 18:49:00,101072.71875
2025-05-12 18:51:00,101052.46875
2025-05-12 18:52:00,101092.3828125
2025-05-12 18:53:00,101135.390625
2025-05-12 18:55:00,101452.703125
2025-05-12 18:56:00,101634.4609375
2025-05-12 18:58:00,101766.390625
2025-05-12 18:59:00,101717.5
2025-05-12 19:00:00,101665.6796875
2025-05-12 19:02:00,101785.0625
2025-05-12 19:03:00,101789.5234375
2025-05-12 19:04:00,101895.2578125
2025-05-12 19:06:00,101955.296875
2025-05-12 19:07:00,101908.8671875
2025-05-12 19:09:00,101987.1953125
2025-05-12 19:11:00,101863.546875
2025-05-12 19:12:00,101872.0546875
2025-05-12 19:13:00,101888.3203125
2025-05-12 19:14:00,101924.7890625
2025-05-12 19:15:00,101868.265625
2025-05-12 19:16:00,101976.359375
2025-05-12 19:17:00,102044.8984375
2025-05-12 19:18:00,102037.1171875
2025-05-12 19:19:00,101999.671875
2025-05-12 19:21:00,101926.375
2025-05-12 19:22:00,101902.796875
2025-05-12 19:23:00,101945.5703125
2025-05-12 19:24:00,101927.2890625
2025-05-12 19:26:00,101823.2109375
2025-05-12 19:27:00,101738.90625
2025-05-12 19:28:00,101671.96875
2025-05-12 19:29:00,101678.796875
2025-05-12 19:30:00,101670.6171875
2025-05-12 19:32:00,101806.8203125
2025-05-12 19:33:00,101852.1796875
2025-05-12 19:34:00,101894.171875
2025-05-12 19:35:00,101829.78125
2025-05-12 19:36:00,101837.28125
2025-05-12 19:37:00,101808.71875
2025-05-12 19:38:00,101787.8515625
2025-05-12 19:39:00,101776.3125
2025-05-12 19:40:00,101717.0078125
2025-05-12 19:41:00,101555.203125
2025-05-12 19:42:00,101546.390625
2025-05-12 19:43:00,101563.9765625
2025-05-12 19:44:00,101570.6015625
2025-05-12 19:45:00,101561.46875
2025-05-12 19:46:00,101619.9375
2025-05-12 19:47:00,101730.5390625
2025-05-12 19:48:00,101754.734375
2025-05-12 19:49:00,101881.09375
2025-05-12 19:50:00,101872.328125
2025-05-12 19:52:00,101895.84375
2025-05-12 19:53:00,101909.1953125
2025-05-12 19:54:00,101918.3125
2025-05-12 19:55:00,101894.78125
2025-05-12 19:57:00,101798.46875
2025-05-12 19:59:00,101806.8359375
2025-05-12 20:01:00,101862.5078125
2025-05-12 20:02:00,101939.53125
2025-05-12 20:04:00,101836.0390625
2025-05-12 20:05:00,101843.984375
2025-05-12 20:07:00,101905.25
2025-05-12 20:08:00,101859.75
2025-05-12 20:09:00,101830.8125
2025-05-12 20:11:00,101781.6484375
2025-05-12 20:12:00,101831.34375
2025-05-12 20:14:00,101858.7734375
2025-05-12 20:15:00,101854.4375
2025-05-12 20:16:00,101977.03125
2025-05-12 20:17:00,101960.2890625
2025-05-12 20:18:00,101963.125
2025-05-12 20:19:00,102050.265625
2025-05-12 20:20:00,102050.6640625
2025-05-12 20:22:00,102014.171875
2025-05-12 20:23:00,102040.2890625
2025-05-12 20:24:00,102102.5
2025-05-12 20:25:00,102145.71875
2025-05-12 20:26:00,102134.234375
2025-05-12 20:27:00,102185.4765625
2025-05-12 20:28:00,102192.5859375
2025-05-12 20:29:00,102267.609375
2025-05-12 20:31:00,102252.8671875
2025-05-12 20:32:00,102238.5078125
2025-05-12 20:33:00,102293.8671875
2025-05-12 20:34:00,102341.484375
2025-05-12 20:35:00,102384.6015625
2025-05-12 20:37:00,102490.6640625
2025-05-12 20:38:00,102489.1640625
2025-05-12 20:40:00,102533.21875
2025-05-12 20:41:00,102538.78125
2025-05-12 20:43:00,102637.625
2025-05-12 20:44:00,102596.984375
2025-05-12 20:45:00,102565.09375
2025-05-12 20:47:00,102522.1796875
2025-05-12 20:48:00,102516.9140625
2025-05-12 20:49:00,102472.09375
2025-05-12 20:51:00,102543.6875
2025-05-12 20:52:00,102654.0546875
2025-05-12 20:54:00,102809.9375
2025-05-12 20:55:00,102854.875
2025-05-12 20:56:00,102830.6640625
2025-05-12 20:57:00,102774.3203125
2025-05-12 20:58:00,102739.7578125
2025-05-12 20:59:00,102715.2890625
2025-05-12 21:01:00,102671.1015625
2025-05-12 21:02:00,102654.921875
2025-05-12 21:03:00,102646.796875
2025-05-12 21:04:00,102693.125
2025-05-12 21:05:00,102711.671875
2025-05-12 21:08:00,102630.8515625
2025-05-12 21:09:00,102626.1015625
2025-05-12 21:11:00,102573.7578125
2025-05-12 21:12:00,102575.2890625
2025-05-12 21:13:00,102549.8359375
2025-05-12 21:14:00,102557.578125
2025-05-12 21:15:00,102519.78125
2025-05-12 21:16:00,102494.1640625
2025-05-12 21:18:00,102547.3828125
2025-05-12 21:19:00,102561.0078125
2025-05-12 21:20:00,102490.4453125
2025-05-12 21:21:00,102469.203125
2025-05-12 21:22:00,102462.2578125
2025-05-12 21:23:00,102460.15625
2025-05-12 21:24:00,102455.5078125
2025-05-12 21:25:00,102446.3984375
2025-05-12 21:27:00,102429.2734375
2025-05-12 21:29:00,102381.6796875
2025-05-12 21:31:00,102369.1796875
2025-05-12 21:32:00,102376.2421875
2025-05-12 21:34:00,102470.65625
2025-05-12 21:35:00,102477.7734375
2025-05-12 21:36:00,102492.75
2025-05-12 21:37:00,102497.0859375
2025-05-12 21:38:00,102534.0234375
2025-05-12 21:39:00,102520.7265625
2025-05-12 21:40:00,102548.484375
2025-05-12 21:42:00,102553.3984375
2025-05-12 21:43:00,102502.375
2025-05-12 21:44:00,102514.3515625
2025-05-12 21:45:00,102531.359375
2025-05-12 21:47:00,102526.828125
2025-05-12 21:49:00,102466.65625
2025-05-12 21:51:00,102451.609375
2025-05-12 21:52:00,102458.234375
2025-05-12 21:53:00,102468.328125
2025-05-12 21:54:00,102501.78125
2025-05-12 21:55:00,102543.9765625
2025-05-12 21:56:00,102570.1328125
2025-05-12 21:57:00,102612.859375
2025-05-12 21:58:00,102617.5859375
2025-05-12 21:59:00,102545.7890625
2025-05-12 22:00:00,102514.6015625
2025-05-12 22:02:00,102428.3515625
2025-05-12 22:03:00,102424.921875
2025-05-12 22:05:00,102509.4609375
2025-05-12 22:07:00,102611.484375
2025-05-12 22:08:00,102602.609375
2025-05-12 22:09:00,102569.0625
2025-05-12 22:10:00,102557.3046875
2025-05-12 22:11:00,102567.421875
2025-05-12 22:12:00,102579.296875
2025-05-12 22:13:00,102586.96875
2025-05-12 22:14:00,102564.3671875
2025-05-12 22:15:00,102574.6171875
2025-05-12 22:17:00,102590.7265625
2025-05-12 22:18:00,102612.515625
2025-05-12 22:20:00,102641.8671875
2025-05-12 22:21:00,102655.8125
2025-05-12 22:22:00,102674.609375
2025-05-12 22:23:00,102663.7734375
2025-05-12 22:24:00,102678.7578125
2025-05-12 22:25:00,102709.15625
2025-05-12 22:26:00,102713.2890625
2025-05-12 22:27:00,102774.25
2025-05-12 22:28:00,102761.4296875
2025-05-12 22:29:00,102758.484375
2025-05-12 22:30:00,102746.328125
2025-05-12 22:32:00,102800.875
2025-05-12 22:33:00,102803.6171875
2025-05-12 22:35:00,102816.421875
2025-05-12 22:36:00,102823.9765625
2025-05-12 22:37:00,102813.8515625
2025-05-12 22:38:00,102796.1640625
2025-05-12 22:39:00,102825.1015625
2025-05-12 22:40:00,102829.6796875
2025-05-12 22:41:00,102818.921875
2025-05-12 22:43:00,102846.3359375
2025-05-12 22:45:00,102823.6328125
2025-05-12 22:46:00,102805.0859375
2025-05-12 22:47:00,102875.8515625
2025-05-12 22:48:00,102912.390625
2025-05-12 22:49:00,102928.015625
2025-05-12 22:50:00,102938.046875
2025-05-12 22:51:00,102928.421875
2025-05-12 22:52:00,102908.3828125
2025-05-12 22:53:00,102914.9140625
2025-05-12 22:54:00,102889.90625
2025-05-12 22:55:00,102895.9140625
2025-05-12 22:56:00,102863.640625
2025-05-12 22:57:00,102853.4140625
2025-05-12 22:58:00,102858.4375
2025-05-12 22:59:00,102864.3828125
2025-05-12 23:01:00,102886.59375
2025-05-12 23:02:00,102905.078125
2025-05-12 23:03:00,102922.6640625
2025-05-12 23:04:00,102929.3125
2025-05-12 23:05:00,102969.109375
2025-05-12 23:07:00,102958.8203125
2025-05-12 23:08:00,102966.6875
2025-05-12 23:10:00,102949.3359375
2025-05-12 23:11:00,102988.703125
2025-05-12 23:12:00,102947.5546875
2025-05-12 23:13:00,102929.6015625
2025-05-12 23:14:00,102943.203125
2025-05-12 23:15:00,102924.6328125
2025-05-12 23:17:00,102986.1484375
2025-05-12 23:18:00,102990.6015625
2025-05-12 23:21:00,103008.1171875
2025-05-12 23:22:00,103050.5078125
2025-05-12 23:23:00,103055.0390625
2025-05-12 23:25:00,103119.09375
2025-05-12 23:26:00,103093.2109375
2025-05-12 23:28:00,103093.5546875
2025-05-12 23:29:00,103068.0703125
2025-05-12 23:31:00,103099.6875
2025-05-12 23:32:00,103033.984375
2025-05-12 23:33:00,102963.5859375
2025-05-12 23:34:00,102932.625
2025-05-12 23:35:00,102924.7265625
2025-05-12 23:36:00,102898.6484375
2025-05-12 23:37:00,102861.03125
2025-05-12 23:38:00,102859.2421875
2025-05-12 23:40:00,102858.9765625
2025-05-12 23:41:00,102845.4140625
2025-05-12 23:42:00,102875.3984375
2025-05-12 23:43:00,102896.21875
2025-05-12 23:45:00,102882.1875
2025-05-12 23:47:00,102947.8125
2025-05-12 23:48:00,102927.03125
2025-05-12 23:49:00,102929.109375
2025-05-12 23:50:00,102962.125
2025-05-12 23:52:00,102954.8984375
2025-05-12 23:53:00,102898.171875
2025-05-12 23:55:00,102872.4453125
2025-05-12 23:56:00,102878.5234375
2025-05-12 23:57:00,102858.03125
2025-05-12 23:58:00,102855.1796875
2025-05-13 00:00:00,102809.5859375
2025-05-13 00:02:00,102786.2265625
2025-05-13 00:04:00,102702.21875
2025-05-13 00:05:00,102652.6328125
2025-05-13 00:06:00,102675.6875
2025-05-13 00:07:00,102658.734375
2025-05-13 00:08:00,102644.65625
2025-05-13 00:09:00,102661.046875
2025-05-13 00:10:00,102601.8828125
2025-05-13 00:12:00,102590.8359375
2025-05-13 00:13:00,102620.3359375
2025-05-13 00:14:00,102566.609375
2025-05-13 00:15:00,102598.0234375
2025-05-13 00:16:00,102524.8515625
2025-05-13 00:17:00,102533.171875
2025-05-13 00:18:00,102585.84375
2025-05-13 00:19:00,102635.2578125
2025-05-13 00:20:00,102595.609375
2025-05-13 00:22:00,102529.1875
2025-05-13 00:23:00,102521.4375
2025-05-13 00:24:00,102551.2578125
2025-05-13 00:25:00,102565.875
2025-05-13 00:26:00,102528.8046875
2025-05-13 00:27:00,102551.703125
2025-05-13 00:28:00,102510.8359375
2025-05-13 00:29:00,102479.75
2025-05-13 00:30:00,102507.6953125
2025-05-13 00:31:00,102532.296875
2025-05-13 00:32:00,102435.2734375
2025-05-13 00:33:00,102449.1015625
2025-05-13 00:35:00,102483.9375
2025-05-13 00:36:00,102480.359375
2025-05-13 00:37:00,102458.7109375
2025-05-13 00:38:00,102411.1328125
2025-05-13 00:39:00,102386.671875
2025-05-13 00:41:00,102428.8046875
2025-05-13 00:42:00,102420.90625
2025-05-13 00:43:00,102459.3125
2025-05-13 00:44:00,102431.2265625
2025-05-13 00:45:00,102245.8515625
2025-05-13 00:47:00,102267.546875
2025-05-13 00:48:00,102350.078125
2025-05-13 00:49:00,102417.765625
2025-05-13 00:50:00,102419.0390625
2025-05-13 00:52:00,102380.59375
2025-05-13 00:53:00,102314.2109375
2025-05-13 00:54:00,102215.3515625
2025-05-13 00:56:00,102326.9453125
2025-05-13 00:57:00,102340.125
2025-05-13 00:58:00,102288.4921875
2025-05-13 00:59:00,102290.5546875
2025-05-13 01:00:00,102277.0078125
2025-05-13 01:02:00,102394.3515625
2025-05-13 01:03:00,102418.6171875
2025-05-13 01:05:00,102574.0234375
2025-05-13 01:06:00,102591.984375
2025-05-13 01:07:00,102571.53125
2025-05-13 01:08:00,102476.3828125
2025-05-13 01:09:00,102484.703125
2025-05-13 01:11:00,102359.15625
2025-05-13 01:12:00,102322.1328125
2025-05-13 01:13:00,102512.1484375
2025-05-13 01:15:00,102581.7578125
2025-05-13 01:17:00,102582.0
2025-05-13 01:18:00,102577.25
2025-05-13 01:19:00,102579.46875
2025-05-13 01:20:00,102610.0703125
2025-05-13 01:21:00,102641.6875
2025-05-13 01:22:00,102557.953125
2025-05-13 01:23:00,102599.046875
2025-05-13 01:24:00,102712.8828125
2025-05-13 01:25:00,102719.25
2025-05-13 01:26:00,102697.6640625
2025-05-13 01:28:00,102615.8125
2025-05-13 01:29:00,102567.6015625
2025-05-13 01:31:00,102377.3828125
2025-05-13 01:32:00,102364.84375
2025-05-13 01:33:00,102442.1796875
2025-05-13 01:34:00,102506.71875
2025-05-13 01:36:00,102433.765625
2025-05-13 01:37:00,102429.828125
2025-05-13 01:38:00,102374.46875
2025-05-13 01:39:00,102206.84375
2025-05-13 01:40:00,102273.453125
2025-05-13 01:42:00,102120.2421875
2025-05-13 01:43:00,102137.453125
2025-05-13 01:45:00,102242.0625
2025-05-13 01:46:00,102279.0625
2025-05-13 01:47:00,102278.921875
2025-05-13 01:49:00,102360.6015625
2025-05-13 01:51:00,102451.0703125
2025-05-13 01:52:00,102443.203125
2025-05-13 01:54:00,102486.3203125
2025-05-13 01:55:00,102494.78125
2025-05-13 01:56:00,102492.2109375
2025-05-13 01:58:00,102484.4921875
2025-05-13 01:59:00,102486.0
2025-05-13 02:00:00,102451.921875
2025-05-13 02:01:00,102442.7265625
2025-05-13 02:02:00,102425.125
2025-05-13 02:04:00,102361.171875
2025-05-13 02:05:00,102392.75
2025-05-13 02:06:00,102391.015625
2025-05-13 02:07:00,102323.4921875
2025-05-13 02:08:00,102266.7109375
2025-05-13 02:09:00,102260.9765625
2025-05-13 02:11:00,102386.3828125
2025-05-13 02:12:00,102415.9609375
2025-05-13 02:13:00,102351.703125
2025-05-13 02:14:00,102252.265625
2025-05-13 02:15:00,102090.203125
2025-05-13 02:16:00,102118.6875
2025-05-13 02:17:00,101945.78125
2025-05-13 02:19:00,101919.4296875
2025-05-13 02:21:00,101770.234375
2025-05-13 02:22:00,101935.2265625
2025-05-13 02:24:00,102009.15625
2025-05-13 02:26:00,102182.5234375
2025-05-13 02:27:00,102257.6640625
2025-05-13 02:28:00,102252.234375
2025-05-13 02:29:00,102254.4296875
2025-05-13 02:30:00,102287.3671875
2025-05-13 02:32:00,102261.1015625
2025-05-13 02:33:00,102177.046875
2025-05-13 02:34:00,102099.6328125
2025-05-13 02:36:00,102096.40625
2025-05-13 02:37:00,102048.7890625
2025-05-13 02:38:00,102077.8203125
2025-05-13 02:39:00,102106.8515625
2025-05-13 02:40:00,102078.8046875
2025-05-13 02:41:00,102026.640625
2025-05-13 02:42:00,102012.046875
2025-05-13 02:43:00,101994.1875
2025-05-13 02:46:00,101955.96875
2025-05-13 02:47:00,102032.2734375
2025-05-13 02:48:00,101973.9140625
2025-05-13 02:50:00,101876.046875
2025-05-13 02:51:00,101873.90625
2025-05-13 02:52:00,101842.953125
2025-05-13 02:53:00,101930.1875
2025-05-13 02:54:00,101987.9609375
2025-05-13 02:55:00,101973.1953125
2025-05-13 02:56:00,101984.453125
2025-05-13 02:57:00,101989.3984375
2025-05-13 02:58:00,102070.015625
2025-05-13 02:59:00,102054.34375
2025-05-13 03:00:00,102063.140625
2025-05-13 03:01:00,102083.328125
2025-05-13 03:03:00,102017.7578125
2025-05-13 03:04:00,101988.234375
2025-05-13 03:05:00,101914.265625
2025-05-13 03:06:00,101926.1328125
2025-05-13 03:08:00,101891.71875
2025-05-13 03:09:00,101978.734375
2025-05-13 03:11:00,102028.5390625
2025-05-13 03:12:00,102096.53125
2025-05-13 03:13:00,102133.671875
2025-05-13 03:14:00,102102.390625
2025-05-13 03:15:00,102075.2109375
2025-05-13 03:16:00,102042.4140625
2025-05-13 03:17:00,102045.6015625
2025-05-13 03:18:00,102024.1796875
2025-05-13 03:19:00,101953.125
2025-05-13 03:20:00,101937.25
2025-05-13 03:23:00,101888.5078125
2025-05-13 03:25:00,101820.1015625
2025-05-13 03:26:00,101827.078125
2025-05-13 03:27:00,101854.8671875
2025-05-13 03:28:00,101786.5546875
2025-05-13 03:29:00,101578.5859375
2025-05-13 03:30:00,101609.515625
2025-05-13 03:32:00,101587.0078125
2025-05-13 03:34:00,101652.640625
2025-05-13 03:35:00,101619.3671875
2025-05-13 03:37:00,101619.5703125
2025-05-13 03:39:00,101584.9921875
2025-05-13 03:40:00,101650.609375
2025-05-13 03:42:00,101773.484375
2025-05-13 03:44:00,101761.1796875
2025-05-13 03:46:00,101802.21875
2025-05-13 03:47:00,101787.2421875
2025-05-13 03:48:00,101761.8984375
2025-05-13 03:49:00,101755.265625
2025-05-13 03:50:00,101778.2578125
2025-05-13 03:51:00,101653.2890625
2025-05-13 03:52:00,101653.1484375
2025-05-13 03:53:00,101673.328125
2025-05-13 03:54:00,101698.078125
2025-05-13 03:55:00,101732.875
2025-05-13 03:56:00,101779.703125
2025-05-13 03:58:00,101786.1640625
2025-05-13 03:59:00,101756.9296875
2025-05-13 04:01:00,101711.2109375
2025-05-13 04:02:00,101733.109375
2025-05-13 04:03:00,101743.1484375
2025-05-13 04:04:00,101763.8046875
2025-05-13 04:05:00,101781.4921875
2025-05-13 04:06:00,101757.2578125
2025-05-13 04:07:00,101818.0625
2025-05-13 04:08:00,101872.6171875
2025-05-13 04:09:00,101863.6328125
2025-05-13 04:10:00,101876.4375
2025-05-13 04:11:00,101877.609375
2025-05-13 04:12:00,101881.359375
2025-05-13 04:13:00,101865.4453125
2025-05-13 04:14:00,101894.71875
2025-05-13 04:15:00,101907.09375
2025-05-13 04:16:00,101910.625
2025-05-13 04:17:00,101958.203125
2025-05-13 04:19:00,102023.3984375
2025-05-13 04:20:00,102106.6953125
2025-05-13 04:22:00,102227.1796875
2025-05-13 04:23:00,102259.4375
2025-05-13 04:25:00,102243.7109375
2025-05-13 04:27:00,102253.3125
2025-05-13 04:28:00,102323.53125
2025-05-13 04:29:00,102369.0078125
2025-05-13 04:30:00,102368.0234375
2025-05-13 04:31:00,102429.984375
2025-05-13 04:32:00,102462.40625
2025-05-13 04:35:00,102544.5859375
2025-05-13 04:36:00,102500.90625
2025-05-13 04:37:00,102460.9609375
2025-05-13 04:38:00,102555.0234375
2025-05-13 04:39:00,102536.1484375
2025-05-13 04:40:00,102591.0390625
2025-05-13 04:42:00,102531.0859375
2025-05-13 04:43:00,102532.578125
2025-05-13 04:44:00,102547.984375
2025-05-13 04:45:00,102555.28125
2025-05-13 04:46:00,102654.15625
2025-05-13 04:47:00,102653.5625
2025-05-13 04:49:00,102660.71875
2025-05-13 04:50:00,102656.5859375
2025-05-13 04:51:00,102642.6953125
2025-05-13 04:52:00,102626.9140625
2025-05-13 04:53:00,102687.1796875
2025-05-13 04:55:00,102648.84375
2025-05-13 04:57:00,102709.1328125
2025-05-13 04:58:00,102724.578125
2025-05-13 04:59:00,102729.2421875
2025-05-13 05:01:00,102704.6796875
2025-05-13 05:02:00,102674.5625
2025-05-13 05:03:00,102661.1328125
2025-05-13 05:05:00,102671.1796875
2025-05-13 05:07:00,102656.6875
2025-05-13 05:08:00,102612.0390625
2025-05-13 05:09:00,102610.421875
2025-05-13 05:10:00,102596.1171875
2025-05-13 05:11:00,102677.59375
2025-05-13 05:13:00,102691.3984375
2025-05-13 05:14:00,102688.40625
2025-05-13 05:15:00,102661.3671875
2025-05-13 05:16:00,102641.3359375
2025-05-13 05:18:00,102628.9453125
2025-05-13 05:19:00,102617.890625
2025-05-13 05:21:00,102609.0390625
2025-05-13 05:22:00,102579.234375
2025-05-13 05:23:00,102599.8515625
2025-05-13 05:24:00,102603.4453125
2025-05-13 05:26:00,102594.96875
2025-05-13 05:27:00,102595.5078125
2025-05-13 05:28:00,102575.140625
2025-05-13 05:29:00,102573.703125
2025-05-13 05:30:00,102554.34375
2025-05-13 05:31:00,102550.375
2025-05-13 05:33:00,102464.28125
2025-05-13 05:34:00,102431.7109375
2025-05-13 05:35:00,102387.171875
2025-05-13 05:36:00,102367.3203125
2025-05-13 05:37:00,102349.5234375
2025-05-13 05:38:00,102358.59375
2025-05-13 05:39:00,102383.453125
2025-05-13 05:41:00,102365.6015625
2025-05-13 05:42:00,102349.8046875
2025-05-13 05:44:00,102298.65625
2025-05-13 05:45:00,102305.3203125
2025-05-13 05:47:00,102348.0859375
2025-05-13 05:49:00,102388.6953125
2025-05-13 05:50:00,102313.75
2025-05-13 05:52:00,102312.453125
2025-05-13 05:53:00,102316.953125
2025-05-13 05:54:00,102348.390625
2025-05-13 05:55:00,102365.65625
2025-05-13 05:56:00,102383.9296875
2025-05-13 05:57:00,102406.25
2025-05-13 05:58:00,102443.015625
2025-05-13 05:59:00,102453.6640625
2025-05-13 06:00:00,102464.109375
2025-05-13 06:02:00,102575.875
2025-05-13 06:03:00,102562.6015625
2025-05-13 06:04:00,102590.859375
2025-05-13 06:05:00,102628.140625
2025-05-13 06:06:00,102637.3671875
2025-05-13 06:07:00,102644.125
2025-05-13 06:08:00,102635.7578125
2025-05-13 06:09:00,102647.5625
2025-05-13 06:11:00,102639.46875
2025-05-13 06:13:00,102658.9140625
2025-05-13 06:14:00,102659.21875
2025-05-13 06:15:00,102650.375
2025-05-13 06:16:00,102627.65625
2025-05-13 06:17:00,102616.0078125
2025-05-13 06:18:00,102587.5234375
2025-05-13 06:19:00,102521.9921875
2025-05-13 06:20:00,102499.96875
2025-05-13 06:21:00,102481.3125
2025-05-13 06:22:00,102435.53125
2025-05-13 06:23:00,102394.53125
2025-05-13 06:24:00,102377.3984375
2025-05-13 06:25:00,102408.2734375
2025-05-13 06:26:00,102394.0625
2025-05-13 06:27:00,102375.6953125
2025-05-13 06:28:00,102358.0859375
2025-05-13 06:29:00,102356.3203125
2025-05-13 06:32:00,102416.6171875
2025-05-13 06:33:00,102426.0234375
2025-05-13 06:34:00,102427.6796875
2025-05-13 06:35:00,102448.171875
2025-05-13 06:36:00,102486.625
2025-05-13 06:37:00,102498.71875
2025-05-13 06:39:00,102505.5546875
2025-05-13 06:40:00,102528.3828125
2025-05-13 06:41:00,102562.40625
2025-05-13 06:42:00,102575.0
2025-05-13 06:43:00,102577.1015625
2025-05-13 06:44:00,102573.28125
2025-05-13 06:45:00,102572.65625
2025-05-13 06:47:00,102548.140625
2025-05-13 06:48:00,102543.9296875
2025-05-13 06:49:00,102544.625
2025-05-13 06:50:00,102519.75
2025-05-13 06:51:00,102495.3125
2025-05-13 06:52:00,102471.5546875
2025-05-13 06:53:00,102468.984375
2025-05-13 06:54:00,102462.46875
2025-05-13 06:55:00,102451.25
2025-05-13 06:56:00,102501.328125
2025-05-13 06:58:00,102548.3203125
2025-05-13 06:59:00,102547.78125
2025-05-13 07:00:00,102543.4921875
2025-05-13 07:02:00,102625.640625
2025-05-13 07:03:00,102617.203125
2025-05-13 07:05:00,102684.8671875
2025-05-13 07:06:00,102691.0078125
2025-05-13 07:07:00,102708.78125
2025-05-13 07:09:00,102740.203125
2025-05-13 07:10:00,102715.9765625
2025-05-13 07:11:00,102715.6484375
2025-05-13 07:12:00,102744.4375
2025-05-13 07:13:00,102741.5
2025-05-13 07:14:00,102742.28125
2025-05-13 07:15:00,102738.453125
2025-05-13 07:17:00,102773.5234375
2025-05-13 07:18:00,102905.0703125
2025-05-13 07:19:00,102890.5078125
2025-05-13 07:20:00,102917.65625
2025-05-13 07:21:00,102888.1015625
2025-05-13 07:22:00,102879.7265625
2025-05-13 07:23:00,102812.3984375
2025-05-13 07:24:00,102796.4296875
2025-05-13 07:25:00,102772.921875
2025-05-13 07:26:00,102780.2734375
2025-05-13 07:27:00,102822.28125
2025-05-13 07:28:00,102768.1171875
2025-05-13 07:29:00,102783.6796875
2025-05-13 07:30:00,102805.9375
2025-05-13 07:32:00,102783.375
2025-05-13 07:33:00,102763.90625
2025-05-13 07:34:00,102755.9296875
2025-05-13 07:35:00,102776.5546875
2025-05-13 07:36:00,102762.671875
2025-05-13 07:37:00,102710.375
2025-05-13 07:39:00,102691.8671875
2025-05-13 07:40:00,102683.96875
2025-05-13 07:42:00,102702.2890625
2025-05-13 07:45:00,102681.6875
2025-05-13 07:46:00,102678.2890625
2025-05-13 07:47:00,102685.2265625
2025-05-13 07:48:00,102685.390625
2025-05-13 07:49:00,102681.8515625
2025-05-13 07:50:00,102668.765625
2025-05-13 07:51:00,102692.6640625
2025-05-13 07:52:00,102686.0625
2025-05-13 07:53:00,102689.34375
2025-05-13 07:54:00,102682.921875
2025-05-13 07:55:00,102682.6171875
2025-05-13 07:56:00,102713.328125
2025-05-13 07:57:00,102702.7578125
2025-05-13 07:58:00,102689.4921875
2025-05-13 07:59:00,102644.203125
2025-05-13 08:00:00,102680.6796875
2025-05-13 08:02:00,102743.875
2025-05-13 08:03:00,102746.796875
2025-05-13 08:04:00,102825.7421875
2025-05-13 08:05:00,102886.3359375
2025-05-13 08:06:00,102910.7421875
2025-05-13 08:07:00,102839.546875
2025-05-13 08:08:00,102798.2265625
2025-05-13 08:09:00,102875.140625
2025-05-13 08:10:00,102848.4609375
2025-05-13 08:12:00,102831.765625
2025-05-13 08:14:00,102849.4375
2025-05-13 08:15:00,102882.015625
2025-05-13 08:16:00,102924.140625
2025-05-13 08:17:00,102913.71875
2025-05-13 08:18:00,102925.53125
2025-05-13 08:19:00,102901.3359375
2025-05-13 08:20:00,102897.171875
2025-05-13 08:22:00,102706.390625
2025-05-13 08:23:00,102643.4765625
2025-05-13 08:24:00,102599.890625
2025-05-13 08:25:00,102621.7265625
2025-05-13 08:26:00,102592.9765625
2025-05-13 08:27:00,102592.4140625
2025-05-13 08:28:00,102594.8359375
2025-05-13 08:29:00,102582.1796875
2025-05-13 08:30:00,102581.2109375
2025-05-13 08:31:00,102589.2421875
2025-05-13 08:32:00,102616.953125
2025-05-13 08:33:00,102581.953125
2025-05-13 08:34:00,102635.6484375
2025-05-13 08:35:00,102656.640625
2025-05-13 08:36:00,102750.4296875
2025-05-13 08:37:00,102779.2421875
2025-05-13 08:38:00,102771.3359375
2025-05-13 08:39:00,102826.4375
2025-05-13 08:41:00,102814.984375
2025-05-13 08:43:00,102792.2421875
2025-05-13 08:44:00,102789.1328125
2025-05-13 08:45:00,102755.1640625
2025-05-13 08:46:00,102768.2109375
2025-05-13 08:47:00,102785.4140625
2025-05-13 08:48:00,102802.0390625
2025-05-13 08:49:00,102798.96875
2025-05-13 08:50:00,102743.3203125
2025-05-13 08:52:00,102698.3125
2025-05-13 08:53:00,102734.359375
2025-05-13 08:54:00,102724.265625
2025-05-13 08:55:00,102738.8828125
2025-05-13 08:56:00,102742.3125
2025-05-13 08:58:00,102781.2890625
2025-05-13 08:59:00,102746.5546875
2025-05-13 09:00:00,102725.65625
2025-05-13 09:01:00,102768.75
2025-05-13 09:02:00,102808.515625
2025-05-13 09:04:00,102835.1953125
2025-05-13 09:05:00,102809.15625
2025-05-13 09:06:00,102896.5546875
2025-05-13 09:07:00,102919.625
2025-05-13 09:08:00,102926.7578125
2025-05-13 09:09:00,102923.4921875
2025-05-13 09:11:00,102946.3828125
2025-05-13 09:12:00,102967.703125
2025-05-13 09:14:00,102927.7421875
2025-05-13 09:15:00,102974.234375
2025-05-13 09:16:00,102988.125
2025-05-13 09:17:00,103024.8515625
2025-05-13 09:18:00,103029.0078125
2025-05-13 09:19:00,103170.71875
2025-05-13 09:22:00,103208.1875
2025-05-13 09:23:00,103206.6796875
2025-05-13 09:25:00,103173.09375
2025-05-13 09:26:00,103183.8515625
2025-05-13 09:27:00,103228.625
2025-05-13 09:28:00,103239.625
2025-05-13 09:30:00,103240.625
2025-05-13 09:32:00,103311.96875
2025-05-13 09:33:00,103303.0078125
2025-05-13 09:34:00,103243.703125
2025-05-13 09:35:00,103306.109375
2025-05-13 09:36:00,103344.7265625
2025-05-13 09:37:00,103398.015625
2025-05-13 09:38:00,103404.46875
2025-05-13 09:39:00,103395.703125
2025-05-13 09:40:00,103366.453125
2025-05-13 09:41:00,103376.0859375
2025-05-13 09:43:00,103390.6171875
2025-05-13 09:44:00,103333.4296875
2025-05-13 09:46:00,103358.25
2025-05-13 09:47:00,103405.296875
2025-05-13 09:48:00,103435.75
2025-05-13 09:49:00,103445.5078125
2025-05-13 09:50:00,103460.21875
2025-05-13 09:51:00,103464.796875
2025-05-13 09:52:00,103483.515625
2025-05-13 09:53:00,103487.421875
2025-05-13 09:55:00,103491.8203125
2025-05-13 09:56:00,103499.3359375
2025-05-13 09:57:00,103477.5546875
2025-05-13 09:59:00,103485.578125
2025-05-13 10:02:00,103498.890625
2025-05-13 10:04:00,103429.4375
2025-05-13 10:06:00,103407.6328125
2025-05-13 10:09:00,103400.3984375
2025-05-13 10:10:00,103393.4140625
2025-05-13 10:11:00,103403.3125
2025-05-13 10:12:00,103423.9296875
2025-05-13 10:13:00,103430.6015625
2025-05-13 10:14:00,103416.5078125
2025-05-13 10:16:00,103406.5390625
2025-05-13 10:18:00,103323.8828125
2025-05-13 10:19:00,103301.078125
2025-05-13 10:20:00,103302.546875
2025-05-13 10:21:00,103317.7578125
2025-05-13 10:23:00,103390.7109375
2025-05-13 10:24:00,103405.6171875
2025-05-13 10:25:00,103400.8203125
2025-05-13 10:26:00,103398.21875
2025-05-13 10:27:00,103428.1875
2025-05-13 10:29:00,103484.6484375
2025-05-13 10:30:00,103492.4453125
2025-05-13 10:32:00,103431.078125
2025-05-13 10:33:00,103519.3359375
2025-05-13 10:34:00,103503.03125
2025-05-13 10:35:00,103443.546875
2025-05-13 10:36:00,103430.5234375
2025-05-13 10:37:00,103436.2734375
2025-05-13 10:38:00,103459.578125
2025-05-13 10:39:00,103438.6328125
2025-05-13 10:40:00,103441.2578125
2025-05-13 10:42:00,103505.6015625
2025-05-13 10:43:00,103487.359375
2025-05-13 10:44:00,103481.2109375
2025-05-13 10:45:00,103476.15625
2025-05-13 10:46:00,103465.4375
2025-05-13 10:48:00,103472.8671875
2025-05-13 10:49:00,103490.2109375
2025-05-13 10:50:00,103454.234375
2025-05-13 10:51:00,103503.6953125
2025-05-13 10:52:00,103508.5078125
2025-05-13 10:53:00,103543.4296875
2025-05-13 10:54:00,103554.71875
2025-05-13 10:56:00,103588.4921875
2025-05-13 10:57:00,103629.5078125
2025-05-13 10:59:00,103609.734375
2025-05-13 11:00:00,103584.5
2025-05-13 11:02:00,103545.375
2025-05-13 11:03:00,103560.28125
2025-05-13 11:04:00,103543.0
2025-05-13 11:05:00,103543.5546875
2025-05-13 11:06:00,103550.3125
2025-05-13 11:07:00,103527.484375
2025-05-13 11:08:00,103514.2265625
2025-05-13 11:09:00,103495.296875
2025-05-13 11:10:00,103517.25
2025-05-13 11:11:00,103516.4296875
2025-05-13 11:13:00,103518.203125
2025-05-13 11:15:00,103497.328125
2025-05-13 11:18:00,103536.28125
2025-05-13 11:19:00,103544.2265625
2025-05-13 11:20:00,103535.953125
2025-05-13 11:21:00,103533.625
2025-05-13 11:22:00,103569.8515625
2025-05-13 11:23:00,103584.703125
2025-05-13 11:24:00,103580.5
2025-05-13 11:25:00,103590.3046875
2025-05-13 11:26:00,103638.6171875
2025-05-13 11:27:00,103647.8671875
2025-05-13 11:28:00,103630.515625
2025-05-13 11:29:00,103597.578125
2025-05-13 11:31:00,103605.6796875
2025-05-13 11:33:00,103673.6796875
2025-05-13 11:34:00,103734.46875
2025-05-13 11:35:00,103722.4453125
2025-05-13 11:36:00,103704.5859375
2025-05-13 11:38:00,103738.6953125
2025-05-13 11:39:00,103732.2421875
2025-05-13 11:41:00,103726.03125
2025-05-13 11:42:00,103728.59375
2025-05-13 11:43:00,103798.2734375
2025-05-13 11:44:00,103800.3359375
2025-05-13 11:45:00,103830.4296875
2025-05-13 11:46:00,103820.84375
2025-05-13 11:47:00,103812.78125
2025-05-13 11:48:00,103776.734375
2025-05-13 11:50:00,103794.4453125
2025-05-13 11:52:00,103680.2890625
2025-05-13 11:53:00,103677.9453125
2025-05-13 11:54:00,103689.453125
2025-05-13 11:55:00,103692.0078125
2025-05-13 11:57:00,103705.9375
2025-05-13 12:01:00,103741.71875
2025-05-13 12:02:00,103748.7578125
2025-05-13 12:03:00,103692.9453125
2025-05-13 12:05:00,103785.9453125
2025-05-13 12:06:00,103735.7109375
2025-05-13 12:07:00,103735.3359375
2025-05-13 12:08:00,103712.765625
2025-05-13 12:09:00,103640.1875
2025-05-13 12:11:00,103674.5
2025-05-13 12:12:00,103577.7421875
2025-05-13 12:13:00,103522.953125
2025-05-13 12:14:00,103523.453125
2025-05-13 12:15:00,103542.6953125
2025-05-13 12:16:00,103579.421875
2025-05-13 12:17:00,103655.2109375
2025-05-13 12:18:00,103622.2421875
2025-05-13 12:20:00,103587.8359375
2025-05-13 12:22:00,103522.8125
2025-05-13 12:23:00,103483.328125
2025-05-13 12:24:00,103510.8984375
2025-05-13 12:25:00,103510.3984375
2025-05-13 12:26:00,103569.3515625
2025-05-13 12:27:00,103561.53125
2025-05-13 12:28:00,103563.6015625
2025-05-13 12:29:00,103619.7265625
2025-05-13 12:31:00,103842.1015625
2025-05-13 12:32:00,103660.3515625
2025-05-13 12:34:00,103763.78125
2025-05-13 12:35:00,103741.0703125
2025-05-13 12:37:00,103885.0
2025-05-13 12:38:00,103874.515625
2025-05-13 12:39:00,103852.0
2025-05-13 12:40:00,103879.0
2025-05-13 12:42:00,103906.65625
2025-05-13 12:43:00,103863.609375
2025-05-13 12:45:00,103741.5234375
2025-05-13 12:46:00,103727.5859375
2025-05-13 12:47:00,103659.328125
2025-05-13 12:48:00,103707.5390625
2025-05-13 12:49:00,103730.859375
2025-05-13 12:51:00,103754.7109375
2025-05-13 12:53:00,103757.9453125
2025-05-13 12:54:00,103760.875
2025-05-13 12:55:00,103762.3984375
2025-05-13 12:56:00,103711.90625
2025-05-13 12:57:00,103739.890625
2025-05-13 12:59:00,103703.5078125
2025-05-13 13:00:00,103690.9609375
2025-05-13 13:02:00,103737.0703125
2025-05-13 13:03:00,103754.6171875
2025-05-13 13:05:00,103563.765625
2025-05-13 13:06:00,103636.828125
2025-05-13 13:07:00,103658.0078125
2025-05-13 13:10:00,103581.0
2025-05-13 13:11:00,103631.0859375
2025-05-13 13:13:00,103577.046875
2025-05-13 13:14:00,103545.90625
2025-05-13 13:15:00,103549.9921875
2025-05-13 13:16:00,103628.4609375
2025-05-13 13:17:00,103751.4140625
2025-05-13 13:18:00,103706.4296875
2025-05-13 13:19:00,103676.296875
2025-05-13 13:20:00,103661.734375
2025-05-13 13:21:00,103687.40625
2025-05-13 13:23:00,103752.65625
2025-05-13 13:24:00,103752.5546875
2025-05-13 13:25:00,103771.5859375
2025-05-13 13:26:00,103774.296875
2025-05-13 13:27:00,103796.859375
2025-05-13 13:28:00,103827.9296875
2025-05-13 13:29:00,103798.9296875
2025-05-13 13:31:00,103765.2109375
2025-05-13 13:33:00,103823.0234375
2025-05-13 13:34:00,103888.1875
2025-05-13 13:35:00,103782.2109375
2025-05-13 13:37:00,103757.3046875
2025-05-13 13:38:00,103623.9765625
2025-05-13 13:39:00,103641.34375
2025-05-13 13:41:00,103706.4296875
2025-05-13 13:42:00,103755.0703125
2025-05-13 13:45:00,103612.5
2025-05-13 13:46:00,103508.015625
2025-05-13 13:47:00,103497.140625
2025-05-13 13:48:00,103462.0390625
2025-05-13 13:49:00,103475.7578125
2025-05-13 13:51:00,103664.7265625
2025-05-13 13:52:00,103655.0859375
2025-05-13 13:53:00,103693.203125
2025-05-13 13:55:00,103737.984375
2025-05-13 13:57:00,103764.421875
2025-05-13 13:58:00,103784.5625
2025-05-13 13:59:00,103782.71875
2025-05-13 14:00:00,103752.9296875
2025-05-13 14:02:00,103692.53125
2025-05-13 14:04:00,103581.5859375
2025-05-13 14:05:00,103486.78125
2025-05-13 14:06:00,103405.984375
2025-05-13 14:07:00,103499.46875
2025-05-13 14:08:00,103495.9453125
2025-05-13 14:10:00,103331.78125
2025-05-13 14:11:00,103253.3984375
2025-05-13 14:13:00,103096.171875
2025-05-13 14:14:00,103118.6796875
2025-05-13 14:16:00,102927.171875
2025-05-13 14:17:00,102919.890625
2025-05-13 14:18:00,103042.6640625
2025-05-13 14:19:00,103101.859375
2025-05-13 14:21:00,103259.125
2025-05-13 14:22:00,103296.375
2025-05-13 14:23:00,103340.6328125
2025-05-13 14:24:00,103368.9921875
2025-05-13 14:25:00,103347.984375
2025-05-13 14:27:00,103260.7109375
2025-05-13 14:28:00,103384.796875
2025-05-13 14:29:00,103435.6953125
2025-05-13 14:30:00,103411.8046875
2025-05-13 14:33:00,103241.2109375
2025-05-13 14:35:00,103172.7421875
2025-05-13 14:36:00,103095.65625
2025-05-13 14:37:00,103127.875
2025-05-13 14:38:00,103170.96875
2025-05-13 14:39:00,103161.4375
2025-05-13 14:40:00,103223.9453125
2025-05-13 14:41:00,103264.5390625
2025-05-13 14:43:00,103211.1171875
2025-05-13 14:44:00,103228.515625
2025-05-13 14:45:00,103168.4140625
2025-05-13 14:46:00,103208.671875
2025-05-13 14:47:00,103163.2421875
2025-05-13 14:48:00,103008.984375
2025-05-13 14:50:00,102981.7578125
2025-05-13 14:51:00,103070.6796875
2025-05-13 14:52:00,103091.3359375
2025-05-13 14:54:00,103201.8515625
2025-05-13 14:55:00,103164.5703125
2025-05-13 14:56:00,103183.6640625
2025-05-13 14:58:00,103161.875
2025-05-13 14:59:00,103191.15625
2025-05-13 15:01:00,103183.765625
2025-05-13 15:02:00,103163.625
2025-05-13 15:03:00,103207.5546875
2025-05-13 15:05:00,103284.390625
2025-05-13 15:07:00,103355.78125
2025-05-13 15:09:00,103460.859375
2025-05-13 15:10:00,103494.296875
2025-05-13 15:11:00,103530.9375
2025-05-13 15:14:00,103850.0234375
2025-05-13 15:16:00,103749.875
2025-05-13 15:17:00,103717.8515625
2025-05-13 15:18:00,103703.0390625
2025-05-13 15:21:00,103597.546875
2025-05-13 15:22:00,103615.265625
2025-05-13 15:23:00,103681.8671875
2025-05-13 15:24:00,103647.140625
2025-05-13 15:25:00,103644.3125
2025-05-13 15:27:00,103699.7421875
2025-05-13 15:28:00,103692.359375
2025-05-13 15:29:00,103740.2890625
2025-05-13 15:31:00,103732.9609375
2025-05-13 15:33:00,103575.9140625
2025-05-13 15:34:00,103578.6015625
2025-05-13 15:35:00,103559.2109375
2025-05-13 15:36:00,103480.0625
2025-05-13 15:38:00,103517.8984375
2025-05-13 15:39:00,103595.6015625
2025-05-13 15:40:00,103654.6171875
2025-05-13 15:42:00,103708.34375
2025-05-13 15:43:00,103688.7734375
2025-05-13 15:44:00,103653.09375
2025-05-13 15:46:00,103613.0546875
2025-05-13 15:47:00,103638.5625
2025-05-13 15:49:00,103586.2265625
2025-05-13 15:51:00,103540.890625
2025-05-13 15:52:00,103499.109375
2025-05-13 15:53:00,103459.453125
2025-05-13 15:54:00,103469.5234375
2025-05-13 15:55:00,103520.890625
2025-05-13 15:57:00,103522.4140625
2025-05-13 15:58:00,103583.4375
2025-05-13 15:59:00,103656.6953125
2025-05-13 16:00:00,103698.0703125
2025-05-13 16:02:00,103579.9921875
2025-05-13 16:03:00,103596.1640625
2025-05-13 16:06:00,103700.1640625
2025-05-13 16:07:00,103732.65625
2025-05-13 16:09:00,103838.8359375
2025-05-13 16:10:00,103858.8203125
2025-05-13 16:12:00,103946.0703125
2025-05-13 16:13:00,104088.0
2025-05-13 16:14:00,104229.5859375
2025-05-13 16:15:00,104326.4609375
2025-05-13 16:16:00,104302.296875
2025-05-13 16:18:00,104356.109375
2025-05-13 16:19:00,104247.5
2025-05-13 16:22:00,104130.34375
2025-05-13 16:23:00,104065.2578125
2025-05-13 16:25:00,104053.4375
2025-05-13 16:26:00,104163.3359375
2025-05-13 16:27:00,104172.46875
2025-05-13 16:28:00,104195.953125
2025-05-13 16:29:00,104205.1484375
2025-05-13 16:31:00,104140.921875
2025-05-13 16:33:00,104178.6953125
2025-05-13 16:34:00,104187.9453125
2025-05-13 16:35:00,104159.109375
2025-05-13 16:36:00,104202.2421875
2025-05-13 16:37:00,104208.734375
2025-05-13 16:38:00,104048.125
2025-05-13 16:39:00,104039.7578125
2025-05-13 16:40:00,104091.5
2025-05-13 16:42:00,104085.2890625
2025-05-13 16:45:00,103963.6328125
2025-05-13 16:46:00,103987.3203125
2025-05-13 16:47:00,103954.0
2025-05-13 16:48:00,103981.9375
2025-05-13 16:49:00,103938.5703125
2025-05-13 16:51:00,103927.1796875
2025-05-13 16:52:00,103843.4921875
2025-05-13 16:53:00,103802.34375
2025-05-13 16:55:00,103873.8828125
2025-05-13 16:56:00,103852.7421875
2025-05-13 16:58:00,103828.6484375
2025-05-13 16:59:00,103784.71875
2025-05-13 17:01:00,103756.9375
2025-05-13 17:02:00,103795.109375
2025-05-13 17:03:00,103816.84375
2025-05-13 17:04:00,103831.78125
2025-05-13 17:05:00,103842.921875
2025-05-13 17:06:00,103857.5
2025-05-13 17:09:00,103900.0546875
2025-05-13 17:11:00,103818.390625
2025-05-13 17:12:00,103887.25
2025-05-13 17:13:00,103905.640625
2025-05-13 17:14:00,103901.5078125
2025-05-13 17:15:00,103890.484375
2025-05-13 17:17:00,103948.8203125
2025-05-13 17:19:00,103891.65625
2025-05-13 17:21:00,103881.296875
2025-05-13 17:22:00,103882.2890625
2025-05-13 17:23:00,103924.1796875
2025-05-13 17:24:00,103914.6328125
2025-05-13 17:25:00,103984.1328125
2025-05-13 17:26:00,104029.6484375
2025-05-13 17:28:00,103876.703125
2025-05-13 17:29:00,103830.328125
2025-05-13 17:30:00,103849.25
2025-05-13 17:32:00,103853.9296875
2025-05-13 17:33:00,103853.7109375
2025-05-13 17:34:00,103851.2265625
2025-05-13 17:35:00,103839.1484375
2025-05-13 17:36:00,103828.8046875
2025-05-13 17:39:00,103897.8984375
2025-05-13 17:41:00,103967.6796875
2025-05-13 17:42:00,104055.640625
2025-05-13 17:43:00,104060.4140625
2025-05-13 17:45:00,104076.5234375
2025-05-13 17:47:00,104091.2734375
2025-05-13 17:48:00,104231.4453125
2025-05-13 17:50:00,104236.15625
2025-05-13 17:52:00,104282.2109375
2025-05-13 17:53:00,104254.078125
2025-05-13 17:54:00,104212.546875
2025-05-13 17:55:00,104166.734375
2025-05-13 17:57:00,104163.171875
2025-05-13 17:58:00,104194.03125
2025-05-13 17:59:00,104288.9296875
2025-05-13 18:00:00,104292.7734375
2025-05-13 18:02:00,104264.7109375
2025-05-13 18:03:00,104261.8515625
2025-05-13 18:04:00,104304.203125
2025-05-13 18:05:00,104309.6796875
2025-05-13 18:06:00,104345.8828125
2025-05-13 18:07:00,104363.9609375
2025-05-13 18:09:00,104384.109375
2025-05-13 18:10:00,104337.796875
2025-05-13 18:11:00,104383.9921875
2025-05-13 18:13:00,104431.0859375
2025-05-13 18:14:00,104399.8984375
2025-05-13 18:15:00,104420.8046875
2025-05-13 18:17:00,104366.1171875
2025-05-13 18:18:00,104361.0390625
2025-05-13 18:19:00,104341.3828125
2025-05-13 18:20:00,104344.03125
2025-05-13 18:21:00,104332.0625
2025-05-13 18:23:00,104367.25
2025-05-13 18:24:00,104366.0234375
2025-05-13 18:25:00,104354.78125
2025-05-13 18:26:00,104363.890625
2025-05-13 18:27:00,104379.7890625
2025-05-13 18:28:00,104393.8203125
2025-05-13 18:29:00,104421.3984375
2025-05-13 18:31:00,104392.828125
2025-05-13 18:32:00,104384.3125
2025-05-13 18:34:00,104310.0859375
2025-05-13 18:37:00,104251.84375
2025-05-13 18:38:00,104204.5625
2025-05-13 18:39:00,104243.609375
2025-05-13 18:40:00,104220.6484375
2025-05-13 18:42:00,104207.7578125
2025-05-13 18:43:00,104205.0546875
2025-05-13 18:45:00,104165.0
2025-05-13 18:46:00,104136.984375
2025-05-13 18:47:00,104217.40625
2025-05-13 18:48:00,104237.734375
2025-05-13 18:49:00,104260.53125
2025-05-13 18:50:00,104275.0546875
2025-05-13 18:51:00,104238.6875
2025-05-13 18:52:00,104230.8828125
2025-05-13 18:53:00,104284.703125
2025-05-13 18:54:00,104320.328125
2025-05-13 18:57:00,104358.0859375
2025-05-13 18:58:00,104365.1015625
2025-05-13 18:59:00,104372.9609375
2025-05-13 19:00:00,104380.2890625
2025-05-13 19:02:00,104361.75
2025-05-13 19:03:00,104403.015625
2025-05-13 19:04:00,104358.9609375
2025-05-13 19:06:00,104326.0234375
2025-05-13 19:07:00,104282.078125
2025-05-13 19:09:00,104246.0234375
2025-05-13 19:11:00,104259.9375
2025-05-13 19:13:00,104319.2109375
2025-05-13 19:14:00,104307.5625
2025-05-13 19:15:00,104311.671875
2025-05-13 19:16:00,104279.703125
2025-05-13 19:18:00,104236.5625
2025-05-13 19:19:00,104217.828125
2025-05-13 19:20:00,104317.53125
2025-05-13 19:22:00,104355.5234375
2025-05-13 19:23:00,104350.2578125
2025-05-13 19:25:00,104371.3203125
2025-05-13 19:27:00,104597.8828125
2025-05-13 19:29:00,104654.5546875
2025-05-13 19:30:00,104646.890625
2025-05-13 19:32:00,104702.7421875
2025-05-13 19:35:00,104703.4296875
2025-05-13 19:36:00,104720.3046875
2025-05-13 19:38:00,104792.015625
2025-05-13 19:39:00,104786.2578125
2025-05-13 19:40:00,104692.1484375
2025-05-13 19:41:00,104668.578125
2025-05-13 19:43:00,104819.3671875
2025-05-13 19:44:00,104834.71875
2025-05-13 19:46:00,104909.171875
2025-05-13 19:47:00,104937.3125
2025-05-13 19:48:00,104974.421875
2025-05-13 19:49:00,104987.0546875
2025-05-13 19:51:00,104983.0703125
2025-05-13 19:52:00,104793.390625
2025-05-13 19:54:00,104601.046875
2025-05-13 19:55:00,104706.5859375
2025-05-13 19:56:00,104713.734375
2025-05-13 19:58:00,104663.2265625
2025-05-13 19:59:00,104718.34375
2025-05-13 20:02:00,104846.1484375
2025-05-13 20:03:00,104790.34375
2025-05-13 20:04:00,104707.4921875
2025-05-13 20:06:00,104624.796875
2025-05-13 20:07:00,104531.140625
2025-05-13 20:08:00,104562.4375
2025-05-13 20:09:00,104531.8515625
2025-05-13 20:10:00,104531.96875
2025-05-13 20:13:00,104637.921875
2025-05-13 20:14:00,104634.0625
2025-05-13 20:16:00,104613.2578125
2025-05-13 20:18:00,104520.9453125
2025-05-13 20:19:00,104505.4375
2025-05-13 20:22:00,104531.53125
2025-05-13 20:24:00,104531.296875
2025-05-13 20:25:00,104531.7890625
2025-05-13 20:26:00,104510.0
2025-05-13 20:28:00,104536.3828125
2025-05-13 20:29:00,104532.4921875
2025-05-13 20:30:00,104557.3359375
2025-05-13 20:32:00,104538.71875
2025-05-13 20:33:00,104643.9375
2025-05-13 20:35:00,104682.3125
2025-05-13 20:37:00,104641.5546875
2025-05-13 20:38:00,104626.3203125
2025-05-13 20:39:00,104630.5625
2025-05-13 20:42:00,104545.203125
2025-05-13 20:43:00,104549.1875
2025-05-13 20:44:00,104554.8515625
2025-05-13 20:45:00,104537.828125
2025-05-13 20:47:00,104556.3828125
2025-05-13 20:48:00,104614.03125
2025-05-13 20:49:00,104684.8046875
2025-05-13 20:50:00,104713.4453125
2025-05-13 20:51:00,104686.3671875
2025-05-13 20:53:00,104632.9609375
2025-05-13 20:54:00,104628.046875
2025-05-13 20:55:00,104663.6171875
2025-05-13 20:56:00,104635.0078125
2025-05-13 20:57:00,104646.1171875
2025-05-13 20:58:00,104640.0546875
2025-05-13 20:59:00,104629.625
2025-05-13 21:01:00,104611.1640625
2025-05-13 21:02:00,104608.0546875
2025-05-13 21:03:00,104602.9140625
2025-05-13 21:04:00,104539.9453125
2025-05-13 21:05:00,104512.3515625
2025-05-13 21:07:00,104500.453125
2025-05-13 21:08:00,104460.890625
2025-05-13 21:09:00,104434.671875
2025-05-13 21:11:00,104434.484375
2025-05-13 21:13:00,104356.2578125
2025-05-13 21:14:00,104353.4921875
2025-05-13 21:15:00,104324.1953125
2025-05-13 21:16:00,104429.8125
2025-05-13 21:17:00,104486.4765625
2025-05-13 21:18:00,104410.5703125
2025-05-13 21:19:00,104439.5234375
2025-05-13 21:21:00,104427.6796875
2025-05-13 21:22:00,104420.6015625
2025-05-13 21:23:00,104428.1015625
2025-05-13 21:24:00,104441.3671875
2025-05-13 21:25:00,104307.2265625
2025-05-13 21:26:00,104311.9296875
2025-05-13 21:27:00,104400.3984375
2025-05-13 21:28:00,104512.96875
2025-05-13 21:29:00,104515.953125
2025-05-13 21:30:00,104515.7421875
2025-05-13 21:32:00,104558.953125
2025-05-13 21:34:00,104601.7421875
2025-05-13 21:35:00,104621.4140625
2025-05-13 21:37:00,104598.7421875
2025-05-13 21:38:00,104598.640625
2025-05-13 21:39:00,104560.546875
2025-05-13 21:40:00,104504.8359375
2025-05-13 21:42:00,104461.609375
2025-05-13 21:43:00,104398.96875
2025-05-13 21:44:00,104349.7734375
2025-05-13 21:45:00,104350.375
2025-05-13 21:46:00,104371.984375
2025-05-13 21:47:00,104291.5859375
2025-05-13 21:48:00,104315.515625
2025-05-13 21:50:00,104384.3515625
2025-05-13 21:51:00,104381.9140625
2025-05-13 21:52:00,104389.8359375
2025-05-13 21:53:00,104388.1171875
2025-05-13 21:54:00,104391.828125
2025-05-13 21:55:00,104406.78125
2025-05-13 21:57:00,104400.5625
2025-05-13 21:58:00,104366.6875
2025-05-13 22:00:00,104370.0546875
2025-05-13 22:02:00,104410.078125
2025-05-13 22:03:00,104363.734375
2025-05-13 22:04:00,104407.1328125
2025-05-13 22:05:00,104305.265625
2025-05-13 22:06:00,104260.296875
2025-05-13 22:08:00,104208.109375
2025-05-13 22:10:00,104215.4296875
2025-05-13 22:11:00,104251.578125
2025-05-13 22:12:00,104290.421875
2025-05-13 22:13:00,104310.3984375
2025-05-13 22:14:00,104349.6875
2025-05-13 22:15:00,104276.546875
2025-05-13 22:16:00,104231.34375
2025-05-13 22:17:00,104298.59375
2025-05-13 22:18:00,104289.859375
2025-05-13 22:20:00,104241.3125
2025-05-13 22:22:00,104319.0703125
2025-05-13 22:23:00,104290.703125
2025-05-13 22:24:00,104242.0078125
2025-05-13 22:25:00,104211.328125
2025-05-13 22:26:00,104231.78125
2025-05-13 22:27:00,104211.671875
2025-05-13 22:29:00,104199.3671875
2025-05-13 22:30:00,104260.3984375
2025-05-13 22:31:00,104261.9921875
2025-05-13 22:32:00,104190.515625
2025-05-13 22:34:00,104221.0234375
2025-05-13 22:35:00,104238.734375
2025-05-13 22:36:00,104241.84375
2025-05-13 22:38:00,104330.65625
2025-05-13 22:39:00,104353.4375
2025-05-13 22:42:00,104331.6328125
2025-05-13 22:43:00,104321.96875
2025-05-13 22:44:00,104275.4453125
2025-05-13 22:45:00,104273.5546875
2025-05-13 22:46:00,104264.3125
2025-05-13 22:47:00,104248.9296875
2025-05-13 22:48:00,104238.6640625
2025-05-13 22:49:00,104223.59375
2025-05-13 22:50:00,104208.03125
2025-05-13 22:52:00,104196.8671875
2025-05-13 22:53:00,104163.90625
2025-05-13 22:54:00,104168.84375
2025-05-13 22:55:00,104194.171875
2025-05-13 22:56:00,104141.859375
2025-05-13 22:57:00,104143.828125
2025-05-13 22:58:00,104154.109375
2025-05-13 22:59:00,104163.515625
2025-05-13 23:08:00,104011.8671875
2025-05-13 23:10:00,104027.6875
2025-05-13 23:12:00,104030.703125
2025-05-13 23:13:00,104062.015625
2025-05-13 23:15:00,104143.640625
2025-05-13 23:17:00,104163.1875
2025-05-13 23:19:00,104155.4296875
2025-05-13 23:20:00,104188.1171875
2025-05-13 23:22:00,104147.1953125
2025-05-13 23:23:00,104118.7578125
2025-05-13 23:24:00,104111.921875
2025-05-13 23:25:00,104035.328125
2025-05-13 23:26:00,104011.8125
2025-05-13 23:28:00,104047.8984375
2025-05-13 23:29:00,104013.40625
2025-05-13 23:30:00,103996.3125
2025-05-13 23:32:00,104017.7890625
2025-05-13 23:34:00,104044.3359375
2025-05-13 23:36:00,104052.5
2025-05-13 23:37:00,104105.0546875
2025-05-13 23:38:00,104089.484375
2025-05-13 23:39:00,104115.9765625
2025-05-13 23:41:00,104117.8125
2025-05-13 23:42:00,104140.9296875
2025-05-13 23:43:00,104163.5
2025-05-13 23:44:00,104162.2421875
2025-05-13 23:46:00,104201.6328125
2025-05-13 23:47:00,104225.40625
2025-05-13 23:49:00,104229.234375
2025-05-13 23:51:00,104278.7109375
2025-05-13 23:52:00,104274.9296875
2025-05-13 23:53:00,104280.796875
2025-05-13 23:54:00,104263.875
2025-05-13 23:55:00,104251.234375
2025-05-13 23:56:00,104262.0
2025-05-13 23:58:00,104211.1328125
2025-05-14 00:00:00,104159.984375
2025-05-14 00:02:00,104040.3671875
2025-05-14 00:03:00,104074.859375
2025-05-14 00:04:00,104049.4453125
2025-05-14 00:06:00,103982.7578125
2025-05-14 00:07:00,103957.1484375
2025-05-14 00:08:00,104014.25
2025-05-14 00:09:00,104028.0703125
2025-05-14 00:10:00,104034.53125
2025-05-14 00:12:00,104083.4375
2025-05-14 00:14:00,104030.9921875
2025-05-14 00:16:00,103976.1484375
2025-05-14 00:18:00,103965.484375
2025-05-14 00:19:00,103983.4140625
2025-05-14 00:22:00,104037.8359375
2025-05-14 00:23:00,104027.984375
2025-05-14 00:24:00,104026.7265625
2025-05-14 00:25:00,103899.2421875
2025-05-14 00:27:00,103848.5859375
2025-05-14 00:28:00,103862.65625
2025-05-14 00:29:00,103844.765625
2025-05-14 00:30:00,103891.34375
2025-05-14 00:32:00,103845.15625
2025-05-14 00:34:00,103941.5859375
2025-05-14 00:35:00,103936.5546875
2025-05-14 00:36:00,104025.328125
2025-05-14 00:38:00,103953.4609375
2025-05-14 00:39:00,103919.1328125
2025-05-14 00:41:00,103871.609375
2025-05-14 00:42:00,103822.765625
2025-05-14 00:44:00,103826.390625
2025-05-14 00:45:00,103845.3984375
2025-05-14 00:46:00,103841.0234375
2025-05-14 00:47:00,103858.9296875
2025-05-14 00:48:00,103844.3515625
2025-05-14 00:49:00,103837.046875
2025-05-14 00:51:00,103902.859375
2025-05-14 00:52:00,103975.6640625
2025-05-14 00:54:00,103865.4765625
2025-05-14 00:55:00,103828.5703125
2025-05-14 00:56:00,103816.8125
2025-05-14 00:58:00,103914.8125
2025-05-14 00:59:00,103921.6640625
2025-05-14 01:00:00,103927.8203125
2025-05-14 01:02:00,103912.2109375
2025-05-14 01:04:00,103902.9140625
2025-05-14 01:05:00,103882.4375
2025-05-14 01:07:00,103914.6953125
2025-05-14 01:08:00,103885.6171875
2025-05-14 01:09:00,103942.4140625
2025-05-14 01:10:00,104010.203125
2025-05-14 01:12:00,103976.5703125
2025-05-14 01:13:00,103991.390625
2025-05-14 01:14:00,104028.8046875
2025-05-14 01:15:00,104023.53125
2025-05-14 01:16:00,104011.5
2025-05-14 01:17:00,104007.6484375
2025-05-14 01:19:00,103982.390625
2025-05-14 01:20:00,103847.625
2025-05-14 01:22:00,103910.7109375
2025-05-14 01:23:00,103866.5546875
2025-05-14 01:25:00,103916.140625
2025-05-14 01:26:00,103908.2265625
2025-05-14 01:27:00,103879.140625
2025-05-14 01:28:00,103878.359375
2025-05-14 01:29:00,103864.4453125
2025-05-14 01:30:00,103893.8671875
2025-05-14 01:32:00,103981.984375
2025-05-14 01:33:00,103969.171875
2025-05-14 01:34:00,103998.5859375
2025-05-14 01:35:00,104000.9453125
2025-05-14 01:37:00,103976.6875
2025-05-14 01:38:00,103995.4609375
2025-05-14 01:40:00,103970.15625
2025-05-14 01:42:00,104006.671875
2025-05-14 01:43:00,104002.2421875
2025-05-14 01:44:00,104003.3359375
2025-05-14 01:45:00,104016.1171875
2025-05-14 01:47:00,103987.796875
2025-05-14 01:48:00,103998.21875
2025-05-14 01:49:00,103997.5078125
2025-05-14 01:50:00,103878.28125
2025-05-14 01:52:00,103834.8125
2025-05-14 01:54:00,103771.9375
2025-05-14 01:55:00,103745.9375
2025-05-14 01:57:00,103741.96875
2025-05-14 01:58:00,103767.5234375
2025-05-14 02:00:00,103737.7578125
2025-05-14 02:02:00,103738.09375
2025-05-14 02:03:00,103670.828125
2025-05-14 02:04:00,103665.5
2025-05-14 02:05:00,103661.59375
2025-05-14 02:07:00,103637.6171875
2025-05-14 02:08:00,103625.2109375
2025-05-14 02:09:00,103598.6796875
2025-05-14 02:10:00,103532.4921875
2025-05-14 02:12:00,103605.8125
2025-05-14 02:13:00,103679.40625
2025-05-14 02:15:00,103719.765625
2025-05-14 02:16:00,103709.2734375
2025-05-14 02:17:00,103726.78125
2025-05-14 02:18:00,103708.3359375
2025-05-14 02:19:00,103691.4140625
2025-05-14 02:21:00,103732.3828125
2025-05-14 02:23:00,103741.2421875
2025-05-14 02:25:00,103721.9296875
2025-05-14 02:26:00,103667.8671875
2025-05-14 02:27:00,103690.921875
2025-05-14 02:28:00,103637.7265625
2025-05-14 02:29:00,103636.2734375
2025-05-14 02:30:00,103593.328125
2025-05-14 02:32:00,103602.078125
2025-05-14 02:33:00,103621.984375
2025-05-14 02:34:00,103636.265625
2025-05-14 02:35:00,103655.7421875
2025-05-14 02:37:00,103670.265625
2025-05-14 02:38:00,103703.4296875
2025-05-14 02:39:00,103680.96875
2025-05-14 02:42:00,103693.375
2025-05-14 02:43:00,103701.6328125
2025-05-14 02:45:00,103718.0234375
2025-05-14 02:47:00,103713.5390625
2025-05-14 02:48:00,103669.0
2025-05-14 02:49:00,103665.4609375
2025-05-14 02:51:00,103641.9453125
2025-05-14 02:52:00,103651.203125
2025-05-14 02:53:00,103656.109375
2025-05-14 02:55:00,103628.0078125
2025-05-14 02:57:00,103637.1640625
2025-05-14 02:58:00,103682.359375
2025-05-14 02:59:00,103718.515625
2025-05-14 03:00:00,103692.1953125
2025-05-14 03:02:00,103726.2578125
2025-05-14 03:03:00,103716.65625
2025-05-14 03:04:00,103695.1015625
2025-05-14 03:05:00,103700.1328125
2025-05-14 03:07:00,103628.3125
2025-05-14 03:08:00,103548.65625
2025-05-14 03:09:00,103632.796875
2025-05-14 03:11:00,103671.078125
2025-05-14 03:12:00,103655.578125
2025-05-14 03:13:00,103692.140625
2025-05-14 03:15:00,103646.90625
2025-05-14 03:16:00,103621.75
2025-05-14 03:17:00,103637.421875
2025-05-14 03:19:00,103575.6640625
2025-05-14 03:21:00,103543.4609375
2025-05-14 03:22:00,103534.2890625
2025-05-14 03:23:00,103523.1640625
2025-05-14 03:24:00,103520.359375
2025-05-14 03:25:00,103512.5390625
2025-05-14 03:26:00,103528.71875
2025-05-14 03:28:00,103514.7421875
2025-05-14 03:29:00,103525.421875
2025-05-14 03:31:00,103526.09375
2025-05-14 03:33:00,103497.8671875
2025-05-14 03:34:00,103521.84375
2025-05-14 03:35:00,103469.7890625
2025-05-14 03:36:00,103475.390625
2025-05-14 03:38:00,103491.6875
2025-05-14 03:40:00,103493.09375
2025-05-14 03:42:00,103545.75
2025-05-14 03:43:00,103573.8046875
2025-05-14 03:45:00,103600.1015625
2025-05-14 03:46:00,103604.8828125
2025-05-14 03:47:00,103554.0078125
2025-05-14 03:48:00,103528.9453125
2025-05-14 03:50:00,103567.6484375
2025-05-14 03:51:00,103564.6875
2025-05-14 03:52:00,103539.828125
2025-05-14 03:53:00,103561.7578125
2025-05-14 03:54:00,103554.5546875
2025-05-14 03:55:00,103555.109375
2025-05-14 03:57:00,103547.3359375
2025-05-14 03:59:00,103570.0
2025-05-14 04:01:00,103535.578125
2025-05-14 04:03:00,103540.359375
2025-05-14 04:05:00,103495.578125
2025-05-14 04:06:00,103515.703125
2025-05-14 04:07:00,103504.75
2025-05-14 04:08:00,103488.484375
2025-05-14 04:09:00,103486.8203125
2025-05-14 04:10:00,103481.796875
2025-05-14 04:11:00,103485.890625
2025-05-14 04:12:00,103485.5234375
2025-05-14 04:14:00,103517.859375
2025-05-14 04:15:00,103538.5625
2025-05-14 04:16:00,103518.7890625
2025-05-14 04:17:00,103511.8359375
2025-05-14 04:19:00,103499.28125
2025-05-14 04:21:00,103542.375
2025-05-14 04:23:00,103553.2109375
2025-05-14 04:25:00,103641.15625
2025-05-14 04:26:00,103643.1953125
2025-05-14 04:27:00,103630.5078125
2025-05-14 04:28:00,103658.359375
2025-05-14 04:29:00,103663.734375
2025-05-14 04:31:00,103644.75
2025-05-14 04:32:00,103619.3671875
2025-05-14 04:33:00,103613.6015625
2025-05-14 04:34:00,103602.78125
2025-05-14 04:35:00,103619.9765625
2025-05-14 04:37:00,103763.1171875
2025-05-14 04:38:00,103790.2890625
2025-05-14 04:39:00,103761.4765625
2025-05-14 04:40:00,103769.203125
2025-05-14 04:42:00,103769.765625
2025-05-14 04:43:00,103790.7109375
2025-05-14 04:44:00,103799.140625
2025-05-14 04:45:00,103792.1171875
2025-05-14 04:46:00,103793.5546875
2025-05-14 04:47:00,103794.828125
2025-05-14 04:48:00,103806.5859375
2025-05-14 04:49:00,103791.234375
2025-05-14 04:51:00,103753.5703125
2025-05-14 04:52:00,103757.1796875
2025-05-14 04:53:00,103748.3515625
2025-05-14 04:54:00,103730.9765625
2025-05-14 04:56:00,103729.6796875
2025-05-14 04:57:00,103731.265625
2025-05-14 04:58:00,103745.2578125
2025-05-14 04:59:00,103717.421875
2025-05-14 05:00:00,103715.3984375
2025-05-14 05:02:00,103746.2734375
2025-05-14 05:03:00,103792.9453125
2025-05-14 05:04:00,103817.4765625
2025-05-14 05:05:00,103809.015625
2025-05-14 05:07:00,103841.359375
2025-05-14 05:09:00,103823.6328125
2025-05-14 05:10:00,103810.40625
2025-05-14 05:12:00,103754.1484375
2025-05-14 05:13:00,103738.84375
2025-05-14 05:14:00,103749.265625
2025-05-14 05:16:00,103763.109375
2025-05-14 05:17:00,103814.953125
2025-05-14 05:19:00,103803.640625
2025-05-14 05:20:00,103798.0390625
2025-05-14 05:22:00,103798.5390625
2025-05-14 05:23:00,103822.296875
2025-05-14 05:24:00,103815.7734375
2025-05-14 05:25:00,103813.7265625
2025-05-14 05:27:00,103757.5234375
2025-05-14 05:28:00,103738.1484375
2025-05-14 05:29:00,103748.171875
2025-05-14 05:31:00,103739.078125
2025-05-14 05:32:00,103736.7421875
2025-05-14 05:34:00,103708.7890625
2025-05-14 05:35:00,103722.6171875
2025-05-14 05:36:00,103767.765625
2025-05-14 05:37:00,103803.390625
2025-05-14 05:38:00,103805.8046875
2025-05-14 05:39:00,103782.6953125
2025-05-14 05:41:00,103825.4609375
2025-05-14 05:42:00,103827.140625
2025-05-14 05:43:00,103835.5078125
2025-05-14 05:45:00,103836.9296875
2025-05-14 05:46:00,103839.8203125
2025-05-14 05:48:00,103811.125
2025-05-14 05:49:00,103838.1953125
2025-05-14 05:51:00,103900.40625
2025-05-14 05:52:00,103941.9921875
2025-05-14 05:54:00,103953.2265625
2025-05-14 05:55:00,103943.640625
2025-05-14 05:56:00,103947.625
2025-05-14 05:57:00,103934.4375
2025-05-14 05:58:00,103884.4453125
2025-05-14 05:59:00,103857.3046875
2025-05-14 06:00:00,103876.1875
2025-05-14 06:02:00,103904.3828125
2025-05-14 06:03:00,103904.21875
2025-05-14 06:05:00,103906.3046875
2025-05-14 06:06:00,103896.8046875
2025-05-14 06:07:00,103903.1875
2025-05-14 06:09:00,103805.84375
2025-05-14 06:10:00,103832.5078125
2025-05-14 06:12:00,103827.59375
2025-05-14 06:13:00,103858.046875
2025-05-14 06:15:00,103852.7265625
2025-05-14 06:17:00,103836.921875
2025-05-14 06:19:00,103832.828125
2025-05-14 06:20:00,103814.5703125
2025-05-14 06:22:00,103748.4140625
2025-05-14 06:23:00,103775.703125
2025-05-14 06:24:00,103724.34375
2025-05-14 06:25:00,103728.9140625
2025-05-14 06:26:00,103739.296875
2025-05-14 06:27:00,103745.1171875
2025-05-14 06:28:00,103739.953125
2025-05-14 06:29:00,103765.8125
2025-05-14 06:32:00,103773.3125
2025-05-14 06:33:00,103719.171875
2025-05-14 06:36:00,103708.8828125
2025-05-14 06:37:00,103714.15625
2025-05-14 06:38:00,103714.5546875
2025-05-14 06:39:00,103687.0859375
2025-05-14 06:40:00,103704.703125
2025-05-14 06:42:00,103708.375
2025-05-14 06:43:00,103717.6953125
2025-05-14 06:44:00,103719.140625
2025-05-14 06:45:00,103711.234375
2025-05-14 06:46:00,103713.109375
2025-05-14 06:47:00,103717.6171875
2025-05-14 06:48:00,103690.0703125
2025-05-14 06:49:00,103676.3828125
2025-05-14 06:50:00,103743.125
2025-05-14 06:51:00,103748.4765625
2025-05-14 06:52:00,103752.28125
2025-05-14 06:53:00,103774.1875
2025-05-14 06:54:00,103767.6171875
2025-05-14 06:55:00,103759.1015625
2025-05-14 06:56:00,103764.171875
2025-05-14 06:57:00,103732.921875
2025-05-14 06:58:00,103740.765625
2025-05-14 06:59:00,103761.59375
2025-05-14 07:00:00,103749.5390625
2025-05-14 07:01:00,103750.6015625
2025-05-14 07:02:00,103694.6640625
2025-05-14 07:03:00,103686.125
2025-05-14 07:04:00,103663.3046875
2025-05-14 07:05:00,103675.9765625
2025-05-14 07:06:00,103666.015625
2025-05-14 07:07:00,103651.703125
2025-05-14 07:08:00,103665.6953125
2025-05-14 07:09:00,103666.1015625
2025-05-14 07:10:00,103690.9296875
2025-05-14 07:11:00,103687.0859375
2025-05-14 07:12:00,103679.4375
2025-05-14 07:13:00,103679.8828125
2025-05-14 07:14:00,103690.8046875
2025-05-14 07:15:00,103636.421875
2025-05-14 07:16:00,103610.125
2025-05-14 07:17:00,103563.875
2025-05-14 07:18:00,103557.5
2025-05-14 07:19:00,103588.9140625
2025-05-14 07:20:00,103597.6640625
2025-05-14 07:21:00,103576.5859375
2025-05-14 07:22:00,103575.6171875
2025-05-14 07:23:00,103573.03125
2025-05-14 07:24:00,103530.390625
2025-05-14 07:25:00,103485.8203125
2025-05-14 07:26:00,103420.921875
2025-05-14 07:27:00,103452.75
2025-05-14 07:28:00,103443.9609375
2025-05-14 07:29:00,103451.8984375
2025-05-14 07:30:00,103491.359375
2025-05-14 07:31:00,103517.953125
2025-05-14 07:32:00,103493.9453125
2025-05-14 07:34:00,103540.2265625
2025-05-14 07:35:00,103529.3515625
2025-05-14 07:36:00,103534.0
2025-05-14 07:37:00,103498.21875
2025-05-14 07:38:00,103523.203125
2025-05-14 07:39:00,103549.2734375
2025-05-14 07:40:00,103563.0859375
2025-05-14 07:41:00,103586.546875
2025-05-14 07:42:00,103583.6796875
2025-05-14 07:43:00,103564.546875
2025-05-14 07:44:00,103606.515625
2025-05-14 07:45:00,103626.9765625
2025-05-14 07:46:00,103628.984375
2025-05-14 07:47:00,103647.9765625
2025-05-14 07:48:00,103655.2578125
2025-05-14 07:49:00,103657.7890625
2025-05-14 07:50:00,103670.9921875
2025-05-14 07:51:00,103662.59375
2025-05-14 07:52:00,103668.8125
2025-05-14 07:53:00,103681.9921875
2025-05-14 07:54:00,103684.1171875
2025-05-14 07:56:00,103723.3203125
2025-05-14 07:57:00,103742.453125
2025-05-14 07:58:00,103774.671875
2025-05-14 07:59:00,103775.3671875
2025-05-14 08:00:00,103706.40625
2025-05-14 08:02:00,103764.53125
2025-05-14 08:04:00,103654.609375
2025-05-14 08:05:00,103683.0234375
2025-05-14 08:06:00,103786.4609375
2025-05-14 08:07:00,103814.0625
2025-05-14 08:08:00,103744.8046875
2025-05-14 08:09:00,103595.171875
2025-05-14 08:10:00,103586.4453125
2025-05-14 08:12:00,103530.234375
2025-05-14 08:13:00,103550.5390625
2025-05-14 08:14:00,103554.2109375
2025-05-14 08:16:00,103558.7578125
2025-05-14 08:17:00,103570.3984375
2025-05-14 08:18:00,103606.1015625
2025-05-14 08:19:00,103619.6875
2025-05-14 08:20:00,103625.734375
2025-05-14 08:22:00,103704.5
2025-05-14 08:23:00,103680.046875
2025-05-14 08:24:00,103689.640625
2025-05-14 08:25:00,103665.34375
2025-05-14 08:26:00,103661.46875
2025-05-14 08:27:00,103653.90625
2025-05-14 08:28:00,103641.375
2025-05-14 08:29:00,103640.1328125
2025-05-14 08:30:00,103640.7578125
2025-05-14 08:31:00,103629.8125
2025-05-14 08:32:00,103633.453125
2025-05-14 08:33:00,103577.2421875
2025-05-14 08:34:00,103540.328125
2025-05-14 08:35:00,103522.3203125
2025-05-14 08:36:00,103513.0234375
2025-05-14 08:37:00,103531.2578125
2025-05-14 08:38:00,103562.5078125
2025-05-14 08:39:00,103628.9453125
2025-05-14 08:40:00,103634.7578125
2025-05-14 08:42:00,103652.015625
2025-05-14 08:43:00,103698.6015625
2025-05-14 08:44:00,103720.9296875
2025-05-14 08:45:00,103702.7109375
2025-05-14 08:47:00,103639.2734375
2025-05-14 08:48:00,103685.9140625
2025-05-14 08:49:00,103667.140625
2025-05-14 08:50:00,103637.3359375
2025-05-14 08:51:00,103590.9375
2025-05-14 08:52:00,103571.1796875
2025-05-14 08:53:00,103568.1015625
2025-05-14 08:54:00,103490.171875
2025-05-14 08:55:00,103500.265625
2025-05-14 08:56:00,103523.171875
2025-05-14 08:57:00,103506.5
2025-05-14 08:58:00,103560.59375
2025-05-14 08:59:00,103482.8125
2025-05-14 09:01:00,103240.2890625
2025-05-14 09:02:00,103213.5390625
2025-05-14 09:04:00,103150.6796875
2025-05-14 09:05:00,103010.6796875
2025-05-14 09:06:00,102979.3984375
2025-05-14 09:07:00,103013.046875
2025-05-14 09:08:00,102973.1796875
2025-05-14 09:09:00,102937.3984375
2025-05-14 09:10:00,102987.1640625
2025-05-14 09:11:00,103055.359375
2025-05-14 09:12:00,103033.2421875
2025-05-14 09:13:00,103094.140625
2025-05-14 09:14:00,103126.578125
2025-05-14 09:15:00,103119.90625
2025-05-14 09:16:00,103150.328125
2025-05-14 09:17:00,103155.9765625
2025-05-14 09:18:00,103161.453125
2025-05-14 09:19:00,103169.140625
2025-05-14 09:20:00,103158.4921875
2025-05-14 09:21:00,103180.34375
2025-05-14 09:22:00,103185.875
2025-05-14 09:23:00,103190.375
2025-05-14 09:24:00,103211.7734375
2025-05-14 09:25:00,103233.6796875
2025-05-14 09:26:00,103261.4765625
2025-05-14 09:27:00,103291.0390625
2025-05-14 09:28:00,103292.0234375
2025-05-14 09:29:00,103290.75
2025-05-14 09:30:00,103327.640625
2025-05-14 09:31:00,103302.421875
2025-05-14 09:32:00,103271.2109375
2025-05-14 09:33:00,103259.6796875
2025-05-14 09:34:00,103306.140625
2025-05-14 09:35:00,103303.0625
2025-05-14 09:36:00,103289.03125
2025-05-14 09:37:00,103246.5390625
2025-05-14 09:38:00,103220.2109375
2025-05-14 09:39:00,103224.5859375
2025-05-14 09:40:00,103177.2578125
2025-05-14 09:41:00,103204.375
2025-05-14 09:42:00,103210.53125
2025-05-14 09:43:00,103251.5546875
2025-05-14 09:44:00,103212.484375
2025-05-14 09:45:00,103221.109375
2025-05-14 09:46:00,103292.7265625
2025-05-14 09:47:00,103357.53125
2025-05-14 09:48:00,103357.2578125
2025-05-14 09:49:00,103330.734375
2025-05-14 09:50:00,103328.8671875
2025-05-14 09:51:00,103285.078125
2025-05-14 09:52:00,103337.9765625
2025-05-14 09:53:00,103358.3671875
2025-05-14 09:54:00,103347.90625
2025-05-14 09:55:00,103349.734375
2025-05-14 09:56:00,103380.046875
2025-05-14 09:57:00,103389.0546875
2025-05-14 09:58:00,103417.5078125
2025-05-14 09:59:00,103488.515625
2025-05-14 10:01:00,103479.46875
2025-05-14 10:03:00,103463.0703125
2025-05-14 10:05:00,103511.296875
2025-05-14 10:06:00,103543.3515625
2025-05-14 10:07:00,103585.2109375
2025-05-14 10:08:00,103600.078125
2025-05-14 10:09:00,103595.3671875
2025-05-14 10:10:00,103596.4609375
2025-05-14 10:11:00,103587.1796875
2025-05-14 10:12:00,103577.4375
2025-05-14 10:13:00,103584.671875
2025-05-14 10:14:00,103594.2421875
2025-05-14 10:16:00,103652.625
2025-05-14 10:17:00,103703.296875
2025-05-14 10:18:00,103750.3046875
2025-05-14 10:19:00,103677.453125
2025-05-14 10:20:00,103612.40625
2025-05-14 10:21:00,103586.875
2025-05-14 10:23:00,103691.78125
2025-05-14 10:24:00,103727.609375
2025-05-14 10:25:00,103746.4296875
2025-05-14 10:26:00,103795.8359375
2025-05-14 10:27:00,103811.9453125
2025-05-14 10:29:00,103895.9765625
2025-05-14 10:30:00,103849.234375
2025-05-14 10:31:00,103840.4921875
2025-05-14 10:32:00,103855.84375
2025-05-14 10:34:00,103813.0234375
2025-05-14 10:35:00,103826.5
2025-05-14 10:36:00,103824.140625
2025-05-14 10:37:00,103827.3515625
2025-05-14 10:38:00,103800.296875
2025-05-14 10:40:00,103789.0546875
2025-05-14 10:42:00,103811.1328125
2025-05-14 10:44:00,103826.3046875
2025-05-14 10:46:00,103758.984375
2025-05-14 10:47:00,103792.9375
2025-05-14 10:49:00,103769.703125
2025-05-14 10:50:00,103764.734375
2025-05-14 10:52:00,103738.4296875
2025-05-14 10:53:00,103652.96875
2025-05-14 10:54:00,103659.0078125
2025-05-14 10:55:00,103691.0859375
2025-05-14 10:56:00,103701.03125
2025-05-14 10:58:00,103727.3828125
2025-05-14 10:59:00,103752.28125
2025-05-14 11:00:00,103705.0078125
2025-05-14 11:02:00,103858.765625
2025-05-14 11:04:00,103904.9453125
2025-05-14 11:05:00,103902.6015625
2025-05-14 11:06:00,103895.9296875
2025-05-14 11:07:00,103910.4609375
2025-05-14 11:08:00,103913.3359375
2025-05-14 11:09:00,103905.671875
2025-05-14 11:12:00,103873.96875
2025-05-14 11:13:00,103897.265625
2025-05-14 11:14:00,103910.0078125
2025-05-14 11:16:00,103919.546875
2025-05-14 11:17:00,103914.390625
2025-05-14 11:18:00,103882.6171875
2025-05-14 11:19:00,103874.671875
2025-05-14 11:20:00,103878.1640625
2025-05-14 11:22:00,103872.7734375
2025-05-14 11:23:00,103910.2421875
2025-05-14 11:24:00,103938.265625
2025-05-14 11:25:00,103951.1953125
2025-05-14 11:26:00,103959.25
2025-05-14 11:28:00,103943.4140625
2025-05-14 11:29:00,103920.0234375
2025-05-14 11:30:00,103911.75
2025-05-14 11:31:00,103951.515625
2025-05-14 11:32:00,103935.3671875
2025-05-14 11:34:00,103922.1171875
2025-05-14 11:35:00,103922.421875
2025-05-14 11:36:00,103950.4140625
2025-05-14 11:37:00,103943.2265625
2025-05-14 11:38:00,103933.3046875
2025-05-14 11:40:00,104067.265625
2025-05-14 11:42:00,104075.6328125
2025-05-14 11:43:00,104060.5078125
2025-05-14 11:44:00,104041.84375
2025-05-14 11:46:00,104062.0234375
2025-05-14 11:48:00,104017.609375
2025-05-14 11:49:00,104030.1796875
2025-05-14 11:50:00,104012.8671875
2025-05-14 11:52:00,104015.625
2025-05-14 11:53:00,104018.828125
2025-05-14 11:54:00,103994.453125
2025-05-14 11:55:00,103974.015625
2025-05-14 11:56:00,103907.421875
2025-05-14 11:57:00,103905.09375
2025-05-14 11:58:00,103911.9921875
2025-05-14 11:59:00,103917.234375
2025-05-14 12:00:00,103943.3671875
2025-05-14 12:02:00,103965.3046875
2025-05-14 12:04:00,103917.453125
2025-05-14 12:05:00,103916.7265625
2025-05-14 12:06:00,104007.0625
2025-05-14 12:07:00,104014.03125
2025-05-14 12:08:00,104040.15625
2025-05-14 12:10:00,104019.046875
2025-05-14 12:11:00,104034.9609375
2025-05-14 12:13:00,104072.3125
2025-05-14 12:14:00,104078.8203125
2025-05-14 12:16:00,104093.4140625
2025-05-14 12:17:00,104124.15625
2025-05-14 12:18:00,104147.609375
2025-05-14 12:19:00,104089.40625
2025-05-14 12:20:00,104093.1015625
2025-05-14 12:22:00,104082.5859375
2025-05-14 12:23:00,104106.078125
2025-05-14 12:24:00,104126.5
2025-05-14 12:25:00,104113.8359375
2025-05-14 12:26:00,104072.3515625
2025-05-14 12:28:00,104048.0859375
2025-05-14 12:29:00,104069.09375
2025-05-14 12:30:00,104032.4765625
2025-05-14 12:32:00,104032.390625
2025-05-14 12:34:00,104063.3984375
2025-05-14 12:35:00,104036.3984375
2025-05-14 12:36:00,103998.65625
2025-05-14 12:37:00,104012.0546875
2025-05-14 12:38:00,104006.0625
2025-05-14 12:40:00,103984.3671875
2025-05-14 12:42:00,104036.3671875
2025-05-14 12:43:00,104065.1328125
2025-05-14 12:44:00,104161.296875
2025-05-14 12:45:00,104174.6796875
2025-05-14 12:46:00,104183.2109375
2025-05-14 12:47:00,104164.8828125
2025-05-14 12:48:00,104154.78125
2025-05-14 12:49:00,104145.8359375
2025-05-14 12:50:00,104122.796875
2025-05-14 12:52:00,104116.7109375
2025-05-14 12:53:00,104121.4296875
2025-05-14 12:54:00,104117.828125
2025-05-14 12:56:00,104029.4609375
2025-05-14 12:58:00,103978.3828125
2025-05-14 12:59:00,104011.2109375
2025-05-14 13:00:00,104004.6328125
2025-05-14 13:02:00,103903.8359375
2025-05-14 13:04:00,103910.125
2025-05-14 13:05:00,103925.8125
2025-05-14 13:06:00,103887.2734375
2025-05-14 13:08:00,103844.890625
2025-05-14 13:10:00,103899.6484375
2025-05-14 13:11:00,103967.21875
2025-05-14 13:12:00,104003.8515625
2025-05-14 13:14:00,104028.921875
2025-05-14 13:16:00,104053.171875
2025-05-14 13:17:00,103961.40625
2025-05-14 13:18:00,104035.1484375
2025-05-14 13:19:00,104041.890625
2025-05-14 13:20:00,104020.8671875
2025-05-14 13:22:00,104000.0390625
2025-05-14 13:23:00,104049.46875
2025-05-14 13:24:00,104039.0703125
2025-05-14 13:26:00,104066.8125
2025-05-14 13:28:00,104013.1875
2025-05-14 13:29:00,104020.7109375
2025-05-14 13:30:00,104064.0078125
2025-05-14 13:31:00,104117.125
2025-05-14 13:32:00,104101.515625
2025-05-14 13:34:00,104225.6640625
2025-05-14 13:35:00,104269.484375
2025-05-14 13:36:00,104251.8125
2025-05-14 13:38:00,104091.15625
2025-05-14 13:39:00,103993.1328125
2025-05-14 13:41:00,104129.6875
2025-05-14 13:42:00,104120.21875
2025-05-14 13:44:00,104050.53125
2025-05-14 13:46:00,103729.25
2025-05-14 13:47:00,103712.5234375
2025-05-14 13:48:00,103660.7265625
2025-05-14 13:49:00,103608.3203125
2025-05-14 13:52:00,103732.5703125
2025-05-14 13:53:00,103829.4140625
2025-05-14 13:55:00,103807.9453125
2025-05-14 13:56:00,103836.2890625
2025-05-14 13:57:00,103812.6953125
2025-05-14 13:58:00,103888.140625
2025-05-14 13:59:00,103871.546875
2025-05-14 14:00:00,103943.6875
2025-05-14 14:02:00,103895.7734375
2025-05-14 14:04:00,103828.3046875
2025-05-14 14:05:00,103874.9140625
2025-05-14 14:06:00,103801.4609375
2025-05-14 14:07:00,103700.1015625
2025-05-14 14:08:00,103653.1015625
2025-05-14 14:09:00,103673.6015625
2025-05-14 14:11:00,103587.8125
2025-05-14 14:12:00,103495.9453125
2025-05-14 14:14:00,103492.3203125
2025-05-14 14:15:00,103459.4140625
2025-05-14 14:16:00,103344.59375
2025-05-14 14:17:00,103349.7421875
2025-05-14 14:18:00,103357.640625
2025-05-14 14:19:00,103339.3046875
2025-05-14 14:21:00,103253.1171875
2025-05-14 14:22:00,103232.2890625
2025-05-14 14:24:00,103341.2109375
2025-05-14 14:25:00,103175.90625
2025-05-14 14:26:00,103255.4140625
2025-05-14 14:28:00,103247.65625
2025-05-14 14:29:00,103228.640625
2025-05-14 14:31:00,103146.90625
2025-05-14 14:32:00,103020.640625
2025-05-14 14:34:00,103018.25
2025-05-14 14:35:00,102975.9453125
2025-05-14 14:36:00,103094.0625
2025-05-14 14:37:00,103150.3203125
2025-05-14 14:38:00,103198.671875
2025-05-14 14:39:00,103203.015625
2025-05-14 14:42:00,103305.2734375
2025-05-14 14:44:00,103326.1171875
2025-05-14 14:45:00,103284.4765625
2025-05-14 14:46:00,103284.421875
2025-05-14 14:48:00,103246.9453125
2025-05-14 14:49:00,103253.4453125
2025-05-14 14:50:00,103290.484375
2025-05-14 14:52:00,103391.1171875
2025-05-14 14:53:00,103434.953125
2025-05-14 14:54:00,103464.828125
2025-05-14 14:55:00,103420.875
2025-05-14 14:56:00,103384.8984375
2025-05-14 14:57:00,103270.75
2025-05-14 14:58:00,103267.140625
2025-05-14 14:59:00,103276.1484375
2025-05-14 15:00:00,103273.3515625
2025-05-14 15:02:00,103226.6328125
2025-05-14 15:04:00,103090.359375
2025-05-14 15:06:00,102890.1953125
2025-05-14 15:07:00,102917.4765625
2025-05-14 15:08:00,103030.3203125
2025-05-14 15:09:00,103039.796875
2025-05-14 15:11:00,103131.390625
2025-05-14 15:12:00,103176.8828125
2025-05-14 15:13:00,103230.21875
2025-05-14 15:14:00,103239.328125
2025-05-14 15:16:00,103287.6171875
2025-05-14 15:17:00,103370.3828125
2025-05-14 15:18:00,103329.046875
2025-05-14 15:19:00,103297.78125
2025-05-14 15:21:00,103149.828125
2025-05-14 15:22:00,103177.9609375
2025-05-14 15:23:00,103160.3046875
2025-05-14 15:24:00,103232.4375
2025-05-14 15:25:00,103238.421875
2025-05-14 15:26:00,103250.75
2025-05-14 15:28:00,103383.2734375
2025-05-14 15:29:00,103433.34375
2025-05-14 15:30:00,103433.125
2025-05-14 15:31:00,103405.875
2025-05-14 15:32:00,103357.125
2025-05-14 15:34:00,103388.21875
2025-05-14 15:35:00,103467.4375
2025-05-14 15:36:00,103429.9921875
2025-05-14 15:38:00,103409.7734375
2025-05-14 15:39:00,103422.3203125
2025-05-14 15:40:00,103478.6015625
2025-05-14 15:42:00,103450.53125
2025-05-14 15:43:00,103501.609375
2025-05-14 15:44:00,103457.8671875
2025-05-14 15:45:00,103422.90625
2025-05-14 15:46:00,103413.1171875
2025-05-14 15:48:00,103332.125
2025-05-14 15:49:00,103303.7578125
2025-05-14 15:51:00,103266.1015625
2025-05-14 15:52:00,103275.6796875
2025-05-14 15:53:00,103301.5
2025-05-14 15:54:00,103335.375
2025-05-14 15:55:00,103342.5546875
2025-05-14 15:56:00,103366.3203125
2025-05-14 15:58:00,103489.5859375
2025-05-14 15:59:00,103488.6953125
2025-05-14 16:00:00,103500.7578125
2025-05-14 16:02:00,103492.1640625
2025-05-14 16:03:00,103496.140625
2025-05-14 16:04:00,103524.0390625
2025-05-14 16:05:00,103495.140625
2025-05-14 16:06:00,103544.296875
2025-05-14 16:07:00,103515.8125
2025-05-14 16:08:00,103471.46875
2025-05-14 16:09:00,103449.8671875
2025-05-14 16:12:00,103582.9375
2025-05-14 16:13:00,103601.2734375
2025-05-14 16:14:00,103589.875
2025-05-14 16:15:00,103611.2578125
2025-05-14 16:16:00,103595.1328125
2025-05-14 16:17:00,103535.0390625
2025-05-14 16:18:00,103466.5625
2025-05-14 16:19:00,103459.65625
2025-05-14 16:20:00,103375.3046875
2025-05-14 16:21:00,103356.15625
2025-05-14 16:22:00,103343.40625
2025-05-14 16:23:00,103342.078125
2025-05-14 16:24:00,103354.7890625
2025-05-14 16:25:00,103412.5078125
2025-05-14 16:26:00,103509.5
2025-05-14 16:27:00,103501.96875
2025-05-14 16:28:00,103456.234375
2025-05-14 16:29:00,103447.8671875
2025-05-14 16:30:00,103466.9375
2025-05-14 16:32:00,103482.796875
2025-05-14 16:33:00,103514.90625
2025-05-14 16:34:00,103591.796875
2025-05-14 16:36:00,103570.390625
2025-05-14 16:38:00,103500.2890625
2025-05-14 16:39:00,103498.375
2025-05-14 16:40:00,103495.4453125
2025-05-14 16:41:00,103467.078125
2025-05-14 16:42:00,103421.8671875
2025-05-14 16:43:00,103499.1640625
2025-05-14 16:44:00,103421.21875
2025-05-14 16:45:00,103396.53125
2025-05-14 16:46:00,103431.7734375
2025-05-14 16:47:00,103421.3125
2025-05-14 16:48:00,103312.8125
2025-05-14 16:49:00,103364.7265625
2025-05-14 16:51:00,103234.9921875
2025-05-14 16:52:00,103242.2265625
2025-05-14 16:53:00,103252.2421875
2025-05-14 16:54:00,103264.2109375
2025-05-14 16:55:00,103301.5859375
2025-05-14 16:57:00,103367.578125
2025-05-14 16:58:00,103366.015625
2025-05-14 16:59:00,103384.6171875
2025-05-14 17:01:00,103379.90625
2025-05-14 17:02:00,103399.0625
2025-05-14 17:03:00,103401.3203125
2025-05-14 17:05:00,103397.2421875
2025-05-14 17:06:00,103294.8828125
2025-05-14 17:07:00,103327.7890625
2025-05-14 17:08:00,103324.328125
2025-05-14 17:09:00,103274.546875
2025-05-14 17:10:00,103217.3203125
2025-05-14 17:11:00,103173.6953125
2025-05-14 17:12:00,103175.0703125
2025-05-14 17:13:00,103114.2265625
2025-05-14 17:14:00,103138.0546875
2025-05-14 17:16:00,103141.9375
2025-05-14 17:17:00,103023.7265625
2025-05-14 17:18:00,103026.921875
2025-05-14 17:19:00,103019.453125
2025-05-14 17:20:00,103003.9921875
2025-05-14 17:21:00,102993.7890625
2025-05-14 17:22:00,102926.1640625
2025-05-14 17:23:00,102864.9765625
2025-05-14 17:24:00,102830.640625
2025-05-14 17:26:00,102632.3515625
2025-05-14 17:27:00,102662.9375
2025-05-14 17:28:00,102827.234375
2025-05-14 17:29:00,102867.8828125
2025-05-14 17:30:00,102888.8515625
2025-05-14 17:32:00,102921.3359375
2025-05-14 17:33:00,102919.2734375
2025-05-14 17:34:00,102931.9609375
2025-05-14 17:35:00,102918.015625
2025-05-14 17:36:00,102941.5546875
2025-05-14 17:37:00,102951.7734375
2025-05-14 17:38:00,102946.03125
2025-05-14 17:39:00,102982.890625
2025-05-14 17:40:00,103007.1953125
2025-05-14 17:42:00,103058.296875
2025-05-14 17:44:00,103133.265625
2025-05-14 17:45:00,103116.8359375
2025-05-14 17:47:00,103146.3671875
2025-05-14 17:48:00,103113.7421875
2025-05-14 17:49:00,103090.15625
2025-05-14 17:51:00,103226.8828125
2025-05-14 17:52:00,103206.0625
2025-05-14 17:54:00,103200.4140625
2025-05-14 17:55:00,103191.1171875
2025-05-14 17:56:00,103222.40625
2025-05-14 17:57:00,103220.03125
2025-05-14 17:58:00,103237.2421875
2025-05-14 17:59:00,103248.8828125
2025-05-14 18:01:00,103237.484375
2025-05-14 18:02:00,103186.6015625
2025-05-14 18:03:00,103180.9765625
2025-05-14 18:05:00,103213.0390625
2025-05-14 18:06:00,103279.4375
2025-05-14 18:07:00,103275.1484375
2025-05-14 18:08:00,103279.96875
2025-05-14 18:10:00,103217.2421875
2025-05-14 18:12:00,103135.9140625
2025-05-14 18:13:00,103148.984375
2025-05-14 18:14:00,103133.0546875
2025-05-14 18:16:00,103087.6640625
2025-05-14 18:17:00,103072.8203125
2025-05-14 18:19:00,103089.84375
2025-05-14 18:20:00,103276.640625
2025-05-14 18:21:00,103372.328125
2025-05-14 18:22:00,103379.734375
2025-05-14 18:23:00,103364.515625
2025-05-14 18:24:00,103332.0078125
2025-05-14 18:25:00,103325.4375
2025-05-14 18:26:00,103312.8203125
2025-05-14 18:27:00,103329.3828125
2025-05-14 18:29:00,103287.3828125
2025-05-14 18:30:00,103274.203125
2025-05-14 18:31:00,103271.3046875
2025-05-14 18:32:00,103309.4921875
2025-05-14 18:33:00,103287.765625
2025-05-14 18:34:00,103324.9140625
2025-05-14 18:35:00,103436.125
2025-05-14 18:36:00,103401.953125
2025-05-14 18:37:00,103365.3984375
2025-05-14 18:38:00,103321.9453125
2025-05-14 18:39:00,103237.578125
2025-05-14 18:40:00,103240.359375
2025-05-14 18:42:00,103298.8515625
2025-05-14 18:43:00,103297.859375
2025-05-14 18:44:00,103311.7734375
2025-05-14 18:45:00,103309.0625
2025-05-14 18:46:00,103287.515625
2025-05-14 18:47:00,103290.1328125
2025-05-14 18:48:00,103358.015625
2025-05-14 18:49:00,103376.9453125
2025-05-14 18:50:00,103372.7734375
2025-05-14 18:51:00,103360.984375
2025-05-14 18:52:00,103365.828125
2025-05-14 18:53:00,103380.015625
2025-05-14 18:54:00,103411.9375
2025-05-14 18:55:00,103407.328125
2025-05-14 18:56:00,103397.703125
2025-05-14 18:57:00,103405.0
2025-05-14 18:58:00,103390.140625
2025-05-14 18:59:00,103406.953125
2025-05-14 19:01:00,103497.7890625
2025-05-14 19:02:00,103474.859375
2025-05-14 19:04:00,103466.3828125
2025-05-14 19:05:00,103479.515625
2025-05-14 19:06:00,103490.109375
2025-05-14 19:07:00,103534.4140625
2025-05-14 19:08:00,103562.8515625
2025-05-14 19:09:00,103533.8984375
2025-05-14 19:11:00,103551.2265625
2025-05-14 19:12:00,103566.5546875
2025-05-14 19:13:00,103559.109375
2025-05-14 19:14:00,103565.515625
2025-05-14 19:16:00,103560.625
2025-05-14 19:17:00,103564.703125
2025-05-14 19:18:00,103682.296875
2025-05-14 19:19:00,103667.0546875
2025-05-14 19:21:00,103723.375
2025-05-14 19:22:00,103637.0625
2025-05-14 19:23:00,103585.0546875
2025-05-14 19:24:00,103612.484375
2025-05-14 19:25:00,103613.6015625
2025-05-14 19:26:00,103622.265625
2025-05-14 19:28:00,103606.2421875
2025-05-14 19:29:00,103569.125
2025-05-14 19:30:00,103547.75
2025-05-14 19:31:00,103522.5546875
2025-05-14 19:32:00,103548.6796875
2025-05-14 19:33:00,103524.484375
2025-05-14 19:34:00,103493.234375
2025-05-14 19:35:00,103496.3359375
2025-05-14 19:36:00,103497.2421875
2025-05-14 19:37:00,103509.328125
2025-05-14 19:38:00,103506.5703125
2025-05-14 19:39:00,103474.703125
2025-05-14 19:40:00,103463.59375
2025-05-14 19:42:00,103483.828125
2025-05-14 19:43:00,103512.296875
2025-05-14 19:44:00,103484.359375
2025-05-14 19:45:00,103490.046875
2025-05-14 19:46:00,103471.1328125
2025-05-14 19:47:00,103438.453125
2025-05-14 19:48:00,103444.515625
2025-05-14 19:49:00,103440.5078125
2025-05-14 19:50:00,103441.75
2025-05-14 19:52:00,103420.5234375
2025-05-14 19:53:00,103405.609375
2025-05-14 19:54:00,103406.2109375
2025-05-14 19:55:00,103393.6328125
2025-05-14 19:56:00,103364.0859375
2025-05-14 19:57:00,103340.1328125
2025-05-14 19:58:00,103334.40625
2025-05-14 19:59:00,103299.3046875
2025-05-14 20:01:00,103350.4609375
2025-05-14 20:02:00,103395.953125
2025-05-14 20:03:00,103465.4921875
2025-05-14 20:04:00,103467.6328125
2025-05-14 20:06:00,103432.3359375
2025-05-14 20:07:00,103463.328125
2025-05-14 20:08:00,103421.6171875
2025-05-14 20:09:00,103371.2578125
2025-05-14 20:10:00,103359.859375
2025-05-14 20:12:00,103341.1328125
2025-05-14 20:14:00,103329.71875
2025-05-14 20:16:00,103333.8671875
2025-05-14 20:17:00,103370.75
2025-05-14 20:18:00,103368.3125
2025-05-14 20:19:00,103391.8203125
2025-05-14 20:20:00,103404.8046875
2025-05-14 20:21:00,103417.8984375
2025-05-14 20:22:00,103437.6328125
2025-05-14 20:23:00,103448.359375
2025-05-14 20:24:00,103418.7734375
2025-05-14 20:25:00,103402.2421875
2025-05-14 20:26:00,103408.234375
2025-05-14 20:28:00,103418.46875
2025-05-14 20:29:00,103420.53125
2025-05-14 20:30:00,103431.3203125
2025-05-14 20:32:00,103441.5078125
2025-05-14 20:33:00,103419.890625
2025-05-14 20:34:00,103434.0703125
2025-05-14 20:35:00,103426.25
2025-05-14 20:37:00,103439.8203125
2025-05-14 20:38:00,103435.015625
2025-05-14 20:39:00,103452.5234375
2025-05-14 20:40:00,103454.0546875
2025-05-14 20:42:00,103462.9296875
2025-05-14 20:43:00,103498.234375
2025-05-14 20:44:00,103486.25
2025-05-14 20:45:00,103506.953125
2025-05-14 20:46:00,103503.2109375
2025-05-14 20:47:00,103482.90625
2025-05-14 20:48:00,103517.09375
2025-05-14 20:49:00,103525.3359375
2025-05-14 20:51:00,103583.9375
2025-05-14 20:52:00,103570.0
2025-05-14 20:53:00,103584.890625
2025-05-14 20:55:00,103643.8203125
2025-05-14 20:56:00,103653.6484375
2025-05-14 20:57:00,103656.6953125
2025-05-14 20:58:00,103593.3046875
2025-05-14 20:59:00,103564.7265625
2025-05-14 21:00:00,103563.5234375
2025-05-14 21:02:00,103568.828125
2025-05-14 21:04:00,103517.5390625
2025-05-14 21:05:00,103515.390625
2025-05-14 21:07:00,103531.1796875
2025-05-14 21:08:00,103535.9375
2025-05-14 21:11:00,103521.15625
2025-05-14 21:13:00,103560.375
2025-05-14 21:14:00,103550.296875
2025-05-14 21:15:00,103486.75
2025-05-14 21:17:00,103529.859375
2025-05-14 21:18:00,103539.90625
2025-05-14 21:19:00,103528.0234375
2025-05-14 21:20:00,103532.34375
2025-05-14 21:21:00,103544.71875
2025-05-14 21:23:00,103536.640625
2025-05-14 21:24:00,103537.96875
2025-05-14 21:25:00,103552.5703125
2025-05-14 21:26:00,103520.40625
2025-05-14 21:28:00,103536.8046875
2025-05-14 21:29:00,103541.21875
2025-05-14 21:30:00,103535.40625
2025-05-14 21:32:00,103536.8515625
2025-05-14 21:33:00,103550.609375
2025-05-14 21:34:00,103550.328125
2025-05-14 21:35:00,103539.296875
2025-05-14 21:36:00,103521.328125
2025-05-14 21:37:00,103513.8125
2025-05-14 21:38:00,103515.46875
2025-05-14 21:40:00,103546.921875
2025-05-14 21:42:00,103549.5
2025-05-14 21:43:00,103564.671875
2025-05-14 21:44:00,103578.234375
2025-05-14 21:45:00,103561.109375
2025-05-14 21:46:00,103572.7265625
2025-05-14 21:47:00,103553.5703125
2025-05-14 21:48:00,103563.078125
2025-05-14 21:49:00,103574.5625
2025-05-14 21:50:00,103601.796875
2025-05-14 21:52:00,103628.8046875
2025-05-14 21:53:00,103641.7265625
2025-05-14 21:54:00,103653.3984375
2025-05-14 21:55:00,103650.3125
2025-05-14 21:56:00,103655.9375
2025-05-14 21:57:00,103660.71875
2025-05-14 21:58:00,103616.2578125
2025-05-14 21:59:00,103629.21875
2025-05-14 22:01:00,103614.0
2025-05-14 22:02:00,103583.734375
2025-05-14 22:04:00,103574.703125
2025-05-14 22:05:00,103565.828125
2025-05-14 22:06:00,103538.0859375
2025-05-14 22:07:00,103530.40625
2025-05-14 22:08:00,103549.3671875
2025-05-14 22:09:00,103546.796875
2025-05-14 22:10:00,103547.75
2025-05-14 22:12:00,103520.453125
2025-05-14 22:13:00,103515.859375
2025-05-14 22:14:00,103497.6796875
2025-05-14 22:16:00,103501.859375
2025-05-14 22:18:00,103487.8515625
2025-05-14 22:19:00,103489.484375
2025-05-14 22:20:00,103510.3984375
2025-05-14 22:22:00,103529.3125
2025-05-14 22:23:00,103529.828125
2025-05-14 22:25:00,103497.0546875
2025-05-14 22:28:00,103508.6015625
2025-05-14 22:29:00,103508.90625
2025-05-14 22:30:00,103543.9453125
2025-05-14 22:31:00,103501.484375
2025-05-14 22:32:00,103500.2578125
2025-05-14 22:33:00,103504.109375
2025-05-14 22:34:00,103511.484375
2025-05-14 22:35:00,103502.7421875
2025-05-14 22:36:00,103481.9921875
2025-05-14 22:37:00,103470.59375
2025-05-14 22:38:00,103470.3125
2025-05-14 22:39:00,103479.6484375
2025-05-14 22:40:00,103480.390625
2025-05-14 22:42:00,103485.046875
2025-05-14 22:43:00,103491.7265625
2025-05-14 22:44:00,103494.2890625
2025-05-14 22:45:00,103481.7578125
2025-05-14 22:46:00,103467.0859375
2025-05-14 22:47:00,103473.5546875
2025-05-14 22:48:00,103467.2421875
2025-05-14 22:49:00,103467.671875
2025-05-14 22:50:00,103472.03125
2025-05-14 22:52:00,103495.8671875
2025-05-14 22:53:00,103523.21875
2025-05-14 22:54:00,103501.4375
2025-05-14 22:56:00,103499.171875
2025-05-14 22:57:00,103503.65625
2025-05-14 22:58:00,103512.234375
2025-05-14 22:59:00,103511.5078125
2025-05-14 23:01:00,103494.9921875
2025-05-14 23:02:00,103484.0
2025-05-14 23:03:00,103479.25
2025-05-14 23:04:00,103487.671875
2025-05-14 23:05:00,103482.984375
2025-05-14 23:06:00,103475.4921875
2025-05-14 23:07:00,103472.7265625
2025-05-14 23:08:00,103486.3515625
2025-05-14 23:09:00,103498.4375
2025-05-14 23:10:00,103496.96875
2025-05-14 23:11:00,103495.171875
2025-05-14 23:12:00,103489.921875
2025-05-14 23:14:00,103454.859375
2025-05-14 23:16:00,103510.5546875
2025-05-14 23:17:00,103474.6484375
2025-05-14 23:18:00,103448.9609375
2025-05-14 23:19:00,103479.5546875
2025-05-14 23:20:00,103531.1015625
2025-05-14 23:22:00,103482.140625
2025-05-14 23:23:00,103457.25
2025-05-14 23:24:00,103459.6953125
2025-05-14 23:25:00,103468.375
2025-05-14 23:26:00,103486.3984375
2025-05-14 23:28:00,103499.296875
2025-05-14 23:29:00,103538.0234375
2025-05-14 23:30:00,103542.3671875
2025-05-14 23:31:00,103568.3203125
2025-05-14 23:32:00,103570.6953125
2025-05-14 23:33:00,103576.015625
2025-05-14 23:34:00,103559.4375
2025-05-14 23:35:00,103565.828125
2025-05-14 23:36:00,103573.03125
2025-05-14 23:38:00,103575.7421875
2025-05-14 23:39:00,103562.375
2025-05-14 23:41:00,103573.421875
2025-05-14 23:43:00,103573.375
2025-05-14 23:44:00,103579.1875
2025-05-14 23:45:00,103548.5625
2025-05-14 23:46:00,103570.9375
2025-05-14 23:47:00,103584.6640625
2025-05-14 23:48:00,103594.21875
2025-05-14 23:49:00,103587.25
2025-05-14 23:50:00,103572.3671875
2025-05-14 23:51:00,103591.65625
2025-05-14 23:52:00,103572.6953125
2025-05-14 23:53:00,103578.8515625
2025-05-14 23:54:00,103565.0
2025-05-14 23:55:00,103587.3359375
2025-05-14 23:56:00,103593.8125
2025-05-14 23:58:00,103542.5
2025-05-15 00:00:00,103531.7265625
2025-05-15 00:01:00,103517.015625
2025-05-15 00:02:00,103517.109375
2025-05-15 00:03:00,103508.1015625
2025-05-15 00:04:00,103562.8671875
2025-05-15 00:05:00,103539.28125
2025-05-15 00:06:00,103574.625
2025-05-15 00:07:00,103556.5078125
2025-05-15 00:08:00,103558.4921875
2025-05-15 00:09:00,103542.4921875
2025-05-15 00:10:00,103562.8125
2025-05-15 00:12:00,103620.734375
2025-05-15 00:13:00,103683.609375
2025-05-15 00:14:00,103695.1796875
2025-05-15 00:16:00,103732.734375
2025-05-15 00:17:00,103761.703125
2025-05-15 00:18:00,103767.96875
2025-05-15 00:19:00,103784.484375
2025-05-15 00:20:00,103823.3359375
2025-05-15 00:22:00,103756.84375
2025-05-15 00:23:00,103727.2265625
2025-05-15 00:24:00,103761.859375
2025-05-15 00:25:00,103766.2890625
2025-05-15 00:26:00,103750.125
2025-05-15 00:28:00,103773.5078125
2025-05-15 00:29:00,103756.8046875
2025-05-15 00:30:00,103773.859375
2025-05-15 00:32:00,103804.46875
2025-05-15 00:33:00,103773.5390625
2025-05-15 00:34:00,103788.703125
2025-05-15 00:35:00,103758.5625
2025-05-15 00:36:00,103733.0078125
2025-05-15 00:37:00,103706.890625
2025-05-15 00:38:00,103747.734375
2025-05-15 00:40:00,103806.1640625
2025-05-15 00:41:00,103786.4296875
2025-05-15 00:42:00,103796.265625
2025-05-15 00:44:00,103836.0078125
2025-05-15 00:45:00,103840.859375
2025-05-15 00:46:00,103846.21875
2025-05-15 00:47:00,103872.421875
2025-05-15 00:48:00,103848.1796875
2025-05-15 00:49:00,103843.7578125
2025-05-15 00:50:00,103815.59375
2025-05-15 00:51:00,103829.0078125
2025-05-15 00:52:00,103837.0703125
2025-05-15 00:53:00,103835.8984375
2025-05-15 00:54:00,103840.15625
2025-05-15 00:55:00,103830.5703125
2025-05-15 00:57:00,103807.3828125
2025-05-15 00:58:00,103787.984375
2025-05-15 00:59:00,103806.5546875
2025-05-15 01:00:00,103805.2734375
2025-05-15 01:02:00,103799.5625
2025-05-15 01:03:00,103750.8515625
2025-05-15 01:04:00,103769.1953125
2025-05-15 01:05:00,103758.0859375
2025-05-15 01:06:00,103741.875
2025-05-15 01:07:00,103701.9609375
2025-05-15 01:08:00,103692.890625
2025-05-15 01:11:00,103630.4765625
2025-05-15 01:12:00,103601.6796875
2025-05-15 01:13:00,103605.9921875
2025-05-15 01:14:00,103601.59375
2025-05-15 01:16:00,103603.4609375
2025-05-15 01:17:00,103613.6640625
2025-05-15 01:18:00,103630.59375
2025-05-15 01:19:00,103671.671875
2025-05-15 01:20:00,103668.6875
2025-05-15 01:21:00,103570.28125
2025-05-15 01:22:00,103544.8046875
2025-05-15 01:23:00,103516.1953125
2025-05-15 01:24:00,103501.0390625
2025-05-15 01:25:00,103516.2265625
2025-05-15 01:26:00,103507.390625
2025-05-15 01:28:00,103496.078125
2025-05-15 01:29:00,103502.265625
2025-05-15 01:30:00,103491.140625
2025-05-15 01:32:00,103452.171875
2025-05-15 01:33:00,103460.0546875
2025-05-15 01:34:00,103481.3671875
2025-05-15 01:35:00,103438.140625
2025-05-15 01:36:00,103438.4609375
2025-05-15 01:37:00,103388.921875
2025-05-15 01:38:00,103378.6484375
2025-05-15 01:39:00,103270.8359375
2025-05-15 01:42:00,103336.03125
2025-05-15 01:43:00,103237.25
2025-05-15 01:44:00,103254.4296875
2025-05-15 01:45:00,103292.5703125
2025-05-15 01:46:00,103283.921875
2025-05-15 01:47:00,103149.015625
2025-05-15 01:48:00,103175.015625
2025-05-15 01:49:00,103142.5
2025-05-15 01:50:00,103179.046875
2025-05-15 01:52:00,103143.3828125
2025-05-15 01:53:00,103148.5703125
2025-05-15 01:55:00,103077.09375
2025-05-15 01:56:00,103057.6328125
2025-05-15 01:57:00,103010.8359375
2025-05-15 01:58:00,103037.515625
2025-05-15 01:59:00,103062.6875
2025-05-15 02:00:00,103060.671875
2025-05-15 02:02:00,103078.7890625
2025-05-15 02:04:00,103145.0390625
2025-05-15 02:05:00,103183.5078125
2025-05-15 02:06:00,103147.1328125
2025-05-15 02:07:00,103157.1640625
2025-05-15 02:08:00,103167.2421875
2025-05-15 02:09:00,103202.515625
2025-05-15 02:11:00,103212.9609375
2025-05-15 02:12:00,103207.6171875
2025-05-15 02:13:00,103146.09375
2025-05-15 02:16:00,103021.5078125
2025-05-15 02:17:00,103001.6015625
2025-05-15 02:18:00,103007.2421875
2025-05-15 02:19:00,103008.3125
2025-05-15 02:20:00,103003.84375
2025-05-15 02:21:00,103016.390625
2025-05-15 02:22:00,103065.1796875
2025-05-15 02:23:00,103126.21875
2025-05-15 02:24:00,103165.5234375
2025-05-15 02:25:00,103121.265625
2025-05-15 02:26:00,103060.5
2025-05-15 02:27:00,103013.9453125
2025-05-15 02:28:00,103013.0859375
2025-05-15 02:29:00,103000.4921875
2025-05-15 02:30:00,103006.3046875
2025-05-15 02:31:00,103027.984375
2025-05-15 02:32:00,102988.609375
2025-05-15 02:33:00,102990.3671875
2025-05-15 02:34:00,102998.8671875
2025-05-15 02:35:00,103000.5
2025-05-15 02:36:00,103003.171875
2025-05-15 02:37:00,102978.5390625
2025-05-15 02:38:00,102951.203125
2025-05-15 02:39:00,102943.4140625
2025-05-15 02:40:00,102990.9765625
2025-05-15 02:41:00,103016.6171875
2025-05-15 02:42:00,103002.4765625
2025-05-15 02:43:00,102959.75
2025-05-15 02:44:00,102984.21875
2025-05-15 02:45:00,102978.21875
2025-05-15 02:46:00,102977.2890625
2025-05-15 02:47:00,102995.5703125
2025-05-15 02:48:00,102985.7421875
2025-05-15 02:49:00,103013.5
2025-05-15 02:50:00,103151.796875
2025-05-15 02:51:00,103146.5625
2025-05-15 02:52:00,103155.5859375
2025-05-15 02:53:00,103142.0390625
2025-05-15 02:54:00,103103.6796875
2025-05-15 02:55:00,103073.234375
2025-05-15 02:56:00,103085.921875
2025-05-15 02:57:00,103107.2890625
2025-05-15 02:58:00,103094.40625
2025-05-15 02:59:00,103073.8359375
2025-05-15 03:00:00,103064.3046875
2025-05-15 03:01:00,103046.8125
2025-05-15 03:02:00,103083.8515625
2025-05-15 03:04:00,103101.2890625
2025-05-15 03:05:00,103037.890625
2025-05-15 03:06:00,103006.90625
2025-05-15 03:07:00,102998.6640625
2025-05-15 03:08:00,102984.7890625
2025-05-15 03:09:00,102953.5546875
2025-05-15 03:10:00,102948.921875
2025-05-15 03:12:00,102922.328125
2025-05-15 03:13:00,102924.8046875
2025-05-15 03:14:00,102972.7109375
2025-05-15 03:16:00,102887.90625
2025-05-15 03:17:00,102914.21875
2025-05-15 03:18:00,102920.375
2025-05-15 03:19:00,102880.6640625
2025-05-15 03:21:00,102871.0
2025-05-15 03:22:00,102870.9296875
2025-05-15 03:23:00,102956.03125
2025-05-15 03:24:00,102958.125
2025-05-15 03:26:00,102992.234375
2025-05-15 03:27:00,102981.7109375
2025-05-15 03:28:00,102969.453125
2025-05-15 03:29:00,102945.4375
2025-05-15 03:31:00,102916.15625
2025-05-15 03:33:00,102919.4140625
2025-05-15 03:34:00,102907.6640625
2025-05-15 03:36:00,102878.4609375
2025-05-15 03:37:00,102882.140625
2025-05-15 03:38:00,102889.53125
2025-05-15 03:39:00,102919.5859375
2025-05-15 03:42:00,102868.265625
2025-05-15 03:43:00,102883.0859375
2025-05-15 03:44:00,102874.1875
2025-05-15 03:46:00,102855.59375
2025-05-15 03:47:00,102794.7109375
2025-05-15 03:48:00,102827.4921875
2025-05-15 03:49:00,102834.875
2025-05-15 03:51:00,102856.375
2025-05-15 03:52:00,102880.8359375
2025-05-15 03:53:00,102881.578125
2025-05-15 03:54:00,102822.5
2025-05-15 03:55:00,102787.328125
2025-05-15 03:56:00,102791.25
2025-05-15 03:57:00,102778.84375
2025-05-15 03:58:00,102769.4375
2025-05-15 03:59:00,102780.8125
2025-05-15 04:01:00,102757.2421875
2025-05-15 04:02:00,102791.8125
2025-05-15 04:03:00,102793.78125
2025-05-15 04:04:00,102791.59375
2025-05-15 04:05:00,102798.0546875
2025-05-15 04:06:00,102772.3046875
2025-05-15 04:07:00,102854.484375
2025-05-15 04:08:00,102827.71875
2025-05-15 04:09:00,102726.8359375
2025-05-15 04:12:00,102887.7265625
2025-05-15 04:13:00,102877.0
2025-05-15 04:14:00,102841.7109375
2025-05-15 04:16:00,102787.1484375
2025-05-15 04:17:00,102812.7109375
2025-05-15 04:18:00,102825.6015625
2025-05-15 04:19:00,102834.140625
2025-05-15 04:21:00,102810.984375
2025-05-15 04:22:00,102850.8515625
2025-05-15 04:23:00,102854.46875
2025-05-15 04:24:00,102862.28125
2025-05-15 04:26:00,102861.2109375
2025-05-15 04:27:00,102876.171875
2025-05-15 04:28:00,102880.1953125
2025-05-15 04:29:00,102865.59375
2025-05-15 04:31:00,102881.5546875
2025-05-15 04:32:00,102918.4375
2025-05-15 04:33:00,102940.0234375
2025-05-15 04:34:00,102911.046875
2025-05-15 04:36:00,102898.0859375
2025-05-15 04:37:00,102928.25
2025-05-15 04:38:00,102918.625
2025-05-15 04:39:00,102913.1796875
2025-05-15 04:40:00,102904.546875
2025-05-15 04:42:00,102849.34375
2025-05-15 04:43:00,102831.421875
2025-05-15 04:44:00,102853.9296875
2025-05-15 04:46:00,102860.4140625
2025-05-15 04:47:00,102856.3671875
2025-05-15 04:48:00,102885.3203125
2025-05-15 04:49:00,102861.515625
2025-05-15 04:50:00,102824.53125
2025-05-15 04:52:00,102803.796875
2025-05-15 04:53:00,102823.2890625
2025-05-15 04:54:00,102861.265625
2025-05-15 04:55:00,102866.484375
2025-05-15 04:56:00,102891.1171875
2025-05-15 04:57:00,102900.859375
2025-05-15 04:58:00,102896.046875
2025-05-15 04:59:00,102903.890625
2025-05-15 05:00:00,102897.1953125
2025-05-15 05:03:00,102883.953125
2025-05-15 05:04:00,102850.921875
2025-05-15 05:05:00,102822.0
2025-05-15 05:06:00,102775.890625
2025-05-15 05:07:00,102734.7578125
2025-05-15 05:08:00,102722.6484375
2025-05-15 05:09:00,102687.6953125
2025-05-15 05:10:00,102688.9375
2025-05-15 05:12:00,102650.40625
2025-05-15 05:13:00,102654.59375
2025-05-15 05:14:00,102653.75
2025-05-15 05:15:00,102632.046875
2025-05-15 05:16:00,102644.5546875
2025-05-15 05:17:00,102655.265625
2025-05-15 05:18:00,102659.34375
2025-05-15 05:19:00,102641.3203125
2025-05-15 05:20:00,102638.9140625
2025-05-15 05:21:00,102613.234375
2025-05-15 05:22:00,102600.359375
2025-05-15 05:23:00,102588.828125
2025-05-15 05:24:00,102569.984375
2025-05-15 05:25:00,102574.890625
2025-05-15 05:27:00,102608.296875
2025-05-15 05:28:00,102565.0078125
2025-05-15 05:29:00,102582.4453125
2025-05-15 05:30:00,102576.5078125
2025-05-15 05:31:00,102541.0078125
2025-05-15 05:32:00,102617.078125
2025-05-15 05:33:00,102563.875
2025-05-15 05:34:00,102555.859375
2025-05-15 05:35:00,102529.1015625
2025-05-15 05:36:00,102492.703125
2025-05-15 05:37:00,102502.921875
2025-05-15 05:39:00,102438.1484375
2025-05-15 05:40:00,102445.0
2025-05-15 05:42:00,102470.390625
2025-05-15 05:43:00,102458.5390625
2025-05-15 05:44:00,102522.34375
2025-05-15 05:45:00,102497.0
2025-05-15 05:46:00,102485.609375
2025-05-15 05:47:00,102453.75
2025-05-15 05:48:00,102399.484375
2025-05-15 05:49:00,102406.140625
2025-05-15 05:51:00,102418.578125
2025-05-15 05:52:00,102404.4609375
2025-05-15 05:53:00,102388.5078125
2025-05-15 05:54:00,102383.0625
2025-05-15 05:55:00,102396.0390625
2025-05-15 05:57:00,102384.578125
2025-05-15 05:58:00,102383.8203125
2025-05-15 05:59:00,102388.453125
2025-05-15 06:01:00,102408.09375
2025-05-15 06:02:00,102441.0
2025-05-15 06:03:00,102419.375
2025-05-15 06:04:00,102416.8359375
2025-05-15 06:05:00,102390.6796875
2025-05-15 06:06:00,102407.8203125
2025-05-15 06:07:00,102523.71875
2025-05-15 06:08:00,102402.0625
2025-05-15 06:09:00,102393.34375
2025-05-15 06:10:00,102463.7734375
2025-05-15 06:12:00,102511.546875
2025-05-15 06:13:00,102542.9765625
2025-05-15 06:14:00,102549.6015625
2025-05-15 06:15:00,102555.234375
2025-05-15 06:16:00,102534.953125
2025-05-15 06:17:00,102576.7734375
2025-05-15 06:19:00,102544.90625
2025-05-15 06:20:00,102505.0859375
2025-05-15 06:21:00,102511.3984375
2025-05-15 06:22:00,102583.515625
2025-05-15 06:23:00,102639.046875
2025-05-15 06:24:00,102627.7109375
2025-05-15 06:25:00,102597.546875
2025-05-15 06:27:00,102618.671875
2025-05-15 06:28:00,102656.71875
2025-05-15 06:29:00,102638.9453125
2025-05-15 06:31:00,102623.15625
2025-05-15 06:32:00,102597.765625
2025-05-15 06:33:00,102501.9609375
2025-05-15 06:34:00,102477.4453125
2025-05-15 06:37:00,102352.3515625
2025-05-15 06:38:00,102340.5234375
2025-05-15 06:39:00,102323.2109375
2025-05-15 06:40:00,102315.7734375
2025-05-15 06:41:00,102311.8671875
2025-05-15 06:42:00,102324.3828125
2025-05-15 06:44:00,102285.8046875
2025-05-15 06:45:00,102205.75
2025-05-15 06:46:00,102215.9609375
2025-05-15 06:47:00,102198.4453125
2025-05-15 06:48:00,102236.6484375
2025-05-15 06:49:00,102263.921875
2025-05-15 06:50:00,102217.6171875
2025-05-15 06:51:00,102231.671875
2025-05-15 06:52:00,102250.4296875
2025-05-15 06:53:00,102263.5859375
2025-05-15 06:54:00,102251.0703125
2025-05-15 06:55:00,102259.7734375
2025-05-15 06:56:00,102256.046875
2025-05-15 06:57:00,102252.171875
2025-05-15 06:58:00,102249.3203125
2025-05-15 06:59:00,102233.9375
2025-05-15 07:01:00,102287.8828125
2025-05-15 07:02:00,102353.421875
2025-05-15 07:03:00,102415.34375
2025-05-15 07:04:00,102367.234375
2025-05-15 07:05:00,102376.3203125
2025-05-15 07:06:00,102343.6796875
2025-05-15 07:07:00,102400.4765625
2025-05-15 07:08:00,102424.5625
2025-05-15 07:09:00,102354.5859375
2025-05-15 07:10:00,102300.078125
2025-05-15 07:11:00,102262.671875
2025-05-15 07:12:00,102224.5078125
2025-05-15 07:13:00,102186.0
2025-05-15 07:14:00,102178.234375
2025-05-15 07:15:00,102115.0703125
2025-05-15 07:16:00,102119.0546875
2025-05-15 07:17:00,102121.5078125
2025-05-15 07:18:00,102116.3828125
2025-05-15 07:19:00,102121.21875
2025-05-15 07:20:00,102128.6328125
2025-05-15 07:21:00,102122.0078125
2025-05-15 07:22:00,102115.578125
2025-05-15 07:23:00,102107.1875
2025-05-15 07:24:00,102026.09375
2025-05-15 07:25:00,102036.546875
2025-05-15 07:26:00,101998.765625
2025-05-15 07:27:00,101941.90625
2025-05-15 07:28:00,101946.890625
2025-05-15 07:29:00,101976.765625
2025-05-15 07:30:00,101925.3359375
2025-05-15 07:31:00,101865.6953125
2025-05-15 07:32:00,101861.8359375
2025-05-15 07:33:00,101884.3984375
2025-05-15 07:34:00,101849.2890625
2025-05-15 07:35:00,101814.8125
2025-05-15 07:36:00,101848.9765625
2025-05-15 07:37:00,101903.25
2025-05-15 07:38:00,101974.6796875
2025-05-15 07:39:00,101969.3359375
2025-05-15 07:40:00,101923.109375
2025-05-15 07:41:00,101871.0625
2025-05-15 07:42:00,101876.4921875
2025-05-15 07:43:00,101873.5078125
2025-05-15 07:45:00,101896.515625
2025-05-15 07:46:00,101825.9296875
2025-05-15 07:47:00,101771.6328125
2025-05-15 07:48:00,101752.96875
2025-05-15 07:49:00,101794.734375
2025-05-15 07:50:00,101809.7734375
2025-05-15 07:51:00,101793.359375
2025-05-15 07:52:00,101761.9453125
2025-05-15 07:54:00,101781.03125
2025-05-15 07:55:00,101811.0546875
2025-05-15 07:56:00,101815.90625
2025-05-15 07:57:00,101826.53125
2025-05-15 07:58:00,101828.3046875
2025-05-15 07:59:00,101819.8515625
2025-05-15 08:02:00,101956.3515625
2025-05-15 08:03:00,102009.46875
2025-05-15 08:04:00,102017.3046875
2025-05-15 08:06:00,102009.578125
2025-05-15 08:08:00,101997.875
2025-05-15 08:09:00,102039.046875
2025-05-15 08:11:00,101983.2109375
2025-05-15 08:12:00,102044.5234375
2025-05-15 08:13:00,102010.140625
2025-05-15 08:14:00,101989.484375
2025-05-15 08:15:00,101993.3515625
2025-05-15 08:16:00,102015.9140625
2025-05-15 08:17:00,102077.1015625
2025-05-15 08:18:00,102104.71875
2025-05-15 08:19:00,102089.5
2025-05-15 08:20:00,102072.046875
2025-05-15 08:22:00,101913.78125
2025-05-15 08:23:00,101944.015625
2025-05-15 08:24:00,101994.8359375
2025-05-15 08:26:00,102024.2734375
2025-05-15 08:27:00,102019.7421875
2025-05-15 08:28:00,102041.1796875
2025-05-15 08:29:00,102051.7890625
2025-05-15 08:31:00,102062.1953125
2025-05-15 08:32:00,102056.203125
2025-05-15 08:33:00,102258.1953125
2025-05-15 08:34:00,102273.2265625
2025-05-15 08:35:00,102274.796875
2025-05-15 08:36:00,102226.8671875
2025-05-15 08:37:00,102212.7265625
2025-05-15 08:38:00,102226.8125
2025-05-15 08:39:00,102212.4921875
2025-05-15 08:40:00,102180.5546875
2025-05-15 08:42:00,102226.8828125
2025-05-15 08:43:00,102234.484375
2025-05-15 08:44:00,102230.9609375
2025-05-15 08:45:00,102213.2890625
2025-05-15 08:47:00,102241.7109375
2025-05-15 08:48:00,102222.90625
2025-05-15 08:49:00,102230.6875
2025-05-15 08:50:00,102245.15625
2025-05-15 08:52:00,102237.8984375
2025-05-15 08:53:00,102252.296875
2025-05-15 08:54:00,102251.34375
2025-05-15 08:55:00,102259.2421875
2025-05-15 08:56:00,102261.6875
2025-05-15 08:57:00,102281.09375
2025-05-15 08:58:00,102316.9140625
2025-05-15 08:59:00,102325.1328125
2025-05-15 09:01:00,102260.21875
2025-05-15 09:02:00,102251.1328125
2025-05-15 09:03:00,102177.375
2025-05-15 09:04:00,102222.75
2025-05-15 09:05:00,102207.8203125
2025-05-15 09:06:00,102187.203125
2025-05-15 09:07:00,102153.3046875
2025-05-15 09:09:00,102129.9140625
2025-05-15 09:10:00,102088.0625
2025-05-15 09:12:00,102047.5
2025-05-15 09:13:00,102049.609375
2025-05-15 09:14:00,102044.3828125
2025-05-15 09:16:00,102055.4375
2025-05-15 09:17:00,102064.7578125
2025-05-15 09:18:00,102038.0078125
2025-05-15 09:19:00,102045.8828125
2025-05-15 09:20:00,102054.5390625
2025-05-15 09:22:00,102039.9921875
2025-05-15 09:23:00,101984.8046875
2025-05-15 09:25:00,101955.96875
2025-05-15 09:26:00,101976.953125
2025-05-15 09:27:00,101983.796875
2025-05-15 09:28:00,101966.46875
2025-05-15 09:29:00,101992.2265625
2025-05-15 09:30:00,101970.21875
2025-05-15 09:32:00,101965.1953125
2025-05-15 09:33:00,101758.7265625
2025-05-15 09:34:00,101779.2265625
2025-05-15 09:35:00,101790.4375
2025-05-15 09:36:00,101768.0546875
2025-05-15 09:37:00,101780.453125
2025-05-15 09:38:00,101766.4140625
2025-05-15 09:39:00,101773.71875
2025-05-15 09:40:00,101694.578125
2025-05-15 09:42:00,101676.1328125
2025-05-15 09:43:00,101654.25
2025-05-15 09:44:00,101721.3046875
2025-05-15 09:45:00,101696.5546875
2025-05-15 09:46:00,101603.9453125
2025-05-15 09:48:00,101548.4921875
2025-05-15 09:49:00,101590.453125
2025-05-15 09:50:00,101570.265625
2025-05-15 09:51:00,101670.7265625
2025-05-15 09:52:00,101778.859375
2025-05-15 09:53:00,101879.171875
2025-05-15 09:54:00,101923.53125
2025-05-15 09:55:00,101894.4921875
2025-05-15 09:56:00,101902.6328125
2025-05-15 09:57:00,101889.6796875
2025-05-15 09:58:00,101898.3359375
2025-05-15 10:00:00,101832.5234375
2025-05-15 10:02:00,101845.1015625
2025-05-15 10:03:00,101754.0703125
2025-05-15 10:04:00,101762.4921875
2025-05-15 10:05:00,101770.1171875
2025-05-15 10:08:00,101749.765625
2025-05-15 10:09:00,101740.3359375
2025-05-15 10:11:00,101671.484375
2025-05-15 10:12:00,101690.9375
2025-05-15 10:13:00,101686.0703125
2025-05-15 10:15:00,101760.796875
2025-05-15 10:16:00,101750.1328125
2025-05-15 10:18:00,101757.046875
2025-05-15 10:19:00,101757.046875
2025-05-15 10:22:00,101875.0703125
2025-05-15 10:23:00,101888.0078125
2025-05-15 10:24:00,101905.0859375
2025-05-15 10:25:00,101928.2421875
2025-05-15 10:26:00,101913.140625
2025-05-15 10:27:00,101924.546875
2025-05-15 10:28:00,101865.4296875
2025-05-15 10:29:00,101871.7578125
2025-05-15 10:30:00,101903.5703125
2025-05-15 10:32:00,101807.234375
2025-05-15 10:33:00,101786.8515625
2025-05-15 10:34:00,101771.1796875
2025-05-15 10:35:00,101678.2734375
2025-05-15 10:36:00,101701.3515625
2025-05-15 10:37:00,101709.078125
2025-05-15 10:38:00,101743.53125
2025-05-15 10:39:00,101736.046875
2025-05-15 10:40:00,101725.9375
2025-05-15 10:41:00,101739.625
2025-05-15 10:42:00,101661.3203125
2025-05-15 10:43:00,101662.2421875
2025-05-15 10:44:00,101680.484375
2025-05-15 10:45:00,101682.4765625
2025-05-15 10:46:00,101700.5390625
2025-05-15 10:47:00,101714.1875
2025-05-15 10:48:00,101718.9140625
2025-05-15 10:49:00,101643.90625
2025-05-15 10:50:00,101717.484375
2025-05-15 10:51:00,101808.2109375
2025-05-15 10:52:00,101788.640625
2025-05-15 10:53:00,101783.3203125
2025-05-15 10:54:00,101769.0546875
2025-05-15 10:55:00,101757.328125
2025-05-15 10:56:00,101671.28125
2025-05-15 10:57:00,101705.0625
2025-05-15 10:58:00,101715.1875
2025-05-15 10:59:00,101754.7109375
2025-05-15 11:00:00,101825.0625
2025-05-15 11:01:00,101808.390625
2025-05-15 11:02:00,101874.125
2025-05-15 11:03:00,101866.6953125
2025-05-15 11:04:00,101894.96875
2025-05-15 11:05:00,101937.59375
2025-05-15 11:06:00,101995.5
2025-05-15 11:07:00,101991.625
2025-05-15 11:08:00,102049.671875
2025-05-15 11:09:00,102117.671875
2025-05-15 11:10:00,102114.8359375
2025-05-15 11:11:00,102089.625
2025-05-15 11:12:00,102067.453125
2025-05-15 11:13:00,102065.3671875
2025-05-15 11:14:00,102048.2890625
2025-05-15 11:15:00,102066.8515625
2025-05-15 11:16:00,102100.484375
2025-05-15 11:17:00,102081.828125
2025-05-15 11:18:00,102126.1796875
2025-05-15 11:19:00,102138.90625
2025-05-15 11:21:00,102270.109375
2025-05-15 11:22:00,102277.6328125
2025-05-15 11:23:00,102278.1875
2025-05-15 11:24:00,102299.203125
2025-05-15 11:25:00,102303.53125
2025-05-15 11:26:00,102282.640625
2025-05-15 11:27:00,102301.0
2025-05-15 11:28:00,102315.328125
2025-05-15 11:29:00,102329.2109375
2025-05-15 11:30:00,102305.8046875
2025-05-15 11:32:00,102397.46875
2025-05-15 11:33:00,102435.7578125
2025-05-15 11:34:00,102364.828125
2025-05-15 11:35:00,102294.3515625
2025-05-15 11:36:00,102280.6328125
2025-05-15 11:37:00,102272.34375
2025-05-15 11:38:00,102253.078125
2025-05-15 11:39:00,102240.265625
2025-05-15 11:40:00,102247.4609375
2025-05-15 11:41:00,102247.8125
2025-05-15 11:42:00,102246.765625
2025-05-15 11:43:00,102282.7421875
2025-05-15 11:44:00,102278.8359375
2025-05-15 11:45:00,102283.1953125
2025-05-15 11:46:00,102246.5546875
2025-05-15 11:47:00,102252.5859375
2025-05-15 11:48:00,102272.7421875
2025-05-15 11:49:00,102307.78125
2025-05-15 11:51:00,102340.0859375
2025-05-15 11:52:00,102329.5
2025-05-15 11:53:00,102311.0078125
2025-05-15 11:54:00,102298.5546875
2025-05-15 11:55:00,102312.5
2025-05-15 11:57:00,102316.375
2025-05-15 11:58:00,102388.3125
2025-05-15 11:59:00,102374.3203125
2025-05-15 12:00:00,102395.5625
2025-05-15 12:01:00,102391.0234375
2025-05-15 12:02:00,102387.4765625
2025-05-15 12:03:00,102387.0703125
2025-05-15 12:04:00,102410.9765625
2025-05-15 12:05:00,102382.4375
2025-05-15 12:06:00,102402.59375
2025-05-15 12:07:00,102388.9609375
2025-05-15 12:08:00,102313.03125
2025-05-15 12:09:00,102319.8828125
2025-05-15 12:10:00,102308.5078125
2025-05-15 12:11:00,102358.53125
2025-05-15 12:12:00,102348.6171875
2025-05-15 12:13:00,102353.921875
2025-05-15 12:14:00,102331.765625
2025-05-15 12:15:00,102322.2890625
2025-05-15 12:16:00,102321.828125
2025-05-15 12:17:00,102325.75
2025-05-15 12:18:00,102397.2578125
2025-05-15 12:19:00,102421.5234375
2025-05-15 12:20:00,102421.796875
2025-05-15 12:22:00,102491.2265625
2025-05-15 12:23:00,102505.703125
2025-05-15 12:24:00,102500.265625
2025-05-15 12:25:00,102504.6796875
2025-05-15 12:26:00,102552.46875
2025-05-15 12:27:00,102565.2109375
2025-05-15 12:28:00,102552.8359375
2025-05-15 12:29:00,102541.7265625
2025-05-15 12:30:00,102555.3203125
2025-05-15 12:31:00,102589.46875
2025-05-15 12:32:00,102587.453125
2025-05-15 12:33:00,102681.3359375
2025-05-15 12:34:00,102729.578125
2025-05-15 12:35:00,102762.5625
2025-05-15 12:36:00,102775.8359375
2025-05-15 12:37:00,102735.3203125
2025-05-15 12:38:00,102691.1640625
2025-05-15 12:39:00,102722.625
2025-05-15 12:40:00,102720.4375
2025-05-15 12:41:00,102711.3515625
2025-05-15 12:42:00,102690.1328125
2025-05-15 12:43:00,102710.40625
2025-05-15 12:44:00,102701.6640625
2025-05-15 12:45:00,102801.109375
2025-05-15 12:46:00,102726.5
2025-05-15 12:47:00,102696.2734375
2025-05-15 12:48:00,102707.0625
2025-05-15 12:49:00,102621.0390625
2025-05-15 12:50:00,102598.140625
2025-05-15 12:51:00,102578.265625
2025-05-15 12:52:00,102577.3671875
2025-05-15 12:53:00,102544.015625
2025-05-15 12:54:00,102552.3671875
2025-05-15 12:55:00,102607.515625
2025-05-15 12:56:00,102571.5234375
2025-05-15 12:58:00,102522.9609375
2025-05-15 12:59:00,102535.328125
2025-05-15 13:00:00,102565.40625
2025-05-15 13:01:00,102549.359375
2025-05-15 13:02:00,102623.65625
2025-05-15 13:03:00,102647.5703125
2025-05-15 13:04:00,102706.8046875
2025-05-15 13:05:00,102674.21875
2025-05-15 13:06:00,102671.484375
2025-05-15 13:07:00,102694.4140625
2025-05-15 13:08:00,102630.9375
2025-05-15 13:09:00,102688.21875
2025-05-15 13:10:00,102676.2578125
2025-05-15 13:11:00,102667.640625
2025-05-15 13:12:00,102651.4375
2025-05-15 13:13:00,102682.7265625
2025-05-15 13:14:00,102742.234375
2025-05-15 13:15:00,102764.5703125
2025-05-15 13:16:00,102747.28125
2025-05-15 13:17:00,102765.6953125
2025-05-15 13:18:00,102735.515625
2025-05-15 13:19:00,102730.8515625
2025-05-15 13:20:00,102688.0390625
2025-05-15 13:21:00,102674.5703125
2025-05-15 13:22:00,102653.8984375
2025-05-15 13:23:00,102651.1875
2025-05-15 13:24:00,102641.484375
2025-05-15 13:25:00,102647.96875
2025-05-15 13:26:00,102622.015625
2025-05-15 13:27:00,102613.046875
2025-05-15 13:28:00,102602.4609375
2025-05-15 13:29:00,102609.0859375
2025-05-15 13:30:00,102603.9453125
2025-05-15 13:31:00,102547.3359375
2025-05-15 13:32:00,102644.578125
2025-05-15 13:33:00,102640.9609375
2025-05-15 13:34:00,102425.515625
2025-05-15 13:35:00,102498.1484375
2025-05-15 13:36:00,102517.9921875
2025-05-15 13:37:00,102405.1171875
2025-05-15 13:38:00,102348.6640625
2025-05-15 13:39:00,102319.4140625
2025-05-15 13:40:00,102190.1328125
2025-05-15 13:41:00,102155.953125
2025-05-15 13:42:00,102173.9921875
2025-05-15 13:43:00,102207.921875
2025-05-15 13:44:00,102305.6015625
2025-05-15 13:45:00,102343.328125
2025-05-15 13:46:00,102284.7890625
2025-05-15 13:47:00,102022.1484375
2025-05-15 13:48:00,102012.2109375
2025-05-15 13:49:00,101921.0703125
2025-05-15 13:50:00,101780.6171875
2025-05-15 13:51:00,101647.171875
2025-05-15 13:52:00,101752.90625
2025-05-15 13:53:00,101914.5390625
2025-05-15 13:54:00,102046.03125
2025-05-15 13:55:00,102051.3125
2025-05-15 13:56:00,102066.8203125
2025-05-15 13:57:00,102125.15625
2025-05-15 13:58:00,102165.5546875
2025-05-15 13:59:00,102146.3046875
2025-05-15 14:00:00,102126.9921875
2025-05-15 14:01:00,102191.3125
2025-05-15 14:02:00,102187.0234375
2025-05-15 14:03:00,102231.328125
2025-05-15 14:04:00,102298.015625
2025-05-15 14:05:00,102339.625
2025-05-15 14:06:00,102352.296875
2025-05-15 14:07:00,102274.765625
2025-05-15 14:08:00,102153.3046875
2025-05-15 14:10:00,101996.0546875
2025-05-15 14:11:00,101894.71875
2025-05-15 14:12:00,101950.1875
2025-05-15 14:13:00,101899.546875
2025-05-15 14:14:00,101973.0234375
2025-05-15 14:15:00,102088.3984375
2025-05-15 14:16:00,102051.7265625
2025-05-15 14:17:00,101948.9296875
2025-05-15 14:18:00,101868.046875
2025-05-15 14:19:00,101958.96875
2025-05-15 14:20:00,102185.1484375
2025-05-15 14:22:00,102316.9296875
2025-05-15 14:23:00,102224.2890625
2025-05-15 14:24:00,102221.59375
2025-05-15 14:25:00,102250.6015625
2025-05-15 14:26:00,102256.5625
2025-05-15 14:27:00,102263.0078125
2025-05-15 14:28:00,102194.8984375
2025-05-15 14:29:00,102072.7421875
2025-05-15 14:30:00,102072.0625
2025-05-15 14:31:00,102059.578125
2025-05-15 14:32:00,101993.46875
2025-05-15 14:33:00,101936.7890625
2025-05-15 14:34:00,101888.140625
2025-05-15 14:35:00,101876.3828125
2025-05-15 14:36:00,101732.5390625
2025-05-15 14:37:00,101762.796875
2025-05-15 14:38:00,101859.84375
2025-05-15 14:39:00,101845.671875
2025-05-15 14:40:00,101691.84375
2025-05-15 14:41:00,101692.8671875
2025-05-15 14:42:00,101708.859375
2025-05-15 14:43:00,101732.4296875
2025-05-15 14:44:00,101727.4609375
2025-05-15 14:45:00,101698.8828125
2025-05-15 14:46:00,101638.578125
2025-05-15 14:47:00,101450.0703125
2025-05-15 14:48:00,101513.9765625
2025-05-15 14:49:00,101642.1953125
2025-05-15 14:50:00,101668.390625
2025-05-15 14:51:00,101528.2265625
2025-05-15 14:52:00,101616.15625
2025-05-15 14:53:00,101666.3984375
2025-05-15 14:54:00,101658.46875
2025-05-15 14:55:00,101650.3515625
2025-05-15 14:56:00,101862.6640625
2025-05-15 14:57:00,101927.6015625
2025-05-15 14:58:00,101951.2578125
2025-05-15 14:59:00,101945.0546875
2025-05-15 15:00:00,101967.609375
2025-05-15 15:01:00,102052.046875
2025-05-15 15:02:00,102055.1328125
2025-05-15 15:03:00,102043.0546875
2025-05-15 15:04:00,102135.5859375
2025-05-15 15:05:00,102159.171875
2025-05-15 15:06:00,102135.96875
2025-05-15 15:07:00,102077.9453125
2025-05-15 15:08:00,102008.8671875
2025-05-15 15:09:00,101998.296875
2025-05-15 15:10:00,102001.8671875
2025-05-15 15:11:00,102008.25
2025-05-15 15:12:00,102094.5
2025-05-15 15:13:00,102103.515625
2025-05-15 15:14:00,102095.25
2025-05-15 15:15:00,102117.4296875
2025-05-15 15:16:00,102210.390625
2025-05-15 15:17:00,102243.6484375
2025-05-15 15:18:00,102292.625
2025-05-15 15:19:00,102223.890625
2025-05-15 15:20:00,102204.25
2025-05-15 15:21:00,102217.2265625
2025-05-15 15:22:00,102253.3359375
2025-05-15 15:23:00,102305.6796875
2025-05-15 15:24:00,102371.1640625
2025-05-15 15:25:00,102334.7421875
2025-05-15 15:26:00,102301.328125
2025-05-15 15:27:00,102329.3359375
2025-05-15 15:28:00,102379.15625
2025-05-15 15:29:00,102444.7734375
2025-05-15 15:30:00,102503.2421875
2025-05-15 15:32:00,102480.453125
2025-05-15 15:33:00,102674.4765625
2025-05-15 15:34:00,102622.078125
2025-05-15 15:35:00,102622.171875
2025-05-15 15:36:00,102704.046875
2025-05-15 15:37:00,102710.515625
2025-05-15 15:38:00,102710.625
2025-05-15 15:39:00,102760.328125
2025-05-15 15:40:00,102751.34375
2025-05-15 15:41:00,102774.0078125
2025-05-15 15:42:00,102742.328125
2025-05-15 15:43:00,102809.8828125
2025-05-15 15:44:00,102959.2109375
2025-05-15 15:45:00,103006.3828125
2025-05-15 15:46:00,103014.6328125
2025-05-15 15:47:00,103039.734375
2025-05-15 15:48:00,103040.3125
2025-05-15 15:49:00,103173.015625
2025-05-15 15:50:00,103151.890625
2025-05-15 15:51:00,103162.734375
2025-05-15 15:52:00,103202.125
2025-05-15 15:53:00,103209.6328125
2025-05-15 15:54:00,103189.9609375
2025-05-15 15:55:00,103258.15625
2025-05-15 15:56:00,103243.2421875
2025-05-15 15:57:00,103232.5546875
2025-05-15 15:58:00,103238.375
2025-05-15 15:59:00,103227.4765625
2025-05-15 16:00:00,103270.8125
2025-05-15 16:01:00,103382.8359375
2025-05-15 16:02:00,103237.65625
2025-05-15 16:03:00,103238.2265625
2025-05-15 16:04:00,103226.1328125
2025-05-15 16:05:00,103214.890625
2025-05-15 16:06:00,103207.171875
2025-05-15 16:07:00,103253.796875
2025-05-15 16:08:00,103163.3828125
2025-05-15 16:09:00,103235.96875
2025-05-15 16:10:00,103229.65625
2025-05-15 16:11:00,103153.8203125
2025-05-15 16:12:00,103186.6796875
2025-05-15 16:13:00,103139.8203125
2025-05-15 16:14:00,103125.34375
2025-05-15 16:15:00,103108.7578125
2025-05-15 16:16:00,103182.40625
2025-05-15 16:17:00,103155.5625
2025-05-15 16:18:00,103174.0
2025-05-15 16:19:00,103197.9140625
2025-05-15 16:20:00,103212.875
2025-05-15 16:21:00,103285.5078125
2025-05-15 16:22:00,103199.640625
2025-05-15 16:23:00,103164.5078125
2025-05-15 16:24:00,103198.046875
2025-05-15 16:25:00,103221.15625
2025-05-15 16:26:00,103252.1875
2025-05-15 16:27:00,103214.7265625
2025-05-15 16:28:00,103110.3359375
2025-05-15 16:29:00,103151.2734375
2025-05-15 16:30:00,103177.3671875
2025-05-15 16:32:00,103145.375
2025-05-15 16:33:00,103104.5
2025-05-15 16:34:00,103062.40625
2025-05-15 16:35:00,103130.3515625
2025-05-15 16:36:00,103198.15625
2025-05-15 16:37:00,103232.6796875
2025-05-15 16:38:00,103323.0703125
2025-05-15 16:39:00,103306.703125
2025-05-15 16:40:00,103405.421875
2025-05-15 16:41:00,103401.9375
2025-05-15 16:42:00,103431.2265625
2025-05-15 16:43:00,103519.109375
2025-05-15 16:44:00,103567.671875
2025-05-15 16:45:00,103600.515625
2025-05-15 16:46:00,103633.6328125
2025-05-15 16:47:00,103632.3671875
2025-05-15 16:48:00,103667.3828125
2025-05-15 16:49:00,103643.5390625
2025-05-15 16:51:00,103717.3671875
2025-05-15 16:52:00,103768.234375
2025-05-15 16:53:00,103720.0
2025-05-15 16:54:00,103754.8671875
2025-05-15 16:55:00,103791.21875
2025-05-15 16:56:00,103763.7109375
2025-05-15 16:58:00,103782.9921875
2025-05-15 16:59:00,103783.046875
2025-05-15 17:00:00,103813.953125
2025-05-15 17:01:00,103807.984375
2025-05-15 17:02:00,103794.375
2025-05-15 17:03:00,103808.2734375
2025-05-15 17:04:00,103788.734375
2025-05-15 17:05:00,103754.390625
2025-05-15 17:06:00,103734.7265625
2025-05-15 17:07:00,103736.5
2025-05-15 17:08:00,103740.78125
2025-05-15 17:09:00,103757.2265625
2025-05-15 17:10:00,103758.71875
2025-05-15 17:11:00,103720.234375
2025-05-15 17:12:00,103693.2421875
2025-05-15 17:13:00,103704.6875
2025-05-15 17:14:00,103703.234375
2025-05-15 17:15:00,103702.6953125
2025-05-15 17:16:00,103750.1328125
2025-05-15 17:17:00,103762.0234375
2025-05-15 17:18:00,103740.203125
2025-05-15 17:19:00,103764.1484375
2025-05-15 17:20:00,103788.0390625
2025-05-15 17:22:00,104018.8046875
2025-05-15 17:23:00,103997.5546875
2025-05-15 17:24:00,103989.03125
2025-05-15 17:25:00,104086.9296875
2025-05-15 17:26:00,104066.09375
2025-05-15 17:27:00,103998.0
2025-05-15 17:28:00,103986.625
2025-05-15 17:29:00,103992.2421875
2025-05-15 17:31:00,103951.3046875
2025-05-15 17:32:00,103965.8359375
2025-05-15 17:33:00,103967.6796875
2025-05-15 17:34:00,103959.390625
2025-05-15 17:35:00,103966.21875
2025-05-15 17:36:00,103990.984375
2025-05-15 17:37:00,104035.546875
2025-05-15 17:38:00,103978.71875
2025-05-15 17:39:00,104006.515625
2025-05-15 17:40:00,103934.3671875
2025-05-15 17:41:00,104021.203125
2025-05-15 17:42:00,104087.6328125
2025-05-15 17:43:00,104091.71875
2025-05-15 17:44:00,104110.2734375
2025-05-15 17:45:00,104083.1953125
2025-05-15 17:46:00,104148.5859375
2025-05-15 17:47:00,104122.9140625
2025-05-15 17:48:00,104110.6328125
2025-05-15 17:49:00,104052.9375
2025-05-15 17:50:00,104016.875
2025-05-15 17:51:00,104069.609375
2025-05-15 17:52:00,104105.6640625
2025-05-15 17:53:00,104090.1875
2025-05-15 17:54:00,104062.3203125
2025-05-15 17:55:00,104001.5390625
2025-05-15 17:56:00,103941.859375
2025-05-15 17:57:00,103948.625
2025-05-15 17:58:00,103953.8984375
2025-05-15 17:59:00,103981.28125
2025-05-15 18:00:00,103979.34375
2025-05-15 18:01:00,103972.625
2025-05-15 18:02:00,103956.421875
2025-05-15 18:03:00,103953.2578125
2025-05-15 18:04:00,103927.6953125
2025-05-15 18:05:00,103882.84375
2025-05-15 18:06:00,103895.6015625
2025-05-15 18:07:00,103872.453125
2025-05-15 18:08:00,103795.2578125
2025-05-15 18:09:00,103759.2109375
2025-05-15 18:10:00,103803.5390625
2025-05-15 18:11:00,103877.765625
2025-05-15 18:12:00,103947.7890625
2025-05-15 18:13:00,103971.7890625
2025-05-15 18:14:00,103970.1640625
2025-05-15 18:16:00,103896.390625
2025-05-15 18:17:00,103895.296875
2025-05-15 18:18:00,103819.984375
2025-05-15 18:19:00,103808.2578125
2025-05-15 18:20:00,103766.1953125
2025-05-15 18:21:00,103742.2734375
2025-05-15 18:22:00,103717.6484375
2025-05-15 18:23:00,103633.34375
2025-05-15 18:24:00,103566.3125
2025-05-15 18:25:00,103538.7890625
2025-05-15 18:26:00,103568.21875
2025-05-15 18:27:00,103564.140625
2025-05-15 18:28:00,103576.890625
2025-05-15 18:29:00,103549.859375
2025-05-15 18:30:00,103521.0625
2025-05-15 18:31:00,103462.21875
2025-05-15 18:32:00,103504.8125
2025-05-15 18:33:00,103567.7890625
2025-05-15 18:34:00,103585.9375
2025-05-15 18:35:00,103557.296875
2025-05-15 18:36:00,103476.4609375
2025-05-15 18:37:00,103396.9453125
2025-05-15 18:38:00,103285.859375
2025-05-15 18:39:00,103191.8359375
2025-05-15 18:40:00,103202.859375
2025-05-15 18:41:00,103273.2265625
2025-05-15 18:42:00,103291.7578125
2025-05-15 18:43:00,103281.3046875
2025-05-15 18:44:00,103274.1171875
2025-05-15 18:45:00,103279.890625
2025-05-15 18:46:00,103317.9765625
2025-05-15 18:47:00,103229.9375
2025-05-15 18:48:00,103115.5625
2025-05-15 18:49:00,103001.953125
2025-05-15 18:50:00,103011.3046875
2025-05-15 18:51:00,103024.921875
2025-05-15 18:52:00,102994.03125
2025-05-15 18:53:00,102943.5859375
2025-05-15 18:54:00,102969.4609375
2025-05-15 18:55:00,102977.5390625
2025-05-15 18:56:00,102836.5703125
2025-05-15 18:57:00,102854.7109375
2025-05-15 18:58:00,102728.53125
2025-05-15 18:59:00,102679.7109375
2025-05-15 19:00:00,102701.4296875
2025-05-15 19:02:00,102806.40625
2025-05-15 19:03:00,102894.5703125
2025-05-15 19:04:00,102900.5390625
2025-05-15 19:05:00,102963.375
2025-05-15 19:06:00,102933.4453125
2025-05-15 19:07:00,102910.6328125
2025-05-15 19:08:00,102872.8046875
2025-05-15 19:09:00,102869.9296875
2025-05-15 19:11:00,102868.5625
2025-05-15 19:12:00,102850.9453125
2025-05-15 19:13:00,102881.1875
2025-05-15 19:14:00,103040.984375
2025-05-15 19:15:00,103053.5546875
2025-05-15 19:16:00,103055.109375
2025-05-15 19:17:00,103155.3046875
2025-05-15 19:18:00,103193.2265625
2025-05-15 19:19:00,103174.671875
2025-05-15 19:20:00,103180.484375
2025-05-15 19:22:00,103174.5546875
2025-05-15 19:23:00,103105.2890625
2025-05-15 19:24:00,102989.0546875
2025-05-15 19:25:00,102953.375
2025-05-15 19:26:00,102854.7890625
2025-05-15 19:27:00,102643.234375
2025-05-15 19:28:00,102691.734375
2025-05-15 19:29:00,102788.546875
2025-05-15 19:30:00,102781.5
2025-05-15 19:31:00,102816.765625
2025-05-15 19:32:00,102869.1640625
2025-05-15 19:33:00,102956.9140625
2025-05-15 19:34:00,102953.0
2025-05-15 19:35:00,102967.984375
2025-05-15 19:36:00,103054.40625
2025-05-15 19:37:00,103046.671875
2025-05-15 19:38:00,103048.515625
2025-05-15 19:39:00,103006.3828125
2025-05-15 19:40:00,103027.9921875
2025-05-15 19:41:00,103052.5078125
2025-05-15 19:42:00,103067.0234375
2025-05-15 19:43:00,103068.4296875
2025-05-15 19:44:00,103076.7109375
2025-05-15 19:45:00,103082.984375
2025-05-15 19:46:00,103098.0078125
2025-05-15 19:47:00,103092.5
2025-05-15 19:48:00,103035.109375
2025-05-15 19:49:00,103176.4609375
2025-05-15 19:50:00,103143.2109375
2025-05-15 19:51:00,103187.7421875
2025-05-15 19:52:00,103163.6484375
2025-05-15 19:53:00,103182.4609375
2025-05-15 19:54:00,103145.7734375
2025-05-15 19:55:00,103074.1640625
2025-05-15 19:56:00,103057.6953125
2025-05-15 19:57:00,103074.3046875
2025-05-15 19:58:00,103196.6328125
2025-05-15 19:59:00,103219.03125
2025-05-15 20:00:00,103185.015625
2025-05-15 20:01:00,103205.1796875
2025-05-15 20:02:00,103346.71875
2025-05-15 20:03:00,103320.0078125
2025-05-15 20:04:00,103288.265625
2025-05-15 20:05:00,103359.46875
2025-05-15 20:06:00,103386.28125
2025-05-15 20:07:00,103421.734375
2025-05-15 20:08:00,103392.171875
2025-05-15 20:09:00,103136.421875
2025-05-15 20:10:00,103133.5859375
2025-05-15 20:12:00,103047.9921875
2025-05-15 20:13:00,103041.8046875
2025-05-15 20:14:00,102988.8359375
2025-05-15 20:15:00,102978.390625
2025-05-15 20:16:00,103004.9453125
2025-05-15 20:17:00,103016.7734375
2025-05-15 20:18:00,102941.625
2025-05-15 20:19:00,103000.859375
2025-05-15 20:20:00,103249.2109375
2025-05-15 20:22:00,103340.2890625
2025-05-15 20:23:00,103335.90625
2025-05-15 20:24:00,103334.921875
2025-05-15 20:25:00,103344.5234375
2025-05-15 20:26:00,103347.8984375
2025-05-15 20:27:00,103369.53125
2025-05-15 20:28:00,103395.109375
2025-05-15 20:29:00,103393.2421875
2025-05-15 20:31:00,103349.328125
2025-05-15 20:32:00,103369.6640625
2025-05-15 20:33:00,103386.3515625
2025-05-15 20:34:00,103380.7109375
2025-05-15 20:35:00,103271.96875
2025-05-15 20:37:00,103284.0
2025-05-15 20:38:00,103339.1953125
2025-05-15 20:39:00,103315.3359375
2025-05-15 20:40:00,103321.703125
2025-05-15 20:41:00,103297.6484375
2025-05-15 20:42:00,103300.828125
2025-05-15 20:43:00,103404.9453125
2025-05-15 20:44:00,103453.9453125
2025-05-15 20:45:00,103475.78125
2025-05-15 20:46:00,103471.1484375
2025-05-15 20:47:00,103468.1953125
2025-05-15 20:48:00,103484.8671875
2025-05-15 20:49:00,103469.90625
2025-05-15 20:50:00,103468.40625
2025-05-15 20:51:00,103472.96875
2025-05-15 20:52:00,103475.25
2025-05-15 20:53:00,103462.0
2025-05-15 20:54:00,103467.7578125
2025-05-15 20:55:00,103440.0546875
2025-05-15 20:56:00,103410.9375
2025-05-15 20:57:00,103426.484375
2025-05-15 20:58:00,103459.046875
2025-05-15 20:59:00,103468.40625
2025-05-15 21:00:00,103454.640625
2025-05-15 21:02:00,103417.171875
2025-05-15 21:03:00,103291.90625
2025-05-15 21:04:00,103276.296875
2025-05-15 21:05:00,103237.9921875
2025-05-15 21:06:00,103224.2109375
2025-05-15 21:07:00,103196.890625
2025-05-15 21:08:00,103159.90625
2025-05-15 21:09:00,103170.3203125
2025-05-15 21:10:00,103156.15625
2025-05-15 21:11:00,103155.4765625
2025-05-15 21:12:00,103144.3203125
2025-05-15 21:13:00,103164.5859375
2025-05-15 21:14:00,103165.25
2025-05-15 21:15:00,103185.4609375
2025-05-15 21:16:00,103140.140625
2025-05-15 21:17:00,103083.3203125
2025-05-15 21:18:00,103053.2890625
2025-05-15 21:19:00,103045.984375
2025-05-15 21:20:00,103044.2265625
2025-05-15 21:22:00,102989.6484375
2025-05-15 21:23:00,102910.8828125
2025-05-15 21:24:00,102809.5234375
2025-05-15 21:25:00,102777.46875
2025-05-15 21:26:00,102811.34375
2025-05-15 21:27:00,102940.859375
2025-05-15 21:28:00,102980.0859375
2025-05-15 21:29:00,103008.6328125
2025-05-15 21:31:00,102892.96875
2025-05-15 21:32:00,103014.90625
2025-05-15 21:33:00,103120.734375
2025-05-15 21:34:00,103150.59375
2025-05-15 21:35:00,103128.53125
2025-05-15 21:36:00,103068.2890625
2025-05-15 21:37:00,103107.8125
2025-05-15 21:38:00,103118.9765625
2025-05-15 21:39:00,103039.6484375
2025-05-15 21:40:00,103058.1875
2025-05-15 21:41:00,103105.890625
2025-05-15 21:42:00,103123.25
2025-05-15 21:43:00,103120.5390625
2025-05-15 21:44:00,103182.4921875
2025-05-15 21:45:00,103198.15625
2025-05-15 21:46:00,103173.65625
2025-05-15 21:47:00,103199.390625
2025-05-15 21:48:00,103232.625
2025-05-15 21:49:00,103226.1640625
2025-05-15 21:50:00,103198.1328125
2025-05-15 21:52:00,103268.9921875
2025-05-15 21:53:00,103300.7109375
2025-05-15 21:54:00,103313.0078125
2025-05-15 21:55:00,103328.2734375
2025-05-15 21:56:00,103330.203125
2025-05-15 21:57:00,103333.28125
2025-05-15 21:58:00,103300.4609375
2025-05-15 21:59:00,103267.3359375
2025-05-15 22:00:00,103276.171875
2025-05-15 22:01:00,103287.2890625
2025-05-15 22:02:00,103359.9453125
2025-05-15 22:03:00,103375.4375
2025-05-15 22:04:00,103431.46875
2025-05-15 22:05:00,103509.1484375
2025-05-15 22:06:00,103518.6796875
2025-05-15 22:07:00,103502.140625
2025-05-15 22:08:00,103565.71875
2025-05-15 22:09:00,103560.28125
2025-05-15 22:10:00,103651.4921875
2025-05-15 22:12:00,103617.1875
2025-05-15 22:13:00,103597.5234375
2025-05-15 22:14:00,103645.7109375
2025-05-15 22:15:00,103699.6015625
2025-05-15 22:16:00,103777.8125
2025-05-15 22:17:00,103771.1328125
2025-05-15 22:18:00,103819.375
2025-05-15 22:19:00,103876.203125
2025-05-15 22:20:00,103947.8515625
2025-05-15 22:22:00,103897.953125
2025-05-15 22:23:00,103881.15625
2025-05-15 22:24:00,103769.8203125
2025-05-15 22:25:00,103781.7734375
2025-05-15 22:26:00,103733.5625
2025-05-15 22:27:00,103724.921875
2025-05-15 22:28:00,103720.5703125
2025-05-15 22:29:00,103728.5078125
2025-05-15 22:30:00,103707.8984375
2025-05-15 22:31:00,103695.421875
2025-05-15 22:32:00,103709.515625
2025-05-15 22:33:00,103718.671875
2025-05-15 22:34:00,103703.921875
2025-05-15 22:35:00,103675.2421875
2025-05-15 22:36:00,103674.375
2025-05-15 22:37:00,103674.59375
2025-05-15 22:38:00,103670.84375
2025-05-15 22:39:00,103664.0546875
2025-05-15 22:40:00,103674.1875
2025-05-15 22:42:00,103675.265625
2025-05-15 22:43:00,103695.1328125
2025-05-15 22:44:00,103686.828125
2025-05-15 22:45:00,103682.25
2025-05-15 22:46:00,103694.390625
2025-05-15 22:47:00,103687.6171875
2025-05-15 22:48:00,103659.1875
2025-05-15 22:49:00,103613.7421875
2025-05-15 22:51:00,103588.515625
2025-05-15 22:52:00,103560.484375
2025-05-15 22:53:00,103548.453125
2025-05-15 22:54:00,103522.234375
2025-05-15 22:55:00,103501.3984375
2025-05-15 22:56:00,103515.703125
2025-05-15 22:57:00,103526.59375
2025-05-15 22:58:00,103534.7265625
2025-05-15 22:59:00,103521.234375
2025-05-15 23:00:00,103514.1328125
2025-05-15 23:02:00,103530.0703125
2025-05-15 23:03:00,103538.84375
2025-05-15 23:04:00,103490.28125
2025-05-15 23:05:00,103504.25
2025-05-15 23:06:00,103415.4140625
2025-05-15 23:07:00,103397.0
2025-05-15 23:08:00,103422.0234375
2025-05-15 23:09:00,103470.375
2025-05-15 23:10:00,103543.703125
2025-05-15 23:12:00,103595.2421875
2025-05-15 23:13:00,103597.8359375
2025-05-15 23:14:00,103567.2734375
2025-05-15 23:15:00,103507.203125
2025-05-15 23:16:00,103521.0546875
2025-05-15 23:17:00,103417.3515625
2025-05-15 23:18:00,103352.1640625
2025-05-15 23:19:00,103312.3359375
2025-05-15 23:20:00,103289.3828125
2025-05-15 23:21:00,103298.953125
2025-05-15 23:22:00,103304.6796875
2025-05-15 23:23:00,103306.4453125
2025-05-15 23:24:00,103339.328125
2025-05-15 23:25:00,103398.78125
2025-05-15 23:26:00,103419.25
2025-05-15 23:27:00,103562.1328125
2025-05-15 23:28:00,103527.9921875
2025-05-15 23:29:00,103558.375
2025-05-15 23:30:00,103538.9140625
2025-05-15 23:32:00,103583.0625
2025-05-15 23:33:00,103666.859375
2025-05-15 23:34:00,103667.953125
2025-05-15 23:35:00,103744.6328125
2025-05-15 23:37:00,103761.1796875
2025-05-15 23:38:00,103770.734375
2025-05-15 23:39:00,103751.1796875
2025-05-15 23:40:00,103786.2265625
2025-05-15 23:42:00,103868.5390625
2025-05-15 23:43:00,103850.8671875
2025-05-15 23:44:00,103848.1875
2025-05-15 23:45:00,103815.1171875
2025-05-15 23:46:00,103838.46875
2025-05-15 23:47:00,103853.28125
2025-05-15 23:48:00,103849.9609375
2025-05-15 23:49:00,103811.3125
2025-05-15 23:51:00,103767.3359375
2025-05-15 23:52:00,103759.8046875
2025-05-15 23:53:00,103744.90625
2025-05-15 23:54:00,103719.03125
2025-05-15 23:55:00,103722.4453125
2025-05-15 23:57:00,103742.5546875
2025-05-15 23:58:00,103743.5859375
2025-05-16 00:00:00,103752.484375
2025-05-16 00:02:00,103714.421875
2025-05-16 00:03:00,103779.4453125
2025-05-16 00:04:00,103783.1328125
2025-05-16 00:05:00,103825.4140625
2025-05-16 00:07:00,103780.96875
2025-05-16 00:08:00,103792.7265625
2025-05-16 00:09:00,103840.296875
2025-05-16 00:10:00,103793.40625
2025-05-16 00:12:00,103853.2109375
2025-05-16 00:13:00,103855.0859375
2025-05-16 00:14:00,103859.375
2025-05-16 00:15:00,103896.2578125
2025-05-16 00:16:00,103898.5625
2025-05-16 00:17:00,103873.140625
2025-05-16 00:18:00,103916.265625
2025-05-16 00:19:00,103909.40625
2025-05-16 00:20:00,103927.1328125
2025-05-16 00:22:00,103922.1484375
2025-05-16 00:24:00,103874.3515625
2025-05-16 00:25:00,103883.1640625
2025-05-16 00:26:00,103847.3359375
2025-05-16 00:27:00,103858.6328125
2025-05-16 00:28:00,103830.8203125
2025-05-16 00:29:00,103785.6640625
2025-05-16 00:30:00,103782.6640625
2025-05-16 00:32:00,103846.046875
2025-05-16 00:33:00,103936.3828125
2025-05-16 00:34:00,103946.0078125
2025-05-16 00:35:00,103957.515625
2025-05-16 00:37:00,104001.734375
2025-05-16 00:38:00,103977.7265625
2025-05-16 00:39:00,103955.5078125
2025-05-16 00:40:00,103942.6640625
2025-05-16 00:42:00,103998.4296875
2025-05-16 00:43:00,103964.8984375
2025-05-16 00:44:00,103958.4296875
2025-05-16 00:45:00,103953.3671875
2025-05-16 00:46:00,103978.328125
2025-05-16 00:47:00,103922.4375
2025-05-16 00:48:00,103927.609375
2025-05-16 00:49:00,103938.9609375
2025-05-16 00:50:00,103849.953125
2025-05-16 00:51:00,103823.78125
2025-05-16 00:52:00,103823.2421875
2025-05-16 00:53:00,103710.125
2025-05-16 00:54:00,103713.3828125
2025-05-16 00:55:00,103714.625
2025-05-16 00:56:00,103702.796875
2025-05-16 00:57:00,103710.7734375
2025-05-16 00:58:00,103734.8046875
2025-05-16 00:59:00,103732.1640625
2025-05-16 01:00:00,103747.3203125
2025-05-16 01:02:00,103780.265625
2025-05-16 01:03:00,103726.359375
2025-05-16 01:04:00,103639.1328125
2025-05-16 01:05:00,103618.03125
2025-05-16 01:06:00,103644.9921875
2025-05-16 01:07:00,103603.84375
2025-05-16 01:08:00,103545.796875
2025-05-16 01:09:00,103554.6640625
2025-05-16 01:10:00,103633.4609375
2025-05-16 01:12:00,103743.4453125
2025-05-16 01:13:00,103724.40625
2025-05-16 01:14:00,103692.8515625
2025-05-16 01:15:00,103667.6171875
2025-05-16 01:16:00,103664.890625
2025-05-16 01:17:00,103592.8359375
2025-05-16 01:19:00,103517.1484375
2025-05-16 01:20:00,103496.921875
2025-05-16 01:22:00,103552.265625
2025-05-16 01:23:00,103545.8515625
2025-05-16 01:24:00,103527.5078125
2025-05-16 01:25:00,103541.796875
2025-05-16 01:26:00,103552.4921875
2025-05-16 01:27:00,103623.90625
2025-05-16 01:28:00,103735.4765625
2025-05-16 01:29:00,103760.9453125
2025-05-16 01:30:00,103772.0703125
2025-05-16 01:31:00,103792.0703125
2025-05-16 01:32:00,103792.1171875
2025-05-16 01:33:00,103834.03125
2025-05-16 01:34:00,103873.203125
2025-05-16 01:35:00,103954.2890625
2025-05-16 01:36:00,104050.78125
2025-05-16 01:37:00,104050.28125
2025-05-16 01:38:00,104018.046875
2025-05-16 01:39:00,104056.6640625
2025-05-16 01:40:00,104067.109375
2025-05-16 01:42:00,104049.2734375
2025-05-16 01:43:00,104051.46875
2025-05-16 01:44:00,104047.609375
2025-05-16 01:45:00,104062.0625
2025-05-16 01:47:00,103998.8203125
2025-05-16 01:48:00,103988.28125
2025-05-16 01:49:00,103971.2890625
2025-05-16 01:50:00,103980.9140625
2025-05-16 01:51:00,103989.1953125
2025-05-16 01:52:00,103981.703125
2025-05-16 01:53:00,103980.875
2025-05-16 01:54:00,103958.390625
2025-05-16 01:55:00,103990.1875
2025-05-16 01:56:00,104003.3515625
2025-05-16 01:57:00,104062.5625
2025-05-16 01:58:00,104029.140625
2025-05-16 01:59:00,104028.8984375
2025-05-16 02:00:00,104057.6953125
2025-05-16 02:01:00,104217.25
2025-05-16 02:02:00,104227.8984375
2025-05-16 02:03:00,104214.765625
2025-05-16 02:04:00,104234.7734375
2025-05-16 02:05:00,104283.546875
2025-05-16 02:07:00,104309.265625
2025-05-16 02:08:00,104278.015625
2025-05-16 02:09:00,104233.4765625
2025-05-16 02:10:00,104204.1328125
2025-05-16 02:12:00,104212.59375
2025-05-16 02:13:00,104219.8515625
2025-05-16 02:14:00,104280.5
2025-05-16 02:15:00,104262.328125
2025-05-16 02:17:00,104258.5546875
2025-05-16 02:18:00,104205.65625
2025-05-16 02:19:00,104115.4453125
2025-05-16 02:20:00,104001.953125
2025-05-16 02:21:00,103955.4296875
2025-05-16 02:23:00,104024.4609375
2025-05-16 02:24:00,104219.09375
2025-05-16 02:25:00,104238.203125
2025-05-16 02:27:00,104308.1640625
2025-05-16 02:28:00,104279.46875
2025-05-16 02:29:00,104270.96875
2025-05-16 02:31:00,104321.546875
2025-05-16 02:32:00,104327.7109375
2025-05-16 02:33:00,104338.71875
2025-05-16 02:34:00,104324.4921875
2025-05-16 02:35:00,104350.6640625
2025-05-16 02:36:00,104339.09375
2025-05-16 02:37:00,104416.515625
2025-05-16 02:38:00,104401.015625
2025-05-16 02:39:00,104346.015625
2025-05-16 02:40:00,104311.09375
2025-05-16 02:41:00,104322.8515625
2025-05-16 02:42:00,104309.546875
2025-05-16 02:43:00,104241.4765625
2025-05-16 02:44:00,104192.3984375
2025-05-16 02:45:00,104170.515625
2025-05-16 02:46:00,104154.796875
2025-05-16 02:47:00,104156.0
2025-05-16 02:48:00,104158.1953125
2025-05-16 02:49:00,104161.3828125
2025-05-16 02:51:00,104148.1015625
2025-05-16 02:52:00,104104.84375
2025-05-16 02:53:00,104163.0546875
2025-05-16 02:54:00,104167.0234375
2025-05-16 02:55:00,104212.8125
2025-05-16 02:56:00,104197.5234375
2025-05-16 02:57:00,104192.4453125
2025-05-16 02:58:00,104207.1953125
2025-05-16 02:59:00,104182.0
2025-05-16 03:00:00,104183.0234375
2025-05-16 03:02:00,104198.2265625
2025-05-16 03:03:00,104186.328125
2025-05-16 03:04:00,104214.109375
2025-05-16 03:05:00,104183.2265625
2025-05-16 03:06:00,104101.4609375
2025-05-16 03:07:00,104113.640625
2025-05-16 03:08:00,104085.6796875
2025-05-16 03:09:00,104078.984375
2025-05-16 03:11:00,104070.734375
2025-05-16 03:12:00,104095.84375
2025-05-16 03:13:00,104095.1875
2025-05-16 03:14:00,104103.1171875
2025-05-16 03:15:00,104112.203125
2025-05-16 03:16:00,104128.4296875
2025-05-16 03:17:00,104086.453125
2025-05-16 03:18:00,104074.4609375
2025-05-16 03:19:00,104090.765625
2025-05-16 03:20:00,104093.1875
2025-05-16 03:21:00,104121.1171875
2025-05-16 03:22:00,104150.640625
2025-05-16 03:23:00,104121.96875
2025-05-16 03:24:00,104137.96875
2025-05-16 03:25:00,104190.1171875
2025-05-16 03:26:00,104270.5
2025-05-16 03:27:00,104296.9765625
2025-05-16 03:28:00,104278.734375
2025-05-16 03:29:00,104266.515625
2025-05-16 03:31:00,104253.9296875
2025-05-16 03:32:00,104242.3984375
2025-05-16 03:33:00,104269.0703125
2025-05-16 03:34:00,104309.265625
2025-05-16 03:35:00,104254.6484375
2025-05-16 03:36:00,104170.015625
2025-05-16 03:37:00,104178.875
2025-05-16 03:38:00,104185.0078125
2025-05-16 03:39:00,104119.015625
2025-05-16 03:40:00,104118.8515625
2025-05-16 03:41:00,104106.90625
2025-05-16 03:43:00,104107.453125
2025-05-16 03:44:00,104064.9140625
2025-05-16 03:45:00,104056.8671875
2025-05-16 03:46:00,104053.6484375
2025-05-16 03:47:00,104090.59375
2025-05-16 03:48:00,104068.7265625
2025-05-16 03:49:00,104087.453125
2025-05-16 03:51:00,104088.25
2025-05-16 03:52:00,104114.125
2025-05-16 03:53:00,104096.0078125
2025-05-16 03:54:00,104088.5234375
2025-05-16 03:55:00,104089.5625
2025-05-16 03:56:00,104063.84375
2025-05-16 03:57:00,104045.140625
2025-05-16 03:58:00,104037.5546875
2025-05-16 03:59:00,104033.7421875
2025-05-16 04:00:00,104041.1328125
2025-05-16 04:01:00,104069.3359375
2025-05-16 04:02:00,104097.234375
2025-05-16 04:03:00,104114.1875
2025-05-16 04:04:00,104125.203125
2025-05-16 04:05:00,104144.953125
2025-05-16 04:06:00,104173.21875
2025-05-16 04:07:00,104178.3046875
2025-05-16 04:08:00,104170.40625
2025-05-16 04:09:00,104159.5703125
2025-05-16 04:10:00,104137.09375
2025-05-16 04:12:00,104069.9375
2025-05-16 04:13:00,104050.3125
2025-05-16 04:14:00,104061.7265625
2025-05-16 04:15:00,104069.203125
2025-05-16 04:16:00,104051.21875
2025-05-16 04:17:00,104007.890625
2025-05-16 04:19:00,103987.75
2025-05-16 04:20:00,103991.1484375
2025-05-16 04:22:00,103972.015625
2025-05-16 04:23:00,103971.375
2025-05-16 04:24:00,103941.0390625
2025-05-16 04:25:00,103955.8359375
2025-05-16 04:26:00,103954.203125
2025-05-16 04:27:00,103954.78125
2025-05-16 04:28:00,103941.6953125
2025-05-16 04:29:00,103947.3671875
2025-05-16 04:30:00,103944.8828125
2025-05-16 04:31:00,103949.625
2025-05-16 04:32:00,103948.234375
2025-05-16 04:34:00,103942.21875
2025-05-16 04:35:00,103939.28125
2025-05-16 04:36:00,103941.75
2025-05-16 04:37:00,103953.2109375
2025-05-16 04:38:00,103967.8984375
2025-05-16 04:39:00,103941.296875
2025-05-16 04:40:00,103928.4921875
2025-05-16 04:41:00,103888.4140625
2025-05-16 04:42:00,103870.3828125
2025-05-16 04:43:00,103870.578125
2025-05-16 04:44:00,103834.359375
2025-05-16 04:45:00,103860.96875
2025-05-16 04:46:00,103890.3203125
2025-05-16 04:47:00,103917.9296875
2025-05-16 04:48:00,103869.203125
2025-05-16 04:49:00,103842.25
2025-05-16 04:50:00,103857.640625
2025-05-16 04:51:00,103870.7109375
2025-05-16 04:52:00,103881.875
2025-05-16 04:53:00,103896.0078125
2025-05-16 04:54:00,103892.9140625
2025-05-16 04:55:00,103913.1484375
2025-05-16 04:56:00,103915.75
2025-05-16 04:57:00,103932.6796875
2025-05-16 04:58:00,103911.84375
2025-05-16 04:59:00,103916.515625
2025-05-16 05:00:00,103922.8828125
2025-05-16 05:02:00,103962.0625
2025-05-16 05:03:00,103960.7890625
2025-05-16 05:04:00,103958.3125
2025-05-16 05:05:00,103962.0078125
2025-05-16 05:06:00,103958.921875
2025-05-16 05:07:00,103966.953125
2025-05-16 05:08:00,103972.09375
2025-05-16 05:09:00,103949.484375
2025-05-16 05:11:00,104004.765625
2025-05-16 05:12:00,103976.25
2025-05-16 05:13:00,103972.2578125
2025-05-16 05:14:00,103976.234375
2025-05-16 05:15:00,103983.5390625
2025-05-16 05:16:00,103985.734375
2025-05-16 05:17:00,104000.859375
2025-05-16 05:18:00,104006.2421875
2025-05-16 05:19:00,104022.2734375
2025-05-16 05:20:00,104027.671875
2025-05-16 05:21:00,104061.703125
2025-05-16 05:22:00,104115.9609375
2025-05-16 05:23:00,104120.484375
2025-05-16 05:24:00,104136.6796875
2025-05-16 05:25:00,104135.3984375
2025-05-16 05:26:00,104122.890625
2025-05-16 05:27:00,104083.3984375
2025-05-16 05:28:00,104060.7421875
2025-05-16 05:29:00,104053.1953125
2025-05-16 05:31:00,104018.984375
2025-05-16 05:32:00,103999.546875
2025-05-16 05:33:00,103986.296875
2025-05-16 05:34:00,103950.7890625
2025-05-16 05:35:00,103939.7109375
2025-05-16 05:36:00,103919.21875
2025-05-16 05:37:00,103930.09375
2025-05-16 05:38:00,103926.9765625
2025-05-16 05:39:00,103873.4921875
2025-05-16 05:40:00,103880.1484375
2025-05-16 05:41:00,103879.34375
2025-05-16 05:43:00,103920.078125
2025-05-16 05:44:00,103944.5390625
2025-05-16 05:45:00,103978.9765625
2025-05-16 05:46:00,104033.46875
2025-05-16 05:47:00,104030.203125
2025-05-16 05:48:00,104025.953125
2025-05-16 05:49:00,104020.28125
2025-05-16 05:50:00,104019.2265625
2025-05-16 05:51:00,104002.8671875
2025-05-16 05:52:00,103997.7890625
2025-05-16 05:53:00,103986.015625
2025-05-16 05:54:00,103987.65625
2025-05-16 05:55:00,103975.890625
2025-05-16 05:56:00,103960.1015625
2025-05-16 05:57:00,103992.4140625
2025-05-16 05:58:00,103933.828125
2025-05-16 05:59:00,103933.5
2025-05-16 06:00:00,103919.4375
2025-05-16 06:01:00,103932.0546875
2025-05-16 06:02:00,103957.6484375
2025-05-16 06:03:00,103916.75
2025-05-16 06:04:00,103998.5859375
2025-05-16 06:05:00,103957.9765625
2025-05-16 06:07:00,103921.7890625
2025-05-16 06:08:00,103941.4375
2025-05-16 06:09:00,103968.5
2025-05-16 06:10:00,103953.953125
2025-05-16 06:12:00,103939.4296875
2025-05-16 06:13:00,103972.109375
2025-05-16 06:14:00,103948.3359375
2025-05-16 06:15:00,103930.875
2025-05-16 06:16:00,103949.0390625
2025-05-16 06:17:00,104014.8046875
2025-05-16 06:18:00,103966.078125
2025-05-16 06:19:00,104004.3671875
2025-05-16 06:20:00,104001.296875
2025-05-16 06:21:00,104019.4296875
2025-05-16 06:22:00,103991.328125
2025-05-16 06:23:00,103974.609375
2025-05-16 06:24:00,104000.6015625
2025-05-16 06:25:00,104001.15625
2025-05-16 06:26:00,103976.6640625
2025-05-16 06:27:00,103992.890625
2025-05-16 06:28:00,104003.359375
2025-05-16 06:29:00,103976.0625
2025-05-16 06:30:00,103978.4765625
2025-05-16 06:31:00,103983.59375
2025-05-16 06:32:00,104041.0703125
2025-05-16 06:33:00,104055.0546875
2025-05-16 06:34:00,104046.8515625
2025-05-16 06:35:00,104060.1328125
2025-05-16 06:36:00,104009.5
2025-05-16 06:37:00,103987.3203125
2025-05-16 06:38:00,103983.4296875
2025-05-16 06:39:00,104002.0546875
2025-05-16 06:40:00,103994.390625
2025-05-16 06:41:00,103990.96875
2025-05-16 06:42:00,104011.1484375
2025-05-16 06:43:00,104011.484375
2025-05-16 06:44:00,104021.046875
2025-05-16 06:45:00,104011.890625
2025-05-16 06:46:00,103998.8125
2025-05-16 06:47:00,104036.828125
2025-05-16 06:49:00,104069.171875
2025-05-16 06:50:00,104092.21875
2025-05-16 06:51:00,104052.9765625
2025-05-16 06:52:00,104028.7578125
2025-05-16 06:53:00,104018.5390625
2025-05-16 06:54:00,104010.3046875
2025-05-16 06:55:00,104007.5234375
2025-05-16 06:56:00,104005.453125
2025-05-16 06:57:00,104002.140625
2025-05-16 06:58:00,103983.875
2025-05-16 06:59:00,103987.6796875
2025-05-16 07:00:00,103987.140625
2025-05-16 07:02:00,103900.8515625
2025-05-16 07:03:00,103884.09375
2025-05-16 07:04:00,103899.1640625
2025-05-16 07:05:00,103928.2734375
2025-05-16 07:06:00,103973.90625
2025-05-16 07:07:00,103946.390625
2025-05-16 07:08:00,103938.71875
2025-05-16 07:09:00,103905.5
2025-05-16 07:10:00,103899.171875
2025-05-16 07:11:00,103920.3359375
2025-05-16 07:12:00,103921.1953125
2025-05-16 07:13:00,103947.3984375
2025-05-16 07:14:00,103957.2265625
2025-05-16 07:15:00,103984.8515625
2025-05-16 07:16:00,103977.4375
2025-05-16 07:17:00,103975.96875
2025-05-16 07:18:00,103979.609375
2025-05-16 07:19:00,104047.0078125
2025-05-16 07:20:00,104039.4765625
2025-05-16 07:21:00,104091.2421875
2025-05-16 07:22:00,104117.2578125
2025-05-16 07:23:00,104147.015625
2025-05-16 07:24:00,104100.9609375
2025-05-16 07:25:00,104091.484375
2025-05-16 07:26:00,104102.6796875
2025-05-16 07:27:00,104091.2890625
2025-05-16 07:28:00,104094.046875
2025-05-16 07:29:00,104100.640625
2025-05-16 07:30:00,104100.4296875
2025-05-16 07:31:00,104041.125
2025-05-16 07:32:00,103996.0234375
2025-05-16 07:33:00,103993.3828125
2025-05-16 07:34:00,103960.7578125
2025-05-16 07:35:00,103949.03125
2025-05-16 07:36:00,103933.3515625
2025-05-16 07:37:00,103924.828125
2025-05-16 07:38:00,103937.3359375
2025-05-16 07:39:00,103919.90625
2025-05-16 07:40:00,103895.3203125
2025-05-16 07:41:00,103881.8515625
2025-05-16 07:42:00,103875.78125
2025-05-16 07:43:00,103836.8515625
2025-05-16 07:44:00,103830.765625
2025-05-16 07:45:00,103833.109375
2025-05-16 07:46:00,103850.1875
2025-05-16 07:47:00,103859.1015625
2025-05-16 07:48:00,103855.546875
2025-05-16 07:49:00,103849.3828125
2025-05-16 07:51:00,103846.59375
2025-05-16 07:52:00,103765.0234375
2025-05-16 07:53:00,103768.671875
2025-05-16 07:54:00,103782.3125
2025-05-16 07:55:00,103791.578125
2025-05-16 07:56:00,103768.4921875
2025-05-16 07:57:00,103767.8984375
2025-05-16 07:58:00,103763.3046875
2025-05-16 07:59:00,103732.0546875
2025-05-16 08:00:00,103741.125
2025-05-16 08:01:00,103753.7734375
2025-05-16 08:02:00,103692.2421875
2025-05-16 08:03:00,103664.5546875
2025-05-16 08:04:00,103628.890625
2025-05-16 08:05:00,103575.703125
2025-05-16 08:06:00,103594.296875
2025-05-16 08:07:00,103580.7265625
2025-05-16 08:08:00,103587.7890625
2025-05-16 08:09:00,103598.0
2025-05-16 08:10:00,103607.1171875
2025-05-16 08:12:00,103540.03125
2025-05-16 08:13:00,103549.078125
2025-05-16 08:14:00,103558.203125
2025-05-16 08:15:00,103513.5234375
2025-05-16 08:16:00,103442.6328125
2025-05-16 08:17:00,103386.6015625
2025-05-16 08:18:00,103365.4140625
2025-05-16 08:20:00,103387.234375
2025-05-16 08:22:00,103281.4375
2025-05-16 08:23:00,103261.3984375
2025-05-16 08:24:00,103241.953125
2025-05-16 08:25:00,103137.4765625
2025-05-16 08:26:00,103163.8203125
2025-05-16 08:27:00,103148.0625
2025-05-16 08:28:00,103207.6640625
2025-05-16 08:29:00,103212.875
2025-05-16 08:30:00,103234.0390625
2025-05-16 08:31:00,103267.9140625
2025-05-16 08:32:00,103281.7265625
2025-05-16 08:33:00,103291.671875
2025-05-16 08:34:00,103309.6796875
2025-05-16 08:35:00,103308.3671875
2025-05-16 08:36:00,103309.8046875
2025-05-16 08:37:00,103310.3359375
2025-05-16 08:39:00,103241.3359375
2025-05-16 08:40:00,103237.5546875
2025-05-16 08:41:00,103231.546875
2025-05-16 08:42:00,103245.8515625
2025-05-16 08:43:00,103312.03125
2025-05-16 08:44:00,103323.0234375
2025-05-16 08:45:00,103319.7265625
2025-05-16 08:46:00,103332.296875
2025-05-16 08:47:00,103330.8984375
2025-05-16 08:48:00,103303.90625
2025-05-16 08:49:00,103314.7890625
2025-05-16 08:50:00,103289.7734375
2025-05-16 08:51:00,103290.703125
2025-05-16 08:52:00,103319.796875
2025-05-16 08:53:00,103373.140625
2025-05-16 08:54:00,103424.015625
2025-05-16 08:55:00,103452.21875
2025-05-16 08:56:00,103446.2734375
2025-05-16 08:57:00,103436.1875
2025-05-16 08:58:00,103423.984375
2025-05-16 08:59:00,103421.015625
2025-05-16 09:00:00,103417.59375
2025-05-16 09:02:00,103423.578125
2025-05-16 09:03:00,103448.2734375
2025-05-16 09:04:00,103485.625
2025-05-16 09:05:00,103513.609375
2025-05-16 09:06:00,103537.5546875
2025-05-16 09:08:00,103601.96875
2025-05-16 09:09:00,103608.046875
2025-05-16 09:10:00,103632.9140625
2025-05-16 09:11:00,103619.78125
2025-05-16 09:12:00,103648.640625
2025-05-16 09:13:00,103639.0
2025-05-16 09:14:00,103602.5078125
2025-05-16 09:15:00,103617.125
2025-05-16 09:16:00,103607.9453125
2025-05-16 09:17:00,103588.7109375
2025-05-16 09:18:00,103602.140625
2025-05-16 09:19:00,103603.40625
2025-05-16 09:20:00,103603.2109375
2025-05-16 09:21:00,103606.234375
2025-05-16 09:22:00,103697.0625
2025-05-16 09:23:00,103699.9140625
2025-05-16 09:24:00,103710.515625
2025-05-16 09:25:00,103717.6328125
2025-05-16 09:26:00,103698.484375
2025-05-16 09:27:00,103733.9921875
2025-05-16 09:28:00,103764.484375
2025-05-16 09:29:00,103748.9765625
2025-05-16 09:31:00,103724.109375
2025-05-16 09:32:00,103762.6796875
2025-05-16 09:33:00,103765.8671875
2025-05-16 09:34:00,103762.7734375
2025-05-16 09:35:00,103734.3203125
2025-05-16 09:36:00,103674.4765625
2025-05-16 09:37:00,103656.1640625
2025-05-16 09:38:00,103646.421875
2025-05-16 09:39:00,103650.0234375
2025-05-16 09:41:00,103750.0078125
2025-05-16 09:42:00,103759.71875
2025-05-16 09:43:00,103731.6171875
2025-05-16 09:44:00,103727.9140625
2025-05-16 09:45:00,103692.171875
2025-05-16 09:46:00,103711.515625
2025-05-16 09:47:00,103723.71875
2025-05-16 09:48:00,103757.6953125
2025-05-16 09:49:00,103754.7265625
2025-05-16 09:50:00,103749.4921875
2025-05-16 09:51:00,103732.5390625
2025-05-16 09:52:00,103729.3125
2025-05-16 09:54:00,103718.59375
2025-05-16 09:55:00,103757.6796875
2025-05-16 09:56:00,103797.5234375
2025-05-16 09:57:00,103798.7109375
2025-05-16 09:58:00,103799.9453125
2025-05-16 09:59:00,103808.6953125
2025-05-16 10:00:00,103805.5078125
2025-05-16 10:01:00,103813.90625
2025-05-16 10:02:00,103807.4609375
2025-05-16 10:03:00,103792.7109375
2025-05-16 10:04:00,103783.3671875
2025-05-16 10:05:00,103753.0390625
2025-05-16 10:07:00,103712.609375
2025-05-16 10:08:00,103681.6171875
2025-05-16 10:09:00,103674.609375
2025-05-16 10:10:00,103674.765625
2025-05-16 10:11:00,103689.0625
2025-05-16 10:12:00,103786.3046875
2025-05-16 10:13:00,103861.484375
2025-05-16 10:14:00,103816.9765625
2025-05-16 10:15:00,103811.8984375
2025-05-16 10:16:00,103828.7265625
2025-05-16 10:17:00,103849.59375
2025-05-16 10:18:00,103821.203125
2025-05-16 10:19:00,103814.921875
2025-05-16 10:20:00,103809.6640625
2025-05-16 10:21:00,103796.59375
2025-05-16 10:22:00,103785.953125
2025-05-16 10:23:00,103790.46875
2025-05-16 10:24:00,103785.96875
2025-05-16 10:25:00,103768.65625
2025-05-16 10:26:00,103784.9921875
2025-05-16 10:27:00,103752.6171875
2025-05-16 10:28:00,103753.984375
2025-05-16 10:29:00,103756.7421875
2025-05-16 10:30:00,103748.1953125
2025-05-16 10:31:00,103770.4765625
2025-05-16 10:32:00,103760.140625
2025-05-16 10:33:00,103781.4375
2025-05-16 10:34:00,103788.53125
2025-05-16 10:35:00,103820.859375
2025-05-16 10:36:00,103819.9921875
2025-05-16 10:37:00,103827.7265625
2025-05-16 10:38:00,103831.21875
2025-05-16 10:39:00,103812.78125
2025-05-16 10:40:00,103837.890625
2025-05-16 10:41:00,103816.28125
2025-05-16 10:42:00,103796.9765625
2025-05-16 10:44:00,103804.4609375
2025-05-16 10:45:00,103787.3515625
2025-05-16 10:46:00,103805.9140625
2025-05-16 10:47:00,103833.375
2025-05-16 10:48:00,103840.1484375
2025-05-16 10:50:00,103819.3359375
2025-05-16 10:51:00,103816.2578125
2025-05-16 10:52:00,103806.859375
2025-05-16 10:53:00,103804.90625
2025-05-16 10:54:00,103820.1015625
2025-05-16 10:55:00,103833.6796875
2025-05-16 10:56:00,103840.03125
2025-05-16 10:57:00,103854.8125
2025-05-16 10:58:00,103881.8984375
2025-05-16 10:59:00,103857.40625
2025-05-16 11:00:00,103851.25
2025-05-16 11:01:00,103842.84375
2025-05-16 11:02:00,103832.140625
2025-05-16 11:03:00,103863.6484375
2025-05-16 11:04:00,103879.0
2025-05-16 11:05:00,103883.46875
2025-05-16 11:06:00,103887.6796875
2025-05-16 11:07:00,103789.609375
2025-05-16 11:08:00,103796.1015625
2025-05-16 11:09:00,103774.9375
2025-05-16 11:10:00,103781.2109375
2025-05-16 11:11:00,103792.03125
2025-05-16 11:12:00,103816.6640625
2025-05-16 11:13:00,103815.8359375
2025-05-16 11:14:00,103821.921875
2025-05-16 11:15:00,103800.4296875
2025-05-16 11:16:00,103763.2890625
2025-05-16 11:17:00,103777.96875
2025-05-16 11:18:00,103797.0078125
2025-05-16 11:19:00,103779.0859375
2025-05-16 11:20:00,103800.7109375
2025-05-16 11:21:00,103791.6796875
2025-05-16 11:22:00,103901.8359375
2025-05-16 11:23:00,103839.890625
2025-05-16 11:24:00,103760.875
2025-05-16 11:25:00,103696.7109375
2025-05-16 11:26:00,103628.84375
2025-05-16 11:27:00,103671.1796875
2025-05-16 11:28:00,103652.765625
2025-05-16 11:29:00,103675.859375
2025-05-16 11:31:00,103654.40625
2025-05-16 11:32:00,103611.890625
2025-05-16 11:33:00,103646.2890625
2025-05-16 11:34:00,103724.3984375
2025-05-16 11:35:00,103745.703125
2025-05-16 11:36:00,103701.6640625
2025-05-16 11:37:00,103699.0234375
2025-05-16 11:38:00,103698.3359375
2025-05-16 11:39:00,103712.28125
2025-05-16 11:41:00,103705.3203125
2025-05-16 11:42:00,103678.515625
2025-05-16 11:43:00,103632.0078125
2025-05-16 11:44:00,103622.4140625
2025-05-16 11:45:00,103621.4375
2025-05-16 11:46:00,103603.8203125
2025-05-16 11:47:00,103611.21875
2025-05-16 11:48:00,103616.0078125
2025-05-16 11:49:00,103629.40625
2025-05-16 11:50:00,103676.84375
2025-05-16 11:52:00,103705.578125
2025-05-16 11:53:00,103709.3828125
2025-05-16 11:54:00,103703.46875
2025-05-16 11:55:00,103709.0859375
2025-05-16 11:56:00,103681.9921875
2025-05-16 11:57:00,103661.3046875
2025-05-16 11:58:00,103659.2265625
2025-05-16 11:59:00,103676.6640625
2025-05-16 12:01:00,103665.6171875
2025-05-16 12:02:00,103630.5703125
2025-05-16 12:03:00,103627.84375
2025-05-16 12:04:00,103664.8046875
2025-05-16 12:05:00,103674.421875
2025-05-16 12:06:00,103715.703125
2025-05-16 12:07:00,103728.8671875
2025-05-16 12:08:00,103772.421875
2025-05-16 12:09:00,103757.1484375
2025-05-16 12:10:00,103778.890625
2025-05-16 12:12:00,103777.1328125
2025-05-16 12:13:00,103757.8125
2025-05-16 12:14:00,103730.875
2025-05-16 12:15:00,103747.3046875
2025-05-16 12:16:00,103690.703125
2025-05-16 12:17:00,103678.5625
2025-05-16 12:18:00,103662.625
2025-05-16 12:19:00,103680.9921875
2025-05-16 12:20:00,103705.4296875
2025-05-16 12:21:00,103715.84375
2025-05-16 12:22:00,103709.3203125
2025-05-16 12:23:00,103656.734375
2025-05-16 12:24:00,103604.4609375
2025-05-16 12:25:00,103609.9921875
2025-05-16 12:26:00,103586.59375
2025-05-16 12:27:00,103678.9453125
2025-05-16 12:28:00,103681.75
2025-05-16 12:30:00,103652.8359375
2025-05-16 12:32:00,103654.234375
2025-05-16 12:33:00,103653.0078125
2025-05-16 12:34:00,103643.4453125
2025-05-16 12:35:00,103655.40625
2025-05-16 12:36:00,103736.2421875
2025-05-16 12:37:00,103709.2578125
2025-05-16 12:38:00,103670.0546875
2025-05-16 12:39:00,103608.625
2025-05-16 12:40:00,103618.90625
2025-05-16 12:41:00,103627.234375
2025-05-16 12:42:00,103629.34375
2025-05-16 12:43:00,103690.09375
2025-05-16 12:44:00,103655.546875
2025-05-16 12:45:00,103654.0625
2025-05-16 12:46:00,103654.0625
2025-05-16 12:47:00,103623.796875
2025-05-16 12:48:00,103633.8359375
2025-05-16 12:49:00,103640.0703125
2025-05-16 12:50:00,103678.4140625
2025-05-16 12:52:00,103664.53125
2025-05-16 12:53:00,103657.1171875
2025-05-16 12:55:00,103608.84375
2025-05-16 12:56:00,103614.28125
2025-05-16 12:57:00,103572.6875
2025-05-16 12:58:00,103565.0234375
2025-05-16 12:59:00,103547.796875
2025-05-16 13:00:00,103558.6796875
2025-05-16 13:01:00,103520.515625
2025-05-16 13:02:00,103549.2265625
2025-05-16 13:03:00,103564.8984375
2025-05-16 13:04:00,103560.46875
2025-05-16 13:05:00,103578.7734375
2025-05-16 13:06:00,103607.3046875
2025-05-16 13:07:00,103598.828125
2025-05-16 13:08:00,103661.7265625
2025-05-16 13:09:00,103662.9921875
2025-05-16 13:10:00,103656.578125
2025-05-16 13:11:00,103674.140625
2025-05-16 13:12:00,103666.359375
2025-05-16 13:13:00,103666.6484375
2025-05-16 13:14:00,103677.984375
2025-05-16 13:15:00,103659.7578125
2025-05-16 13:16:00,103645.4296875
2025-05-16 13:17:00,103649.75
2025-05-16 13:18:00,103657.140625
2025-05-16 13:19:00,103590.3671875
2025-05-16 13:20:00,103615.4140625
2025-05-16 13:21:00,103596.5703125
2025-05-16 13:22:00,103603.53125
2025-05-16 13:23:00,103621.2109375
2025-05-16 13:24:00,103672.7109375
2025-05-16 13:25:00,103660.8984375
2025-05-16 13:26:00,103580.03125
2025-05-16 13:27:00,103557.8515625
2025-05-16 13:28:00,103541.796875
2025-05-16 13:29:00,103526.8203125
2025-05-16 13:30:00,103539.5859375
2025-05-16 13:31:00,103525.1015625
2025-05-16 13:32:00,103500.09375
2025-05-16 13:33:00,103494.3046875
2025-05-16 13:34:00,103516.78125
2025-05-16 13:35:00,103618.375
2025-05-16 13:36:00,103747.8515625
2025-05-16 13:37:00,103734.328125
2025-05-16 13:38:00,103735.0
2025-05-16 13:39:00,103761.5234375
2025-05-16 13:40:00,103894.7421875
2025-05-16 13:42:00,103794.7890625
2025-05-16 13:43:00,103674.703125
2025-05-16 13:44:00,103666.171875
2025-05-16 13:45:00,103701.3828125
2025-05-16 13:46:00,103834.8046875
2025-05-16 13:47:00,103846.96875
2025-05-16 13:48:00,103859.5546875
2025-05-16 13:49:00,103881.4921875
2025-05-16 13:50:00,103882.734375
2025-05-16 13:52:00,103892.8515625
2025-05-16 13:53:00,103923.1015625
2025-05-16 13:54:00,103918.453125
2025-05-16 13:55:00,103924.2890625
2025-05-16 13:56:00,103990.5
2025-05-16 13:57:00,103990.4921875
2025-05-16 13:58:00,104056.1171875
2025-05-16 13:59:00,104081.1953125
2025-05-16 14:00:00,104028.296875
2025-05-16 14:01:00,103844.890625
2025-05-16 14:02:00,103851.546875
2025-05-16 14:03:00,103850.1640625
2025-05-16 14:04:00,103702.28125
2025-05-16 14:05:00,103782.2578125
2025-05-16 14:07:00,103646.4453125
2025-05-16 14:08:00,103690.3984375
2025-05-16 14:09:00,103638.3203125
2025-05-16 14:10:00,103637.3359375
2025-05-16 14:11:00,103661.9140625
2025-05-16 14:12:00,103632.375
2025-05-16 14:13:00,103577.21875
2025-05-16 14:14:00,103611.703125
2025-05-16 14:15:00,103656.0234375
2025-05-16 14:16:00,103695.46875
2025-05-16 14:17:00,103775.9609375
2025-05-16 14:18:00,103825.765625
2025-05-16 14:19:00,103825.9765625
2025-05-16 14:20:00,103824.6484375
2025-05-16 14:21:00,103794.078125
2025-05-16 14:22:00,103826.0625
2025-05-16 14:23:00,103858.96875
2025-05-16 14:24:00,103893.2890625
2025-05-16 14:25:00,103909.3984375
2025-05-16 14:26:00,103907.7578125
2025-05-16 14:27:00,103954.8984375
2025-05-16 14:28:00,103983.171875
2025-05-16 14:29:00,103929.421875
2025-05-16 14:30:00,103863.0390625
2025-05-16 14:31:00,103814.4609375
2025-05-16 14:32:00,103759.609375
2025-05-16 14:33:00,103787.4765625
2025-05-16 14:34:00,103780.7109375
2025-05-16 14:35:00,103713.8203125
2025-05-16 14:36:00,103699.7109375
2025-05-16 14:37:00,103699.1640625
2025-05-16 14:38:00,103698.421875
2025-05-16 14:39:00,103753.796875
2025-05-16 14:40:00,103655.265625
2025-05-16 14:42:00,103537.2265625
2025-05-16 14:43:00,103427.609375
2025-05-16 14:44:00,103454.5
2025-05-16 14:45:00,103396.75
2025-05-16 14:46:00,103420.921875
2025-05-16 14:47:00,103446.5546875
2025-05-16 14:48:00,103471.3046875
2025-05-16 14:49:00,103505.4921875
2025-05-16 14:50:00,103578.625
2025-05-16 14:51:00,103606.8984375
2025-05-16 14:53:00,103610.625
2025-05-16 14:54:00,103615.125
2025-05-16 14:55:00,103591.453125
2025-05-16 14:56:00,103613.1484375
2025-05-16 14:57:00,103587.421875
2025-05-16 14:58:00,103610.5625
2025-05-16 14:59:00,103583.4453125
2025-05-16 15:00:00,103604.6328125
2025-05-16 15:01:00,103663.546875
2025-05-16 15:02:00,103689.3359375
2025-05-16 15:03:00,103865.8046875
2025-05-16 15:04:00,103866.2421875
2025-05-16 15:05:00,104014.5546875
2025-05-16 15:06:00,104012.9609375
2025-05-16 15:07:00,104025.75
2025-05-16 15:08:00,104015.4296875
2025-05-16 15:09:00,104057.3984375
2025-05-16 15:10:00,104043.296875
2025-05-16 15:11:00,104135.4375
2025-05-16 15:13:00,104178.8203125
2025-05-16 15:14:00,104165.1484375
2025-05-16 15:15:00,104139.703125
2025-05-16 15:16:00,104139.0625
2025-05-16 15:17:00,104144.359375
2025-05-16 15:18:00,104036.6171875
2025-05-16 15:19:00,104028.5234375
2025-05-16 15:20:00,104011.5390625
2025-05-16 15:21:00,104009.0390625
2025-05-16 15:22:00,103980.6875
2025-05-16 15:23:00,103908.1953125
2025-05-16 15:24:00,103939.796875
2025-05-16 15:25:00,103891.546875
2025-05-16 15:26:00,103897.0625
2025-05-16 15:27:00,103912.671875
2025-05-16 15:28:00,103934.0703125
2025-05-16 15:29:00,103899.5234375
2025-05-16 15:30:00,103856.7578125
2025-05-16 15:32:00,103901.421875
2025-05-16 15:33:00,103949.125
2025-05-16 15:34:00,104009.7578125
2025-05-16 15:35:00,104047.6015625
2025-05-16 15:36:00,104054.46875
2025-05-16 15:37:00,104087.3515625
2025-05-16 15:38:00,104024.6640625
2025-05-16 15:39:00,103955.328125
2025-05-16 15:41:00,103954.3359375
2025-05-16 15:42:00,103955.3828125
2025-05-16 15:43:00,104003.3125
2025-05-16 15:44:00,104017.9296875
2025-05-16 15:45:00,104035.0625
2025-05-16 15:46:00,104006.4140625
2025-05-16 15:47:00,104003.3671875
2025-05-16 15:48:00,104026.453125
2025-05-16 15:49:00,104026.453125
2025-05-16 15:50:00,103960.0234375
2025-05-16 15:51:00,103987.96875
2025-05-16 15:52:00,103955.2421875
2025-05-16 15:54:00,103991.640625
2025-05-16 15:56:00,103997.2890625
2025-05-16 15:57:00,104001.6953125
2025-05-16 15:58:00,104049.0625
2025-05-16 15:59:00,104135.71875
2025-05-16 16:00:00,104173.96875
2025-05-16 16:01:00,104297.765625
2025-05-16 16:02:00,104367.5546875
2025-05-16 16:03:00,104391.4921875
2025-05-16 16:04:00,104444.640625
2025-05-16 16:05:00,104435.65625
2025-05-16 16:06:00,104485.3828125
2025-05-16 16:08:00,104424.2109375
2025-05-16 16:09:00,104413.109375
2025-05-16 16:10:00,104359.8203125
2025-05-16 16:11:00,104373.3203125
2025-05-16 16:12:00,104368.5390625
2025-05-16 16:13:00,104383.796875
2025-05-16 16:14:00,104359.7734375
2025-05-16 16:15:00,104328.1328125
2025-05-16 16:16:00,104374.3203125
2025-05-16 16:17:00,104392.3984375
2025-05-16 16:18:00,104289.0078125
2025-05-16 16:19:00,104195.328125
2025-05-16 16:20:00,104167.7578125
2025-05-16 16:22:00,104130.6796875
2025-05-16 16:23:00,104049.4296875
2025-05-16 16:24:00,104043.5625
2025-05-16 16:25:00,104023.96875
2025-05-16 16:26:00,104034.78125
2025-05-16 16:27:00,104038.34375
2025-05-16 16:28:00,104031.6171875
2025-05-16 16:29:00,104062.125
2025-05-16 16:31:00,104061.4140625
2025-05-16 16:32:00,104076.359375
2025-05-16 16:33:00,104046.703125
2025-05-16 16:34:00,103980.0234375
2025-05-16 16:35:00,103954.1953125
2025-05-16 16:36:00,103992.7734375
2025-05-16 16:37:00,103988.515625
2025-05-16 16:38:00,103921.265625
2025-05-16 16:39:00,103904.53125
2025-05-16 16:40:00,103908.53125
2025-05-16 16:41:00,103995.5625
2025-05-16 16:42:00,104009.71875
2025-05-16 16:43:00,103997.09375
2025-05-16 16:44:00,103994.21875
2025-05-16 16:45:00,104005.8671875
2025-05-16 16:46:00,104006.453125
2025-05-16 16:47:00,103991.5859375
2025-05-16 16:48:00,104036.0390625
2025-05-16 16:49:00,104047.1015625
2025-05-16 16:50:00,104073.4921875
2025-05-16 16:51:00,104035.6328125
2025-05-16 16:52:00,104042.9921875
2025-05-16 16:54:00,104202.609375
2025-05-16 16:55:00,104203.3984375
2025-05-16 16:56:00,104212.7578125
2025-05-16 16:57:00,104206.859375
2025-05-16 16:58:00,104212.3046875
2025-05-16 16:59:00,104216.53125
2025-05-16 17:00:00,104193.1328125
2025-05-16 17:01:00,104225.515625
2025-05-16 17:02:00,104238.671875
2025-05-16 17:03:00,104225.4765625
2025-05-16 17:04:00,104282.7578125
2025-05-16 17:05:00,104220.6171875
2025-05-16 17:06:00,104140.5390625
2025-05-16 17:07:00,104115.546875
2025-05-16 17:08:00,104062.546875
2025-05-16 17:09:00,104080.5234375
2025-05-16 17:10:00,104081.0234375
2025-05-16 17:11:00,104083.859375
2025-05-16 17:12:00,104067.9140625
2025-05-16 17:13:00,104126.796875
2025-05-16 17:14:00,104130.2890625
2025-05-16 17:15:00,104148.6796875
2025-05-16 17:16:00,104160.3984375
2025-05-16 17:18:00,104280.3203125
2025-05-16 17:19:00,104293.4140625
2025-05-16 17:20:00,104296.0859375
2025-05-16 17:21:00,104302.4609375
2025-05-16 17:23:00,104357.1875
2025-05-16 17:24:00,104349.03125
2025-05-16 17:25:00,104333.78125
2025-05-16 17:26:00,104380.15625
2025-05-16 17:27:00,104318.2890625
2025-05-16 17:28:00,104314.828125
2025-05-16 17:29:00,104282.9375
2025-05-16 17:31:00,104323.703125
2025-05-16 17:32:00,104321.7265625
2025-05-16 17:33:00,104217.4375
2025-05-16 17:34:00,104179.421875
2025-05-16 17:35:00,104136.21875
2025-05-16 17:36:00,104134.5390625
2025-05-16 17:37:00,104084.1328125
2025-05-16 17:38:00,104006.5703125
2025-05-16 17:39:00,103992.609375
2025-05-16 17:40:00,103993.84375
2025-05-16 17:41:00,103991.3359375
2025-05-16 17:42:00,103992.0
2025-05-16 17:43:00,104013.8515625
2025-05-16 17:44:00,103999.546875
2025-05-16 17:45:00,104033.1328125
2025-05-16 17:46:00,104045.4375
2025-05-16 17:47:00,104067.8671875
2025-05-16 17:48:00,104052.1328125
2025-05-16 17:49:00,104040.8671875
2025-05-16 17:50:00,104036.765625
2025-05-16 17:51:00,104001.9140625
2025-05-16 17:52:00,103980.4453125
2025-05-16 17:53:00,103963.609375
2025-05-16 17:54:00,103925.9921875
2025-05-16 17:55:00,103890.1015625
2025-05-16 17:56:00,103832.625
2025-05-16 17:57:00,103848.1171875
2025-05-16 17:58:00,103867.640625
2025-05-16 17:59:00,103865.796875
2025-05-16 18:00:00,103889.421875
2025-05-16 18:01:00,103875.3515625
2025-05-16 18:03:00,103929.1328125
2025-05-16 18:04:00,103911.8828125
2025-05-16 18:06:00,103961.984375
2025-05-16 18:07:00,103950.3125
2025-05-16 18:08:00,104024.5546875
2025-05-16 18:09:00,104042.2265625
2025-05-16 18:10:00,104056.984375
2025-05-16 18:11:00,104074.0703125
2025-05-16 18:12:00,104051.0078125
2025-05-16 18:13:00,104036.3203125
2025-05-16 18:14:00,104035.8984375
2025-05-16 18:15:00,104038.7578125
2025-05-16 18:16:00,104036.7734375
2025-05-16 18:17:00,104088.1640625
2025-05-16 18:18:00,104067.5390625
2025-05-16 18:20:00,103995.046875
2025-05-16 18:21:00,103970.7421875
2025-05-16 18:22:00,103986.0546875
2025-05-16 18:23:00,103997.921875
2025-05-16 18:24:00,104005.8671875
2025-05-16 18:25:00,103951.375
2025-05-16 18:26:00,103999.203125
2025-05-16 18:27:00,104003.96875
2025-05-16 18:28:00,103995.3984375
2025-05-16 18:29:00,103900.1875
2025-05-16 18:30:00,103896.7421875
2025-05-16 18:32:00,103870.21875
2025-05-16 18:33:00,103938.1484375
2025-05-16 18:34:00,104000.125
2025-05-16 18:35:00,104004.953125
2025-05-16 18:36:00,104014.046875
2025-05-16 18:37:00,104033.875
2025-05-16 18:38:00,104033.2734375
2025-05-16 18:39:00,104007.8203125
2025-05-16 18:40:00,104012.8671875
2025-05-16 18:41:00,103989.484375
2025-05-16 18:42:00,103966.9140625
2025-05-16 18:43:00,103906.8515625
2025-05-16 18:44:00,103880.1640625
2025-05-16 18:45:00,103865.9296875
2025-05-16 18:46:00,103867.6015625
2025-05-16 18:47:00,103861.4296875
2025-05-16 18:48:00,103859.984375
2025-05-16 18:49:00,103834.5
2025-05-16 18:50:00,103832.609375
2025-05-16 18:51:00,103804.8828125
2025-05-16 18:52:00,103825.671875
2025-05-16 18:54:00,103797.5078125
2025-05-16 18:55:00,103820.296875
2025-05-16 18:56:00,103772.5
2025-05-16 18:57:00,103746.234375
2025-05-16 18:58:00,103751.875
2025-05-16 18:59:00,103770.1484375
2025-05-16 19:00:00,103732.6328125
2025-05-16 19:01:00,103721.875
2025-05-16 19:02:00,103765.21875
2025-05-16 19:03:00,103802.7734375
2025-05-16 19:04:00,103734.796875
2025-05-16 19:05:00,103769.09375
2025-05-16 19:06:00,103782.4296875
2025-05-16 19:07:00,103793.8828125
2025-05-16 19:08:00,103774.8515625
2025-05-16 19:09:00,103753.0859375
2025-05-16 19:10:00,103756.796875
2025-05-16 19:11:00,103789.078125
2025-05-16 19:12:00,103787.6015625
2025-05-16 19:13:00,103778.828125
2025-05-16 19:14:00,103783.484375
2025-05-16 19:15:00,103750.9609375
2025-05-16 19:16:00,103746.6328125
2025-05-16 19:17:00,103716.375
2025-05-16 19:18:00,103672.1640625
2025-05-16 19:19:00,103680.203125
2025-05-16 19:20:00,103633.78125
2025-05-16 19:21:00,103632.7578125
2025-05-16 19:22:00,103632.828125
2025-05-16 19:23:00,103648.3125
2025-05-16 19:24:00,103652.5546875
2025-05-16 19:25:00,103628.8359375
2025-05-16 19:26:00,103638.4765625
2025-05-16 19:27:00,103618.0
2025-05-16 19:28:00,103647.296875
2025-05-16 19:29:00,103650.2734375
2025-05-16 19:30:00,103669.25
2025-05-16 19:31:00,103756.171875
2025-05-16 19:32:00,103770.984375
2025-05-16 19:33:00,103805.4609375
2025-05-16 19:34:00,103794.8046875
2025-05-16 19:35:00,103828.140625
2025-05-16 19:36:00,103838.546875
2025-05-16 19:37:00,103836.03125
2025-05-16 19:38:00,103811.0078125
2025-05-16 19:39:00,103817.6640625
2025-05-16 19:40:00,103812.4609375
2025-05-16 19:41:00,103803.671875
2025-05-16 19:42:00,103798.125
2025-05-16 19:43:00,103810.1484375
2025-05-16 19:44:00,103810.1875
2025-05-16 19:45:00,103801.359375
2025-05-16 19:46:00,103836.0078125
2025-05-16 19:47:00,103807.5703125
2025-05-16 19:48:00,103838.9375
2025-05-16 19:49:00,103843.03125
2025-05-16 19:50:00,103781.734375
2025-05-16 19:51:00,103800.59375
2025-05-16 19:52:00,103843.40625
2025-05-16 19:53:00,103828.984375
2025-05-16 19:54:00,103874.9375
2025-05-16 19:55:00,103924.34375
2025-05-16 19:56:00,103955.3046875
2025-05-16 19:57:00,103988.6328125
2025-05-16 19:58:00,104018.640625
2025-05-16 19:59:00,104017.1328125
2025-05-16 20:00:00,104021.8984375
2025-05-16 20:01:00,103955.1171875
2025-05-16 20:02:00,103959.40625
2025-05-16 20:03:00,103956.125
2025-05-16 20:04:00,103941.984375
2025-05-16 20:05:00,103901.1796875
2025-05-16 20:06:00,103889.2109375
2025-05-16 20:07:00,103940.1328125
2025-05-16 20:08:00,103995.828125
2025-05-16 20:09:00,104023.0390625
2025-05-16 20:10:00,103980.890625
2025-05-16 20:11:00,103975.2890625
2025-05-16 20:12:00,103982.125
2025-05-16 20:13:00,103947.15625
2025-05-16 20:14:00,103940.078125
2025-05-16 20:15:00,103938.578125
2025-05-16 20:16:00,103944.515625
2025-05-16 20:17:00,103930.109375
2025-05-16 20:18:00,103899.015625
2025-05-16 20:19:00,103898.6875
2025-05-16 20:20:00,103892.953125
2025-05-16 20:21:00,103890.3984375
2025-05-16 20:22:00,103901.25
2025-05-16 20:23:00,103882.328125
2025-05-16 20:24:00,103875.3046875
2025-05-16 20:25:00,103888.7578125
2025-05-16 20:26:00,103871.59375
2025-05-16 20:27:00,103879.2421875
2025-05-16 20:28:00,103891.2421875
2025-05-16 20:29:00,103898.9609375
2025-05-16 20:30:00,103911.296875
2025-05-16 20:31:00,103889.234375
2025-05-16 20:32:00,103845.5390625
2025-05-16 20:33:00,103722.5859375
2025-05-16 20:34:00,103728.59375
2025-05-16 20:35:00,103686.546875
2025-05-16 20:36:00,103670.2734375
2025-05-16 20:37:00,103623.6328125
2025-05-16 20:38:00,103586.8203125
2025-05-16 20:39:00,103602.84375
2025-05-16 20:40:00,103660.3125
2025-05-16 20:41:00,103658.03125
2025-05-16 20:42:00,103654.3671875
2025-05-16 20:43:00,103637.9296875
2025-05-16 20:44:00,103621.6640625
2025-05-16 20:45:00,103627.953125
2025-05-16 20:46:00,103606.9453125
2025-05-16 20:47:00,103555.984375
2025-05-16 20:48:00,103552.609375
2025-05-16 20:49:00,103559.6640625
2025-05-16 20:50:00,103575.046875
2025-05-16 20:51:00,103574.84375
2025-05-16 20:52:00,103581.890625
2025-05-16 20:53:00,103606.609375
2025-05-16 20:54:00,103602.8828125
2025-05-16 20:55:00,103608.7578125
2025-05-16 20:56:00,103556.734375
2025-05-16 20:57:00,103631.484375
2025-05-16 20:58:00,103582.71875
2025-05-16 20:59:00,103622.4140625
2025-05-16 21:00:00,103708.40625
2025-05-16 21:01:00,103778.9765625
2025-05-16 21:02:00,103774.203125
2025-05-16 21:03:00,103799.1796875
2025-05-16 21:04:00,103767.5078125
2025-05-16 21:05:00,103760.359375
2025-05-16 21:06:00,103744.6171875
2025-05-16 21:07:00,103776.9921875
2025-05-16 21:08:00,103791.2421875
2025-05-16 21:09:00,103770.609375
2025-05-16 21:10:00,103759.0625
2025-05-16 21:11:00,103744.4140625
2025-05-16 21:12:00,103756.0078125
2025-05-16 21:13:00,103780.078125
2025-05-16 21:14:00,103763.046875
2025-05-16 21:15:00,103784.28125
2025-05-16 21:16:00,103670.640625
2025-05-16 21:17:00,103678.515625
2025-05-16 21:18:00,103673.328125
2025-05-16 21:19:00,103682.0078125
2025-05-16 21:20:00,103664.6015625
2025-05-16 21:21:00,103662.3125
2025-05-16 21:22:00,103659.9453125
2025-05-16 21:23:00,103657.859375
2025-05-16 21:24:00,103651.875
2025-05-16 21:25:00,103647.984375
2025-05-16 21:26:00,103602.984375
2025-05-16 21:27:00,103598.984375
2025-05-16 21:28:00,103602.25
2025-05-16 21:29:00,103598.828125
2025-05-16 21:30:00,103599.0234375
2025-05-16 21:31:00,103591.6015625
2025-05-16 21:32:00,103597.96875
2025-05-16 21:33:00,103539.890625
2025-05-16 21:34:00,103606.046875
2025-05-16 21:35:00,103683.890625
2025-05-16 21:36:00,103669.9375
2025-05-16 21:37:00,103677.5546875
2025-05-16 21:38:00,103636.6796875
2025-05-16 21:39:00,103691.90625
2025-05-16 21:40:00,103650.484375
2025-05-16 21:41:00,103677.9296875
2025-05-16 21:42:00,103664.1171875
2025-05-16 21:43:00,103684.40625
2025-05-16 21:44:00,103703.5859375
2025-05-16 21:45:00,103710.40625
2025-05-16 21:46:00,103685.734375
2025-05-16 21:47:00,103707.1484375
2025-05-16 21:48:00,103678.3515625
2025-05-16 21:50:00,103715.5
2025-05-16 21:51:00,103709.875
2025-05-16 21:52:00,103673.3515625
2025-05-16 21:53:00,103661.6640625
2025-05-16 21:54:00,103637.265625
2025-05-16 21:55:00,103609.140625
2025-05-16 21:56:00,103598.328125
2025-05-16 21:57:00,103620.5078125
2025-05-16 21:58:00,103595.9453125
2025-05-16 21:59:00,103608.6953125
2025-05-16 22:00:00,103612.0078125
2025-05-16 22:01:00,103613.109375
2025-05-16 22:02:00,103601.328125
2025-05-16 22:03:00,103558.8515625
2025-05-16 22:04:00,103540.4609375
2025-05-16 22:05:00,103559.46875
2025-05-16 22:06:00,103547.109375
2025-05-16 22:07:00,103496.9765625
2025-05-16 22:08:00,103450.5
2025-05-16 22:09:00,103464.453125
2025-05-16 22:10:00,103510.9453125
2025-05-16 22:11:00,103493.78125
2025-05-16 22:13:00,103475.234375
2025-05-16 22:14:00,103496.390625
2025-05-16 22:15:00,103494.578125
2025-05-16 22:16:00,103493.671875
2025-05-16 22:17:00,103467.953125
2025-05-16 22:18:00,103457.2578125
2025-05-16 22:19:00,103478.765625
2025-05-16 22:20:00,103457.6796875
2025-05-16 22:21:00,103479.6484375
2025-05-16 22:22:00,103489.3515625
2025-05-16 22:23:00,103492.6953125
2025-05-16 22:24:00,103541.4140625
2025-05-16 22:25:00,103570.40625
2025-05-16 22:26:00,103528.5
2025-05-16 22:27:00,103528.6015625
2025-05-16 22:28:00,103492.5
2025-05-16 22:29:00,103493.6875
2025-05-16 22:30:00,103470.6796875
2025-05-16 22:31:00,103472.03125
2025-05-16 22:32:00,103476.1015625
2025-05-16 22:33:00,103471.5390625
2025-05-16 22:34:00,103480.8671875
2025-05-16 22:35:00,103468.9296875
2025-05-16 22:36:00,103476.5546875
2025-05-16 22:37:00,103498.4140625
2025-05-16 22:38:00,103469.046875
2025-05-16 22:39:00,103488.8828125
2025-05-16 22:40:00,103484.125
2025-05-16 22:41:00,103487.015625
2025-05-16 22:42:00,103471.765625
2025-05-16 22:43:00,103486.09375
2025-05-16 22:44:00,103478.4375
2025-05-16 22:45:00,103475.3046875
2025-05-16 22:46:00,103493.171875
2025-05-16 22:47:00,103455.65625
2025-05-16 22:48:00,103455.0390625
2025-05-16 22:49:00,103448.0
2025-05-16 22:50:00,103468.6015625
2025-05-16 22:51:00,103474.9375
2025-05-16 22:52:00,103467.6015625
2025-05-16 22:53:00,103455.2734375
2025-05-16 22:54:00,103467.9609375
2025-05-16 22:55:00,103475.484375
2025-05-16 22:56:00,103456.5234375
2025-05-16 22:57:00,103479.7890625
2025-05-16 22:58:00,103493.78125
2025-05-16 22:59:00,103504.625
2025-05-16 23:00:00,103535.2265625
2025-05-16 23:01:00,103538.5546875
2025-05-16 23:02:00,103598.7421875
2025-05-16 23:03:00,103611.3515625
2025-05-16 23:04:00,103601.0390625
2025-05-16 23:05:00,103636.4921875
2025-05-16 23:06:00,103629.7578125
2025-05-16 23:07:00,103648.71875
2025-05-16 23:08:00,103656.0234375
2025-05-16 23:09:00,103690.5703125
2025-05-16 23:10:00,103686.2890625
2025-05-16 23:11:00,103661.1640625
2025-05-16 23:12:00,103627.65625
2025-05-16 23:13:00,103630.5625
2025-05-16 23:14:00,103661.15625
2025-05-16 23:15:00,103685.7421875
2025-05-16 23:16:00,103674.53125
2025-05-16 23:17:00,103673.0703125
2025-05-16 23:18:00,103588.0703125
2025-05-16 23:19:00,103585.9609375
2025-05-16 23:21:00,103584.078125
2025-05-16 23:22:00,103594.5546875
2025-05-16 23:23:00,103610.203125
2025-05-16 23:24:00,103610.9765625
2025-05-16 23:25:00,103618.6875
2025-05-16 23:26:00,103610.4921875
2025-05-16 23:27:00,103607.40625
2025-05-16 23:28:00,103629.9375
2025-05-16 23:29:00,103628.6328125
2025-05-16 23:30:00,103648.0078125
2025-05-16 23:31:00,103633.0859375
2025-05-16 23:32:00,103616.7109375
2025-05-16 23:33:00,103632.0703125
2025-05-16 23:34:00,103587.7265625
2025-05-16 23:35:00,103590.265625
2025-05-16 23:36:00,103613.5390625
2025-05-16 23:37:00,103607.828125
2025-05-16 23:38:00,103605.078125
2025-05-16 23:39:00,103599.109375
2025-05-16 23:40:00,103601.125
2025-05-16 23:41:00,103582.46875
2025-05-16 23:42:00,103588.09375
2025-05-16 23:43:00,103578.765625
2025-05-16 23:44:00,103577.3046875
2025-05-16 23:45:00,103539.7109375
2025-05-16 23:46:00,103551.34375
2025-05-16 23:47:00,103517.046875
2025-05-16 23:48:00,103518.078125
2025-05-16 23:50:00,103504.53125
2025-05-16 23:51:00,103488.6796875
2025-05-16 23:52:00,103497.28125
2025-05-16 23:53:00,103500.484375
2025-05-16 23:54:00,103460.9453125
2025-05-16 23:55:00,103473.90625
2025-05-16 23:56:00,103475.9296875
2025-05-16 23:57:00,103465.5625
2025-05-16 23:58:00,103480.421875
2025-05-17 00:00:00,103495.78125
2025-05-17 00:01:00,103479.3671875
2025-05-17 00:02:00,103458.6171875
2025-05-17 00:03:00,103460.4140625
2025-05-17 00:04:00,103463.453125
2025-05-17 00:05:00,103484.453125
2025-05-17 00:06:00,103458.59375
2025-05-17 00:07:00,103500.7734375
2025-05-17 00:08:00,103510.5
2025-05-17 00:09:00,103520.1171875
2025-05-17 00:10:00,103525.4921875
2025-05-17 00:12:00,103467.015625
2025-05-17 00:13:00,103491.9921875
2025-05-17 00:14:00,103559.625
2025-05-17 00:15:00,103557.0390625
2025-05-17 00:16:00,103461.015625
2025-05-17 00:17:00,103484.3984375
2025-05-17 00:18:00,103481.5390625
2025-05-17 00:19:00,103469.3125
2025-05-17 00:20:00,103428.703125
2025-05-17 00:21:00,103414.046875
2025-05-17 00:22:00,103413.8046875
2025-05-17 00:23:00,103424.375
2025-05-17 00:24:00,103421.1015625
2025-05-17 00:25:00,103431.625
2025-05-17 00:26:00,103416.8671875
2025-05-17 00:27:00,103389.7890625
2025-05-17 00:28:00,103340.28125
2025-05-17 00:29:00,103380.359375
2025-05-17 00:30:00,103324.1640625
2025-05-17 00:31:00,103345.4375
2025-05-17 00:32:00,103343.5390625
2025-05-17 00:33:00,103341.6953125
2025-05-17 00:34:00,103323.140625
2025-05-17 00:35:00,103317.65625
2025-05-17 00:36:00,103285.328125
2025-05-17 00:37:00,103290.15625
2025-05-17 00:38:00,103207.6875
2025-05-17 00:39:00,103214.6171875
2025-05-17 00:40:00,103255.4140625
2025-05-17 00:41:00,103233.9296875
2025-05-17 00:42:00,103180.6484375
2025-05-17 00:43:00,103164.453125
2025-05-17 00:44:00,103175.03125
2025-05-17 00:45:00,103199.1328125
2025-05-17 00:46:00,103210.296875
2025-05-17 00:47:00,103189.8125
2025-05-17 00:48:00,103244.0078125
2025-05-17 00:49:00,103258.5625
2025-05-17 00:50:00,103240.8203125
2025-05-17 00:51:00,103260.1171875
2025-05-17 00:52:00,103252.53125
2025-05-17 00:53:00,103310.109375
2025-05-17 00:54:00,103344.28125
2025-05-17 00:55:00,103361.484375
2025-05-17 00:56:00,103351.296875
2025-05-17 00:57:00,103344.171875
2025-05-17 00:58:00,103343.421875
2025-05-17 00:59:00,103385.109375
2025-05-17 01:00:00,103374.8984375
2025-05-17 01:01:00,103204.3125
2025-05-17 01:02:00,103208.5390625
2025-05-17 01:03:00,103194.3046875
2025-05-17 01:04:00,103148.71875
2025-05-17 01:05:00,103079.7890625
2025-05-17 01:06:00,103024.1171875
2025-05-17 01:07:00,102980.6015625
2025-05-17 01:08:00,103010.5078125
2025-05-17 01:09:00,103020.1171875
2025-05-17 01:10:00,103029.390625
2025-05-17 01:11:00,103013.6953125
2025-05-17 01:12:00,103043.71875
2025-05-17 01:13:00,102994.640625
2025-05-17 01:14:00,102932.78125
2025-05-17 01:15:00,102934.5703125
2025-05-17 01:16:00,102997.5078125
2025-05-17 01:17:00,102999.0390625
2025-05-17 01:18:00,102959.6953125
2025-05-17 01:19:00,102974.1484375
2025-05-17 01:20:00,102902.5625
2025-05-17 01:21:00,102798.7734375
2025-05-17 01:22:00,102781.59375
2025-05-17 01:23:00,102759.7890625
2025-05-17 01:24:00,102771.9921875
2025-05-17 01:25:00,102808.578125
2025-05-17 01:26:00,102753.28125
2025-05-17 01:27:00,102751.890625
2025-05-17 01:28:00,102831.90625
2025-05-17 01:29:00,102887.1953125
2025-05-17 01:30:00,102968.1953125
2025-05-17 01:31:00,103004.1328125
2025-05-17 01:32:00,102964.1171875
2025-05-17 01:33:00,102910.09375
2025-05-17 01:34:00,102939.3359375
2025-05-17 01:35:00,102910.796875
2025-05-17 01:36:00,102933.3125
2025-05-17 01:37:00,102938.3515625
2025-05-17 01:38:00,102878.875
2025-05-17 01:39:00,102874.0234375
2025-05-17 01:40:00,102913.1484375
2025-05-17 01:41:00,102911.6796875
2025-05-17 01:42:00,102844.2421875
2025-05-17 01:43:00,102849.6640625
2025-05-17 01:44:00,102914.90625
2025-05-17 01:45:00,102962.1953125
2025-05-17 01:46:00,102884.734375
2025-05-17 01:47:00,102790.65625
2025-05-17 01:48:00,102678.328125
2025-05-17 01:49:00,102738.078125
2025-05-17 01:50:00,102720.3671875
2025-05-17 01:52:00,102675.53125
2025-05-17 01:53:00,102729.53125
2025-05-17 01:54:00,102740.6953125
2025-05-17 01:55:00,102803.71875
2025-05-17 01:56:00,102792.5546875
2025-05-17 01:57:00,102798.1875
2025-05-17 01:58:00,102800.15625
2025-05-17 01:59:00,102819.8125
2025-05-17 02:00:00,102851.546875
2025-05-17 02:01:00,102874.0703125
2025-05-17 02:02:00,102907.9765625
2025-05-17 02:03:00,103017.5546875
2025-05-17 02:04:00,102997.0
2025-05-17 02:05:00,103036.9375
2025-05-17 02:06:00,103005.9140625
2025-05-17 02:07:00,103006.953125
2025-05-17 02:08:00,102956.609375
2025-05-17 02:09:00,103007.765625
2025-05-17 02:10:00,102990.5234375
2025-05-17 02:11:00,102992.046875
2025-05-17 02:12:00,102967.578125
2025-05-17 02:13:00,102927.4765625
2025-05-17 02:14:00,102855.296875
2025-05-17 02:15:00,102804.5703125
2025-05-17 02:16:00,102826.234375
2025-05-17 02:17:00,102814.2421875
2025-05-17 02:18:00,102904.7890625
2025-05-17 02:19:00,102936.3671875
2025-05-17 02:20:00,102979.453125
2025-05-17 02:21:00,103006.78125
2025-05-17 02:22:00,103035.125
2025-05-17 02:23:00,103066.546875
2025-05-17 02:24:00,103085.515625
2025-05-17 02:25:00,103072.5703125
2025-05-17 02:26:00,103104.6328125
2025-05-17 02:27:00,103183.8984375
2025-05-17 02:28:00,103216.0078125
2025-05-17 02:29:00,103183.21875
2025-05-17 02:30:00,103164.28125
2025-05-17 02:31:00,103209.078125
2025-05-17 02:32:00,103221.7265625
2025-05-17 02:33:00,103214.421875
2025-05-17 02:34:00,103215.4609375
2025-05-17 02:35:00,103228.7109375
2025-05-17 02:36:00,103228.4765625
2025-05-17 02:38:00,103255.015625
2025-05-17 02:39:00,103280.8984375
2025-05-17 02:40:00,103286.2890625
2025-05-17 02:41:00,103287.7421875
2025-05-17 02:42:00,103270.296875
2025-05-17 02:43:00,103267.2734375
2025-05-17 02:44:00,103265.3984375
2025-05-17 02:45:00,103264.8046875
2025-05-17 02:46:00,103261.2890625
2025-05-17 02:47:00,103258.84375
2025-05-17 02:48:00,103327.3125
2025-05-17 02:49:00,103277.8125
2025-05-17 02:50:00,103258.546875
2025-05-17 02:51:00,103222.0859375
2025-05-17 02:52:00,103255.3046875
2025-05-17 02:53:00,103250.3125
2025-05-17 02:54:00,103255.28125
2025-05-17 02:55:00,103247.1015625
2025-05-17 02:56:00,103252.96875
2025-05-17 02:57:00,103261.6875
2025-05-17 02:58:00,103282.796875
2025-05-17 02:59:00,103274.3359375
2025-05-17 03:00:00,103289.3515625
2025-05-17 03:01:00,103298.578125
2025-05-17 03:02:00,103293.4453125
2025-05-17 03:03:00,103298.65625
2025-05-17 03:04:00,103329.8828125
2025-05-17 03:05:00,103343.375
2025-05-17 03:06:00,103317.859375
2025-05-17 03:07:00,103301.3828125
2025-05-17 03:08:00,103301.0
2025-05-17 03:10:00,103236.4921875
2025-05-17 03:11:00,103236.6171875
2025-05-17 03:12:00,103214.4140625
2025-05-17 03:13:00,103234.6328125
2025-05-17 03:14:00,103237.484375
2025-05-17 03:15:00,103254.4609375
2025-05-17 03:16:00,103246.5546875
2025-05-17 03:17:00,103205.1328125
2025-05-17 03:18:00,103220.953125
2025-05-17 03:19:00,103217.9453125
2025-05-17 03:20:00,103216.3671875
2025-05-17 03:21:00,103211.3203125
2025-05-17 03:22:00,103208.75
2025-05-17 03:23:00,103213.4921875
2025-05-17 03:24:00,103220.046875
2025-05-17 03:25:00,103219.9375
2025-05-17 03:26:00,103233.3671875
2025-05-17 03:27:00,103229.375
2025-05-17 03:28:00,103235.9921875
2025-05-17 03:30:00,103267.53125
2025-05-17 03:31:00,103281.9765625
2025-05-17 03:32:00,103272.859375
2025-05-17 03:33:00,103271.609375
2025-05-17 03:34:00,103265.9375
2025-05-17 03:35:00,103285.765625
2025-05-17 03:36:00,103274.1953125
2025-05-17 03:37:00,103268.609375
2025-05-17 03:38:00,103290.6875
2025-05-17 03:39:00,103328.3125
2025-05-17 03:40:00,103363.53125
2025-05-17 03:41:00,103356.1953125
2025-05-17 03:42:00,103437.8828125
2025-05-17 03:43:00,103481.75
2025-05-17 03:44:00,103476.6796875
2025-05-17 03:45:00,103479.9296875
2025-05-17 03:46:00,103524.015625
2025-05-17 03:47:00,103528.5546875
2025-05-17 03:48:00,103516.8671875
2025-05-17 03:49:00,103497.0859375
2025-05-17 03:50:00,103485.0546875
2025-05-17 03:52:00,103468.296875
2025-05-17 03:53:00,103462.0859375
2025-05-17 03:54:00,103509.2265625
2025-05-17 03:55:00,103512.2890625
2025-05-17 03:56:00,103536.921875
2025-05-17 03:57:00,103524.90625
2025-05-17 03:58:00,103541.328125
2025-05-17 03:59:00,103541.1875
2025-05-17 04:00:00,103526.1640625
2025-05-17 04:01:00,103502.140625
2025-05-17 04:02:00,103504.6171875
2025-05-17 04:03:00,103504.953125
2025-05-17 04:04:00,103588.265625
2025-05-17 04:05:00,103553.9921875
2025-05-17 04:06:00,103560.7109375
2025-05-17 04:07:00,103538.0390625
2025-05-17 04:08:00,103524.9765625
2025-05-17 04:09:00,103516.5625
2025-05-17 04:10:00,103509.453125
2025-05-17 04:11:00,103512.21875
2025-05-17 04:12:00,103502.71875
2025-05-17 04:13:00,103507.3203125
2025-05-17 04:14:00,103495.3359375
2025-05-17 04:15:00,103520.4921875
2025-05-17 04:16:00,103532.7265625
2025-05-17 04:17:00,103527.40625
2025-05-17 04:18:00,103563.78125
2025-05-17 04:19:00,103555.453125
2025-05-17 04:20:00,103574.9609375
2025-05-17 04:21:00,103624.9609375
2025-05-17 04:22:00,103632.1640625
2025-05-17 04:23:00,103630.03125
2025-05-17 04:24:00,103620.4375
2025-05-17 04:25:00,103595.9765625
2025-05-17 04:26:00,103598.359375
2025-05-17 04:27:00,103606.3359375
2025-05-17 04:28:00,103609.953125
2025-05-17 04:29:00,103618.6171875
2025-05-17 04:30:00,103635.640625
2025-05-17 04:31:00,103621.171875
2025-05-17 04:32:00,103624.859375
2025-05-17 04:33:00,103611.4140625
2025-05-17 04:34:00,103604.234375
2025-05-17 04:35:00,103609.3828125
2025-05-17 04:36:00,103627.015625
2025-05-17 04:37:00,103618.4921875
2025-05-17 04:38:00,103634.109375
2025-05-17 04:39:00,103603.4296875
2025-05-17 04:40:00,103638.15625
2025-05-17 04:41:00,103639.4140625
2025-05-17 04:42:00,103649.609375
2025-05-17 04:43:00,103663.1484375
2025-05-17 04:44:00,103646.2265625
2025-05-17 04:45:00,103625.125
2025-05-17 04:46:00,103554.8203125
2025-05-17 04:47:00,103538.53125
2025-05-17 04:48:00,103526.8671875
2025-05-17 04:49:00,103524.390625
2025-05-17 04:50:00,103507.6953125
2025-05-17 04:51:00,103520.6875
2025-05-17 04:52:00,103526.8984375
2025-05-17 04:53:00,103533.125
2025-05-17 04:54:00,103557.453125
2025-05-17 04:55:00,103549.234375
2025-05-17 04:56:00,103559.109375
2025-05-17 04:57:00,103594.1328125
2025-05-17 04:58:00,103612.7734375
2025-05-17 04:59:00,103652.359375
2025-05-17 05:00:00,103666.3359375
2025-05-17 05:01:00,103671.3671875
2025-05-17 05:02:00,103670.953125
2025-05-17 05:03:00,103695.9453125
2025-05-17 05:04:00,103689.6171875
2025-05-17 05:05:00,103690.0625
2025-05-17 05:06:00,103673.734375
2025-05-17 05:07:00,103675.0703125
2025-05-17 05:08:00,103646.21875
2025-05-17 05:09:00,103627.421875
2025-05-17 05:10:00,103625.3046875
2025-05-17 05:11:00,103625.40625
2025-05-17 05:12:00,103623.6875
2025-05-17 05:13:00,103615.171875
2025-05-17 05:14:00,103616.546875
2025-05-17 05:15:00,103612.78125
2025-05-17 05:16:00,103615.8125
2025-05-17 05:17:00,103602.125
2025-05-17 05:18:00,103611.9375
2025-05-17 05:19:00,103578.046875
2025-05-17 05:20:00,103590.21875
2025-05-17 05:21:00,103574.984375
2025-05-17 05:22:00,103578.546875
2025-05-17 05:23:00,103556.578125
2025-05-17 05:24:00,103559.3359375
2025-05-17 05:25:00,103536.3203125
2025-05-17 05:26:00,103569.328125
2025-05-17 05:27:00,103570.640625
2025-05-17 05:28:00,103569.5703125
2025-05-17 05:29:00,103574.1640625
2025-05-17 05:30:00,103577.28125
2025-05-17 05:31:00,103586.8125
2025-05-17 05:32:00,103566.796875
2025-05-17 05:33:00,103560.2578125
2025-05-17 05:34:00,103537.4140625
2025-05-17 05:35:00,103542.46875
2025-05-17 05:36:00,103545.0859375
2025-05-17 05:37:00,103561.2578125
2025-05-17 05:38:00,103538.453125
2025-05-17 05:39:00,103544.1015625
2025-05-17 05:40:00,103551.328125
2025-05-17 05:41:00,103558.0
2025-05-17 05:42:00,103551.8359375
2025-05-17 05:43:00,103561.5625
2025-05-17 05:44:00,103542.4140625
2025-05-17 05:45:00,103538.1171875
2025-05-17 05:46:00,103485.953125
2025-05-17 05:47:00,103490.75
2025-05-17 05:48:00,103473.0859375
2025-05-17 05:49:00,103461.3984375
2025-05-17 05:50:00,103437.796875
2025-05-17 05:52:00,103464.421875
2025-05-17 05:53:00,103395.53125
2025-05-17 05:54:00,103399.890625
2025-05-17 05:55:00,103404.9296875
2025-05-17 05:56:00,103401.1875
2025-05-17 05:57:00,103382.078125
2025-05-17 05:58:00,103380.5078125
2025-05-17 05:59:00,103361.2109375
2025-05-17 06:00:00,103370.1328125
2025-05-17 06:01:00,103362.8671875
2025-05-17 06:02:00,103386.0
2025-05-17 06:03:00,103443.3515625
2025-05-17 06:04:00,103439.234375
2025-05-17 06:05:00,103445.171875
2025-05-17 06:06:00,103439.7109375
2025-05-17 06:07:00,103449.5234375
2025-05-17 06:08:00,103450.140625
2025-05-17 06:09:00,103454.7265625
2025-05-17 06:10:00,103457.59375
2025-05-17 06:11:00,103461.359375
2025-05-17 06:12:00,103468.3671875
2025-05-17 06:13:00,103480.453125
2025-05-17 06:14:00,103475.5390625
2025-05-17 06:15:00,103504.9375
2025-05-17 06:16:00,103499.015625
2025-05-17 06:17:00,103510.6796875
2025-05-17 06:18:00,103504.0
2025-05-17 06:19:00,103480.8515625
2025-05-17 06:20:00,103452.8046875
2025-05-17 06:21:00,103473.75
2025-05-17 06:22:00,103439.03125
2025-05-17 06:23:00,103428.125
2025-05-17 06:24:00,103421.8671875
2025-05-17 06:25:00,103421.7578125
2025-05-17 06:26:00,103407.59375
2025-05-17 06:27:00,103394.7421875
2025-05-17 06:28:00,103393.4765625
2025-05-17 06:29:00,103379.5078125
2025-05-17 06:30:00,103366.484375
2025-05-17 06:31:00,103308.7578125
2025-05-17 06:32:00,103377.5234375
2025-05-17 06:33:00,103420.578125
2025-05-17 06:34:00,103461.328125
2025-05-17 06:35:00,103404.296875
2025-05-17 06:36:00,103428.703125
2025-05-17 06:37:00,103415.0234375
2025-05-17 06:38:00,103436.0
2025-05-17 06:39:00,103441.484375
2025-05-17 06:40:00,103455.5625
2025-05-17 06:41:00,103441.6484375
2025-05-17 06:42:00,103470.140625
2025-05-17 06:43:00,103451.5625
2025-05-17 06:44:00,103468.8203125
2025-05-17 06:45:00,103478.984375
2025-05-17 06:46:00,103514.0078125
2025-05-17 06:47:00,103522.421875
2025-05-17 06:48:00,103506.4140625
2025-05-17 06:49:00,103503.484375
2025-05-17 06:50:00,103518.1875
2025-05-17 06:51:00,103479.5390625
2025-05-17 06:52:00,103474.140625
2025-05-17 06:53:00,103466.046875
2025-05-17 06:54:00,103481.5390625
2025-05-17 06:55:00,103462.28125
2025-05-17 06:56:00,103480.8359375
2025-05-17 06:57:00,103478.7109375
2025-05-17 06:58:00,103472.9453125
2025-05-17 06:59:00,103489.5234375
2025-05-17 07:00:00,103487.4609375
2025-05-17 07:01:00,103493.21875
2025-05-17 07:02:00,103496.09375
2025-05-17 07:03:00,103512.328125
2025-05-17 07:04:00,103526.3046875
2025-05-17 07:05:00,103520.59375
2025-05-17 07:06:00,103520.9140625
2025-05-17 07:07:00,103539.0
2025-05-17 07:08:00,103554.359375
2025-05-17 07:09:00,103532.359375
2025-05-17 07:10:00,103537.8125
2025-05-17 07:11:00,103546.03125
2025-05-17 07:12:00,103549.53125
2025-05-17 07:13:00,103562.625
2025-05-17 07:14:00,103564.7109375
2025-05-17 07:15:00,103560.21875
2025-05-17 07:16:00,103562.5078125
2025-05-17 07:17:00,103561.3046875
2025-05-17 07:18:00,103545.21875
2025-05-17 07:19:00,103524.4453125
2025-05-17 07:20:00,103528.5234375
2025-05-17 07:22:00,103538.6875
2025-05-17 07:23:00,103537.765625
2025-05-17 07:24:00,103536.453125
2025-05-17 07:25:00,103571.625
2025-05-17 07:26:00,103563.578125
2025-05-17 07:27:00,103575.84375
2025-05-17 07:28:00,103593.296875
2025-05-17 07:29:00,103630.140625
2025-05-17 07:30:00,103612.9453125
2025-05-17 07:31:00,103628.609375
2025-05-17 07:32:00,103608.0859375
2025-05-17 07:33:00,103618.859375
2025-05-17 07:34:00,103589.765625
2025-05-17 07:35:00,103612.078125
2025-05-17 07:36:00,103577.7421875
2025-05-17 07:37:00,103588.65625
2025-05-17 07:38:00,103578.03125
2025-05-17 07:39:00,103583.96875
2025-05-17 07:40:00,103554.1640625
2025-05-17 07:41:00,103564.984375
2025-05-17 07:42:00,103555.2734375
2025-05-17 07:43:00,103533.0703125
2025-05-17 07:44:00,103540.25
2025-05-17 07:45:00,103516.59375
2025-05-17 07:46:00,103507.9453125
2025-05-17 07:47:00,103492.609375
2025-05-17 07:48:00,103472.75
2025-05-17 07:49:00,103453.1171875
2025-05-17 07:50:00,103472.84375
2025-05-17 07:51:00,103479.171875
2025-05-17 07:52:00,103459.53125
2025-05-17 07:53:00,103461.5546875
2025-05-17 07:54:00,103453.640625
2025-05-17 07:55:00,103456.4140625
2025-05-17 07:56:00,103458.4375
2025-05-17 07:57:00,103463.2109375
2025-05-17 07:58:00,103451.609375
2025-05-17 07:59:00,103450.328125
2025-05-17 08:00:00,103473.390625
2025-05-17 08:02:00,103453.5078125
2025-05-17 08:03:00,103446.03125
2025-05-17 08:04:00,103417.75
2025-05-17 08:05:00,103414.1875
2025-05-17 08:06:00,103412.640625
2025-05-17 08:07:00,103417.46875
2025-05-17 08:08:00,103400.140625
2025-05-17 08:09:00,103367.515625
2025-05-17 08:10:00,103368.1171875
2025-05-17 08:11:00,103334.1875
2025-05-17 08:12:00,103367.7734375
2025-05-17 08:13:00,103371.1015625
2025-05-17 08:14:00,103367.2109375
2025-05-17 08:15:00,103357.984375
2025-05-17 08:16:00,103394.1171875
2025-05-17 08:17:00,103376.59375
2025-05-17 08:18:00,103393.5078125
2025-05-17 08:19:00,103400.859375
2025-05-17 08:20:00,103381.5078125
2025-05-17 08:21:00,103362.5078125
2025-05-17 08:22:00,103150.75
2025-05-17 08:23:00,103182.8203125
2025-05-17 08:24:00,103221.765625
2025-05-17 08:25:00,103221.2265625
2025-05-17 08:26:00,103292.78125
2025-05-17 08:27:00,103307.921875
2025-05-17 08:28:00,103426.7109375
2025-05-17 08:29:00,103464.6484375
2025-05-17 08:30:00,103458.3984375
2025-05-17 08:31:00,103553.40625
2025-05-17 08:32:00,103536.9140625
2025-05-17 08:33:00,103558.3046875
2025-05-17 08:34:00,103542.015625
2025-05-17 08:35:00,103522.546875
2025-05-17 08:36:00,103545.9609375
2025-05-17 08:37:00,103543.984375
2025-05-17 08:38:00,103526.421875
2025-05-17 08:39:00,103530.5703125
2025-05-17 08:40:00,103543.625
2025-05-17 08:41:00,103536.890625
2025-05-17 08:42:00,103535.46875
2025-05-17 08:43:00,103537.3359375
2025-05-17 08:44:00,103498.9140625
2025-05-17 08:45:00,103503.515625
2025-05-17 08:46:00,103495.9921875
2025-05-17 08:47:00,103481.53125
2025-05-17 08:48:00,103497.234375
2025-05-17 08:49:00,103498.1640625
2025-05-17 08:50:00,103487.2265625
2025-05-17 08:51:00,103488.0078125
2025-05-17 08:52:00,103468.65625
2025-05-17 08:53:00,103477.5546875
2025-05-17 08:54:00,103500.9453125
2025-05-17 08:55:00,103489.359375
2025-05-17 08:56:00,103466.7890625
2025-05-17 08:57:00,103442.6484375
2025-05-17 08:58:00,103433.796875
2025-05-17 08:59:00,103430.1328125
2025-05-17 09:00:00,103443.9296875
2025-05-17 09:01:00,103437.5078125
2025-05-17 09:02:00,103474.9375
2025-05-17 09:03:00,103475.953125
2025-05-17 09:04:00,103435.515625
2025-05-17 09:05:00,103448.1796875
2025-05-17 09:06:00,103485.4765625
2025-05-17 09:07:00,103447.7265625
2025-05-17 09:08:00,103292.3046875
2025-05-17 09:09:00,103296.2890625
2025-05-17 09:10:00,103355.1640625
2025-05-17 09:11:00,103330.796875
2025-05-17 09:12:00,103274.75
2025-05-17 09:13:00,103222.734375
2025-05-17 09:14:00,103180.7421875
2025-05-17 09:15:00,103180.84375
2025-05-17 09:16:00,103199.0546875
2025-05-17 09:17:00,103159.8125
2025-05-17 09:18:00,103053.5234375
2025-05-17 09:19:00,103060.6484375
2025-05-17 09:20:00,103080.65625
2025-05-17 09:21:00,103084.9140625
2025-05-17 09:22:00,103019.9375
2025-05-17 09:23:00,103042.2109375
2025-05-17 09:24:00,103023.3828125
2025-05-17 09:25:00,103021.765625
2025-05-17 09:26:00,102886.578125
2025-05-17 09:27:00,102884.28125
2025-05-17 09:28:00,102933.5078125
2025-05-17 09:29:00,102930.6328125
2025-05-17 09:30:00,102903.9375
2025-05-17 09:31:00,102924.1328125
2025-05-17 09:32:00,102982.6484375
2025-05-17 09:33:00,103012.4609375
2025-05-17 09:34:00,103033.4140625
2025-05-17 09:35:00,103063.46875
2025-05-17 09:36:00,103009.3671875
2025-05-17 09:37:00,102986.21875
2025-05-17 09:38:00,102962.765625
2025-05-17 09:39:00,102923.078125
2025-05-17 09:40:00,102965.796875
2025-05-17 09:41:00,102928.4921875
2025-05-17 09:42:00,102929.7265625
2025-05-17 09:43:00,102985.7109375
2025-05-17 09:44:00,102989.2890625
2025-05-17 09:45:00,102940.5234375
2025-05-17 09:46:00,102939.046875
2025-05-17 09:47:00,102966.46875
2025-05-17 09:48:00,102871.3046875
2025-05-17 09:49:00,102894.359375
2025-05-17 09:50:00,102885.9765625
2025-05-17 09:51:00,102849.2578125
2025-05-17 09:52:00,102878.0
2025-05-17 09:53:00,102857.8828125
2025-05-17 09:54:00,102854.6796875
2025-05-17 09:55:00,102904.921875
2025-05-17 09:56:00,102912.328125
2025-05-17 09:57:00,102943.953125
2025-05-17 09:58:00,102961.8046875
2025-05-17 09:59:00,102946.671875
2025-05-17 10:00:00,102920.671875
2025-05-17 10:01:00,102880.125
2025-05-17 10:03:00,102883.3125
2025-05-17 10:04:00,102895.9609375
2025-05-17 10:05:00,102904.65625
2025-05-17 10:06:00,102899.0546875
2025-05-17 10:07:00,102931.8203125
2025-05-17 10:08:00,102930.015625
2025-05-17 10:09:00,102930.8125
2025-05-17 10:10:00,102985.5
2025-05-17 10:11:00,103000.4375
2025-05-17 10:12:00,103016.5078125
2025-05-17 10:13:00,103012.7734375
2025-05-17 10:15:00,103011.828125
2025-05-17 10:16:00,103008.34375
2025-05-17 10:17:00,103016.9375
2025-05-17 10:18:00,102997.796875
2025-05-17 10:19:00,103014.578125
2025-05-17 10:20:00,102991.2890625
2025-05-17 10:21:00,102984.015625
2025-05-17 10:22:00,102992.4296875
2025-05-17 10:23:00,103001.1875
2025-05-17 10:24:00,103001.6015625
2025-05-17 10:25:00,103041.6796875
2025-05-17 10:26:00,103023.8359375
2025-05-17 10:27:00,103026.9453125
2025-05-17 10:28:00,103047.1953125
2025-05-17 10:29:00,103040.9453125
2025-05-17 10:30:00,103033.6015625
2025-05-17 10:31:00,102997.828125
2025-05-17 10:32:00,102994.1953125
2025-05-17 10:33:00,102988.1484375
2025-05-17 10:34:00,103023.640625
2025-05-17 10:35:00,103014.5234375
2025-05-17 10:36:00,103006.703125
2025-05-17 10:37:00,102948.75
2025-05-17 10:38:00,102940.03125
2025-05-17 10:39:00,102917.7421875
2025-05-17 10:40:00,102898.015625
2025-05-17 10:41:00,102885.3359375
2025-05-17 10:42:00,102884.75
2025-05-17 10:43:00,102877.9140625
2025-05-17 10:44:00,102860.109375
2025-05-17 10:45:00,102878.2734375
2025-05-17 10:46:00,102907.984375
2025-05-17 10:47:00,102891.1796875
2025-05-17 10:48:00,102892.9765625
2025-05-17 10:49:00,102904.015625
2025-05-17 10:50:00,102890.03125
2025-05-17 10:51:00,102913.1015625
2025-05-17 10:52:00,102967.5
2025-05-17 10:53:00,102963.765625
2025-05-17 10:54:00,102962.09375
2025-05-17 10:55:00,102891.203125
2025-05-17 10:56:00,102902.3125
2025-05-17 10:57:00,102892.4765625
2025-05-17 10:58:00,102889.40625
2025-05-17 10:59:00,102880.9453125
2025-05-17 11:00:00,102902.2109375
2025-05-17 11:01:00,102907.375
2025-05-17 11:02:00,102916.6328125
2025-05-17 11:03:00,102923.421875
2025-05-17 11:04:00,102912.9609375
2025-05-17 11:05:00,102878.4140625
2025-05-17 11:06:00,102823.1328125
2025-05-17 11:07:00,102812.8125
2025-05-17 11:08:00,102804.0625
2025-05-17 11:09:00,102799.6328125
2025-05-17 11:10:00,102797.609375
2025-05-17 11:11:00,102804.296875
2025-05-17 11:12:00,102800.78125
2025-05-17 11:13:00,102794.71875
2025-05-17 11:14:00,102799.46875
2025-05-17 11:15:00,102787.21875
2025-05-17 11:16:00,102802.8125
2025-05-17 11:17:00,102816.046875
2025-05-17 11:18:00,102819.078125
2025-05-17 11:19:00,102819.9609375
2025-05-17 11:20:00,102795.7265625
2025-05-17 11:22:00,102829.578125
2025-05-17 11:23:00,102819.171875
2025-05-17 11:24:00,102796.7578125
2025-05-17 11:25:00,102803.8125
2025-05-17 11:26:00,102833.2890625
2025-05-17 11:27:00,102834.6484375
2025-05-17 11:28:00,102813.0859375
2025-05-17 11:29:00,102822.8125
2025-05-17 11:30:00,102824.6484375
2025-05-17 11:32:00,102841.8046875
2025-05-17 11:33:00,102896.6171875
2025-05-17 11:34:00,102895.7109375
2025-05-17 11:35:00,102931.9375
2025-05-17 11:36:00,102903.140625
2025-05-17 11:37:00,102911.2265625
2025-05-17 11:38:00,102993.6015625
2025-05-17 11:39:00,102994.78125
2025-05-17 11:40:00,103000.0390625
2025-05-17 11:41:00,103000.078125
2025-05-17 11:42:00,102998.546875
2025-05-17 11:43:00,103002.625
2025-05-17 11:44:00,103012.6953125
2025-05-17 11:45:00,103016.734375
2025-05-17 11:46:00,103017.5234375
2025-05-17 11:47:00,103010.65625
2025-05-17 11:48:00,103095.9765625
2025-05-17 11:49:00,103084.03125
2025-05-17 11:50:00,103064.234375
2025-05-17 11:51:00,103075.3984375
2025-05-17 11:52:00,103094.4609375
2025-05-17 11:53:00,103108.265625
2025-05-17 11:55:00,103066.2890625
2025-05-17 11:56:00,103023.3046875
2025-05-17 11:57:00,103022.75
2025-05-17 11:58:00,103021.21875
2025-05-17 11:59:00,103014.3203125
2025-05-17 12:00:00,103017.671875
2025-05-17 12:01:00,103014.53125
2025-05-17 12:02:00,103060.8828125
2025-05-17 12:03:00,103045.1796875
2025-05-17 12:04:00,102993.3203125
2025-05-17 12:05:00,102977.1328125
2025-05-17 12:06:00,102993.171875
2025-05-17 12:07:00,102985.09375
2025-05-17 12:08:00,102978.296875
2025-05-17 12:09:00,102958.375
2025-05-17 12:10:00,102974.640625
2025-05-17 12:11:00,102962.15625
2025-05-17 12:12:00,102974.328125
2025-05-17 12:13:00,103014.7578125
2025-05-17 12:14:00,102987.28125
2025-05-17 12:15:00,102958.515625
2025-05-17 12:16:00,102973.5859375
2025-05-17 12:17:00,102969.8359375
2025-05-17 12:18:00,102982.4765625
2025-05-17 12:19:00,103004.3671875
2025-05-17 12:20:00,103020.1328125
2025-05-17 12:22:00,102990.421875
2025-05-17 12:23:00,102967.140625
2025-05-17 12:24:00,103003.765625
2025-05-17 12:25:00,103022.0625
2025-05-17 12:26:00,102979.921875
2025-05-17 12:27:00,103002.3203125
2025-05-17 12:28:00,102986.515625
2025-05-17 12:29:00,102978.703125
2025-05-17 12:30:00,103004.2890625
2025-05-17 12:31:00,103018.9609375
2025-05-17 12:32:00,102991.5546875
2025-05-17 12:33:00,103007.9296875
2025-05-17 12:34:00,103008.671875
2025-05-17 12:35:00,103021.3125
2025-05-17 12:36:00,103003.046875
2025-05-17 12:37:00,103008.078125
2025-05-17 12:38:00,103023.578125
2025-05-17 12:39:00,103001.328125
2025-05-17 12:40:00,103003.7890625
2025-05-17 12:41:00,102982.265625
2025-05-17 12:42:00,102976.328125
2025-05-17 12:43:00,102994.2421875
2025-05-17 12:44:00,102991.53125
2025-05-17 12:45:00,102997.015625
2025-05-17 12:46:00,102987.7109375
2025-05-17 12:47:00,102953.296875
2025-05-17 12:48:00,102982.328125
2025-05-17 12:49:00,102951.2734375
2025-05-17 12:50:00,102955.71875
2025-05-17 12:51:00,102951.5859375
2025-05-17 12:52:00,102970.5078125
2025-05-17 12:53:00,102969.71875
2025-05-17 12:54:00,102971.1875
2025-05-17 12:55:00,102953.8125
2025-05-17 12:56:00,102944.0
2025-05-17 12:57:00,102961.6953125
2025-05-17 12:58:00,102952.0703125
2025-05-17 12:59:00,102951.1953125
2025-05-17 13:00:00,102957.671875
2025-05-17 13:01:00,102950.90625
2025-05-17 13:02:00,102964.8671875
2025-05-17 13:03:00,102913.546875
2025-05-17 13:04:00,102929.4375
2025-05-17 13:05:00,102926.046875
2025-05-17 13:06:00,102868.9453125
2025-05-17 13:07:00,102864.0078125
2025-05-17 13:08:00,102871.640625
2025-05-17 13:09:00,102856.5078125
2025-05-17 13:10:00,102852.0546875
2025-05-17 13:11:00,102901.1015625
2025-05-17 13:12:00,103022.703125
2025-05-17 13:13:00,103046.9375
2025-05-17 13:14:00,103050.4296875
2025-05-17 13:15:00,103081.5703125
2025-05-17 13:16:00,103088.4453125
2025-05-17 13:17:00,103078.234375
2025-05-17 13:18:00,103090.0859375
2025-05-17 13:19:00,103077.15625
2025-05-17 13:20:00,103070.734375
2025-05-17 13:21:00,103044.4140625
2025-05-17 13:22:00,103023.5859375
2025-05-17 13:23:00,103009.0390625
2025-05-17 13:24:00,102965.3828125
2025-05-17 13:25:00,102921.265625
2025-05-17 13:26:00,102912.8984375
2025-05-17 13:27:00,102907.984375
2025-05-17 13:28:00,102915.3984375
2025-05-17 13:29:00,102909.1796875
2025-05-17 13:30:00,102919.9140625
2025-05-17 13:31:00,102963.9140625
2025-05-17 13:32:00,102948.4609375
2025-05-17 13:33:00,102918.328125
2025-05-17 13:34:00,102889.8671875
2025-05-17 13:35:00,102922.4453125
2025-05-17 13:36:00,102928.34375
2025-05-17 13:37:00,102871.40625
2025-05-17 13:38:00,102863.8359375
2025-05-17 13:39:00,102854.6875
2025-05-17 13:40:00,102874.796875
2025-05-17 13:41:00,102882.2421875
2025-05-17 13:42:00,102874.3046875
2025-05-17 13:43:00,102848.8046875
2025-05-17 13:44:00,102856.96875
2025-05-17 13:45:00,102841.3671875
2025-05-17 13:46:00,102839.46875
2025-05-17 13:47:00,102764.328125
2025-05-17 13:48:00,102760.1015625
2025-05-17 13:49:00,102758.4453125
2025-05-17 13:50:00,102727.921875
2025-05-17 13:52:00,102729.90625
2025-05-17 13:53:00,102722.3984375
2025-05-17 13:54:00,102744.1875
2025-05-17 13:55:00,102750.9453125
2025-05-17 13:56:00,102731.046875
2025-05-17 13:57:00,102691.1796875
2025-05-17 13:58:00,102691.546875
2025-05-17 13:59:00,102698.828125
2025-05-17 14:00:00,102722.484375
2025-05-17 14:01:00,102727.7578125
2025-05-17 14:02:00,102784.671875
2025-05-17 14:03:00,102800.6015625
2025-05-17 14:04:00,102834.640625
2025-05-17 14:05:00,102845.1328125
2025-05-17 14:06:00,102865.0546875
2025-05-17 14:07:00,102847.0546875
2025-05-17 14:08:00,102845.0703125
2025-05-17 14:09:00,102873.03125
2025-05-17 14:10:00,102869.765625
2025-05-17 14:11:00,102849.3515625
2025-05-17 14:13:00,102894.3671875
2025-05-17 14:14:00,102889.4921875
2025-05-17 14:15:00,102890.8203125
2025-05-17 14:16:00,102909.9765625
2025-05-17 14:17:00,102929.5859375
2025-05-17 14:18:00,102929.7421875
2025-05-17 14:19:00,102931.8203125
2025-05-17 14:20:00,102963.0
2025-05-17 14:21:00,102968.765625
2025-05-17 14:22:00,102948.8828125
2025-05-17 14:23:00,102963.96875
2025-05-17 14:24:00,102983.515625
2025-05-17 14:25:00,103003.328125
2025-05-17 14:26:00,102981.1875
2025-05-17 14:27:00,102980.2109375
2025-05-17 14:28:00,103021.7578125
2025-05-17 14:29:00,103054.15625
2025-05-17 14:30:00,103042.1640625
2025-05-17 14:31:00,103034.828125
2025-05-17 14:32:00,103040.78125
2025-05-17 14:33:00,103054.7265625
2025-05-17 14:34:00,103075.9609375
2025-05-17 14:35:00,103077.6640625
2025-05-17 14:36:00,103069.6640625
2025-05-17 14:37:00,103058.875
2025-05-17 14:38:00,103028.3828125
2025-05-17 14:39:00,103015.15625
2025-05-17 14:40:00,103055.34375
2025-05-17 14:41:00,103052.265625
2025-05-17 14:42:00,103082.9140625
2025-05-17 14:43:00,103073.1328125
2025-05-17 14:44:00,103074.8828125
2025-05-17 14:45:00,103077.125
2025-05-17 14:46:00,103106.5234375
2025-05-17 14:47:00,103122.234375
2025-05-17 14:48:00,103130.1015625
2025-05-17 14:49:00,103111.9296875
2025-05-17 14:50:00,103105.53125
2025-05-17 14:51:00,103114.4296875
2025-05-17 14:52:00,103136.21875
2025-05-17 14:53:00,103156.3125
2025-05-17 14:54:00,103159.5703125
2025-05-17 14:55:00,103157.7421875
2025-05-17 14:56:00,103149.65625
2025-05-17 14:57:00,103168.0859375
2025-05-17 14:59:00,103150.3671875
2025-05-17 15:00:00,103149.2890625
2025-05-17 15:02:00,103139.0234375
2025-05-17 15:03:00,103155.2109375
2025-05-17 15:04:00,103144.8515625
2025-05-17 15:05:00,103104.6953125
2025-05-17 15:06:00,103100.0625
2025-05-17 15:07:00,103066.828125
2025-05-17 15:08:00,103065.5390625
2025-05-17 15:09:00,103043.9296875
2025-05-17 15:10:00,103040.40625
2025-05-17 15:11:00,103039.546875
2025-05-17 15:12:00,103060.328125
2025-05-17 15:13:00,103056.875
2025-05-17 15:14:00,103074.4375
2025-05-17 15:15:00,103070.3359375
2025-05-17 15:16:00,103069.4609375
2025-05-17 15:17:00,103055.546875
2025-05-17 15:18:00,103005.0390625
2025-05-17 15:19:00,103045.46875
2025-05-17 15:20:00,103164.8125
2025-05-17 15:21:00,103140.171875
2025-05-17 15:22:00,103131.3984375
2025-05-17 15:23:00,103123.125
2025-05-17 15:24:00,103115.3671875
2025-05-17 15:25:00,103129.6171875
2025-05-17 15:26:00,103125.8984375
2025-05-17 15:27:00,103129.2265625
2025-05-17 15:28:00,103125.96875
2025-05-17 15:29:00,103098.6953125
2025-05-17 15:30:00,103123.5859375
2025-05-17 15:32:00,103117.9453125
2025-05-17 15:33:00,103106.9609375
2025-05-17 15:34:00,103098.5234375
2025-05-17 15:35:00,103098.578125
2025-05-17 15:36:00,103088.9375
2025-05-17 15:37:00,103094.359375
2025-05-17 15:38:00,103095.5234375
2025-05-17 15:39:00,103106.1875
2025-05-17 15:40:00,103114.609375
2025-05-17 15:41:00,103132.5
2025-05-17 15:42:00,103093.8671875
2025-05-17 15:43:00,103084.8046875
2025-05-17 15:44:00,103079.7734375
2025-05-17 15:45:00,103079.328125
2025-05-17 15:46:00,103070.046875
2025-05-17 15:47:00,103051.828125
2025-05-17 15:48:00,103060.0703125
2025-05-17 15:49:00,103047.2734375
2025-05-17 15:50:00,103060.8984375
2025-05-17 15:51:00,103033.40625
2025-05-17 15:52:00,103009.5234375
2025-05-17 15:53:00,102994.34375
2025-05-17 15:54:00,102997.203125
2025-05-17 15:55:00,102972.890625
2025-05-17 15:56:00,102974.875
2025-05-17 15:57:00,102979.453125
2025-05-17 15:58:00,102986.5234375
2025-05-17 15:59:00,102985.5078125
2025-05-17 16:00:00,102967.3046875
2025-05-17 16:01:00,102976.1484375
2025-05-17 16:02:00,102976.6015625
2025-05-17 16:03:00,102943.4296875
2025-05-17 16:04:00,102968.1484375
2025-05-17 16:05:00,102978.78125
2025-05-17 16:06:00,103022.09375
2025-05-17 16:07:00,103041.9765625
2025-05-17 16:08:00,103044.1171875
2025-05-17 16:09:00,103053.546875
2025-05-17 16:10:00,103068.71875
2025-05-17 16:11:00,103063.1171875
2025-05-17 16:12:00,103061.921875
2025-05-17 16:13:00,103035.5390625
2025-05-17 16:14:00,103011.9921875
2025-05-17 16:15:00,102996.3515625
2025-05-17 16:16:00,103014.0546875
2025-05-17 16:17:00,102984.046875
2025-05-17 16:18:00,102953.9453125
2025-05-17 16:19:00,102977.4375
2025-05-17 16:20:00,102965.0703125
2025-05-17 16:21:00,102976.5703125
2025-05-17 16:22:00,102991.4375
2025-05-17 16:23:00,103012.9765625
2025-05-17 16:24:00,103048.6640625
2025-05-17 16:25:00,103120.8203125
2025-05-17 16:26:00,103084.15625
2025-05-17 16:27:00,103065.40625
2025-05-17 16:28:00,103029.6171875
2025-05-17 16:29:00,103058.6875
2025-05-17 16:30:00,103036.3125
2025-05-17 16:31:00,103017.234375
2025-05-17 16:32:00,102984.265625
2025-05-17 16:33:00,102937.140625
2025-05-17 16:34:00,102940.3515625
2025-05-17 16:35:00,102926.25
2025-05-17 16:36:00,102907.6796875
2025-05-17 16:38:00,102863.203125
2025-05-17 16:39:00,102833.6796875
2025-05-17 16:40:00,102809.2109375
2025-05-17 16:41:00,102830.3359375
2025-05-17 16:42:00,102853.796875
2025-05-17 16:43:00,102861.21875
2025-05-17 16:44:00,102880.296875
2025-05-17 16:45:00,102877.8359375
2025-05-17 16:46:00,102858.7265625
2025-05-17 16:47:00,102811.328125
2025-05-17 16:48:00,102792.21875
2025-05-17 16:49:00,102794.8984375
2025-05-17 16:50:00,102805.40625
2025-05-17 16:51:00,102792.9140625
2025-05-17 16:52:00,102833.5546875
2025-05-17 16:53:00,102867.2421875
2025-05-17 16:54:00,102882.8671875
2025-05-17 16:55:00,102904.6796875
2025-05-17 16:56:00,102913.21875
2025-05-17 16:57:00,102896.046875
2025-05-17 16:58:00,102885.0078125
2025-05-17 16:59:00,102900.953125
2025-05-17 17:00:00,102957.8828125
2025-05-17 17:01:00,102975.6171875
2025-05-17 17:02:00,103020.1640625
2025-05-17 17:03:00,103052.6875
2025-05-17 17:04:00,103052.453125
2025-05-17 17:05:00,103071.203125
2025-05-17 17:06:00,103065.6796875
2025-05-17 17:07:00,103086.4765625
2025-05-17 17:08:00,103103.5234375
2025-05-17 17:09:00,103134.0625
2025-05-17 17:10:00,103156.078125
2025-05-17 17:11:00,103153.890625
2025-05-17 17:12:00,103151.015625
2025-05-17 17:13:00,103157.59375
2025-05-17 17:14:00,103161.9765625
2025-05-17 17:15:00,103165.953125
2025-05-17 17:16:00,103161.125
2025-05-17 17:17:00,103130.4296875
2025-05-17 17:18:00,103115.1484375
2025-05-17 17:19:00,103091.0703125
2025-05-17 17:20:00,103100.328125
2025-05-17 17:21:00,103132.171875
2025-05-17 17:22:00,103172.984375
2025-05-17 17:23:00,103175.8671875
2025-05-17 17:24:00,103166.0703125
2025-05-17 17:25:00,103185.953125
2025-05-17 17:26:00,103174.09375
2025-05-17 17:27:00,103174.6171875
2025-05-17 17:28:00,103185.3359375
2025-05-17 17:29:00,103198.609375
2025-05-17 17:30:00,103262.7109375
2025-05-17 17:31:00,103244.78125
2025-05-17 17:32:00,103218.765625
2025-05-17 17:33:00,103206.7734375
2025-05-17 17:34:00,103213.8359375
2025-05-17 17:35:00,103254.15625
2025-05-17 17:36:00,103236.21875
2025-05-17 17:37:00,103239.7109375
2025-05-17 17:38:00,103243.8828125
2025-05-17 17:39:00,103246.4453125
2025-05-17 17:40:00,103262.578125
2025-05-17 17:41:00,103311.484375
2025-05-17 17:42:00,103285.3359375
2025-05-17 17:43:00,103291.6875
2025-05-17 17:44:00,103257.421875
2025-05-17 17:45:00,103256.0234375
2025-05-17 17:46:00,103244.328125
2025-05-17 17:47:00,103235.3671875
2025-05-17 17:48:00,103243.109375
2025-05-17 17:49:00,103226.109375
2025-05-17 17:50:00,103229.0234375
2025-05-17 17:51:00,103228.9453125
2025-05-17 17:52:00,103221.4609375
2025-05-17 17:53:00,103230.53125
2025-05-17 17:55:00,103177.1796875
2025-05-17 17:56:00,103174.28125
2025-05-17 17:57:00,103187.3984375
2025-05-17 17:58:00,103182.59375
2025-05-17 17:59:00,103165.0625
2025-05-17 18:00:00,103165.6875
2025-05-17 18:01:00,103152.8125
2025-05-17 18:02:00,103155.109375
2025-05-17 18:03:00,103159.1953125
2025-05-17 18:04:00,103207.6875
2025-05-17 18:05:00,103198.78125
2025-05-17 18:06:00,103189.0546875
2025-05-17 18:07:00,103200.9921875
2025-05-17 18:08:00,103202.4140625
2025-05-17 18:09:00,103186.8671875
2025-05-17 18:10:00,103178.625
2025-05-17 18:11:00,103169.8515625
2025-05-17 18:12:00,103196.6875
2025-05-17 18:13:00,103180.4140625
2025-05-17 18:14:00,103154.46875
2025-05-17 18:15:00,103248.4140625
2025-05-17 18:16:00,103215.5078125
2025-05-17 18:17:00,103105.8125
2025-05-17 18:18:00,103093.28125
2025-05-17 18:19:00,103271.125
2025-05-17 18:20:00,103253.6484375
2025-05-17 18:21:00,103235.09375
2025-05-17 18:22:00,103234.234375
2025-05-17 18:23:00,103268.7890625
2025-05-17 18:24:00,103269.7265625
2025-05-17 18:25:00,103231.4140625
2025-05-17 18:26:00,103164.328125
2025-05-17 18:27:00,103192.0703125
2025-05-17 18:28:00,103190.859375
2025-05-17 18:29:00,103217.3046875
2025-05-17 18:30:00,103235.1328125
2025-05-17 18:31:00,103217.5703125
2025-05-17 18:32:00,103196.09375
2025-05-17 18:33:00,103199.546875
2025-05-17 18:34:00,103203.6015625
2025-05-17 18:35:00,103070.203125
2025-05-17 18:36:00,103088.203125
2025-05-17 18:37:00,103094.125
2025-05-17 18:38:00,103091.5625
2025-05-17 18:39:00,103089.2109375
2025-05-17 18:40:00,103094.5
2025-05-17 18:41:00,103074.1875
2025-05-17 18:42:00,103096.7890625
2025-05-17 18:43:00,103093.9609375
2025-05-17 18:44:00,103103.578125
2025-05-17 18:45:00,103099.953125
2025-05-17 18:46:00,103077.8671875
2025-05-17 18:47:00,103071.9453125
2025-05-17 18:48:00,103078.59375
2025-05-17 18:49:00,103066.421875
2025-05-17 18:50:00,103072.8984375
2025-05-17 18:51:00,103077.796875
2025-05-17 18:52:00,103065.6171875
2025-05-17 18:53:00,103052.9375
2025-05-17 18:54:00,103050.8515625
2025-05-17 18:55:00,103017.5078125
2025-05-17 18:56:00,103033.8046875
2025-05-17 18:57:00,103026.765625
2025-05-17 18:58:00,103004.421875
2025-05-17 18:59:00,103003.96875
2025-05-17 19:00:00,103022.046875
2025-05-17 19:01:00,102997.828125
2025-05-17 19:02:00,102984.0859375
2025-05-17 19:03:00,102966.0234375
2025-05-17 19:04:00,102963.296875
2025-05-17 19:05:00,103010.265625
2025-05-17 19:06:00,103015.78125
2025-05-17 19:07:00,103045.8203125
2025-05-17 19:08:00,103045.609375
2025-05-17 19:09:00,103052.53125
2025-05-17 19:10:00,103053.40625
2025-05-17 19:11:00,103053.515625
2025-05-17 19:12:00,103064.3515625
2025-05-17 19:13:00,103094.828125
2025-05-17 19:14:00,103095.953125
2025-05-17 19:15:00,103109.5390625
2025-05-17 19:16:00,103113.6875
2025-05-17 19:17:00,103107.2578125
2025-05-17 19:18:00,103085.375
2025-05-17 19:19:00,103093.5703125
2025-05-17 19:20:00,103101.734375
2025-05-17 19:21:00,103098.1640625
2025-05-17 19:22:00,103102.7890625
2025-05-17 19:23:00,103122.7734375
2025-05-17 19:24:00,103124.71875
2025-05-17 19:25:00,103136.59375
2025-05-17 19:26:00,103121.0
2025-05-17 19:27:00,103117.2734375
2025-05-17 19:28:00,103092.03125
2025-05-17 19:29:00,103085.5859375
2025-05-17 19:30:00,103083.5546875
2025-05-17 19:31:00,103080.7578125
2025-05-17 19:32:00,103038.671875
2025-05-17 19:33:00,103064.515625
2025-05-17 19:34:00,103110.03125
2025-05-17 19:35:00,103124.8671875
2025-05-17 19:36:00,103115.390625
2025-05-17 19:37:00,103148.34375
2025-05-17 19:38:00,103140.4765625
2025-05-17 19:39:00,103144.84375
2025-05-17 19:40:00,103143.3125
2025-05-17 19:41:00,103144.578125
2025-05-17 19:42:00,103143.234375
2025-05-17 19:43:00,103162.8828125
2025-05-17 19:44:00,103166.9609375
2025-05-17 19:45:00,103167.015625
2025-05-17 19:46:00,103178.2734375
2025-05-17 19:47:00,103174.3984375
2025-05-17 19:48:00,103174.4609375
2025-05-17 19:49:00,103168.1484375
2025-05-17 19:50:00,103167.890625
2025-05-17 19:51:00,103158.4453125
2025-05-17 19:52:00,103164.9765625
2025-05-17 19:53:00,103165.6953125
2025-05-17 19:54:00,103178.6484375
2025-05-17 19:55:00,103182.0078125
2025-05-17 19:56:00,103182.7421875
2025-05-17 19:57:00,103186.0078125
2025-05-17 19:58:00,103205.359375
2025-05-17 19:59:00,103207.40625
2025-05-17 20:00:00,103181.234375
2025-05-17 20:01:00,103173.4375
2025-05-17 20:02:00,103176.6015625
2025-05-17 20:03:00,103195.828125
2025-05-17 20:04:00,103218.609375
2025-05-17 20:05:00,103196.4453125
2025-05-17 20:06:00,103186.859375
2025-05-17 20:07:00,103205.0234375
2025-05-17 20:08:00,103172.359375
2025-05-17 20:09:00,103158.5859375
2025-05-17 20:10:00,103161.109375
2025-05-17 20:11:00,103152.1171875
2025-05-17 20:12:00,103131.6484375
2025-05-17 20:13:00,103118.046875
2025-05-17 20:14:00,103125.3046875
2025-05-17 20:15:00,103128.8203125
2025-05-17 20:16:00,103153.0234375
2025-05-17 20:17:00,103132.7265625
2025-05-17 20:18:00,103162.734375
2025-05-17 20:19:00,103183.359375
2025-05-17 20:20:00,103178.2578125
2025-05-17 20:22:00,103163.046875
2025-05-17 20:23:00,103178.625
2025-05-17 20:24:00,103178.4453125
2025-05-17 20:25:00,103175.625
2025-05-17 20:26:00,103161.4140625
2025-05-17 20:27:00,103174.4140625
2025-05-17 20:28:00,103156.203125
2025-05-17 20:29:00,103144.3984375
2025-05-17 20:30:00,103154.5
2025-05-17 20:31:00,103196.515625
2025-05-17 20:32:00,103215.2421875
2025-05-17 20:33:00,103213.078125
2025-05-17 20:34:00,103210.5234375
2025-05-17 20:35:00,103206.484375
2025-05-17 20:36:00,103228.2734375
2025-05-17 20:37:00,103219.3828125
2025-05-17 20:38:00,103224.1640625
2025-05-17 20:39:00,103207.859375
2025-05-17 20:40:00,103210.046875
2025-05-17 20:42:00,103246.8125
2025-05-17 20:43:00,103251.140625
2025-05-17 20:44:00,103253.21875
2025-05-17 20:45:00,103261.453125
2025-05-17 20:46:00,103264.1015625
2025-05-17 20:47:00,103237.6484375
2025-05-17 20:48:00,103233.421875
2025-05-17 20:49:00,103224.0078125
2025-05-17 20:50:00,103241.609375
2025-05-17 20:51:00,103242.3515625
2025-05-17 20:52:00,103260.734375
2025-05-17 20:53:00,103306.8203125
2025-05-17 20:54:00,103301.640625
2025-05-17 20:55:00,103386.046875
2025-05-17 20:56:00,103430.265625
2025-05-17 20:57:00,103408.3359375
2025-05-17 20:58:00,103415.9453125
2025-05-17 20:59:00,103404.640625
2025-05-17 21:00:00,103402.546875
2025-05-17 21:01:00,103415.6328125
2025-05-17 21:02:00,103385.421875
2025-05-17 21:03:00,103374.796875
2025-05-17 21:04:00,103354.234375
2025-05-17 21:05:00,103368.203125
2025-05-17 21:06:00,103407.625
2025-05-17 21:07:00,103458.5625
2025-05-17 21:08:00,103391.3125
2025-05-17 21:09:00,103366.0859375
2025-05-17 21:10:00,103354.421875
2025-05-17 21:11:00,103339.1171875
2025-05-17 21:12:00,103352.015625
2025-05-17 21:13:00,103363.5703125
2025-05-17 21:14:00,103394.1171875
2025-05-17 21:15:00,103410.71875
2025-05-17 21:16:00,103415.5
2025-05-17 21:17:00,103401.546875
2025-05-17 21:18:00,103386.8515625
2025-05-17 21:19:00,103361.0859375
2025-05-17 21:20:00,103347.3046875
2025-05-17 21:21:00,103280.40625
2025-05-17 21:22:00,103265.2734375
2025-05-17 21:23:00,103284.3515625
2025-05-17 21:24:00,103293.7890625
2025-05-17 21:25:00,103274.6953125
2025-05-17 21:26:00,103240.21875
2025-05-17 21:27:00,103231.9453125
2025-05-17 21:28:00,103231.3515625
2025-05-17 21:29:00,103210.59375
2025-05-17 21:30:00,103225.84375
2025-05-17 21:31:00,103233.03125
2025-05-17 21:32:00,103286.765625
2025-05-17 21:33:00,103288.25
2025-05-17 21:34:00,103276.9609375
2025-05-17 21:35:00,103279.734375
2025-05-17 21:36:00,103299.984375
2025-05-17 21:37:00,103289.203125
2025-05-17 21:38:00,103243.671875
2025-05-17 21:39:00,103202.5
2025-05-17 21:40:00,103242.46875
2025-05-17 21:41:00,103248.4609375
2025-05-17 21:42:00,103306.9453125
2025-05-17 21:43:00,103291.546875
2025-05-17 21:44:00,103242.390625
2025-05-17 21:45:00,103228.625
2025-05-17 21:46:00,103185.5859375
2025-05-17 21:47:00,103207.359375
2025-05-17 21:48:00,103252.4375
2025-05-17 21:49:00,103269.34375
2025-05-17 21:50:00,103281.078125
2025-05-17 21:51:00,103286.4140625
2025-05-17 21:52:00,103300.1640625
2025-05-17 21:53:00,103283.21875
2025-05-17 21:55:00,103265.96875
2025-05-17 21:56:00,103242.328125
2025-05-17 21:57:00,103265.28125
2025-05-17 21:58:00,103242.109375
2025-05-17 21:59:00,103270.0
2025-05-17 22:00:00,103264.6640625
2025-05-17 22:02:00,103252.0546875
2025-05-17 22:03:00,103255.53125
2025-05-17 22:04:00,103250.7734375
2025-05-17 22:05:00,103244.9921875
2025-05-17 22:06:00,103236.8828125
2025-05-17 22:07:00,103121.8984375
2025-05-17 22:08:00,103103.75
2025-05-17 22:09:00,103063.6171875
2025-05-17 22:10:00,103052.9140625
2025-05-17 22:11:00,103023.0390625
2025-05-17 22:12:00,102986.9609375
2025-05-17 22:13:00,103004.7265625
2025-05-17 22:14:00,102992.6328125
2025-05-17 22:15:00,103023.2265625
2025-05-17 22:16:00,103015.03125
2025-05-17 22:17:00,102999.25
2025-05-17 22:18:00,103006.328125
2025-05-17 22:19:00,102993.5390625
2025-05-17 22:20:00,103008.625
2025-05-17 22:21:00,103008.234375
2025-05-17 22:22:00,103006.71875
2025-05-17 22:23:00,103005.0703125
2025-05-17 22:24:00,103037.4296875
2025-05-17 22:25:00,103023.0234375
2025-05-17 22:26:00,103020.6484375
2025-05-17 22:27:00,102995.65625
2025-05-17 22:28:00,102982.1015625
2025-05-17 22:29:00,102971.390625
2025-05-17 22:30:00,102976.8203125
2025-05-17 22:32:00,102965.75
2025-05-17 22:33:00,102987.15625
2025-05-17 22:34:00,102989.2421875
2025-05-17 22:35:00,102993.8984375
2025-05-17 22:36:00,103003.2890625
2025-05-17 22:37:00,103008.234375
2025-05-17 22:38:00,103008.453125
2025-05-17 22:39:00,103072.875
2025-05-17 22:40:00,103064.96875
2025-05-17 22:41:00,103064.140625
2025-05-17 22:42:00,103055.1796875
2025-05-17 22:43:00,103053.984375
2025-05-17 22:44:00,103050.2421875
2025-05-17 22:45:00,103040.609375
2025-05-17 22:46:00,103046.3203125
2025-05-17 22:47:00,103059.078125
2025-05-17 22:48:00,103065.2109375
2025-05-17 22:49:00,103056.625
2025-05-17 22:50:00,103061.015625
2025-05-17 22:51:00,103067.984375
2025-05-17 22:52:00,103060.609375
2025-05-17 22:53:00,103046.9609375
2025-05-17 22:54:00,103067.0390625
2025-05-17 22:55:00,103065.046875
2025-05-17 22:56:00,103067.03125
2025-05-17 22:57:00,103052.375
2025-05-17 22:58:00,103075.0
2025-05-17 22:59:00,103103.296875
2025-05-17 23:00:00,103081.171875
2025-05-17 23:01:00,103104.4296875
2025-05-17 23:02:00,103091.4609375
2025-05-17 23:03:00,103074.46875
2025-05-17 23:04:00,103052.171875
2025-05-17 23:05:00,103062.8515625
2025-05-17 23:06:00,103051.8828125
2025-05-17 23:07:00,102996.4609375
2025-05-17 23:08:00,103005.265625
2025-05-17 23:09:00,103015.6171875
2025-05-17 23:10:00,103121.84375
2025-05-17 23:11:00,103158.859375
2025-05-17 23:12:00,103160.5625
2025-05-17 23:13:00,103144.53125
2025-05-17 23:14:00,103142.15625
2025-05-17 23:15:00,103166.7890625
2025-05-17 23:16:00,103159.171875
2025-05-17 23:17:00,103147.21875
2025-05-17 23:18:00,103142.40625
2025-05-17 23:19:00,103121.65625
2025-05-17 23:20:00,103135.0625
2025-05-17 23:21:00,103132.5234375
2025-05-17 23:22:00,103155.8046875
2025-05-17 23:23:00,103153.0859375
2025-05-17 23:24:00,103133.3828125
2025-05-17 23:25:00,103156.7421875
2025-05-17 23:26:00,103143.0703125
2025-05-17 23:27:00,103139.984375
2025-05-17 23:28:00,103169.0703125
2025-05-17 23:29:00,103217.1875
2025-05-17 23:30:00,103196.234375
2025-05-17 23:31:00,103189.9296875
2025-05-17 23:32:00,103178.625
2025-05-17 23:33:00,103178.375
2025-05-17 23:34:00,103179.0
2025-05-17 23:35:00,103206.3046875
2025-05-17 23:36:00,103185.7109375
2025-05-17 23:37:00,103155.5859375
2025-05-17 23:38:00,103184.8125
2025-05-17 23:39:00,103193.1953125
2025-05-17 23:40:00,103193.40625
2025-05-17 23:41:00,103198.65625
2025-05-17 23:42:00,103201.140625
2025-05-17 23:43:00,103201.4765625
2025-05-17 23:36:06,103160.0
2025-05-17 23:37:07,103162.0
2025-05-17 23:38:08,103161.0
2025-05-17 23:39:08,103163.0
2025-05-17 23:40:08,103164.0
2025-05-17 23:41:08,103172.0
2025-05-17 23:42:08,103176.0
2025-05-17 23:43:08,103182.0
2025-05-17 23:44:08,103185.0
2025-05-17 23:45:08,103187.0
