#0 building with "desktop-linux" instance using docker driver

#1 [internal] load build definition from Dockerfile
#1 transferring dockerfile: 1.69kB done
#1 DONE 0.0s

#2 [internal] load metadata for docker.io/library/ubuntu:20.04
#2 DONE 0.3s

#3 [internal] load .dockerignore
#3 transferring context: 2B done
#3 DONE 0.0s

#4 [ 1/18] FROM docker.io/library/ubuntu:20.04@sha256:8feb4d8ca5354def3d8fce243717141ce31e2c428701f6682bd2fafe15388214
#4 resolve docker.io/library/ubuntu:20.04@sha256:8feb4d8ca5354def3d8fce243717141ce31e2c428701f6682bd2fafe15388214 done
#4 DONE 0.0s

#5 [internal] load build context
#5 transferring context: 5.47kB done
#5 DONE 0.0s

#6 [ 2/18] RUN apt-get -y update
#6 CACHED

#7 [ 3/18] RUN apt-get -y upgrade
#7 CACHED

#8 [ 7/18] RUN pip3 install     ipython     tornado==6.1     jupyter-client==7.3.2     jupyter-contrib-core     jupyter-contrib-nbextensions     psycopg2-binary     yapf
#8 CACHED

#9 [ 4/18] RUN apt install -y --no-install-recommends     sudo     curl     systemctl     gnupg     git     vim
#9 CACHED

#10 [ 6/18] RUN python3 -m pip install --upgrade pip
#10 CACHED

#11 [ 5/18] RUN apt install -y --no-install-recommends     python3     python3-pip     python3-dev
#11 CACHED

#12 [ 8/18] RUN mkdir /install
#12 CACHED

#13 [ 9/18] ADD requirements.txt /install
#13 DONE 0.0s

#14 [10/18] RUN pip3 install -r /install/requirements.txt
#14 0.269 Collecting altair==5.4.1 (from -r /install/requirements.txt (line 1))
#14 0.315   Downloading altair-5.4.1-py3-none-any.whl.metadata (9.4 kB)
#14 0.323 Requirement already satisfied: anyio==3.7.1 in /usr/local/lib/python3.8/dist-packages (from -r /install/requirements.txt (line 2)) (3.7.1)
#14 0.340 Collecting appnope==0.1.4 (from -r /install/requirements.txt (line 3))
#14 0.349   Downloading appnope-0.1.4-py2.py3-none-any.whl.metadata (908 bytes)
#14 0.353 Requirement already satisfied: argon2-cffi==23.1.0 in /usr/local/lib/python3.8/dist-packages (from -r /install/requirements.txt (line 4)) (23.1.0)
#14 0.353 Requirement already satisfied: argon2-cffi-bindings==21.2.0 in /usr/local/lib/python3.8/dist-packages (from -r /install/requirements.txt (line 5)) (21.2.0)
#14 0.354 Requirement already satisfied: asttokens==3.0.0 in /usr/local/lib/python3.8/dist-packages (from -r /install/requirements.txt (line 6)) (3.0.0)
#14 0.354 Requirement already satisfied: attrs==25.3.0 in /usr/local/lib/python3.8/dist-packages (from -r /install/requirements.txt (line 7)) (25.3.0)
#14 0.354 Requirement already satisfied: backcall==0.2.0 in /usr/local/lib/python3.8/dist-packages (from -r /install/requirements.txt (line 8)) (0.2.0)
#14 0.369 Collecting beautifulsoup4==4.13.3 (from -r /install/requirements.txt (line 9))
#14 0.378   Downloading beautifulsoup4-4.13.3-py3-none-any.whl.metadata (3.8 kB)
#14 0.382 Requirement already satisfied: bleach==6.1.0 in /usr/local/lib/python3.8/dist-packages (from -r /install/requirements.txt (line 10)) (6.1.0)
#14 0.395 Collecting blinker==1.8.2 (from -r /install/requirements.txt (line 11))
#14 0.405   Downloading blinker-1.8.2-py3-none-any.whl.metadata (1.6 kB)
#14 0.423 Collecting cachetools==5.5.2 (from -r /install/requirements.txt (line 12))
#14 0.432   Downloading cachetools-5.5.2-py3-none-any.whl.metadata (5.4 kB)
#14 0.435 Requirement already satisfied: cffi==1.17.1 in /usr/local/lib/python3.8/dist-packages (from -r /install/requirements.txt (line 13)) (1.17.1)
#14 0.488 Collecting charset-normalizer==3.3.2 (from -r /install/requirements.txt (line 14))
#14 0.500   Downloading charset_normalizer-3.3.2-cp38-cp38-manylinux_2_17_aarch64.manylinux2014_aarch64.whl.metadata (33 kB)
#14 0.522 Collecting click==8.1.8 (from -r /install/requirements.txt (line 15))
#14 0.531   Downloading click-8.1.8-py3-none-any.whl.metadata (2.3 kB)
#14 0.534 Requirement already satisfied: comm==0.2.2 in /usr/local/lib/python3.8/dist-packages (from -r /install/requirements.txt (line 16)) (0.2.2)
#14 0.566 Collecting contourpy==1.1.1 (from -r /install/requirements.txt (line 17))
#14 0.577   Downloading contourpy-1.1.1-cp38-cp38-manylinux_2_17_aarch64.manylinux2014_aarch64.whl.metadata (5.9 kB)
#14 0.591 Collecting cycler==0.12.1 (from -r /install/requirements.txt (line 18))
#14 0.599   Downloading cycler-0.12.1-py3-none-any.whl.metadata (3.8 kB)
#14 0.638 Collecting debugpy==1.8.13 (from -r /install/requirements.txt (line 19))
#14 0.647   Downloading debugpy-1.8.13-py2.py3-none-any.whl.metadata (1.3 kB)
#14 0.651 Requirement already satisfied: decorator==5.2.1 in /usr/local/lib/python3.8/dist-packages (from -r /install/requirements.txt (line 20)) (5.2.1)
#14 0.652 Requirement already satisfied: defusedxml==0.7.1 in /usr/local/lib/python3.8/dist-packages (from -r /install/requirements.txt (line 21)) (0.7.1)
#14 0.652 Requirement already satisfied: entrypoints==0.4 in /usr/local/lib/python3.8/dist-packages (from -r /install/requirements.txt (line 22)) (0.4)
#14 0.652 Requirement already satisfied: exceptiongroup==1.2.2 in /usr/local/lib/python3.8/dist-packages (from -r /install/requirements.txt (line 23)) (1.2.2)
#14 0.652 Requirement already satisfied: executing==2.2.0 in /usr/local/lib/python3.8/dist-packages (from -r /install/requirements.txt (line 24)) (2.2.0)
#14 0.689 Collecting Faker==35.2.2 (from -r /install/requirements.txt (line 25))
#14 0.697   Downloading Faker-35.2.2-py3-none-any.whl.metadata (15 kB)
#14 0.703 Requirement already satisfied: fastjsonschema==2.21.1 in /usr/local/lib/python3.8/dist-packages (from -r /install/requirements.txt (line 26)) (2.21.1)
#14 0.714 Collecting favicon==0.7.0 (from -r /install/requirements.txt (line 27))
#14 0.723   Downloading favicon-0.7.0-py2.py3-none-any.whl.metadata (4.9 kB)
#14 0.742 Collecting filelock==3.16.1 (from -r /install/requirements.txt (line 28))
#14 0.750   Downloading filelock-3.16.1-py3-none-any.whl.metadata (2.9 kB)
#14 0.815 Collecting fonttools==4.57.0 (from -r /install/requirements.txt (line 29))
#14 0.824   Downloading fonttools-4.57.0-cp38-cp38-manylinux_2_17_aarch64.manylinux2014_aarch64.whl.metadata (102 kB)
#14 0.867 Collecting frozendict==2.4.6 (from -r /install/requirements.txt (line 30))
#14 0.878   Downloading frozendict-2.4.6-cp38-cp38-manylinux_2_17_aarch64.manylinux2014_aarch64.whl.metadata (23 kB)
#14 0.898 Collecting fsspec==2025.3.0 (from -r /install/requirements.txt (line 31))
#14 0.908   Downloading fsspec-2025.3.0-py3-none-any.whl.metadata (11 kB)
#14 0.937 Collecting gitdb==4.0.12 (from -r /install/requirements.txt (line 32))
#14 0.945   Downloading gitdb-4.0.12-py3-none-any.whl.metadata (1.2 kB)
#14 0.964 Collecting GitPython==3.1.44 (from -r /install/requirements.txt (line 33))
#14 0.973   Downloading GitPython-3.1.44-py3-none-any.whl.metadata (13 kB)
#14 0.987 Collecting htbuilder==0.9.0 (from -r /install/requirements.txt (line 34))
#14 0.997   Downloading htbuilder-0.9.0.tar.gz (10 kB)
#14 1.001   Preparing metadata (setup.py): started
#14 1.066   Preparing metadata (setup.py): finished with status 'done'
#14 1.068 Requirement already satisfied: idna==3.10 in /usr/local/lib/python3.8/dist-packages (from -r /install/requirements.txt (line 35)) (3.10)
#14 1.068 Requirement already satisfied: importlib_metadata==8.5.0 in /usr/local/lib/python3.8/dist-packages (from -r /install/requirements.txt (line 36)) (8.5.0)
#14 1.068 Requirement already satisfied: importlib_resources==6.4.5 in /usr/local/lib/python3.8/dist-packages (from -r /install/requirements.txt (line 37)) (6.4.5)
#14 1.068 Requirement already satisfied: ipykernel==6.29.5 in /usr/local/lib/python3.8/dist-packages (from -r /install/requirements.txt (line 38)) (6.29.5)
#14 1.069 Requirement already satisfied: ipython==8.12.3 in /usr/local/lib/python3.8/dist-packages (from -r /install/requirements.txt (line 39)) (8.12.3)
#14 1.069 Requirement already satisfied: ipython-genutils==0.2.0 in /usr/local/lib/python3.8/dist-packages (from -r /install/requirements.txt (line 40)) (0.2.0)
#14 1.069 Requirement already satisfied: jedi==0.19.2 in /usr/local/lib/python3.8/dist-packages (from -r /install/requirements.txt (line 41)) (0.19.2)
#14 1.069 Requirement already satisfied: Jinja2==3.1.6 in /usr/local/lib/python3.8/dist-packages (from -r /install/requirements.txt (line 42)) (3.1.6)
#14 1.087 Collecting joblib==1.4.2 (from -r /install/requirements.txt (line 43))
#14 1.095   Downloading joblib-1.4.2-py3-none-any.whl.metadata (5.4 kB)
#14 1.098 Requirement already satisfied: jsonschema==4.23.0 in /usr/local/lib/python3.8/dist-packages (from -r /install/requirements.txt (line 44)) (4.23.0)
#14 1.098 Requirement already satisfied: jsonschema-specifications==2023.12.1 in /usr/local/lib/python3.8/dist-packages (from -r /install/requirements.txt (line 45)) (2023.12.1)
#14 1.098 Requirement already satisfied: jupyter-client==7.3.2 in /usr/local/lib/python3.8/dist-packages (from -r /install/requirements.txt (line 46)) (7.3.2)
#14 1.099 Requirement already satisfied: jupyter-highlight-selected-word==0.2.0 in /usr/local/lib/python3.8/dist-packages (from -r /install/requirements.txt (line 47)) (0.2.0)
#14 1.099 Requirement already satisfied: jupyter-server==1.24.0 in /usr/local/lib/python3.8/dist-packages (from -r /install/requirements.txt (line 48)) (1.24.0)
#14 1.099 Requirement already satisfied: jupyter_contrib_core==0.4.2 in /usr/local/lib/python3.8/dist-packages (from -r /install/requirements.txt (line 49)) (0.4.2)
#14 1.099 Requirement already satisfied: jupyter_contrib_nbextensions==0.7.0 in /usr/local/lib/python3.8/dist-packages (from -r /install/requirements.txt (line 50)) (0.7.0)
#14 1.099 Requirement already satisfied: jupyter_core==5.7.2 in /usr/local/lib/python3.8/dist-packages (from -r /install/requirements.txt (line 51)) (5.7.2)
#14 1.099 Requirement already satisfied: jupyter_nbextensions_configurator==0.6.4 in /usr/local/lib/python3.8/dist-packages (from -r /install/requirements.txt (line 52)) (0.6.4)
#14 1.100 Requirement already satisfied: jupyterlab_pygments==0.3.0 in /usr/local/lib/python3.8/dist-packages (from -r /install/requirements.txt (line 53)) (0.3.0)
#14 1.127 Collecting kiwisolver==1.4.7 (from -r /install/requirements.txt (line 54))
#14 1.136   Downloading kiwisolver-1.4.7-cp38-cp38-manylinux_2_17_aarch64.manylinux2014_aarch64.whl.metadata (6.3 kB)
#14 1.213 Collecting lxml==5.3.2 (from -r /install/requirements.txt (line 55))
#14 1.222   Downloading lxml-5.3.2-cp38-cp38-manylinux_2_28_aarch64.whl.metadata (3.3 kB)
#14 1.242 Collecting Markdown==3.7 (from -r /install/requirements.txt (line 56))
#14 1.253   Downloading Markdown-3.7-py3-none-any.whl.metadata (7.0 kB)
#14 1.269 Collecting markdown-it-py==3.0.0 (from -r /install/requirements.txt (line 57))
#14 1.279   Downloading markdown_it_py-3.0.0-py3-none-any.whl.metadata (6.9 kB)
#14 1.302 Collecting markdownlit==0.0.7 (from -r /install/requirements.txt (line 58))
#14 1.311   Downloading markdownlit-0.0.7-py3-none-any.whl.metadata (14 kB)
#14 1.315 Requirement already satisfied: MarkupSafe==2.1.5 in /usr/local/lib/python3.8/dist-packages (from -r /install/requirements.txt (line 59)) (2.1.5)
#14 1.383 Collecting matplotlib==3.7.5 (from -r /install/requirements.txt (line 60))
#14 1.394   Downloading matplotlib-3.7.5-cp38-cp38-manylinux_2_17_aarch64.manylinux2014_aarch64.whl.metadata (5.7 kB)
#14 1.398 Requirement already satisfied: matplotlib-inline==0.1.7 in /usr/local/lib/python3.8/dist-packages (from -r /install/requirements.txt (line 61)) (0.1.7)
#14 1.411 Collecting mdurl==0.1.2 (from -r /install/requirements.txt (line 62))
#14 1.419   Downloading mdurl-0.1.2-py3-none-any.whl.metadata (1.6 kB)
#14 1.421 Requirement already satisfied: mistune==3.1.3 in /usr/local/lib/python3.8/dist-packages (from -r /install/requirements.txt (line 63)) (3.1.3)
#14 1.436 Collecting mpmath==1.3.0 (from -r /install/requirements.txt (line 64))
#14 1.445   Downloading mpmath-1.3.0-py3-none-any.whl.metadata (8.6 kB)
#14 1.460 Collecting multitasking==0.0.11 (from -r /install/requirements.txt (line 65))
#14 1.469   Downloading multitasking-0.0.11-py3-none-any.whl.metadata (5.5 kB)
#14 1.496 Collecting narwhals==1.37.1 (from -r /install/requirements.txt (line 66))
#14 1.507   Downloading narwhals-1.37.1-py3-none-any.whl.metadata (9.3 kB)
#14 1.511 Requirement already satisfied: nbclassic==1.2.0 in /usr/local/lib/python3.8/dist-packages (from -r /install/requirements.txt (line 67)) (1.2.0)
#14 1.511 Requirement already satisfied: nbclient==0.10.1 in /usr/local/lib/python3.8/dist-packages (from -r /install/requirements.txt (line 68)) (0.10.1)
#14 1.511 Requirement already satisfied: nbconvert==7.16.6 in /usr/local/lib/python3.8/dist-packages (from -r /install/requirements.txt (line 69)) (7.16.6)
#14 1.511 Requirement already satisfied: nbformat==5.10.4 in /usr/local/lib/python3.8/dist-packages (from -r /install/requirements.txt (line 70)) (5.10.4)
#14 1.512 Requirement already satisfied: nest-asyncio==1.6.0 in /usr/local/lib/python3.8/dist-packages (from -r /install/requirements.txt (line 71)) (1.6.0)
#14 1.529 Collecting networkx==3.1 (from -r /install/requirements.txt (line 72))
#14 1.538   Downloading networkx-3.1-py3-none-any.whl.metadata (5.3 kB)
#14 1.542 Requirement already satisfied: notebook==6.5.7 in /usr/local/lib/python3.8/dist-packages (from -r /install/requirements.txt (line 73)) (6.5.7)
#14 1.542 Requirement already satisfied: notebook_shim==0.2.4 in /usr/local/lib/python3.8/dist-packages (from -r /install/requirements.txt (line 74)) (0.2.4)
#14 1.615 Collecting numpy==1.24.4 (from -r /install/requirements.txt (line 75))
#14 1.626   Downloading numpy-1.24.4-cp38-cp38-manylinux_2_17_aarch64.manylinux2014_aarch64.whl.metadata (5.6 kB)
#14 1.641 Collecting packaging==24.2 (from -r /install/requirements.txt (line 76))
#14 1.648   Downloading packaging-24.2-py3-none-any.whl.metadata (3.2 kB)
#14 1.701 Collecting pandas==2.0.3 (from -r /install/requirements.txt (line 77))
#14 1.708   Downloading pandas-2.0.3-cp38-cp38-manylinux_2_17_aarch64.manylinux2014_aarch64.whl.metadata (18 kB)
#14 1.722 Requirement already satisfied: pandocfilters==1.5.1 in /usr/local/lib/python3.8/dist-packages (from -r /install/requirements.txt (line 78)) (1.5.1)
#14 1.723 Requirement already satisfied: parso==0.8.4 in /usr/local/lib/python3.8/dist-packages (from -r /install/requirements.txt (line 79)) (0.8.4)
#14 1.740 Collecting peewee==3.18.1 (from -r /install/requirements.txt (line 80))
#14 1.751   Downloading peewee-3.18.1.tar.gz (3.0 MB)
#14 1.875      ━━━━━━━━━━━━━━━━━━━━━━━━━━━━━━━━━━━━━━━━ 3.0/3.0 MB 26.3 MB/s eta 0:00:00
#14 1.977   Installing build dependencies: started
#14 2.624   Installing build dependencies: finished with status 'done'
#14 2.625   Getting requirements to build wheel: started
#14 2.684   Getting requirements to build wheel: finished with status 'done'
#14 2.685   Preparing metadata (pyproject.toml): started
#14 2.746   Preparing metadata (pyproject.toml): finished with status 'done'
#14 2.748 Requirement already satisfied: pexpect==4.9.0 in /usr/local/lib/python3.8/dist-packages (from -r /install/requirements.txt (line 81)) (4.9.0)
#14 2.748 Requirement already satisfied: pickleshare==0.7.5 in /usr/local/lib/python3.8/dist-packages (from -r /install/requirements.txt (line 82)) (0.7.5)
#14 2.831 Collecting pillow==10.4.0 (from -r /install/requirements.txt (line 83))
#14 2.843   Downloading pillow-10.4.0-cp38-cp38-manylinux_2_28_aarch64.whl.metadata (9.2 kB)
#14 2.848 Requirement already satisfied: pkgutil_resolve_name==1.3.10 in /usr/local/lib/python3.8/dist-packages (from -r /install/requirements.txt (line 84)) (1.3.10)
#14 2.848 Requirement already satisfied: platformdirs==4.3.6 in /usr/local/lib/python3.8/dist-packages (from -r /install/requirements.txt (line 85)) (4.3.6)
#14 2.872 Collecting plotly==6.0.1 (from -r /install/requirements.txt (line 86))
#14 2.881   Downloading plotly-6.0.1-py3-none-any.whl.metadata (6.7 kB)
#14 2.884 Requirement already satisfied: prometheus_client==0.21.1 in /usr/local/lib/python3.8/dist-packages (from -r /install/requirements.txt (line 87)) (0.21.1)
#14 2.902 Collecting prompt_toolkit==3.0.50 (from -r /install/requirements.txt (line 88))
#14 2.912   Downloading prompt_toolkit-3.0.50-py3-none-any.whl.metadata (6.6 kB)
#14 2.979 Collecting protobuf==5.29.4 (from -r /install/requirements.txt (line 89))
#14 2.987   Downloading protobuf-5.29.4-cp38-abi3-manylinux2014_aarch64.whl.metadata (592 bytes)
#14 2.990 Requirement already satisfied: psutil==7.0.0 in /usr/local/lib/python3.8/dist-packages (from -r /install/requirements.txt (line 90)) (7.0.0)
#14 2.990 Requirement already satisfied: ptyprocess==0.7.0 in /usr/local/lib/python3.8/dist-packages (from -r /install/requirements.txt (line 91)) (0.7.0)
#14 2.990 Requirement already satisfied: pure_eval==0.2.3 in /usr/local/lib/python3.8/dist-packages (from -r /install/requirements.txt (line 92)) (0.2.3)
#14 3.026 Collecting pyarrow==17.0.0 (from -r /install/requirements.txt (line 93))
#14 3.035   Downloading pyarrow-17.0.0-cp38-cp38-manylinux_2_28_aarch64.whl.metadata (3.3 kB)
#14 3.038 Requirement already satisfied: pycparser==2.22 in /usr/local/lib/python3.8/dist-packages (from -r /install/requirements.txt (line 94)) (2.22)
#14 3.051 Collecting pydeck==0.9.1 (from -r /install/requirements.txt (line 95))
#14 3.059   Downloading pydeck-0.9.1-py2.py3-none-any.whl.metadata (4.1 kB)
#14 3.062 Requirement already satisfied: Pygments==2.19.1 in /usr/local/lib/python3.8/dist-packages (from -r /install/requirements.txt (line 96)) (2.19.1)
#14 3.079 Collecting pymdown-extensions==10.15 (from -r /install/requirements.txt (line 97))
#14 3.090   Downloading pymdown_extensions-10.15-py3-none-any.whl.metadata (3.0 kB)
#14 3.114 Collecting pyparsing==3.1.4 (from -r /install/requirements.txt (line 98))
#14 3.123   Downloading pyparsing-3.1.4-py3-none-any.whl.metadata (5.1 kB)
#14 3.126 Requirement already satisfied: python-dateutil==2.9.0.post0 in /usr/local/lib/python3.8/dist-packages (from -r /install/requirements.txt (line 99)) (2.9.0.post0)
#14 3.166 Collecting pytz==2025.2 (from -r /install/requirements.txt (line 100))
#14 3.174   Downloading pytz-2025.2-py2.py3-none-any.whl.metadata (22 kB)
#14 3.178 Requirement already satisfied: PyYAML==6.0.2 in /usr/local/lib/python3.8/dist-packages (from -r /install/requirements.txt (line 101)) (6.0.2)
#14 3.178 Requirement already satisfied: pyzmq==26.4.0 in /usr/local/lib/python3.8/dist-packages (from -r /install/requirements.txt (line 102)) (26.4.0)
#14 3.178 Requirement already satisfied: referencing==0.35.1 in /usr/local/lib/python3.8/dist-packages (from -r /install/requirements.txt (line 103)) (0.35.1)
#14 3.196 Collecting requests==2.31.0 (from -r /install/requirements.txt (line 104))
#14 3.203   Downloading requests-2.31.0-py3-none-any.whl.metadata (4.6 kB)
#14 3.230 Collecting rich==13.9.4 (from -r /install/requirements.txt (line 105))
#14 3.240   Downloading rich-13.9.4-py3-none-any.whl.metadata (18 kB)
#14 3.244 Requirement already satisfied: rpds-py==0.20.1 in /usr/local/lib/python3.8/dist-packages (from -r /install/requirements.txt (line 106)) (0.20.1)
#14 3.283 Collecting scikit-learn==1.3.2 (from -r /install/requirements.txt (line 107))
#14 3.291   Downloading scikit_learn-1.3.2-cp38-cp38-manylinux_2_17_aarch64.manylinux2014_aarch64.whl.metadata (11 kB)
#14 3.347 Collecting scipy==1.10.1 (from -r /install/requirements.txt (line 108))
#14 3.355   Downloading scipy-1.10.1-cp38-cp38-manylinux_2_17_aarch64.manylinux2014_aarch64.whl.metadata (58 kB)
#14 3.377 Collecting seaborn==0.13.2 (from -r /install/requirements.txt (line 109))
#14 3.386   Downloading seaborn-0.13.2-py3-none-any.whl.metadata (5.4 kB)
#14 3.390 Requirement already satisfied: Send2Trash==1.8.3 in /usr/local/lib/python3.8/dist-packages (from -r /install/requirements.txt (line 110)) (1.8.3)
#14 3.390 Requirement already satisfied: six==1.17.0 in /usr/local/lib/python3.8/dist-packages (from -r /install/requirements.txt (line 111)) (1.17.0)
#14 3.403 Collecting smmap==5.0.2 (from -r /install/requirements.txt (line 112))
#14 3.412   Downloading smmap-5.0.2-py3-none-any.whl.metadata (4.3 kB)
#14 3.415 Requirement already satisfied: sniffio==1.3.1 in /usr/local/lib/python3.8/dist-packages (from -r /install/requirements.txt (line 113)) (1.3.1)
#14 3.428 Collecting soupsieve==2.6 (from -r /install/requirements.txt (line 114))
#14 3.437   Downloading soupsieve-2.6-py3-none-any.whl.metadata (4.6 kB)
#14 3.457 Collecting st-annotated-text==4.0.2 (from -r /install/requirements.txt (line 115))
#14 3.466   Downloading st_annotated_text-4.0.2-py3-none-any.whl.metadata (2.4 kB)
#14 3.482 Collecting st-theme==1.2.3 (from -r /install/requirements.txt (line 116))
#14 3.490   Downloading st_theme-1.2.3-py3-none-any.whl.metadata (6.9 kB)
#14 3.493 Requirement already satisfied: stack-data==0.6.3 in /usr/local/lib/python3.8/dist-packages (from -r /install/requirements.txt (line 117)) (0.6.3)
#14 3.520 Collecting streamlit==1.40.1 (from -r /install/requirements.txt (line 118))
#14 3.529   Downloading streamlit-1.40.1-py2.py3-none-any.whl.metadata (8.5 kB)
#14 3.546 Collecting streamlit-autorefresh==1.0.1 (from -r /install/requirements.txt (line 119))
#14 3.556   Downloading streamlit_autorefresh-1.0.1-py3-none-any.whl.metadata (436 bytes)
#14 3.574 Collecting streamlit-avatar==0.1.3 (from -r /install/requirements.txt (line 120))
#14 3.583   Downloading streamlit_avatar-0.1.3-py3-none-any.whl.metadata (2.1 kB)
#14 3.599 Collecting streamlit-camera-input-live==0.2.0 (from -r /install/requirements.txt (line 121))
#14 3.607   Downloading streamlit_camera_input_live-0.2.0-py3-none-any.whl.metadata (1.5 kB)
#14 3.622 Collecting streamlit-card==1.0.2 (from -r /install/requirements.txt (line 122))
#14 3.631   Downloading streamlit_card-1.0.2-py3-none-any.whl.metadata (4.0 kB)
#14 3.648 Collecting streamlit-embedcode==0.1.2 (from -r /install/requirements.txt (line 123))
#14 3.657   Downloading streamlit_embedcode-0.1.2-py3-none-any.whl.metadata (414 bytes)
#14 3.677 Collecting streamlit-extras==0.6.0 (from -r /install/requirements.txt (line 124))
#14 3.694   Downloading streamlit_extras-0.6.0-py3-none-any.whl.metadata (4.0 kB)
#14 3.713 Collecting streamlit-faker==0.0.3 (from -r /install/requirements.txt (line 125))
#14 3.722   Downloading streamlit_faker-0.0.3-py3-none-any.whl.metadata (2.0 kB)
#14 3.738 Collecting streamlit-image-coordinates==0.1.9 (from -r /install/requirements.txt (line 126))
#14 3.747   Downloading streamlit_image_coordinates-0.1.9-py3-none-any.whl.metadata (2.0 kB)
#14 3.763 Collecting streamlit-keyup==0.3.0 (from -r /install/requirements.txt (line 127))
#14 3.771   Downloading streamlit_keyup-0.3.0-py3-none-any.whl.metadata (2.0 kB)
#14 3.784 Collecting streamlit-toggle-switch==1.0.2 (from -r /install/requirements.txt (line 128))
#14 3.792   Downloading streamlit_toggle_switch-1.0.2-py3-none-any.whl.metadata (395 bytes)
#14 3.809 Collecting streamlit-vertical-slider==2.5.5 (from -r /install/requirements.txt (line 129))
#14 3.818   Downloading streamlit_vertical_slider-2.5.5-py3-none-any.whl.metadata (2.2 kB)
#14 3.837 Collecting sympy==1.13.3 (from -r /install/requirements.txt (line 130))
#14 3.846   Downloading sympy-1.13.3-py3-none-any.whl.metadata (12 kB)
#14 3.866 Collecting tenacity==9.0.0 (from -r /install/requirements.txt (line 131))
#14 3.873   Downloading tenacity-9.0.0-py3-none-any.whl.metadata (1.2 kB)
#14 3.876 Requirement already satisfied: terminado==0.18.1 in /usr/local/lib/python3.8/dist-packages (from -r /install/requirements.txt (line 132)) (0.18.1)
#14 3.888 Collecting threadpoolctl==3.5.0 (from -r /install/requirements.txt (line 133))
#14 3.898   Downloading threadpoolctl-3.5.0-py3-none-any.whl.metadata (13 kB)
#14 3.900 Requirement already satisfied: tinycss2==1.2.1 in /usr/local/lib/python3.8/dist-packages (from -r /install/requirements.txt (line 134)) (1.2.1)
#14 3.911 Collecting toml==0.10.2 (from -r /install/requirements.txt (line 135))
#14 3.921   Downloading toml-0.10.2-py2.py3-none-any.whl.metadata (7.1 kB)
#14 3.924 Requirement already satisfied: tomli==2.2.1 in /usr/local/lib/python3.8/dist-packages (from -r /install/requirements.txt (line 136)) (2.2.1)
#14 3.952 Collecting torch==2.4.1 (from -r /install/requirements.txt (line 137))
#14 3.960   Downloading torch-2.4.1-cp38-cp38-manylinux2014_aarch64.whl.metadata (26 kB)
#14 3.966 Requirement already satisfied: tornado==6.1 in /usr/local/lib/python3.8/dist-packages (from -r /install/requirements.txt (line 138)) (6.1)
#14 3.967 Requirement already satisfied: traitlets==5.14.3 in /usr/local/lib/python3.8/dist-packages (from -r /install/requirements.txt (line 139)) (5.14.3)
#14 3.980 Collecting typing_extensions==4.13.1 (from -r /install/requirements.txt (line 140))
#14 3.990   Downloading typing_extensions-4.13.1-py3-none-any.whl.metadata (3.0 kB)
#14 4.005 Collecting tzdata==2025.2 (from -r /install/requirements.txt (line 141))
#14 4.013   Downloading tzdata-2025.2-py2.py3-none-any.whl.metadata (1.4 kB)
#14 4.033 Collecting urllib3==2.2.1 (from -r /install/requirements.txt (line 142))
#14 4.043   Downloading urllib3-2.2.1-py3-none-any.whl.metadata (6.4 kB)
#14 4.061 Collecting validators==0.34.0 (from -r /install/requirements.txt (line 143))
#14 4.070   Downloading validators-0.34.0-py3-none-any.whl.metadata (3.8 kB)
#14 4.073 Requirement already satisfied: wcwidth==0.2.13 in /usr/local/lib/python3.8/dist-packages (from -r /install/requirements.txt (line 144)) (0.2.13)
#14 4.073 Requirement already satisfied: webencodings==0.5.1 in /usr/local/lib/python3.8/dist-packages (from -r /install/requirements.txt (line 145)) (0.5.1)
#14 4.074 Requirement already satisfied: websocket-client==1.8.0 in /usr/local/lib/python3.8/dist-packages (from -r /install/requirements.txt (line 146)) (1.8.0)
#14 4.074 Requirement already satisfied: yapf==0.43.0 in /usr/local/lib/python3.8/dist-packages (from -r /install/requirements.txt (line 147)) (0.43.0)
#14 4.093 Collecting yfinance==0.2.57 (from -r /install/requirements.txt (line 148))
#14 4.105   Downloading yfinance-0.2.57-py2.py3-none-any.whl.metadata (5.8 kB)
#14 4.109 Requirement already satisfied: zipp==3.20.2 in /usr/local/lib/python3.8/dist-packages (from -r /install/requirements.txt (line 149)) (3.20.2)
#14 4.124 Collecting python-dotenv (from -r /install/requirements.txt (line 150))
#14 4.132   Downloading python_dotenv-1.0.1-py3-none-any.whl.metadata (23 kB)
#14 4.157 Collecting tqdm (from -r /install/requirements.txt (line 151))
#14 4.166   Downloading tqdm-4.67.1-py3-none-any.whl.metadata (57 kB)
#14 4.187 Collecting ta (from -r /install/requirements.txt (line 152))
#14 4.195   Downloading ta-0.11.0.tar.gz (25 kB)
#14 4.201   Preparing metadata (setup.py): started
#14 4.266   Preparing metadata (setup.py): finished with status 'done'
#14 4.353 Requirement already satisfied: setuptools in /usr/lib/python3/dist-packages (from jupyter_contrib_core==0.4.2->-r /install/requirements.txt (line 49)) (45.2.0)
#14 4.460 Collecting certifi>=2017.4.17 (from requests==2.31.0->-r /install/requirements.txt (line 104))
#14 4.468   Downloading certifi-2025.4.26-py3-none-any.whl.metadata (2.5 kB)
#14 4.565 Collecting watchdog<7,>=2.1.5 (from streamlit==1.40.1->-r /install/requirements.txt (line 118))
#14 4.577   Downloading watchdog-4.0.2-py3-none-manylinux2014_aarch64.whl.metadata (38 kB)
#14 4.698 Downloading altair-5.4.1-py3-none-any.whl (658 kB)
#14 4.726    ━━━━━━━━━━━━━━━━━━━━━━━━━━━━━━━━━━━━━━━━ 658.1/658.1 kB 22.9 MB/s eta 0:00:00
#14 4.737 Downloading appnope-0.1.4-py2.py3-none-any.whl (4.3 kB)
#14 4.752 Downloading beautifulsoup4-4.13.3-py3-none-any.whl (186 kB)
#14 4.773 Downloading blinker-1.8.2-py3-none-any.whl (9.5 kB)
#14 4.782 Downloading cachetools-5.5.2-py3-none-any.whl (10 kB)
#14 4.795 Downloading charset_normalizer-3.3.2-cp38-cp38-manylinux_2_17_aarch64.manylinux2014_aarch64.whl (137 kB)
#14 4.812 Downloading click-8.1.8-py3-none-any.whl (98 kB)
#14 4.828 Downloading contourpy-1.1.1-cp38-cp38-manylinux_2_17_aarch64.manylinux2014_aarch64.whl (285 kB)
#14 4.852 Downloading cycler-0.12.1-py3-none-any.whl (8.3 kB)
#14 4.865 Downloading debugpy-1.8.13-py2.py3-none-any.whl (5.2 MB)
#14 5.058    ━━━━━━━━━━━━━━━━━━━━━━━━━━━━━━━━━━━━━━━━ 5.2/5.2 MB 27.3 MB/s eta 0:00:00
#14 5.067 Downloading Faker-35.2.2-py3-none-any.whl (1.9 MB)
#14 5.146    ━━━━━━━━━━━━━━━━━━━━━━━━━━━━━━━━━━━━━━━━ 1.9/1.9 MB 25.7 MB/s eta 0:00:00
#14 5.155 Downloading favicon-0.7.0-py2.py3-none-any.whl (5.9 kB)
#14 5.169 Downloading filelock-3.16.1-py3-none-any.whl (16 kB)
#14 5.181 Downloading fonttools-4.57.0-cp38-cp38-manylinux_2_17_aarch64.manylinux2014_aarch64.whl (4.6 MB)
#14 5.355    ━━━━━━━━━━━━━━━━━━━━━━━━━━━━━━━━━━━━━━━━ 4.6/4.6 MB 27.5 MB/s eta 0:00:00
#14 5.365 Downloading frozendict-2.4.6-cp38-cp38-manylinux_2_17_aarch64.manylinux2014_aarch64.whl (115 kB)
#14 5.381 Downloading fsspec-2025.3.0-py3-none-any.whl (193 kB)
#14 5.400 Downloading gitdb-4.0.12-py3-none-any.whl (62 kB)
#14 5.413 Downloading GitPython-3.1.44-py3-none-any.whl (207 kB)
#14 5.433 Downloading joblib-1.4.2-py3-none-any.whl (301 kB)
#14 5.456 Downloading kiwisolver-1.4.7-cp38-cp38-manylinux_2_17_aarch64.manylinux2014_aarch64.whl (1.4 MB)
#14 5.519    ━━━━━━━━━━━━━━━━━━━━━━━━━━━━━━━━━━━━━━━━ 1.4/1.4 MB 22.8 MB/s eta 0:00:00
#14 5.533 Downloading lxml-5.3.2-cp38-cp38-manylinux_2_28_aarch64.whl (4.9 MB)
#14 5.726    ━━━━━━━━━━━━━━━━━━━━━━━━━━━━━━━━━━━━━━━━ 4.9/4.9 MB 25.2 MB/s eta 0:00:00
#14 5.737 Downloading Markdown-3.7-py3-none-any.whl (106 kB)
#14 5.750 Downloading markdown_it_py-3.0.0-py3-none-any.whl (87 kB)
#14 5.765 Downloading markdownlit-0.0.7-py3-none-any.whl (15 kB)
#14 5.777 Downloading matplotlib-3.7.5-cp38-cp38-manylinux_2_17_aarch64.manylinux2014_aarch64.whl (11.4 MB)
#14 6.105    ━━━━━━━━━━━━━━━━━━━━━━━━━━━━━━━━━━━━━━━━ 11.4/11.4 MB 35.5 MB/s eta 0:00:00
#14 6.113 Downloading mdurl-0.1.2-py3-none-any.whl (10.0 kB)
#14 6.126 Downloading mpmath-1.3.0-py3-none-any.whl (536 kB)
#14 6.145    ━━━━━━━━━━━━━━━━━━━━━━━━━━━━━━━━━━━━━━━━ 536.2/536.2 kB 27.1 MB/s eta 0:00:00
#14 6.155 Downloading multitasking-0.0.11-py3-none-any.whl (8.5 kB)
#14 6.166 Downloading narwhals-1.37.1-py3-none-any.whl (332 kB)
#14 6.193 Downloading networkx-3.1-py3-none-any.whl (2.1 MB)
#14 6.256    ━━━━━━━━━━━━━━━━━━━━━━━━━━━━━━━━━━━━━━━━ 2.1/2.1 MB 35.2 MB/s eta 0:00:00
#14 6.266 Downloading numpy-1.24.4-cp38-cp38-manylinux_2_17_aarch64.manylinux2014_aarch64.whl (14.0 MB)
#14 6.656    ━━━━━━━━━━━━━━━━━━━━━━━━━━━━━━━━━━━━━━━━ 14.0/14.0 MB 36.2 MB/s eta 0:00:00
#14 6.664 Downloading packaging-24.2-py3-none-any.whl (65 kB)
#14 6.681 Downloading pandas-2.0.3-cp38-cp38-manylinux_2_17_aarch64.manylinux2014_aarch64.whl (11.7 MB)
#14 6.999    ━━━━━━━━━━━━━━━━━━━━━━━━━━━━━━━━━━━━━━━━ 11.7/11.7 MB 37.0 MB/s eta 0:00:00
#14 7.010 Downloading pillow-10.4.0-cp38-cp38-manylinux_2_28_aarch64.whl (4.4 MB)
#14 7.125    ━━━━━━━━━━━━━━━━━━━━━━━━━━━━━━━━━━━━━━━━ 4.4/4.4 MB 38.3 MB/s eta 0:00:00
#14 7.137 Downloading plotly-6.0.1-py3-none-any.whl (14.8 MB)
#14 7.533    ━━━━━━━━━━━━━━━━━━━━━━━━━━━━━━━━━━━━━━━━ 14.8/14.8 MB 37.7 MB/s eta 0:00:00
#14 7.547 Downloading prompt_toolkit-3.0.50-py3-none-any.whl (387 kB)
#14 7.571 Downloading protobuf-5.29.4-cp38-abi3-manylinux2014_aarch64.whl (319 kB)
#14 7.593 Downloading pyarrow-17.0.0-cp38-cp38-manylinux_2_28_aarch64.whl (38.8 MB)
#14 8.516    ━━━━━━━━━━━━━━━━━━━━━━━━━━━━━━━━━━━━━━━━ 38.8/38.8 MB 42.3 MB/s eta 0:00:00
#14 8.524 Downloading pydeck-0.9.1-py2.py3-none-any.whl (6.9 MB)
#14 8.677    ━━━━━━━━━━━━━━━━━━━━━━━━━━━━━━━━━━━━━━━━ 6.9/6.9 MB 46.4 MB/s eta 0:00:00
#14 8.688 Downloading pymdown_extensions-10.15-py3-none-any.whl (265 kB)
#14 8.707 Downloading pyparsing-3.1.4-py3-none-any.whl (104 kB)
#14 8.719 Downloading pytz-2025.2-py2.py3-none-any.whl (509 kB)
#14 8.747 Downloading requests-2.31.0-py3-none-any.whl (62 kB)
#14 8.760 Downloading rich-13.9.4-py3-none-any.whl (242 kB)
#14 8.778 Downloading scikit_learn-1.3.2-cp38-cp38-manylinux_2_17_aarch64.manylinux2014_aarch64.whl (10.5 MB)
#14 9.027    ━━━━━━━━━━━━━━━━━━━━━━━━━━━━━━━━━━━━━━━━ 10.5/10.5 MB 43.0 MB/s eta 0:00:00
#14 9.036 Downloading scipy-1.10.1-cp38-cp38-manylinux_2_17_aarch64.manylinux2014_aarch64.whl (31.0 MB)
#14 9.725    ━━━━━━━━━━━━━━━━━━━━━━━━━━━━━━━━━━━━━━━━ 31.0/31.0 MB 45.3 MB/s eta 0:00:00
#14 9.735 Downloading seaborn-0.13.2-py3-none-any.whl (294 kB)
#14 9.754 Downloading smmap-5.0.2-py3-none-any.whl (24 kB)
#14 9.766 Downloading soupsieve-2.6-py3-none-any.whl (36 kB)
#14 9.778 Downloading st_annotated_text-4.0.2-py3-none-any.whl (9.1 kB)
#14 9.788 Downloading st_theme-1.2.3-py3-none-any.whl (75 kB)
#14 9.802 Downloading streamlit-1.40.1-py2.py3-none-any.whl (8.6 MB)
#14 9.989    ━━━━━━━━━━━━━━━━━━━━━━━━━━━━━━━━━━━━━━━━ 8.6/8.6 MB 47.5 MB/s eta 0:00:00
#14 10.00 Downloading streamlit_autorefresh-1.0.1-py3-none-any.whl (700 kB)
#14 10.02    ━━━━━━━━━━━━━━━━━━━━━━━━━━━━━━━━━━━━━━━━ 700.8/700.8 kB 35.0 MB/s eta 0:00:00
#14 10.03 Downloading streamlit_avatar-0.1.3-py3-none-any.whl (779 kB)
#14 10.06    ━━━━━━━━━━━━━━━━━━━━━━━━━━━━━━━━━━━━━━━━ 779.6/779.6 kB 40.0 MB/s eta 0:00:00
#14 10.06 Downloading streamlit_camera_input_live-0.2.0-py3-none-any.whl (6.6 kB)
#14 10.08 Downloading streamlit_card-1.0.2-py3-none-any.whl (680 kB)
#14 10.10    ━━━━━━━━━━━━━━━━━━━━━━━━━━━━━━━━━━━━━━━━ 680.8/680.8 kB 42.7 MB/s eta 0:00:00
#14 10.11 Downloading streamlit_embedcode-0.1.2-py3-none-any.whl (3.5 kB)
#14 10.14 Downloading streamlit_extras-0.6.0-py3-none-any.whl (85 kB)
#14 10.16 Downloading streamlit_faker-0.0.3-py3-none-any.whl (14 kB)
#14 10.17 Downloading streamlit_image_coordinates-0.1.9-py3-none-any.whl (7.0 kB)
#14 10.18 Downloading streamlit_keyup-0.3.0-py3-none-any.whl (7.5 kB)
#14 10.20 Downloading streamlit_toggle_switch-1.0.2-py3-none-any.whl (635 kB)
#14 10.22    ━━━━━━━━━━━━━━━━━━━━━━━━━━━━━━━━━━━━━━━━ 635.4/635.4 kB 28.3 MB/s eta 0:00:00
#14 10.23 Downloading streamlit_vertical_slider-2.5.5-py3-none-any.whl (1.8 MB)
#14 10.28    ━━━━━━━━━━━━━━━━━━━━━━━━━━━━━━━━━━━━━━━━ 1.8/1.8 MB 33.9 MB/s eta 0:00:00
#14 10.30 Downloading sympy-1.13.3-py3-none-any.whl (6.2 MB)
#14 10.46    ━━━━━━━━━━━━━━━━━━━━━━━━━━━━━━━━━━━━━━━━ 6.2/6.2 MB 37.6 MB/s eta 0:00:00
#14 10.48 Downloading tenacity-9.0.0-py3-none-any.whl (28 kB)
#14 10.49 Downloading threadpoolctl-3.5.0-py3-none-any.whl (18 kB)
#14 10.50 Downloading toml-0.10.2-py2.py3-none-any.whl (16 kB)
#14 10.51 Downloading torch-2.4.1-cp38-cp38-manylinux2014_aarch64.whl (89.7 MB)
#14 12.58    ━━━━━━━━━━━━━━━━━━━━━━━━━━━━━━━━━━━━━━━━ 89.7/89.7 MB 43.4 MB/s eta 0:00:00
#14 12.59 Downloading typing_extensions-4.13.1-py3-none-any.whl (45 kB)
#14 12.61 Downloading tzdata-2025.2-py2.py3-none-any.whl (347 kB)
#14 12.63 Downloading urllib3-2.2.1-py3-none-any.whl (121 kB)
#14 12.65 Downloading validators-0.34.0-py3-none-any.whl (43 kB)
#14 12.66 Downloading yfinance-0.2.57-py2.py3-none-any.whl (113 kB)
#14 12.68 Downloading python_dotenv-1.0.1-py3-none-any.whl (19 kB)
#14 12.69 Downloading tqdm-4.67.1-py3-none-any.whl (78 kB)
#14 12.70 Downloading certifi-2025.4.26-py3-none-any.whl (159 kB)
#14 12.72 Downloading watchdog-4.0.2-py3-none-manylinux2014_aarch64.whl (82 kB)
#14 12.98 Building wheels for collected packages: htbuilder, peewee, ta
#14 12.99   Building wheel for htbuilder (setup.py): started
#14 13.06   Building wheel for htbuilder (setup.py): finished with status 'done'
#14 13.06   Created wheel for htbuilder: filename=htbuilder-0.9.0-py3-none-any.whl size=12787 sha256=8e7884bc511da85b8aa115e574c42d2a9443ec1fa8d712638182fb5cc905c916
#14 13.06   Stored in directory: /root/.cache/pip/wheels/c5/52/27/69a712e9a53ac90b3d81a1a4b2e64456bf7f38514e3b35a693
#14 13.06   Building wheel for peewee (pyproject.toml): started
#14 13.14   Building wheel for peewee (pyproject.toml): finished with status 'done'
#14 13.14   Created wheel for peewee: filename=peewee-3.18.1-py3-none-any.whl size=138967 sha256=7d1aeddf30d88167411e43a3736713c5ffe2a79dad13c225a803da8310204ea2
#14 13.14   Stored in directory: /root/.cache/pip/wheels/7e/ae/6d/a21be3f3db10f016a876dcbc10619ebbbd83321ea74c7bb956
#14 13.15   Building wheel for ta (setup.py): started
#14 13.22   Building wheel for ta (setup.py): finished with status 'done'
#14 13.22   Created wheel for ta: filename=ta-0.11.0-py3-none-any.whl size=29428 sha256=6b0a507867195b6b88c6981d42019f114ce46232728d34a4672db5f9cc3fc551
#14 13.22   Stored in directory: /root/.cache/pip/wheels/b1/8e/55/64e87f8cc064571b0096ff2e5f32a4d29e444705f33b361a3d
#14 13.22 Successfully built htbuilder peewee ta
#14 13.38 Installing collected packages: pytz, peewee, multitasking, mpmath, watchdog, validators, urllib3, tzdata, typing_extensions, tqdm, toml, threadpoolctl, tenacity, sympy, soupsieve, smmap, python-dotenv, pyparsing, protobuf, prompt_toolkit, pillow, packaging, numpy, networkx, narwhals, mdurl, lxml, kiwisolver, joblib, htbuilder, fsspec, frozendict, fonttools, filelock, debugpy, cycler, click, charset-normalizer, certifi, cachetools, blinker, appnope, torch, st-annotated-text, scipy, requests, pydeck, pyarrow, plotly, pandas, markdown-it-py, Markdown, gitdb, Faker, contourpy, beautifulsoup4, yfinance, ta, scikit-learn, rich, pymdown-extensions, matplotlib, GitPython, favicon, seaborn, altair, streamlit, streamlit-vertical-slider, streamlit-toggle-switch, streamlit-keyup, streamlit-image-coordinates, streamlit-embedcode, streamlit-card, streamlit-camera-input-live, streamlit-avatar, streamlit-autorefresh, st-theme, streamlit-faker, markdownlit, streamlit-extras
#14 13.64   Attempting uninstall: typing_extensions
#14 13.64     Found existing installation: typing_extensions 4.13.2
#14 13.64     Uninstalling typing_extensions-4.13.2:
#14 13.67       Successfully uninstalled typing_extensions-4.13.2
#14 15.39   Attempting uninstall: soupsieve
#14 15.39     Found existing installation: soupsieve 2.7
#14 15.40     Uninstalling soupsieve-2.7:
#14 15.40       Successfully uninstalled soupsieve-2.7
#14 15.48   Attempting uninstall: prompt_toolkit
#14 15.48     Found existing installation: prompt_toolkit 3.0.51
#14 15.49     Uninstalling prompt_toolkit-3.0.51:
#14 15.52       Successfully uninstalled prompt_toolkit-3.0.51
#14 15.70   Attempting uninstall: packaging
#14 15.70     Found existing installation: packaging 25.0
#14 15.71     Uninstalling packaging-25.0:
#14 15.71       Successfully uninstalled packaging-25.0
#14 16.78   Attempting uninstall: lxml
#14 16.78     Found existing installation: lxml 5.4.0
#14 16.78     Uninstalling lxml-5.4.0:
#14 16.80       Successfully uninstalled lxml-5.4.0
#14 17.23   Attempting uninstall: debugpy
#14 17.23     Found existing installation: debugpy 1.8.14
#14 17.24     Uninstalling debugpy-1.8.14:
#14 17.30       Successfully uninstalled debugpy-1.8.14
#14 25.96   Attempting uninstall: beautifulsoup4
#14 25.96     Found existing installation: beautifulsoup4 4.13.4
#14 25.96     Uninstalling beautifulsoup4-4.13.4:
#14 25.97       Successfully uninstalled beautifulsoup4-4.13.4
#14 27.75 Successfully installed Faker-35.2.2 GitPython-3.1.44 Markdown-3.7 altair-5.4.1 appnope-0.1.4 beautifulsoup4-4.13.3 blinker-1.8.2 cachetools-5.5.2 certifi-2025.4.26 charset-normalizer-3.3.2 click-8.1.8 contourpy-1.1.1 cycler-0.12.1 debugpy-1.8.13 favicon-0.7.0 filelock-3.16.1 fonttools-4.57.0 frozendict-2.4.6 fsspec-2025.3.0 gitdb-4.0.12 htbuilder-0.9.0 joblib-1.4.2 kiwisolver-1.4.7 lxml-5.3.2 markdown-it-py-3.0.0 markdownlit-0.0.7 matplotlib-3.7.5 mdurl-0.1.2 mpmath-1.3.0 multitasking-0.0.11 narwhals-1.37.1 networkx-3.1 numpy-1.24.4 packaging-24.2 pandas-2.0.3 peewee-3.18.1 pillow-10.4.0 plotly-6.0.1 prompt_toolkit-3.0.50 protobuf-5.29.4 pyarrow-17.0.0 pydeck-0.9.1 pymdown-extensions-10.15 pyparsing-3.1.4 python-dotenv-1.0.1 pytz-2025.2 requests-2.31.0 rich-13.9.4 scikit-learn-1.3.2 scipy-1.10.1 seaborn-0.13.2 smmap-5.0.2 soupsieve-2.6 st-annotated-text-4.0.2 st-theme-1.2.3 streamlit-1.40.1 streamlit-autorefresh-1.0.1 streamlit-avatar-0.1.3 streamlit-camera-input-live-0.2.0 streamlit-card-1.0.2 streamlit-embedcode-0.1.2 streamlit-extras-0.6.0 streamlit-faker-0.0.3 streamlit-image-coordinates-0.1.9 streamlit-keyup-0.3.0 streamlit-toggle-switch-1.0.2 streamlit-vertical-slider-2.5.5 sympy-1.13.3 ta-0.11.0 tenacity-9.0.0 threadpoolctl-3.5.0 toml-0.10.2 torch-2.4.1 tqdm-4.67.1 typing_extensions-4.13.1 tzdata-2025.2 urllib3-2.2.1 validators-0.34.0 watchdog-4.0.2 yfinance-0.2.57
#14 27.75 WARNING: Running pip as the 'root' user can result in broken permissions and conflicting behaviour with the system package manager, possibly rendering your system unusable. It is recommended to use a virtual environment instead: https://pip.pypa.io/warnings/venv. Use the --root-user-action option if you know what you are doing and want to suppress this warning.
#14 DONE 28.1s

#15 [11/18] ADD install_jupyter_extensions.sh /install
#15 DONE 0.2s

#16 [12/18] RUN /install/install_jupyter_extensions.sh
#16 0.086 # Install Jupyter extensions
#16 0.086 + echo '# Install Jupyter extensions'
#16 0.086 ++ jupyter --data-dir
#16 0.112 Jupyter data dir: /root/.local/share/jupyter
#16 0.112 + DIR_NAME=/root/.local/share/jupyter
#16 0.112 + echo 'Jupyter data dir: /root/.local/share/jupyter'
#16 0.112 + [[ ! -d /root/.local/share/jupyter ]]
#16 0.112 + mkdir -p /root/.local/share/jupyter
#16 0.113 + sudo jupyter contrib nbextension install
#16 0.463 [I 00:53:27 InstallContribNbextensionsApp] jupyter contrib nbextension install 
#16 0.463 [I 00:53:27 InstallContribNbextensionsApp] Installing jupyter_contrib_nbextensions nbextension files to jupyter data directory
#16 0.471 [I 00:53:27 InstallContribNbextensionsApp] Installing /usr/local/lib/python3.8/dist-packages/jupyter_contrib_nbextensions/nbextensions/codefolding -> codefolding
#16 0.471 [I 00:53:27 InstallContribNbextensionsApp] Making directory: /usr/local/share/jupyter/nbextensions/codefolding/
#16 0.474 [I 00:53:27 InstallContribNbextensionsApp] Copying: /usr/local/lib/python3.8/dist-packages/jupyter_contrib_nbextensions/nbextensions/codefolding/codefolding_editor.yaml -> /usr/local/share/jupyter/nbextensions/codefolding/codefolding_editor.yaml
#16 0.474 [I 00:53:27 InstallContribNbextensionsApp] Copying: /usr/local/lib/python3.8/dist-packages/jupyter_contrib_nbextensions/nbextensions/codefolding/codefolding_indent_folded_2.png -> /usr/local/share/jupyter/nbextensions/codefolding/codefolding_indent_folded_2.png
#16 0.474 [I 00:53:27 InstallContribNbextensionsApp] Copying: /usr/local/lib/python3.8/dist-packages/jupyter_contrib_nbextensions/nbextensions/codefolding/icon.png -> /usr/local/share/jupyter/nbextensions/codefolding/icon.png
#16 0.474 [I 00:53:27 InstallContribNbextensionsApp] Copying: /usr/local/lib/python3.8/dist-packages/jupyter_contrib_nbextensions/nbextensions/codefolding/codefolding.yaml -> /usr/local/share/jupyter/nbextensions/codefolding/codefolding.yaml
#16 0.475 [I 00:53:27 InstallContribNbextensionsApp] Copying: /usr/local/lib/python3.8/dist-packages/jupyter_contrib_nbextensions/nbextensions/codefolding/codefolding_indent_unfolded.png -> /usr/local/share/jupyter/nbextensions/codefolding/codefolding_indent_unfolded.png
#16 0.475 [I 00:53:27 InstallContribNbextensionsApp] Copying: /usr/local/lib/python3.8/dist-packages/jupyter_contrib_nbextensions/nbextensions/codefolding/codefolding_firstline_folded.png -> /usr/local/share/jupyter/nbextensions/codefolding/codefolding_firstline_folded.png
#16 0.475 [I 00:53:27 InstallContribNbextensionsApp] Copying: /usr/local/lib/python3.8/dist-packages/jupyter_contrib_nbextensions/nbextensions/codefolding/magic-folded.png -> /usr/local/share/jupyter/nbextensions/codefolding/magic-folded.png
#16 0.475 [I 00:53:27 InstallContribNbextensionsApp] Copying: /usr/local/lib/python3.8/dist-packages/jupyter_contrib_nbextensions/nbextensions/codefolding/codefolding_editor.png -> /usr/local/share/jupyter/nbextensions/codefolding/codefolding_editor.png
#16 0.475 [I 00:53:27 InstallContribNbextensionsApp] Copying: /usr/local/lib/python3.8/dist-packages/jupyter_contrib_nbextensions/nbextensions/codefolding/foldgutter.css -> /usr/local/share/jupyter/nbextensions/codefolding/foldgutter.css
#16 0.475 [I 00:53:27 InstallContribNbextensionsApp] Copying: /usr/local/lib/python3.8/dist-packages/jupyter_contrib_nbextensions/nbextensions/codefolding/codefolding_firstline_unfolded.png -> /usr/local/share/jupyter/nbextensions/codefolding/codefolding_firstline_unfolded.png
#16 0.475 [I 00:53:27 InstallContribNbextensionsApp] Copying: /usr/local/lib/python3.8/dist-packages/jupyter_contrib_nbextensions/nbextensions/codefolding/main.js -> /usr/local/share/jupyter/nbextensions/codefolding/main.js
#16 0.475 [I 00:53:27 InstallContribNbextensionsApp] Copying: /usr/local/lib/python3.8/dist-packages/jupyter_contrib_nbextensions/nbextensions/codefolding/codefolding_indent_folded_1.png -> /usr/local/share/jupyter/nbextensions/codefolding/codefolding_indent_folded_1.png
#16 0.475 [I 00:53:27 InstallContribNbextensionsApp] Copying: /usr/local/lib/python3.8/dist-packages/jupyter_contrib_nbextensions/nbextensions/codefolding/edit.js -> /usr/local/share/jupyter/nbextensions/codefolding/edit.js
#16 0.475 [I 00:53:27 InstallContribNbextensionsApp] Copying: /usr/local/lib/python3.8/dist-packages/jupyter_contrib_nbextensions/nbextensions/codefolding/firstline-fold.js -> /usr/local/share/jupyter/nbextensions/codefolding/firstline-fold.js
#16 0.476 [I 00:53:27 InstallContribNbextensionsApp] Copying: /usr/local/lib/python3.8/dist-packages/jupyter_contrib_nbextensions/nbextensions/codefolding/readme.md -> /usr/local/share/jupyter/nbextensions/codefolding/readme.md
#16 0.476 [I 00:53:27 InstallContribNbextensionsApp] Copying: /usr/local/lib/python3.8/dist-packages/jupyter_contrib_nbextensions/nbextensions/codefolding/magic-unfolded.png -> /usr/local/share/jupyter/nbextensions/codefolding/magic-unfolded.png
#16 0.476 [I 00:53:27 InstallContribNbextensionsApp] Copying: /usr/local/lib/python3.8/dist-packages/jupyter_contrib_nbextensions/nbextensions/codefolding/blockcomment-fold.js -> /usr/local/share/jupyter/nbextensions/codefolding/blockcomment-fold.js
#16 0.476 [I 00:53:27 InstallContribNbextensionsApp] Copying: /usr/local/lib/python3.8/dist-packages/jupyter_contrib_nbextensions/nbextensions/codefolding/magic-fold.js -> /usr/local/share/jupyter/nbextensions/codefolding/magic-fold.js
#16 0.476 [I 00:53:27 InstallContribNbextensionsApp] - Validating: [32mOK[0m
#16 0.476 [I 00:53:27 InstallContribNbextensionsApp] Installing /usr/local/lib/python3.8/dist-packages/jupyter_contrib_nbextensions/nbextensions/codefolding -> codefolding
#16 0.476 [I 00:53:27 InstallContribNbextensionsApp] Up to date: /usr/local/share/jupyter/nbextensions/codefolding/codefolding_editor.yaml
#16 0.476 [I 00:53:27 InstallContribNbextensionsApp] Up to date: /usr/local/share/jupyter/nbextensions/codefolding/codefolding_indent_folded_2.png
#16 0.476 [I 00:53:27 InstallContribNbextensionsApp] Up to date: /usr/local/share/jupyter/nbextensions/codefolding/icon.png
#16 0.476 [I 00:53:27 InstallContribNbextensionsApp] Up to date: /usr/local/share/jupyter/nbextensions/codefolding/codefolding.yaml
#16 0.476 [I 00:53:27 InstallContribNbextensionsApp] Up to date: /usr/local/share/jupyter/nbextensions/codefolding/codefolding_indent_unfolded.png
#16 0.476 [I 00:53:27 InstallContribNbextensionsApp] Up to date: /usr/local/share/jupyter/nbextensions/codefolding/codefolding_firstline_folded.png
#16 0.476 [I 00:53:27 InstallContribNbextensionsApp] Up to date: /usr/local/share/jupyter/nbextensions/codefolding/magic-folded.png
#16 0.476 [I 00:53:27 InstallContribNbextensionsApp] Up to date: /usr/local/share/jupyter/nbextensions/codefolding/codefolding_editor.png
#16 0.476 [I 00:53:27 InstallContribNbextensionsApp] Up to date: /usr/local/share/jupyter/nbextensions/codefolding/foldgutter.css
#16 0.476 [I 00:53:27 InstallContribNbextensionsApp] Up to date: /usr/local/share/jupyter/nbextensions/codefolding/codefolding_firstline_unfolded.png
#16 0.476 [I 00:53:27 InstallContribNbextensionsApp] Up to date: /usr/local/share/jupyter/nbextensions/codefolding/main.js
#16 0.476 [I 00:53:27 InstallContribNbextensionsApp] Up to date: /usr/local/share/jupyter/nbextensions/codefolding/codefolding_indent_folded_1.png
#16 0.476 [I 00:53:27 InstallContribNbextensionsApp] Up to date: /usr/local/share/jupyter/nbextensions/codefolding/edit.js
#16 0.476 [I 00:53:27 InstallContribNbextensionsApp] Up to date: /usr/local/share/jupyter/nbextensions/codefolding/firstline-fold.js
#16 0.476 [I 00:53:27 InstallContribNbextensionsApp] Up to date: /usr/local/share/jupyter/nbextensions/codefolding/readme.md
#16 0.476 [I 00:53:27 InstallContribNbextensionsApp] Up to date: /usr/local/share/jupyter/nbextensions/codefolding/magic-unfolded.png
#16 0.476 [I 00:53:27 InstallContribNbextensionsApp] Up to date: /usr/local/share/jupyter/nbextensions/codefolding/blockcomment-fold.js
#16 0.476 [I 00:53:27 InstallContribNbextensionsApp] Up to date: /usr/local/share/jupyter/nbextensions/codefolding/magic-fold.js
#16 0.476 [I 00:53:27 InstallContribNbextensionsApp] - Validating: [32mOK[0m
#16 0.476 [I 00:53:27 InstallContribNbextensionsApp] Installing /usr/local/lib/python3.8/dist-packages/jupyter_contrib_nbextensions/nbextensions/table_beautifier -> table_beautifier
#16 0.476 [I 00:53:27 InstallContribNbextensionsApp] Making directory: /usr/local/share/jupyter/nbextensions/table_beautifier/
#16 0.477 [I 00:53:27 InstallContribNbextensionsApp] Copying: /usr/local/lib/python3.8/dist-packages/jupyter_contrib_nbextensions/nbextensions/table_beautifier/README.md -> /usr/local/share/jupyter/nbextensions/table_beautifier/README.md
#16 0.477 [I 00:53:27 InstallContribNbextensionsApp] Copying: /usr/local/lib/python3.8/dist-packages/jupyter_contrib_nbextensions/nbextensions/table_beautifier/main.js -> /usr/local/share/jupyter/nbextensions/table_beautifier/main.js
#16 0.477 [I 00:53:27 InstallContribNbextensionsApp] Copying: /usr/local/lib/python3.8/dist-packages/jupyter_contrib_nbextensions/nbextensions/table_beautifier/table_beautifier.yaml -> /usr/local/share/jupyter/nbextensions/table_beautifier/table_beautifier.yaml
#16 0.477 [I 00:53:27 InstallContribNbextensionsApp] Copying: /usr/local/lib/python3.8/dist-packages/jupyter_contrib_nbextensions/nbextensions/table_beautifier/main.css -> /usr/local/share/jupyter/nbextensions/table_beautifier/main.css
#16 0.477 [I 00:53:27 InstallContribNbextensionsApp] - Validating: [32mOK[0m
#16 0.477 [I 00:53:27 InstallContribNbextensionsApp] Installing /usr/local/lib/python3.8/dist-packages/jupyter_contrib_nbextensions/nbextensions/go_to_current_running_cell -> go_to_current_running_cell
#16 0.477 [I 00:53:27 InstallContribNbextensionsApp] Making directory: /usr/local/share/jupyter/nbextensions/go_to_current_running_cell/
#16 0.477 [I 00:53:27 InstallContribNbextensionsApp] Copying: /usr/local/lib/python3.8/dist-packages/jupyter_contrib_nbextensions/nbextensions/go_to_current_running_cell/README.md -> /usr/local/share/jupyter/nbextensions/go_to_current_running_cell/README.md
#16 0.477 [I 00:53:27 InstallContribNbextensionsApp] Copying: /usr/local/lib/python3.8/dist-packages/jupyter_contrib_nbextensions/nbextensions/go_to_current_running_cell/go_to_current_running_cell.yaml -> /usr/local/share/jupyter/nbextensions/go_to_current_running_cell/go_to_current_running_cell.yaml
#16 0.477 [I 00:53:27 InstallContribNbextensionsApp] Copying: /usr/local/lib/python3.8/dist-packages/jupyter_contrib_nbextensions/nbextensions/go_to_current_running_cell/main.js -> /usr/local/share/jupyter/nbextensions/go_to_current_running_cell/main.js
#16 0.478 [I 00:53:27 InstallContribNbextensionsApp] Copying: /usr/local/lib/python3.8/dist-packages/jupyter_contrib_nbextensions/nbextensions/go_to_current_running_cell/jump_to_cell.gif -> /usr/local/share/jupyter/nbextensions/go_to_current_running_cell/jump_to_cell.gif
#16 0.478 [I 00:53:27 InstallContribNbextensionsApp] Copying: /usr/local/lib/python3.8/dist-packages/jupyter_contrib_nbextensions/nbextensions/go_to_current_running_cell/eye.png -> /usr/local/share/jupyter/nbextensions/go_to_current_running_cell/eye.png
#16 0.478 [I 00:53:27 InstallContribNbextensionsApp] Copying: /usr/local/lib/python3.8/dist-packages/jupyter_contrib_nbextensions/nbextensions/go_to_current_running_cell/auto_focus.gif -> /usr/local/share/jupyter/nbextensions/go_to_current_running_cell/auto_focus.gif
#16 0.479 [I 00:53:27 InstallContribNbextensionsApp] Copying: /usr/local/lib/python3.8/dist-packages/jupyter_contrib_nbextensions/nbextensions/go_to_current_running_cell/anchor.png -> /usr/local/share/jupyter/nbextensions/go_to_current_running_cell/anchor.png
#16 0.479 [I 00:53:27 InstallContribNbextensionsApp] - Validating: [32mOK[0m
#16 0.479 [I 00:53:27 InstallContribNbextensionsApp] Installing /usr/local/lib/python3.8/dist-packages/jupyter_contrib_nbextensions/nbextensions/addbefore -> addbefore
#16 0.479 [I 00:53:27 InstallContribNbextensionsApp] Making directory: /usr/local/share/jupyter/nbextensions/addbefore/
#16 0.479 [I 00:53:27 InstallContribNbextensionsApp] Copying: /usr/local/lib/python3.8/dist-packages/jupyter_contrib_nbextensions/nbextensions/addbefore/icon.png -> /usr/local/share/jupyter/nbextensions/addbefore/icon.png
#16 0.479 [I 00:53:27 InstallContribNbextensionsApp] Copying: /usr/local/lib/python3.8/dist-packages/jupyter_contrib_nbextensions/nbextensions/addbefore/main.js -> /usr/local/share/jupyter/nbextensions/addbefore/main.js
#16 0.480 [I 00:53:27 InstallContribNbextensionsApp] Copying: /usr/local/lib/python3.8/dist-packages/jupyter_contrib_nbextensions/nbextensions/addbefore/readme.md -> /usr/local/share/jupyter/nbextensions/addbefore/readme.md
#16 0.480 [I 00:53:27 InstallContribNbextensionsApp] Copying: /usr/local/lib/python3.8/dist-packages/jupyter_contrib_nbextensions/nbextensions/addbefore/addbefore.yaml -> /usr/local/share/jupyter/nbextensions/addbefore/addbefore.yaml
#16 0.480 [I 00:53:27 InstallContribNbextensionsApp] - Validating: [32mOK[0m
#16 0.480 [I 00:53:27 InstallContribNbextensionsApp] Installing /usr/local/lib/python3.8/dist-packages/jupyter_contrib_nbextensions/nbextensions/python-markdown -> python-markdown
#16 0.480 [I 00:53:27 InstallContribNbextensionsApp] Making directory: /usr/local/share/jupyter/nbextensions/python-markdown/
#16 0.480 [I 00:53:27 InstallContribNbextensionsApp] Copying: /usr/local/lib/python3.8/dist-packages/jupyter_contrib_nbextensions/nbextensions/python-markdown/python-markdown-pre.png -> /usr/local/share/jupyter/nbextensions/python-markdown/python-markdown-pre.png
#16 0.480 [I 00:53:27 InstallContribNbextensionsApp] Copying: /usr/local/lib/python3.8/dist-packages/jupyter_contrib_nbextensions/nbextensions/python-markdown/python-markdown.yaml -> /usr/local/share/jupyter/nbextensions/python-markdown/python-markdown.yaml
#16 0.480 [I 00:53:27 InstallContribNbextensionsApp] Copying: /usr/local/lib/python3.8/dist-packages/jupyter_contrib_nbextensions/nbextensions/python-markdown/main.js -> /usr/local/share/jupyter/nbextensions/python-markdown/main.js
#16 0.480 [I 00:53:27 InstallContribNbextensionsApp] Copying: /usr/local/lib/python3.8/dist-packages/jupyter_contrib_nbextensions/nbextensions/python-markdown/trusted.png -> /usr/local/share/jupyter/nbextensions/python-markdown/trusted.png
#16 0.480 [I 00:53:27 InstallContribNbextensionsApp] Copying: /usr/local/lib/python3.8/dist-packages/jupyter_contrib_nbextensions/nbextensions/python-markdown/python-markdown.png -> /usr/local/share/jupyter/nbextensions/python-markdown/python-markdown.png
#16 0.481 [I 00:53:27 InstallContribNbextensionsApp] Copying: /usr/local/lib/python3.8/dist-packages/jupyter_contrib_nbextensions/nbextensions/python-markdown/main.css -> /usr/local/share/jupyter/nbextensions/python-markdown/main.css
#16 0.481 [I 00:53:27 InstallContribNbextensionsApp] Copying: /usr/local/lib/python3.8/dist-packages/jupyter_contrib_nbextensions/nbextensions/python-markdown/readme.md -> /usr/local/share/jupyter/nbextensions/python-markdown/readme.md
#16 0.481 [I 00:53:27 InstallContribNbextensionsApp] Copying: /usr/local/lib/python3.8/dist-packages/jupyter_contrib_nbextensions/nbextensions/python-markdown/untrusted.png -> /usr/local/share/jupyter/nbextensions/python-markdown/untrusted.png
#16 0.481 [I 00:53:27 InstallContribNbextensionsApp] Copying: /usr/local/lib/python3.8/dist-packages/jupyter_contrib_nbextensions/nbextensions/python-markdown/python-markdown-post.png -> /usr/local/share/jupyter/nbextensions/python-markdown/python-markdown-post.png
#16 0.481 [I 00:53:27 InstallContribNbextensionsApp] - Validating: [32mOK[0m
#16 0.481 [I 00:53:27 InstallContribNbextensionsApp] Installing /usr/local/lib/python3.8/dist-packages/jupyter_contrib_nbextensions/nbextensions/codemirror_mode_extensions -> codemirror_mode_extensions
#16 0.481 [I 00:53:27 InstallContribNbextensionsApp] Making directory: /usr/local/share/jupyter/nbextensions/codemirror_mode_extensions/
#16 0.481 [I 00:53:27 InstallContribNbextensionsApp] Copying: /usr/local/lib/python3.8/dist-packages/jupyter_contrib_nbextensions/nbextensions/codemirror_mode_extensions/codemirror_mode_extensions.yaml -> /usr/local/share/jupyter/nbextensions/codemirror_mode_extensions/codemirror_mode_extensions.yaml
#16 0.481 [I 00:53:27 InstallContribNbextensionsApp] Copying: /usr/local/lib/python3.8/dist-packages/jupyter_contrib_nbextensions/nbextensions/codemirror_mode_extensions/main.js -> /usr/local/share/jupyter/nbextensions/codemirror_mode_extensions/main.js
#16 0.481 [I 00:53:27 InstallContribNbextensionsApp] - Validating: [32mOK[0m
#16 0.481 [I 00:53:27 InstallContribNbextensionsApp] Installing /usr/local/lib/python3.8/dist-packages/jupyter_contrib_nbextensions/nbextensions/snippets_menu -> snippets_menu
#16 0.482 [I 00:53:27 InstallContribNbextensionsApp] Making directory: /usr/local/share/jupyter/nbextensions/snippets_menu/
#16 0.482 [I 00:53:27 InstallContribNbextensionsApp] Copying: /usr/local/lib/python3.8/dist-packages/jupyter_contrib_nbextensions/nbextensions/snippets_menu/screenshot2.png -> /usr/local/share/jupyter/nbextensions/snippets_menu/screenshot2.png
#16 0.482 [I 00:53:27 InstallContribNbextensionsApp] Copying: /usr/local/lib/python3.8/dist-packages/jupyter_contrib_nbextensions/nbextensions/snippets_menu/thumbnail.png -> /usr/local/share/jupyter/nbextensions/snippets_menu/thumbnail.png
#16 0.482 [I 00:53:27 InstallContribNbextensionsApp] Copying: /usr/local/lib/python3.8/dist-packages/jupyter_contrib_nbextensions/nbextensions/snippets_menu/config.yaml -> /usr/local/share/jupyter/nbextensions/snippets_menu/config.yaml
#16 0.482 [I 00:53:27 InstallContribNbextensionsApp] Copying: /usr/local/lib/python3.8/dist-packages/jupyter_contrib_nbextensions/nbextensions/snippets_menu/screenshot3.png -> /usr/local/share/jupyter/nbextensions/snippets_menu/screenshot3.png
#16 0.483 [I 00:53:27 InstallContribNbextensionsApp] Copying: /usr/local/lib/python3.8/dist-packages/jupyter_contrib_nbextensions/nbextensions/snippets_menu/screenshot1.png -> /usr/local/share/jupyter/nbextensions/snippets_menu/screenshot1.png
#16 0.483 [I 00:53:27 InstallContribNbextensionsApp] Copying: /usr/local/lib/python3.8/dist-packages/jupyter_contrib_nbextensions/nbextensions/snippets_menu/main.js -> /usr/local/share/jupyter/nbextensions/snippets_menu/main.js
#16 0.483 [I 00:53:27 InstallContribNbextensionsApp] Copying: /usr/local/lib/python3.8/dist-packages/jupyter_contrib_nbextensions/nbextensions/snippets_menu/examples_for_custom.js -> /usr/local/share/jupyter/nbextensions/snippets_menu/examples_for_custom.js
#16 0.483 [I 00:53:27 InstallContribNbextensionsApp] Copying: /usr/local/lib/python3.8/dist-packages/jupyter_contrib_nbextensions/nbextensions/snippets_menu/snippets_submenu_markdown.js -> /usr/local/share/jupyter/nbextensions/snippets_menu/snippets_submenu_markdown.js
#16 0.483 [I 00:53:27 InstallContribNbextensionsApp] Copying: /usr/local/lib/python3.8/dist-packages/jupyter_contrib_nbextensions/nbextensions/snippets_menu/snippets_menu.css -> /usr/local/share/jupyter/nbextensions/snippets_menu/snippets_menu.css
#16 0.483 [I 00:53:27 InstallContribNbextensionsApp] Copying: /usr/local/lib/python3.8/dist-packages/jupyter_contrib_nbextensions/nbextensions/snippets_menu/snippets_submenu_python.js -> /usr/local/share/jupyter/nbextensions/snippets_menu/snippets_submenu_python.js
#16 0.484 [I 00:53:27 InstallContribNbextensionsApp] Copying: /usr/local/lib/python3.8/dist-packages/jupyter_contrib_nbextensions/nbextensions/snippets_menu/readme.md -> /usr/local/share/jupyter/nbextensions/snippets_menu/readme.md
#16 0.484 [I 00:53:27 InstallContribNbextensionsApp] Making directory: /usr/local/share/jupyter/nbextensions/snippets_menu/snippets_submenus_python
#16 0.484 [I 00:53:27 InstallContribNbextensionsApp] Copying: /usr/local/lib/python3.8/dist-packages/jupyter_contrib_nbextensions/nbextensions/snippets_menu/snippets_submenus_python/scipy_constants.js -> /usr/local/share/jupyter/nbextensions/snippets_menu/snippets_submenus_python/scipy_constants.js
#16 0.484 [I 00:53:27 InstallContribNbextensionsApp] Copying: /usr/local/lib/python3.8/dist-packages/jupyter_contrib_nbextensions/nbextensions/snippets_menu/snippets_submenus_python/matplotlib.js -> /usr/local/share/jupyter/nbextensions/snippets_menu/snippets_submenus_python/matplotlib.js
#16 0.484 [I 00:53:27 InstallContribNbextensionsApp] Copying: /usr/local/lib/python3.8/dist-packages/jupyter_contrib_nbextensions/nbextensions/snippets_menu/snippets_submenus_python/sympy.js -> /usr/local/share/jupyter/nbextensions/snippets_menu/snippets_submenus_python/sympy.js
#16 0.484 [I 00:53:27 InstallContribNbextensionsApp] Copying: /usr/local/lib/python3.8/dist-packages/jupyter_contrib_nbextensions/nbextensions/snippets_menu/snippets_submenus_python/numpy_polynomial.js -> /usr/local/share/jupyter/nbextensions/snippets_menu/snippets_submenus_python/numpy_polynomial.js
#16 0.484 [I 00:53:27 InstallContribNbextensionsApp] Copying: /usr/local/lib/python3.8/dist-packages/jupyter_contrib_nbextensions/nbextensions/snippets_menu/snippets_submenus_python/h5py.js -> /usr/local/share/jupyter/nbextensions/snippets_menu/snippets_submenus_python/h5py.js
#16 0.484 [I 00:53:27 InstallContribNbextensionsApp] Copying: /usr/local/lib/python3.8/dist-packages/jupyter_contrib_nbextensions/nbextensions/snippets_menu/snippets_submenus_python/numpy.js -> /usr/local/share/jupyter/nbextensions/snippets_menu/snippets_submenus_python/numpy.js
#16 0.484 [I 00:53:27 InstallContribNbextensionsApp] Copying: /usr/local/lib/python3.8/dist-packages/jupyter_contrib_nbextensions/nbextensions/snippets_menu/snippets_submenus_python/python_regex.js -> /usr/local/share/jupyter/nbextensions/snippets_menu/snippets_submenus_python/python_regex.js
#16 0.485 [I 00:53:27 InstallContribNbextensionsApp] Copying: /usr/local/lib/python3.8/dist-packages/jupyter_contrib_nbextensions/nbextensions/snippets_menu/snippets_submenus_python/scipy.js -> /usr/local/share/jupyter/nbextensions/snippets_menu/snippets_submenus_python/scipy.js
#16 0.485 [I 00:53:27 InstallContribNbextensionsApp] Copying: /usr/local/lib/python3.8/dist-packages/jupyter_contrib_nbextensions/nbextensions/snippets_menu/snippets_submenus_python/python.js -> /usr/local/share/jupyter/nbextensions/snippets_menu/snippets_submenus_python/python.js
#16 0.485 [I 00:53:27 InstallContribNbextensionsApp] Copying: /usr/local/lib/python3.8/dist-packages/jupyter_contrib_nbextensions/nbextensions/snippets_menu/snippets_submenus_python/sympy_functions.js -> /usr/local/share/jupyter/nbextensions/snippets_menu/snippets_submenus_python/sympy_functions.js
#16 0.485 [I 00:53:27 InstallContribNbextensionsApp] Copying: /usr/local/lib/python3.8/dist-packages/jupyter_contrib_nbextensions/nbextensions/snippets_menu/snippets_submenus_python/astropy.js -> /usr/local/share/jupyter/nbextensions/snippets_menu/snippets_submenus_python/astropy.js
#16 0.485 [I 00:53:27 InstallContribNbextensionsApp] Copying: /usr/local/lib/python3.8/dist-packages/jupyter_contrib_nbextensions/nbextensions/snippets_menu/snippets_submenus_python/pandas.js -> /usr/local/share/jupyter/nbextensions/snippets_menu/snippets_submenus_python/pandas.js
#16 0.485 [I 00:53:27 InstallContribNbextensionsApp] Copying: /usr/local/lib/python3.8/dist-packages/jupyter_contrib_nbextensions/nbextensions/snippets_menu/snippets_submenus_python/numba.js -> /usr/local/share/jupyter/nbextensions/snippets_menu/snippets_submenus_python/numba.js
#16 0.485 [I 00:53:27 InstallContribNbextensionsApp] Copying: /usr/local/lib/python3.8/dist-packages/jupyter_contrib_nbextensions/nbextensions/snippets_menu/snippets_submenus_python/scipy_special.js -> /usr/local/share/jupyter/nbextensions/snippets_menu/snippets_submenus_python/scipy_special.js
#16 0.485 [I 00:53:27 InstallContribNbextensionsApp] Copying: /usr/local/lib/python3.8/dist-packages/jupyter_contrib_nbextensions/nbextensions/snippets_menu/snippets_submenus_python/numpy_ufuncs.js -> /usr/local/share/jupyter/nbextensions/snippets_menu/snippets_submenus_python/numpy_ufuncs.js
#16 0.486 [I 00:53:27 InstallContribNbextensionsApp] Copying: /usr/local/lib/python3.8/dist-packages/jupyter_contrib_nbextensions/nbextensions/snippets_menu/snippets_submenus_python/sympy_assumptions.js -> /usr/local/share/jupyter/nbextensions/snippets_menu/snippets_submenus_python/sympy_assumptions.js
#16 0.486 [I 00:53:27 InstallContribNbextensionsApp] - Validating: [32mOK[0m
#16 0.486 [I 00:53:27 InstallContribNbextensionsApp] Installing /usr/local/lib/python3.8/dist-packages/jupyter_contrib_nbextensions/nbextensions/runtools -> runtools
#16 0.486 [I 00:53:27 InstallContribNbextensionsApp] Making directory: /usr/local/share/jupyter/nbextensions/runtools/
#16 0.486 [I 00:53:27 InstallContribNbextensionsApp] Copying: /usr/local/lib/python3.8/dist-packages/jupyter_contrib_nbextensions/nbextensions/runtools/runtools.yaml -> /usr/local/share/jupyter/nbextensions/runtools/runtools.yaml
#16 0.486 [I 00:53:27 InstallContribNbextensionsApp] Copying: /usr/local/lib/python3.8/dist-packages/jupyter_contrib_nbextensions/nbextensions/runtools/annotations.odg -> /usr/local/share/jupyter/nbextensions/runtools/annotations.odg
#16 0.486 [I 00:53:27 InstallContribNbextensionsApp] Copying: /usr/local/lib/python3.8/dist-packages/jupyter_contrib_nbextensions/nbextensions/runtools/icon.png -> /usr/local/share/jupyter/nbextensions/runtools/icon.png
#16 0.486 [I 00:53:27 InstallContribNbextensionsApp] Copying: /usr/local/lib/python3.8/dist-packages/jupyter_contrib_nbextensions/nbextensions/runtools/runtools_nb.png -> /usr/local/share/jupyter/nbextensions/runtools/runtools_nb.png
#16 0.486 [I 00:53:27 InstallContribNbextensionsApp] Copying: /usr/local/lib/python3.8/dist-packages/jupyter_contrib_nbextensions/nbextensions/runtools/cellstate.js -> /usr/local/share/jupyter/nbextensions/runtools/cellstate.js
#16 0.486 [I 00:53:27 InstallContribNbextensionsApp] Copying: /usr/local/lib/python3.8/dist-packages/jupyter_contrib_nbextensions/nbextensions/runtools/runtools_lock.png -> /usr/local/share/jupyter/nbextensions/runtools/runtools_lock.png
#16 0.486 [I 00:53:27 InstallContribNbextensionsApp] Copying: /usr/local/lib/python3.8/dist-packages/jupyter_contrib_nbextensions/nbextensions/runtools/demo.gif -> /usr/local/share/jupyter/nbextensions/runtools/demo.gif
#16 0.487 [I 00:53:27 InstallContribNbextensionsApp] Copying: /usr/local/lib/python3.8/dist-packages/jupyter_contrib_nbextensions/nbextensions/runtools/gutter.css -> /usr/local/share/jupyter/nbextensions/runtools/gutter.css
#16 0.487 [I 00:53:27 InstallContribNbextensionsApp] Copying: /usr/local/lib/python3.8/dist-packages/jupyter_contrib_nbextensions/nbextensions/runtools/main.js -> /usr/local/share/jupyter/nbextensions/runtools/main.js
#16 0.487 [I 00:53:27 InstallContribNbextensionsApp] Copying: /usr/local/lib/python3.8/dist-packages/jupyter_contrib_nbextensions/nbextensions/runtools/runtools_execute.png -> /usr/local/share/jupyter/nbextensions/runtools/runtools_execute.png
#16 0.487 [I 00:53:27 InstallContribNbextensionsApp] Copying: /usr/local/lib/python3.8/dist-packages/jupyter_contrib_nbextensions/nbextensions/runtools/main.css -> /usr/local/share/jupyter/nbextensions/runtools/main.css
#16 0.487 [I 00:53:27 InstallContribNbextensionsApp] Copying: /usr/local/lib/python3.8/dist-packages/jupyter_contrib_nbextensions/nbextensions/runtools/readme.md -> /usr/local/share/jupyter/nbextensions/runtools/readme.md
#16 0.487 [I 00:53:27 InstallContribNbextensionsApp] Copying: /usr/local/lib/python3.8/dist-packages/jupyter_contrib_nbextensions/nbextensions/runtools/runtools_show_hide.png -> /usr/local/share/jupyter/nbextensions/runtools/runtools_show_hide.png
#16 0.487 [I 00:53:27 InstallContribNbextensionsApp] Copying: /usr/local/lib/python3.8/dist-packages/jupyter_contrib_nbextensions/nbextensions/runtools/runtools_marker.png -> /usr/local/share/jupyter/nbextensions/runtools/runtools_marker.png
#16 0.487 [I 00:53:27 InstallContribNbextensionsApp] - Validating: [32mOK[0m
#16 0.487 [I 00:53:27 InstallContribNbextensionsApp] Installing /usr/local/lib/python3.8/dist-packages/jupyter_contrib_nbextensions/nbextensions/spellchecker -> spellchecker
#16 0.487 [I 00:53:27 InstallContribNbextensionsApp] Making directory: /usr/local/share/jupyter/nbextensions/spellchecker/
#16 0.488 [I 00:53:27 InstallContribNbextensionsApp] Copying: /usr/local/lib/python3.8/dist-packages/jupyter_contrib_nbextensions/nbextensions/spellchecker/config.yaml -> /usr/local/share/jupyter/nbextensions/spellchecker/config.yaml
#16 0.488 [I 00:53:27 InstallContribNbextensionsApp] Copying: /usr/local/lib/python3.8/dist-packages/jupyter_contrib_nbextensions/nbextensions/spellchecker/README.md -> /usr/local/share/jupyter/nbextensions/spellchecker/README.md
#16 0.488 [I 00:53:27 InstallContribNbextensionsApp] Copying: /usr/local/lib/python3.8/dist-packages/jupyter_contrib_nbextensions/nbextensions/spellchecker/download_new_dict.py -> /usr/local/share/jupyter/nbextensions/spellchecker/download_new_dict.py
#16 0.488 [I 00:53:27 InstallContribNbextensionsApp] Copying: /usr/local/lib/python3.8/dist-packages/jupyter_contrib_nbextensions/nbextensions/spellchecker/screenshot.png -> /usr/local/share/jupyter/nbextensions/spellchecker/screenshot.png
#16 0.488 [I 00:53:27 InstallContribNbextensionsApp] Copying: /usr/local/lib/python3.8/dist-packages/jupyter_contrib_nbextensions/nbextensions/spellchecker/main.js -> /usr/local/share/jupyter/nbextensions/spellchecker/main.js
#16 0.488 [I 00:53:27 InstallContribNbextensionsApp] Copying: /usr/local/lib/python3.8/dist-packages/jupyter_contrib_nbextensions/nbextensions/spellchecker/main.css -> /usr/local/share/jupyter/nbextensions/spellchecker/main.css
#16 0.488 [I 00:53:27 InstallContribNbextensionsApp] Making directory: /usr/local/share/jupyter/nbextensions/spellchecker/__pycache__
#16 0.488 [I 00:53:27 InstallContribNbextensionsApp] Copying: /usr/local/lib/python3.8/dist-packages/jupyter_contrib_nbextensions/nbextensions/spellchecker/__pycache__/download_new_dict.cpython-38.pyc -> /usr/local/share/jupyter/nbextensions/spellchecker/__pycache__/download_new_dict.cpython-38.pyc
#16 0.488 [I 00:53:27 InstallContribNbextensionsApp] Making directory: /usr/local/share/jupyter/nbextensions/spellchecker/typo
#16 0.488 [I 00:53:27 InstallContribNbextensionsApp] Copying: /usr/local/lib/python3.8/dist-packages/jupyter_contrib_nbextensions/nbextensions/spellchecker/typo/typo.js -> /usr/local/share/jupyter/nbextensions/spellchecker/typo/typo.js
#16 0.488 [I 00:53:27 InstallContribNbextensionsApp] Copying: /usr/local/lib/python3.8/dist-packages/jupyter_contrib_nbextensions/nbextensions/spellchecker/typo/LICENSE.txt -> /usr/local/share/jupyter/nbextensions/spellchecker/typo/LICENSE.txt
#16 0.488 [I 00:53:27 InstallContribNbextensionsApp] - Validating: [32mOK[0m
#16 0.488 [I 00:53:27 InstallContribNbextensionsApp] Installing /usr/local/lib/python3.8/dist-packages/jupyter_contrib_nbextensions/nbextensions/datestamper -> datestamper
#16 0.489 [I 00:53:27 InstallContribNbextensionsApp] Making directory: /usr/local/share/jupyter/nbextensions/datestamper/
#16 0.489 [I 00:53:27 InstallContribNbextensionsApp] Copying: /usr/local/lib/python3.8/dist-packages/jupyter_contrib_nbextensions/nbextensions/datestamper/icon.png -> /usr/local/share/jupyter/nbextensions/datestamper/icon.png
#16 0.489 [I 00:53:27 InstallContribNbextensionsApp] Copying: /usr/local/lib/python3.8/dist-packages/jupyter_contrib_nbextensions/nbextensions/datestamper/main.js -> /usr/local/share/jupyter/nbextensions/datestamper/main.js
#16 0.489 [I 00:53:27 InstallContribNbextensionsApp] Copying: /usr/local/lib/python3.8/dist-packages/jupyter_contrib_nbextensions/nbextensions/datestamper/readme.md -> /usr/local/share/jupyter/nbextensions/datestamper/readme.md
#16 0.489 [I 00:53:27 InstallContribNbextensionsApp] Copying: /usr/local/lib/python3.8/dist-packages/jupyter_contrib_nbextensions/nbextensions/datestamper/main.yaml -> /usr/local/share/jupyter/nbextensions/datestamper/main.yaml
#16 0.489 [I 00:53:27 InstallContribNbextensionsApp] - Validating: [32mOK[0m
#16 0.489 [I 00:53:27 InstallContribNbextensionsApp] Installing /usr/local/lib/python3.8/dist-packages/jupyter_contrib_nbextensions/nbextensions/exercise -> exercise
#16 0.489 [I 00:53:27 InstallContribNbextensionsApp] Making directory: /usr/local/share/jupyter/nbextensions/exercise/
#16 0.489 [I 00:53:27 InstallContribNbextensionsApp] Copying: /usr/local/lib/python3.8/dist-packages/jupyter_contrib_nbextensions/nbextensions/exercise/image.gif -> /usr/local/share/jupyter/nbextensions/exercise/image.gif
#16 0.490 [I 00:53:27 InstallContribNbextensionsApp] Copying: /usr/local/lib/python3.8/dist-packages/jupyter_contrib_nbextensions/nbextensions/exercise/icon.png -> /usr/local/share/jupyter/nbextensions/exercise/icon.png
#16 0.490 [I 00:53:27 InstallContribNbextensionsApp] Copying: /usr/local/lib/python3.8/dist-packages/jupyter_contrib_nbextensions/nbextensions/exercise/exercise.yaml -> /usr/local/share/jupyter/nbextensions/exercise/exercise.yaml
#16 0.490 [I 00:53:27 InstallContribNbextensionsApp] Copying: /usr/local/lib/python3.8/dist-packages/jupyter_contrib_nbextensions/nbextensions/exercise/history.md -> /usr/local/share/jupyter/nbextensions/exercise/history.md
#16 0.490 [I 00:53:27 InstallContribNbextensionsApp] Copying: /usr/local/lib/python3.8/dist-packages/jupyter_contrib_nbextensions/nbextensions/exercise/main.js -> /usr/local/share/jupyter/nbextensions/exercise/main.js
#16 0.490 [I 00:53:27 InstallContribNbextensionsApp] Copying: /usr/local/lib/python3.8/dist-packages/jupyter_contrib_nbextensions/nbextensions/exercise/main.css -> /usr/local/share/jupyter/nbextensions/exercise/main.css
#16 0.490 [I 00:53:27 InstallContribNbextensionsApp] Copying: /usr/local/lib/python3.8/dist-packages/jupyter_contrib_nbextensions/nbextensions/exercise/readme.md -> /usr/local/share/jupyter/nbextensions/exercise/readme.md
#16 0.490 [I 00:53:27 InstallContribNbextensionsApp] - Validating: [32mOK[0m
#16 0.490 [I 00:53:27 InstallContribNbextensionsApp] Installing /usr/local/lib/python3.8/dist-packages/jupyter_contrib_nbextensions/nbextensions/livemdpreview -> livemdpreview
#16 0.490 [I 00:53:27 InstallContribNbextensionsApp] Making directory: /usr/local/share/jupyter/nbextensions/livemdpreview/
#16 0.490 [I 00:53:27 InstallContribNbextensionsApp] Copying: /usr/local/lib/python3.8/dist-packages/jupyter_contrib_nbextensions/nbextensions/livemdpreview/livemdpreview.yml -> /usr/local/share/jupyter/nbextensions/livemdpreview/livemdpreview.yml
#16 0.490 [I 00:53:27 InstallContribNbextensionsApp] Copying: /usr/local/lib/python3.8/dist-packages/jupyter_contrib_nbextensions/nbextensions/livemdpreview/livemdpreview.js -> /usr/local/share/jupyter/nbextensions/livemdpreview/livemdpreview.js
#16 0.490 [I 00:53:27 InstallContribNbextensionsApp] - Validating: [32mOK[0m
#16 0.491 [I 00:53:27 InstallContribNbextensionsApp] Installing /usr/local/lib/python3.8/dist-packages/jupyter_contrib_nbextensions/nbextensions/ruler -> ruler
#16 0.491 [I 00:53:27 InstallContribNbextensionsApp] Making directory: /usr/local/share/jupyter/nbextensions/ruler/
#16 0.491 [I 00:53:27 InstallContribNbextensionsApp] Copying: /usr/local/lib/python3.8/dist-packages/jupyter_contrib_nbextensions/nbextensions/ruler/icon.png -> /usr/local/share/jupyter/nbextensions/ruler/icon.png
#16 0.491 [I 00:53:27 InstallContribNbextensionsApp] Copying: /usr/local/lib/python3.8/dist-packages/jupyter_contrib_nbextensions/nbextensions/ruler/main.js -> /usr/local/share/jupyter/nbextensions/ruler/main.js
#16 0.491 [I 00:53:27 InstallContribNbextensionsApp] Copying: /usr/local/lib/python3.8/dist-packages/jupyter_contrib_nbextensions/nbextensions/ruler/ruler.yaml -> /usr/local/share/jupyter/nbextensions/ruler/ruler.yaml
#16 0.491 [I 00:53:27 InstallContribNbextensionsApp] Copying: /usr/local/lib/python3.8/dist-packages/jupyter_contrib_nbextensions/nbextensions/ruler/edit.js -> /usr/local/share/jupyter/nbextensions/ruler/edit.js
#16 0.491 [I 00:53:27 InstallContribNbextensionsApp] Copying: /usr/local/lib/python3.8/dist-packages/jupyter_contrib_nbextensions/nbextensions/ruler/readme.md -> /usr/local/share/jupyter/nbextensions/ruler/readme.md
#16 0.491 [I 00:53:27 InstallContribNbextensionsApp] Copying: /usr/local/lib/python3.8/dist-packages/jupyter_contrib_nbextensions/nbextensions/ruler/ruler_editor.yaml -> /usr/local/share/jupyter/nbextensions/ruler/ruler_editor.yaml
#16 0.491 [I 00:53:27 InstallContribNbextensionsApp] - Validating: [32mOK[0m
#16 0.491 [I 00:53:27 InstallContribNbextensionsApp] Installing /usr/local/lib/python3.8/dist-packages/jupyter_contrib_nbextensions/nbextensions/ruler -> ruler
#16 0.491 [I 00:53:27 InstallContribNbextensionsApp] Up to date: /usr/local/share/jupyter/nbextensions/ruler/icon.png
#16 0.491 [I 00:53:27 InstallContribNbextensionsApp] Up to date: /usr/local/share/jupyter/nbextensions/ruler/main.js
#16 0.491 [I 00:53:27 InstallContribNbextensionsApp] Up to date: /usr/local/share/jupyter/nbextensions/ruler/ruler.yaml
#16 0.491 [I 00:53:27 InstallContribNbextensionsApp] Up to date: /usr/local/share/jupyter/nbextensions/ruler/edit.js
#16 0.491 [I 00:53:27 InstallContribNbextensionsApp] Up to date: /usr/local/share/jupyter/nbextensions/ruler/readme.md
#16 0.492 [I 00:53:27 InstallContribNbextensionsApp] Up to date: /usr/local/share/jupyter/nbextensions/ruler/ruler_editor.yaml
#16 0.492 [I 00:53:27 InstallContribNbextensionsApp] - Validating: [32mOK[0m
#16 0.492 [I 00:53:27 InstallContribNbextensionsApp] Installing /usr/local/lib/python3.8/dist-packages/jupyter_contrib_nbextensions/nbextensions/varInspector -> varInspector
#16 0.492 [I 00:53:27 InstallContribNbextensionsApp] Making directory: /usr/local/share/jupyter/nbextensions/varInspector/
#16 0.492 [I 00:53:27 InstallContribNbextensionsApp] Copying: /usr/local/lib/python3.8/dist-packages/jupyter_contrib_nbextensions/nbextensions/varInspector/varInspector.yaml -> /usr/local/share/jupyter/nbextensions/varInspector/varInspector.yaml
#16 0.492 [I 00:53:27 InstallContribNbextensionsApp] Copying: /usr/local/lib/python3.8/dist-packages/jupyter_contrib_nbextensions/nbextensions/varInspector/var_list.py -> /usr/local/share/jupyter/nbextensions/varInspector/var_list.py
#16 0.492 [I 00:53:27 InstallContribNbextensionsApp] Copying: /usr/local/lib/python3.8/dist-packages/jupyter_contrib_nbextensions/nbextensions/varInspector/var_list.r -> /usr/local/share/jupyter/nbextensions/varInspector/var_list.r
#16 0.492 [I 00:53:27 InstallContribNbextensionsApp] Copying: /usr/local/lib/python3.8/dist-packages/jupyter_contrib_nbextensions/nbextensions/varInspector/tablesorter_LICENSE.txt -> /usr/local/share/jupyter/nbextensions/varInspector/tablesorter_LICENSE.txt
#16 0.492 [I 00:53:27 InstallContribNbextensionsApp] Copying: /usr/local/lib/python3.8/dist-packages/jupyter_contrib_nbextensions/nbextensions/varInspector/icon.png -> /usr/local/share/jupyter/nbextensions/varInspector/icon.png
#16 0.492 [I 00:53:27 InstallContribNbextensionsApp] Copying: /usr/local/lib/python3.8/dist-packages/jupyter_contrib_nbextensions/nbextensions/varInspector/README.md -> /usr/local/share/jupyter/nbextensions/varInspector/README.md
#16 0.493 [I 00:53:27 InstallContribNbextensionsApp] Copying: /usr/local/lib/python3.8/dist-packages/jupyter_contrib_nbextensions/nbextensions/varInspector/demo.gif -> /usr/local/share/jupyter/nbextensions/varInspector/demo.gif
#16 0.493 [I 00:53:27 InstallContribNbextensionsApp] Copying: /usr/local/lib/python3.8/dist-packages/jupyter_contrib_nbextensions/nbextensions/varInspector/main.js -> /usr/local/share/jupyter/nbextensions/varInspector/main.js
#16 0.493 [I 00:53:27 InstallContribNbextensionsApp] Copying: /usr/local/lib/python3.8/dist-packages/jupyter_contrib_nbextensions/nbextensions/varInspector/jquery.tablesorter.min.js -> /usr/local/share/jupyter/nbextensions/varInspector/jquery.tablesorter.min.js
#16 0.493 [I 00:53:27 InstallContribNbextensionsApp] Copying: /usr/local/lib/python3.8/dist-packages/jupyter_contrib_nbextensions/nbextensions/varInspector/main.css -> /usr/local/share/jupyter/nbextensions/varInspector/main.css
#16 0.493 [I 00:53:27 InstallContribNbextensionsApp] Making directory: /usr/local/share/jupyter/nbextensions/varInspector/__pycache__
#16 0.494 [I 00:53:27 InstallContribNbextensionsApp] Copying: /usr/local/lib/python3.8/dist-packages/jupyter_contrib_nbextensions/nbextensions/varInspector/__pycache__/var_list.cpython-38.pyc -> /usr/local/share/jupyter/nbextensions/varInspector/__pycache__/var_list.cpython-38.pyc
#16 0.494 [I 00:53:27 InstallContribNbextensionsApp] - Validating: [32mOK[0m
#16 0.494 [I 00:53:27 InstallContribNbextensionsApp] Installing /usr/local/lib/python3.8/dist-packages/jupyter_contrib_nbextensions/nbextensions/zenmode -> zenmode
#16 0.494 [I 00:53:27 InstallContribNbextensionsApp] Making directory: /usr/local/share/jupyter/nbextensions/zenmode/
#16 0.494 [I 00:53:27 InstallContribNbextensionsApp] Copying: /usr/local/lib/python3.8/dist-packages/jupyter_contrib_nbextensions/nbextensions/zenmode/README.md -> /usr/local/share/jupyter/nbextensions/zenmode/README.md
#16 0.494 [I 00:53:27 InstallContribNbextensionsApp] Copying: /usr/local/lib/python3.8/dist-packages/jupyter_contrib_nbextensions/nbextensions/zenmode/main.js -> /usr/local/share/jupyter/nbextensions/zenmode/main.js
#16 0.494 [I 00:53:27 InstallContribNbextensionsApp] Copying: /usr/local/lib/python3.8/dist-packages/jupyter_contrib_nbextensions/nbextensions/zenmode/main.css -> /usr/local/share/jupyter/nbextensions/zenmode/main.css
#16 0.494 [I 00:53:27 InstallContribNbextensionsApp] Copying: /usr/local/lib/python3.8/dist-packages/jupyter_contrib_nbextensions/nbextensions/zenmode/zenmode.yaml -> /usr/local/share/jupyter/nbextensions/zenmode/zenmode.yaml
#16 0.494 [I 00:53:27 InstallContribNbextensionsApp] Making directory: /usr/local/share/jupyter/nbextensions/zenmode/images
#16 0.494 [I 00:53:27 InstallContribNbextensionsApp] Copying: /usr/local/lib/python3.8/dist-packages/jupyter_contrib_nbextensions/nbextensions/zenmode/images/ipynblogo0.png -> /usr/local/share/jupyter/nbextensions/zenmode/images/ipynblogo0.png
#16 0.494 [I 00:53:27 InstallContribNbextensionsApp] Copying: /usr/local/lib/python3.8/dist-packages/jupyter_contrib_nbextensions/nbextensions/zenmode/images/back3.jpg -> /usr/local/share/jupyter/nbextensions/zenmode/images/back3.jpg
#16 0.495 [I 00:53:27 InstallContribNbextensionsApp] Copying: /usr/local/lib/python3.8/dist-packages/jupyter_contrib_nbextensions/nbextensions/zenmode/images/back2.jpg -> /usr/local/share/jupyter/nbextensions/zenmode/images/back2.jpg
#16 0.495 [I 00:53:27 InstallContribNbextensionsApp] Copying: /usr/local/lib/python3.8/dist-packages/jupyter_contrib_nbextensions/nbextensions/zenmode/images/back11.jpg -> /usr/local/share/jupyter/nbextensions/zenmode/images/back11.jpg
#16 0.495 [I 00:53:27 InstallContribNbextensionsApp] Copying: /usr/local/lib/python3.8/dist-packages/jupyter_contrib_nbextensions/nbextensions/zenmode/images/back1.jpg -> /usr/local/share/jupyter/nbextensions/zenmode/images/back1.jpg
#16 0.495 [I 00:53:27 InstallContribNbextensionsApp] Copying: /usr/local/lib/python3.8/dist-packages/jupyter_contrib_nbextensions/nbextensions/zenmode/images/back12.jpg -> /usr/local/share/jupyter/nbextensions/zenmode/images/back12.jpg
#16 0.496 [I 00:53:27 InstallContribNbextensionsApp] Copying: /usr/local/lib/python3.8/dist-packages/jupyter_contrib_nbextensions/nbextensions/zenmode/images/back22.jpg -> /usr/local/share/jupyter/nbextensions/zenmode/images/back22.jpg
#16 0.496 [I 00:53:27 InstallContribNbextensionsApp] Copying: /usr/local/lib/python3.8/dist-packages/jupyter_contrib_nbextensions/nbextensions/zenmode/images/ipynblogo1.png -> /usr/local/share/jupyter/nbextensions/zenmode/images/ipynblogo1.png
#16 0.496 [I 00:53:27 InstallContribNbextensionsApp] Copying: /usr/local/lib/python3.8/dist-packages/jupyter_contrib_nbextensions/nbextensions/zenmode/images/back21.jpg -> /usr/local/share/jupyter/nbextensions/zenmode/images/back21.jpg
#16 0.496 [I 00:53:27 InstallContribNbextensionsApp] - Validating: [32mOK[0m
#16 0.496 [I 00:53:27 InstallContribNbextensionsApp] Installing /usr/local/lib/python3.8/dist-packages/jupyter_contrib_nbextensions/nbextensions/hide_header -> hide_header
#16 0.496 [I 00:53:27 InstallContribNbextensionsApp] Making directory: /usr/local/share/jupyter/nbextensions/hide_header/
#16 0.497 [I 00:53:27 InstallContribNbextensionsApp] Copying: /usr/local/lib/python3.8/dist-packages/jupyter_contrib_nbextensions/nbextensions/hide_header/README.md -> /usr/local/share/jupyter/nbextensions/hide_header/README.md
#16 0.497 [I 00:53:27 InstallContribNbextensionsApp] Copying: /usr/local/lib/python3.8/dist-packages/jupyter_contrib_nbextensions/nbextensions/hide_header/main.js -> /usr/local/share/jupyter/nbextensions/hide_header/main.js
#16 0.497 [I 00:53:27 InstallContribNbextensionsApp] Copying: /usr/local/lib/python3.8/dist-packages/jupyter_contrib_nbextensions/nbextensions/hide_header/hide_header.yaml -> /usr/local/share/jupyter/nbextensions/hide_header/hide_header.yaml
#16 0.497 [I 00:53:27 InstallContribNbextensionsApp] - Validating: [32mOK[0m
#16 0.497 [I 00:53:27 InstallContribNbextensionsApp] Installing /usr/local/lib/python3.8/dist-packages/jupyter_contrib_nbextensions/nbextensions/select_keymap -> select_keymap
#16 0.497 [I 00:53:27 InstallContribNbextensionsApp] Making directory: /usr/local/share/jupyter/nbextensions/select_keymap/
#16 0.497 [I 00:53:27 InstallContribNbextensionsApp] Copying: /usr/local/lib/python3.8/dist-packages/jupyter_contrib_nbextensions/nbextensions/select_keymap/README.md -> /usr/local/share/jupyter/nbextensions/select_keymap/README.md
#16 0.497 [I 00:53:27 InstallContribNbextensionsApp] Copying: /usr/local/lib/python3.8/dist-packages/jupyter_contrib_nbextensions/nbextensions/select_keymap/select_keymap.png -> /usr/local/share/jupyter/nbextensions/select_keymap/select_keymap.png
#16 0.497 [I 00:53:27 InstallContribNbextensionsApp] Copying: /usr/local/lib/python3.8/dist-packages/jupyter_contrib_nbextensions/nbextensions/select_keymap/select_keymap.yaml -> /usr/local/share/jupyter/nbextensions/select_keymap/select_keymap.yaml
#16 0.498 [I 00:53:27 InstallContribNbextensionsApp] Copying: /usr/local/lib/python3.8/dist-packages/jupyter_contrib_nbextensions/nbextensions/select_keymap/main.js -> /usr/local/share/jupyter/nbextensions/select_keymap/main.js
#16 0.498 [I 00:53:27 InstallContribNbextensionsApp] - Validating: [32mOK[0m
#16 0.498 [I 00:53:27 InstallContribNbextensionsApp] Installing /usr/local/lib/python3.8/dist-packages/jupyter_contrib_nbextensions/nbextensions/skill -> skill
#16 0.498 [I 00:53:27 InstallContribNbextensionsApp] Making directory: /usr/local/share/jupyter/nbextensions/skill/
#16 0.498 [I 00:53:27 InstallContribNbextensionsApp] Copying: /usr/local/lib/python3.8/dist-packages/jupyter_contrib_nbextensions/nbextensions/skill/README.md -> /usr/local/share/jupyter/nbextensions/skill/README.md
#16 0.498 [I 00:53:27 InstallContribNbextensionsApp] Copying: /usr/local/lib/python3.8/dist-packages/jupyter_contrib_nbextensions/nbextensions/skill/skill.js -> /usr/local/share/jupyter/nbextensions/skill/skill.js
#16 0.498 [I 00:53:27 InstallContribNbextensionsApp] Copying: /usr/local/lib/python3.8/dist-packages/jupyter_contrib_nbextensions/nbextensions/skill/skill.yaml -> /usr/local/share/jupyter/nbextensions/skill/skill.yaml
#16 0.498 [I 00:53:27 InstallContribNbextensionsApp] Copying: /usr/local/lib/python3.8/dist-packages/jupyter_contrib_nbextensions/nbextensions/skill/main.js -> /usr/local/share/jupyter/nbextensions/skill/main.js
#16 0.498 [I 00:53:27 InstallContribNbextensionsApp] - Validating: [32mOK[0m
#16 0.498 [I 00:53:27 InstallContribNbextensionsApp] Installing /usr/local/lib/python3.8/dist-packages/jupyter_contrib_nbextensions/nbextensions/execute_time -> execute_time
#16 0.498 [I 00:53:27 InstallContribNbextensionsApp] Making directory: /usr/local/share/jupyter/nbextensions/execute_time/
#16 0.499 [I 00:53:27 InstallContribNbextensionsApp] Copying: /usr/local/lib/python3.8/dist-packages/jupyter_contrib_nbextensions/nbextensions/execute_time/ExecuteTime.css -> /usr/local/share/jupyter/nbextensions/execute_time/ExecuteTime.css
#16 0.499 [I 00:53:27 InstallContribNbextensionsApp] Copying: /usr/local/lib/python3.8/dist-packages/jupyter_contrib_nbextensions/nbextensions/execute_time/icon.png -> /usr/local/share/jupyter/nbextensions/execute_time/icon.png
#16 0.499 [I 00:53:27 InstallContribNbextensionsApp] Copying: /usr/local/lib/python3.8/dist-packages/jupyter_contrib_nbextensions/nbextensions/execute_time/ExecuteTime.yaml -> /usr/local/share/jupyter/nbextensions/execute_time/ExecuteTime.yaml
#16 0.499 [I 00:53:27 InstallContribNbextensionsApp] Copying: /usr/local/lib/python3.8/dist-packages/jupyter_contrib_nbextensions/nbextensions/execute_time/execution-timings-menu.png -> /usr/local/share/jupyter/nbextensions/execute_time/execution-timings-menu.png
#16 0.499 [I 00:53:27 InstallContribNbextensionsApp] Copying: /usr/local/lib/python3.8/dist-packages/jupyter_contrib_nbextensions/nbextensions/execute_time/execution-timings-box.png -> /usr/local/share/jupyter/nbextensions/execute_time/execution-timings-box.png
#16 0.499 [I 00:53:27 InstallContribNbextensionsApp] Copying: /usr/local/lib/python3.8/dist-packages/jupyter_contrib_nbextensions/nbextensions/execute_time/ExecuteTime.js -> /usr/local/share/jupyter/nbextensions/execute_time/ExecuteTime.js
#16 0.499 [I 00:53:27 InstallContribNbextensionsApp] Copying: /usr/local/lib/python3.8/dist-packages/jupyter_contrib_nbextensions/nbextensions/execute_time/readme.md -> /usr/local/share/jupyter/nbextensions/execute_time/readme.md
#16 0.499 [I 00:53:27 InstallContribNbextensionsApp] - Validating: [32mOK[0m
#16 0.499 [I 00:53:27 InstallContribNbextensionsApp] Installing /usr/local/lib/python3.8/dist-packages/jupyter_contrib_nbextensions/nbextensions/contrib_nbextensions_help_item -> contrib_nbextensions_help_item
#16 0.499 [I 00:53:27 InstallContribNbextensionsApp] Making directory: /usr/local/share/jupyter/nbextensions/contrib_nbextensions_help_item/
#16 0.500 [I 00:53:27 InstallContribNbextensionsApp] Copying: /usr/local/lib/python3.8/dist-packages/jupyter_contrib_nbextensions/nbextensions/contrib_nbextensions_help_item/README.md -> /usr/local/share/jupyter/nbextensions/contrib_nbextensions_help_item/README.md
#16 0.500 [I 00:53:27 InstallContribNbextensionsApp] Copying: /usr/local/lib/python3.8/dist-packages/jupyter_contrib_nbextensions/nbextensions/contrib_nbextensions_help_item/contrib_nbextensions_help_item.yaml -> /usr/local/share/jupyter/nbextensions/contrib_nbextensions_help_item/contrib_nbextensions_help_item.yaml
#16 0.500 [I 00:53:27 InstallContribNbextensionsApp] Copying: /usr/local/lib/python3.8/dist-packages/jupyter_contrib_nbextensions/nbextensions/contrib_nbextensions_help_item/main.js -> /usr/local/share/jupyter/nbextensions/contrib_nbextensions_help_item/main.js
#16 0.500 [I 00:53:27 InstallContribNbextensionsApp] - Validating: [32mOK[0m
#16 0.500 [I 00:53:27 InstallContribNbextensionsApp] Installing /usr/local/lib/python3.8/dist-packages/jupyter_contrib_nbextensions/nbextensions/code_prettify -> code_prettify
#16 0.500 [I 00:53:27 InstallContribNbextensionsApp] Making directory: /usr/local/share/jupyter/nbextensions/code_prettify/
#16 0.500 [I 00:53:27 InstallContribNbextensionsApp] Copying: /usr/local/lib/python3.8/dist-packages/jupyter_contrib_nbextensions/nbextensions/code_prettify/README_isort.md -> /usr/local/share/jupyter/nbextensions/code_prettify/README_isort.md
#16 0.500 [I 00:53:27 InstallContribNbextensionsApp] Copying: /usr/local/lib/python3.8/dist-packages/jupyter_contrib_nbextensions/nbextensions/code_prettify/demo_2to3.gif -> /usr/local/share/jupyter/nbextensions/code_prettify/demo_2to3.gif
#16 0.500 [I 00:53:27 InstallContribNbextensionsApp] Copying: /usr/local/lib/python3.8/dist-packages/jupyter_contrib_nbextensions/nbextensions/code_prettify/code_prettify.js -> /usr/local/share/jupyter/nbextensions/code_prettify/code_prettify.js
#16 0.500 [I 00:53:27 InstallContribNbextensionsApp] Copying: /usr/local/lib/python3.8/dist-packages/jupyter_contrib_nbextensions/nbextensions/code_prettify/autopep8.yaml -> /usr/local/share/jupyter/nbextensions/code_prettify/autopep8.yaml
#16 0.501 [I 00:53:27 InstallContribNbextensionsApp] Copying: /usr/local/lib/python3.8/dist-packages/jupyter_contrib_nbextensions/nbextensions/code_prettify/README.md -> /usr/local/share/jupyter/nbextensions/code_prettify/README.md
#16 0.501 [I 00:53:27 InstallContribNbextensionsApp] Copying: /usr/local/lib/python3.8/dist-packages/jupyter_contrib_nbextensions/nbextensions/code_prettify/autopep8.js -> /usr/local/share/jupyter/nbextensions/code_prettify/autopep8.js
#16 0.501 [I 00:53:27 InstallContribNbextensionsApp] Copying: /usr/local/lib/python3.8/dist-packages/jupyter_contrib_nbextensions/nbextensions/code_prettify/demo-py.gif -> /usr/local/share/jupyter/nbextensions/code_prettify/demo-py.gif
#16 0.501 [I 00:53:27 InstallContribNbextensionsApp] Copying: /usr/local/lib/python3.8/dist-packages/jupyter_contrib_nbextensions/nbextensions/code_prettify/demo-R.gif -> /usr/local/share/jupyter/nbextensions/code_prettify/demo-R.gif
#16 0.501 [I 00:53:27 InstallContribNbextensionsApp] Copying: /usr/local/lib/python3.8/dist-packages/jupyter_contrib_nbextensions/nbextensions/code_prettify/isort.yaml -> /usr/local/share/jupyter/nbextensions/code_prettify/isort.yaml
#16 0.501 [I 00:53:27 InstallContribNbextensionsApp] Copying: /usr/local/lib/python3.8/dist-packages/jupyter_contrib_nbextensions/nbextensions/code_prettify/isort.js -> /usr/local/share/jupyter/nbextensions/code_prettify/isort.js
#16 0.501 [I 00:53:27 InstallContribNbextensionsApp] Copying: /usr/local/lib/python3.8/dist-packages/jupyter_contrib_nbextensions/nbextensions/code_prettify/2to3.js -> /usr/local/share/jupyter/nbextensions/code_prettify/2to3.js
#16 0.501 [I 00:53:27 InstallContribNbextensionsApp] Copying: /usr/local/lib/python3.8/dist-packages/jupyter_contrib_nbextensions/nbextensions/code_prettify/README_code_prettify.md -> /usr/local/share/jupyter/nbextensions/code_prettify/README_code_prettify.md
#16 0.501 [I 00:53:27 InstallContribNbextensionsApp] Copying: /usr/local/lib/python3.8/dist-packages/jupyter_contrib_nbextensions/nbextensions/code_prettify/2to3.yaml -> /usr/local/share/jupyter/nbextensions/code_prettify/2to3.yaml
#16 0.501 [I 00:53:27 InstallContribNbextensionsApp] Copying: /usr/local/lib/python3.8/dist-packages/jupyter_contrib_nbextensions/nbextensions/code_prettify/README_2to3.md -> /usr/local/share/jupyter/nbextensions/code_prettify/README_2to3.md
#16 0.502 [I 00:53:27 InstallContribNbextensionsApp] Copying: /usr/local/lib/python3.8/dist-packages/jupyter_contrib_nbextensions/nbextensions/code_prettify/kernel_exec_on_cell.js -> /usr/local/share/jupyter/nbextensions/code_prettify/kernel_exec_on_cell.js
#16 0.502 [I 00:53:27 InstallContribNbextensionsApp] Copying: /usr/local/lib/python3.8/dist-packages/jupyter_contrib_nbextensions/nbextensions/code_prettify/demo-jv.gif -> /usr/local/share/jupyter/nbextensions/code_prettify/demo-jv.gif
#16 0.502 [I 00:53:27 InstallContribNbextensionsApp] Copying: /usr/local/lib/python3.8/dist-packages/jupyter_contrib_nbextensions/nbextensions/code_prettify/code_prettify.yaml -> /usr/local/share/jupyter/nbextensions/code_prettify/code_prettify.yaml
#16 0.502 [I 00:53:27 InstallContribNbextensionsApp] Copying: /usr/local/lib/python3.8/dist-packages/jupyter_contrib_nbextensions/nbextensions/code_prettify/README_autopep8.md -> /usr/local/share/jupyter/nbextensions/code_prettify/README_autopep8.md
#16 0.502 [I 00:53:27 InstallContribNbextensionsApp] - Validating: [32mOK[0m
#16 0.502 [I 00:53:27 InstallContribNbextensionsApp] Installing /usr/local/lib/python3.8/dist-packages/jupyter_contrib_nbextensions/nbextensions/code_prettify -> code_prettify
#16 0.502 [I 00:53:27 InstallContribNbextensionsApp] Up to date: /usr/local/share/jupyter/nbextensions/code_prettify/README_isort.md
#16 0.502 [I 00:53:27 InstallContribNbextensionsApp] Up to date: /usr/local/share/jupyter/nbextensions/code_prettify/demo_2to3.gif
#16 0.502 [I 00:53:27 InstallContribNbextensionsApp] Up to date: /usr/local/share/jupyter/nbextensions/code_prettify/code_prettify.js
#16 0.502 [I 00:53:27 InstallContribNbextensionsApp] Up to date: /usr/local/share/jupyter/nbextensions/code_prettify/autopep8.yaml
#16 0.502 [I 00:53:27 InstallContribNbextensionsApp] Up to date: /usr/local/share/jupyter/nbextensions/code_prettify/README.md
#16 0.502 [I 00:53:27 InstallContribNbextensionsApp] Up to date: /usr/local/share/jupyter/nbextensions/code_prettify/autopep8.js
#16 0.502 [I 00:53:27 InstallContribNbextensionsApp] Up to date: /usr/local/share/jupyter/nbextensions/code_prettify/demo-py.gif
#16 0.502 [I 00:53:27 InstallContribNbextensionsApp] Up to date: /usr/local/share/jupyter/nbextensions/code_prettify/demo-R.gif
#16 0.502 [I 00:53:27 InstallContribNbextensionsApp] Up to date: /usr/local/share/jupyter/nbextensions/code_prettify/isort.yaml
#16 0.502 [I 00:53:27 InstallContribNbextensionsApp] Up to date: /usr/local/share/jupyter/nbextensions/code_prettify/isort.js
#16 0.502 [I 00:53:27 InstallContribNbextensionsApp] Up to date: /usr/local/share/jupyter/nbextensions/code_prettify/2to3.js
#16 0.502 [I 00:53:27 InstallContribNbextensionsApp] Up to date: /usr/local/share/jupyter/nbextensions/code_prettify/README_code_prettify.md
#16 0.503 [I 00:53:27 InstallContribNbextensionsApp] Up to date: /usr/local/share/jupyter/nbextensions/code_prettify/2to3.yaml
#16 0.503 [I 00:53:27 InstallContribNbextensionsApp] Up to date: /usr/local/share/jupyter/nbextensions/code_prettify/README_2to3.md
#16 0.503 [I 00:53:27 InstallContribNbextensionsApp] Up to date: /usr/local/share/jupyter/nbextensions/code_prettify/kernel_exec_on_cell.js
#16 0.503 [I 00:53:27 InstallContribNbextensionsApp] Up to date: /usr/local/share/jupyter/nbextensions/code_prettify/demo-jv.gif
#16 0.503 [I 00:53:27 InstallContribNbextensionsApp] Up to date: /usr/local/share/jupyter/nbextensions/code_prettify/code_prettify.yaml
#16 0.503 [I 00:53:27 InstallContribNbextensionsApp] Up to date: /usr/local/share/jupyter/nbextensions/code_prettify/README_autopep8.md
#16 0.503 [I 00:53:27 InstallContribNbextensionsApp] - Validating: [32mOK[0m
#16 0.503 [I 00:53:27 InstallContribNbextensionsApp] Installing /usr/local/lib/python3.8/dist-packages/jupyter_contrib_nbextensions/nbextensions/code_prettify -> code_prettify
#16 0.503 [I 00:53:27 InstallContribNbextensionsApp] Up to date: /usr/local/share/jupyter/nbextensions/code_prettify/README_isort.md
#16 0.503 [I 00:53:27 InstallContribNbextensionsApp] Up to date: /usr/local/share/jupyter/nbextensions/code_prettify/demo_2to3.gif
#16 0.503 [I 00:53:27 InstallContribNbextensionsApp] Up to date: /usr/local/share/jupyter/nbextensions/code_prettify/code_prettify.js
#16 0.503 [I 00:53:27 InstallContribNbextensionsApp] Up to date: /usr/local/share/jupyter/nbextensions/code_prettify/autopep8.yaml
#16 0.503 [I 00:53:27 InstallContribNbextensionsApp] Up to date: /usr/local/share/jupyter/nbextensions/code_prettify/README.md
#16 0.503 [I 00:53:27 InstallContribNbextensionsApp] Up to date: /usr/local/share/jupyter/nbextensions/code_prettify/autopep8.js
#16 0.503 [I 00:53:27 InstallContribNbextensionsApp] Up to date: /usr/local/share/jupyter/nbextensions/code_prettify/demo-py.gif
#16 0.503 [I 00:53:27 InstallContribNbextensionsApp] Up to date: /usr/local/share/jupyter/nbextensions/code_prettify/demo-R.gif
#16 0.503 [I 00:53:27 InstallContribNbextensionsApp] Up to date: /usr/local/share/jupyter/nbextensions/code_prettify/isort.yaml
#16 0.503 [I 00:53:27 InstallContribNbextensionsApp] Up to date: /usr/local/share/jupyter/nbextensions/code_prettify/isort.js
#16 0.503 [I 00:53:27 InstallContribNbextensionsApp] Up to date: /usr/local/share/jupyter/nbextensions/code_prettify/2to3.js
#16 0.503 [I 00:53:27 InstallContribNbextensionsApp] Up to date: /usr/local/share/jupyter/nbextensions/code_prettify/README_code_prettify.md
#16 0.503 [I 00:53:27 InstallContribNbextensionsApp] Up to date: /usr/local/share/jupyter/nbextensions/code_prettify/2to3.yaml
#16 0.503 [I 00:53:27 InstallContribNbextensionsApp] Up to date: /usr/local/share/jupyter/nbextensions/code_prettify/README_2to3.md
#16 0.503 [I 00:53:27 InstallContribNbextensionsApp] Up to date: /usr/local/share/jupyter/nbextensions/code_prettify/kernel_exec_on_cell.js
#16 0.503 [I 00:53:27 InstallContribNbextensionsApp] Up to date: /usr/local/share/jupyter/nbextensions/code_prettify/demo-jv.gif
#16 0.503 [I 00:53:27 InstallContribNbextensionsApp] Up to date: /usr/local/share/jupyter/nbextensions/code_prettify/code_prettify.yaml
#16 0.503 [I 00:53:27 InstallContribNbextensionsApp] Up to date: /usr/local/share/jupyter/nbextensions/code_prettify/README_autopep8.md
#16 0.503 [I 00:53:27 InstallContribNbextensionsApp] - Validating: [32mOK[0m
#16 0.503 [I 00:53:27 InstallContribNbextensionsApp] Installing /usr/local/lib/python3.8/dist-packages/jupyter_contrib_nbextensions/nbextensions/code_prettify -> code_prettify
#16 0.504 [I 00:53:27 InstallContribNbextensionsApp] Up to date: /usr/local/share/jupyter/nbextensions/code_prettify/README_isort.md
#16 0.504 [I 00:53:27 InstallContribNbextensionsApp] Up to date: /usr/local/share/jupyter/nbextensions/code_prettify/demo_2to3.gif
#16 0.504 [I 00:53:27 InstallContribNbextensionsApp] Up to date: /usr/local/share/jupyter/nbextensions/code_prettify/code_prettify.js
#16 0.504 [I 00:53:27 InstallContribNbextensionsApp] Up to date: /usr/local/share/jupyter/nbextensions/code_prettify/autopep8.yaml
#16 0.504 [I 00:53:27 InstallContribNbextensionsApp] Up to date: /usr/local/share/jupyter/nbextensions/code_prettify/README.md
#16 0.504 [I 00:53:27 InstallContribNbextensionsApp] Up to date: /usr/local/share/jupyter/nbextensions/code_prettify/autopep8.js
#16 0.504 [I 00:53:27 InstallContribNbextensionsApp] Up to date: /usr/local/share/jupyter/nbextensions/code_prettify/demo-py.gif
#16 0.504 [I 00:53:27 InstallContribNbextensionsApp] Up to date: /usr/local/share/jupyter/nbextensions/code_prettify/demo-R.gif
#16 0.504 [I 00:53:27 InstallContribNbextensionsApp] Up to date: /usr/local/share/jupyter/nbextensions/code_prettify/isort.yaml
#16 0.504 [I 00:53:27 InstallContribNbextensionsApp] Up to date: /usr/local/share/jupyter/nbextensions/code_prettify/isort.js
#16 0.504 [I 00:53:27 InstallContribNbextensionsApp] Up to date: /usr/local/share/jupyter/nbextensions/code_prettify/2to3.js
#16 0.504 [I 00:53:27 InstallContribNbextensionsApp] Up to date: /usr/local/share/jupyter/nbextensions/code_prettify/README_code_prettify.md
#16 0.504 [I 00:53:27 InstallContribNbextensionsApp] Up to date: /usr/local/share/jupyter/nbextensions/code_prettify/2to3.yaml
#16 0.504 [I 00:53:27 InstallContribNbextensionsApp] Up to date: /usr/local/share/jupyter/nbextensions/code_prettify/README_2to3.md
#16 0.504 [I 00:53:27 InstallContribNbextensionsApp] Up to date: /usr/local/share/jupyter/nbextensions/code_prettify/kernel_exec_on_cell.js
#16 0.504 [I 00:53:27 InstallContribNbextensionsApp] Up to date: /usr/local/share/jupyter/nbextensions/code_prettify/demo-jv.gif
#16 0.504 [I 00:53:27 InstallContribNbextensionsApp] Up to date: /usr/local/share/jupyter/nbextensions/code_prettify/code_prettify.yaml
#16 0.504 [I 00:53:27 InstallContribNbextensionsApp] Up to date: /usr/local/share/jupyter/nbextensions/code_prettify/README_autopep8.md
#16 0.504 [I 00:53:27 InstallContribNbextensionsApp] - Validating: [32mOK[0m
#16 0.504 [I 00:53:27 InstallContribNbextensionsApp] Installing /usr/local/lib/python3.8/dist-packages/jupyter_contrib_nbextensions/nbextensions/autoscroll -> autoscroll
#16 0.504 [I 00:53:27 InstallContribNbextensionsApp] Making directory: /usr/local/share/jupyter/nbextensions/autoscroll/
#16 0.504 [I 00:53:27 InstallContribNbextensionsApp] Copying: /usr/local/lib/python3.8/dist-packages/jupyter_contrib_nbextensions/nbextensions/autoscroll/icon.png -> /usr/local/share/jupyter/nbextensions/autoscroll/icon.png
#16 0.504 [I 00:53:27 InstallContribNbextensionsApp] Copying: /usr/local/lib/python3.8/dist-packages/jupyter_contrib_nbextensions/nbextensions/autoscroll/README.md -> /usr/local/share/jupyter/nbextensions/autoscroll/README.md
#16 0.504 [I 00:53:27 InstallContribNbextensionsApp] Copying: /usr/local/lib/python3.8/dist-packages/jupyter_contrib_nbextensions/nbextensions/autoscroll/main.js -> /usr/local/share/jupyter/nbextensions/autoscroll/main.js
#16 0.504 [I 00:53:27 InstallContribNbextensionsApp] Copying: /usr/local/lib/python3.8/dist-packages/jupyter_contrib_nbextensions/nbextensions/autoscroll/autoscroll.yaml -> /usr/local/share/jupyter/nbextensions/autoscroll/autoscroll.yaml
#16 0.505 [I 00:53:27 InstallContribNbextensionsApp] - Validating: [32mOK[0m
#16 0.505 [I 00:53:27 InstallContribNbextensionsApp] Installing /usr/local/lib/python3.8/dist-packages/jupyter_contrib_nbextensions/nbextensions/autosavetime -> autosavetime
#16 0.505 [I 00:53:27 InstallContribNbextensionsApp] Making directory: /usr/local/share/jupyter/nbextensions/autosavetime/
#16 0.505 [I 00:53:27 InstallContribNbextensionsApp] Copying: /usr/local/lib/python3.8/dist-packages/jupyter_contrib_nbextensions/nbextensions/autosavetime/icon.png -> /usr/local/share/jupyter/nbextensions/autosavetime/icon.png
#16 0.505 [I 00:53:27 InstallContribNbextensionsApp] Copying: /usr/local/lib/python3.8/dist-packages/jupyter_contrib_nbextensions/nbextensions/autosavetime/README.md -> /usr/local/share/jupyter/nbextensions/autosavetime/README.md
#16 0.505 [I 00:53:27 InstallContribNbextensionsApp] Copying: /usr/local/lib/python3.8/dist-packages/jupyter_contrib_nbextensions/nbextensions/autosavetime/autosavetime.yaml -> /usr/local/share/jupyter/nbextensions/autosavetime/autosavetime.yaml
#16 0.505 [I 00:53:27 InstallContribNbextensionsApp] Copying: /usr/local/lib/python3.8/dist-packages/jupyter_contrib_nbextensions/nbextensions/autosavetime/main.js -> /usr/local/share/jupyter/nbextensions/autosavetime/main.js
#16 0.505 [I 00:53:27 InstallContribNbextensionsApp] - Validating: [32mOK[0m
#16 0.505 [I 00:53:27 InstallContribNbextensionsApp] Installing /usr/local/lib/python3.8/dist-packages/jupyter_contrib_nbextensions/nbextensions/scratchpad -> scratchpad
#16 0.505 [I 00:53:27 InstallContribNbextensionsApp] Making directory: /usr/local/share/jupyter/nbextensions/scratchpad/
#16 0.505 [I 00:53:27 InstallContribNbextensionsApp] Copying: /usr/local/lib/python3.8/dist-packages/jupyter_contrib_nbextensions/nbextensions/scratchpad/scratchpad.css -> /usr/local/share/jupyter/nbextensions/scratchpad/scratchpad.css
#16 0.505 [I 00:53:27 InstallContribNbextensionsApp] Copying: /usr/local/lib/python3.8/dist-packages/jupyter_contrib_nbextensions/nbextensions/scratchpad/README.md -> /usr/local/share/jupyter/nbextensions/scratchpad/README.md
#16 0.505 [I 00:53:27 InstallContribNbextensionsApp] Copying: /usr/local/lib/python3.8/dist-packages/jupyter_contrib_nbextensions/nbextensions/scratchpad/scratchpad.yaml -> /usr/local/share/jupyter/nbextensions/scratchpad/scratchpad.yaml
#16 0.505 [I 00:53:27 InstallContribNbextensionsApp] Copying: /usr/local/lib/python3.8/dist-packages/jupyter_contrib_nbextensions/nbextensions/scratchpad/demo.gif -> /usr/local/share/jupyter/nbextensions/scratchpad/demo.gif
#16 0.506 [I 00:53:27 InstallContribNbextensionsApp] Copying: /usr/local/lib/python3.8/dist-packages/jupyter_contrib_nbextensions/nbextensions/scratchpad/main.js -> /usr/local/share/jupyter/nbextensions/scratchpad/main.js
#16 0.506 [I 00:53:27 InstallContribNbextensionsApp] Copying: /usr/local/lib/python3.8/dist-packages/jupyter_contrib_nbextensions/nbextensions/scratchpad/LICENSE -> /usr/local/share/jupyter/nbextensions/scratchpad/LICENSE
#16 0.506 [I 00:53:27 InstallContribNbextensionsApp] - Validating: [32mOK[0m
#16 0.506 [I 00:53:27 InstallContribNbextensionsApp] Installing /usr/local/lib/python3.8/dist-packages/jupyter_contrib_nbextensions/nbextensions/comment-uncomment -> comment-uncomment
#16 0.506 [I 00:53:27 InstallContribNbextensionsApp] Making directory: /usr/local/share/jupyter/nbextensions/comment-uncomment/
#16 0.507 [I 00:53:27 InstallContribNbextensionsApp] Copying: /usr/local/lib/python3.8/dist-packages/jupyter_contrib_nbextensions/nbextensions/comment-uncomment/icon.png -> /usr/local/share/jupyter/nbextensions/comment-uncomment/icon.png
#16 0.507 [I 00:53:27 InstallContribNbextensionsApp] Copying: /usr/local/lib/python3.8/dist-packages/jupyter_contrib_nbextensions/nbextensions/comment-uncomment/comment-uncomment.yaml -> /usr/local/share/jupyter/nbextensions/comment-uncomment/comment-uncomment.yaml
#16 0.507 [I 00:53:27 InstallContribNbextensionsApp] Copying: /usr/local/lib/python3.8/dist-packages/jupyter_contrib_nbextensions/nbextensions/comment-uncomment/main.js -> /usr/local/share/jupyter/nbextensions/comment-uncomment/main.js
#16 0.507 [I 00:53:27 InstallContribNbextensionsApp] Copying: /usr/local/lib/python3.8/dist-packages/jupyter_contrib_nbextensions/nbextensions/comment-uncomment/readme.md -> /usr/local/share/jupyter/nbextensions/comment-uncomment/readme.md
#16 0.507 [I 00:53:27 InstallContribNbextensionsApp] - Validating: [32mOK[0m
#16 0.507 [I 00:53:27 InstallContribNbextensionsApp] Installing /usr/local/lib/python3.8/dist-packages/jupyter_contrib_nbextensions/nbextensions/freeze -> freeze
#16 0.507 [I 00:53:27 InstallContribNbextensionsApp] Making directory: /usr/local/share/jupyter/nbextensions/freeze/
#16 0.507 [I 00:53:27 InstallContribNbextensionsApp] Copying: /usr/local/lib/python3.8/dist-packages/jupyter_contrib_nbextensions/nbextensions/freeze/icon.png -> /usr/local/share/jupyter/nbextensions/freeze/icon.png
#16 0.507 [I 00:53:27 InstallContribNbextensionsApp] Copying: /usr/local/lib/python3.8/dist-packages/jupyter_contrib_nbextensions/nbextensions/freeze/config.yaml -> /usr/local/share/jupyter/nbextensions/freeze/config.yaml
#16 0.507 [I 00:53:27 InstallContribNbextensionsApp] Copying: /usr/local/lib/python3.8/dist-packages/jupyter_contrib_nbextensions/nbextensions/freeze/main.js -> /usr/local/share/jupyter/nbextensions/freeze/main.js
#16 0.507 [I 00:53:27 InstallContribNbextensionsApp] Copying: /usr/local/lib/python3.8/dist-packages/jupyter_contrib_nbextensions/nbextensions/freeze/readme.md -> /usr/local/share/jupyter/nbextensions/freeze/readme.md
#16 0.507 [I 00:53:27 InstallContribNbextensionsApp] - Validating: [32mOK[0m
#16 0.507 [I 00:53:27 InstallContribNbextensionsApp] Installing /usr/local/lib/python3.8/dist-packages/jupyter_contrib_nbextensions/nbextensions/code_font_size -> code_font_size
#16 0.508 [I 00:53:27 InstallContribNbextensionsApp] Making directory: /usr/local/share/jupyter/nbextensions/code_font_size/
#16 0.508 [I 00:53:27 InstallContribNbextensionsApp] Copying: /usr/local/lib/python3.8/dist-packages/jupyter_contrib_nbextensions/nbextensions/code_font_size/code_font_size.js -> /usr/local/share/jupyter/nbextensions/code_font_size/code_font_size.js
#16 0.508 [I 00:53:27 InstallContribNbextensionsApp] Copying: /usr/local/lib/python3.8/dist-packages/jupyter_contrib_nbextensions/nbextensions/code_font_size/README.md -> /usr/local/share/jupyter/nbextensions/code_font_size/README.md
#16 0.508 [I 00:53:27 InstallContribNbextensionsApp] Copying: /usr/local/lib/python3.8/dist-packages/jupyter_contrib_nbextensions/nbextensions/code_font_size/code_font_size.yaml -> /usr/local/share/jupyter/nbextensions/code_font_size/code_font_size.yaml
#16 0.508 [I 00:53:27 InstallContribNbextensionsApp] - Validating: [32mOK[0m
#16 0.508 [I 00:53:27 InstallContribNbextensionsApp] Installing /usr/local/lib/python3.8/dist-packages/jupyter_contrib_nbextensions/nbextensions/rubberband -> rubberband
#16 0.508 [I 00:53:27 InstallContribNbextensionsApp] Making directory: /usr/local/share/jupyter/nbextensions/rubberband/
#16 0.508 [I 00:53:27 InstallContribNbextensionsApp] Copying: /usr/local/lib/python3.8/dist-packages/jupyter_contrib_nbextensions/nbextensions/rubberband/icon.png -> /usr/local/share/jupyter/nbextensions/rubberband/icon.png
#16 0.508 [I 00:53:27 InstallContribNbextensionsApp] Copying: /usr/local/lib/python3.8/dist-packages/jupyter_contrib_nbextensions/nbextensions/rubberband/main.js -> /usr/local/share/jupyter/nbextensions/rubberband/main.js
#16 0.508 [I 00:53:27 InstallContribNbextensionsApp] Copying: /usr/local/lib/python3.8/dist-packages/jupyter_contrib_nbextensions/nbextensions/rubberband/main.css -> /usr/local/share/jupyter/nbextensions/rubberband/main.css
#16 0.508 [I 00:53:27 InstallContribNbextensionsApp] Copying: /usr/local/lib/python3.8/dist-packages/jupyter_contrib_nbextensions/nbextensions/rubberband/readme.md -> /usr/local/share/jupyter/nbextensions/rubberband/readme.md
#16 0.508 [I 00:53:27 InstallContribNbextensionsApp] Copying: /usr/local/lib/python3.8/dist-packages/jupyter_contrib_nbextensions/nbextensions/rubberband/rubberband.yaml -> /usr/local/share/jupyter/nbextensions/rubberband/rubberband.yaml
#16 0.508 [I 00:53:27 InstallContribNbextensionsApp] - Validating: [32mOK[0m
#16 0.508 [I 00:53:27 InstallContribNbextensionsApp] Installing /usr/local/lib/python3.8/dist-packages/jupyter_contrib_nbextensions/nbextensions/collapsible_headings -> collapsible_headings
#16 0.509 [I 00:53:27 InstallContribNbextensionsApp] Making directory: /usr/local/share/jupyter/nbextensions/collapsible_headings/
#16 0.509 [I 00:53:27 InstallContribNbextensionsApp] Copying: /usr/local/lib/python3.8/dist-packages/jupyter_contrib_nbextensions/nbextensions/collapsible_headings/icon.png -> /usr/local/share/jupyter/nbextensions/collapsible_headings/icon.png
#16 0.509 [I 00:53:27 InstallContribNbextensionsApp] Copying: /usr/local/lib/python3.8/dist-packages/jupyter_contrib_nbextensions/nbextensions/collapsible_headings/screenshot.png -> /usr/local/share/jupyter/nbextensions/collapsible_headings/screenshot.png
#16 0.509 [I 00:53:27 InstallContribNbextensionsApp] Copying: /usr/local/lib/python3.8/dist-packages/jupyter_contrib_nbextensions/nbextensions/collapsible_headings/main.js -> /usr/local/share/jupyter/nbextensions/collapsible_headings/main.js
#16 0.509 [I 00:53:27 InstallContribNbextensionsApp] Copying: /usr/local/lib/python3.8/dist-packages/jupyter_contrib_nbextensions/nbextensions/collapsible_headings/collapsible_headings.yaml -> /usr/local/share/jupyter/nbextensions/collapsible_headings/collapsible_headings.yaml
#16 0.509 [I 00:53:27 InstallContribNbextensionsApp] Copying: /usr/local/lib/python3.8/dist-packages/jupyter_contrib_nbextensions/nbextensions/collapsible_headings/main.css -> /usr/local/share/jupyter/nbextensions/collapsible_headings/main.css
#16 0.509 [I 00:53:27 InstallContribNbextensionsApp] Copying: /usr/local/lib/python3.8/dist-packages/jupyter_contrib_nbextensions/nbextensions/collapsible_headings/readme.md -> /usr/local/share/jupyter/nbextensions/collapsible_headings/readme.md
#16 0.509 [I 00:53:27 InstallContribNbextensionsApp] - Validating: [32mOK[0m
#16 0.509 [I 00:53:27 InstallContribNbextensionsApp] Installing /usr/local/lib/python3.8/dist-packages/jupyter_contrib_nbextensions/nbextensions/splitcell -> splitcell
#16 0.510 [I 00:53:27 InstallContribNbextensionsApp] Making directory: /usr/local/share/jupyter/nbextensions/splitcell/
#16 0.510 [I 00:53:27 InstallContribNbextensionsApp] Copying: /usr/local/lib/python3.8/dist-packages/jupyter_contrib_nbextensions/nbextensions/splitcell/splitcell.yaml -> /usr/local/share/jupyter/nbextensions/splitcell/splitcell.yaml
#16 0.510 [I 00:53:27 InstallContribNbextensionsApp] Copying: /usr/local/lib/python3.8/dist-packages/jupyter_contrib_nbextensions/nbextensions/splitcell/icon.png -> /usr/local/share/jupyter/nbextensions/splitcell/icon.png
#16 0.510 [I 00:53:27 InstallContribNbextensionsApp] Copying: /usr/local/lib/python3.8/dist-packages/jupyter_contrib_nbextensions/nbextensions/splitcell/splitcell.js -> /usr/local/share/jupyter/nbextensions/splitcell/splitcell.js
#16 0.510 [I 00:53:27 InstallContribNbextensionsApp] Copying: /usr/local/lib/python3.8/dist-packages/jupyter_contrib_nbextensions/nbextensions/splitcell/readme.md -> /usr/local/share/jupyter/nbextensions/splitcell/readme.md
#16 0.510 [I 00:53:27 InstallContribNbextensionsApp] - Validating: [32mOK[0m
#16 0.510 [I 00:53:27 InstallContribNbextensionsApp] Installing /usr/local/lib/python3.8/dist-packages/jupyter_contrib_nbextensions/nbextensions/load_tex_macros -> load_tex_macros
#16 0.510 [I 00:53:27 InstallContribNbextensionsApp] Making directory: /usr/local/share/jupyter/nbextensions/load_tex_macros/
#16 0.510 [I 00:53:27 InstallContribNbextensionsApp] Copying: /usr/local/lib/python3.8/dist-packages/jupyter_contrib_nbextensions/nbextensions/load_tex_macros/icon.png -> /usr/local/share/jupyter/nbextensions/load_tex_macros/icon.png
#16 0.510 [I 00:53:27 InstallContribNbextensionsApp] Copying: /usr/local/lib/python3.8/dist-packages/jupyter_contrib_nbextensions/nbextensions/load_tex_macros/main.js -> /usr/local/share/jupyter/nbextensions/load_tex_macros/main.js
#16 0.510 [I 00:53:27 InstallContribNbextensionsApp] Copying: /usr/local/lib/python3.8/dist-packages/jupyter_contrib_nbextensions/nbextensions/load_tex_macros/readme.md -> /usr/local/share/jupyter/nbextensions/load_tex_macros/readme.md
#16 0.510 [I 00:53:27 InstallContribNbextensionsApp] Copying: /usr/local/lib/python3.8/dist-packages/jupyter_contrib_nbextensions/nbextensions/load_tex_macros/load_tex_macros.yaml -> /usr/local/share/jupyter/nbextensions/load_tex_macros/load_tex_macros.yaml
#16 0.510 [I 00:53:27 InstallContribNbextensionsApp] - Validating: [32mOK[0m
#16 0.510 [I 00:53:27 InstallContribNbextensionsApp] Installing /usr/local/lib/python3.8/dist-packages/jupyter_contrib_nbextensions/nbextensions/printview -> printview
#16 0.510 [I 00:53:27 InstallContribNbextensionsApp] Making directory: /usr/local/share/jupyter/nbextensions/printview/
#16 0.511 [I 00:53:27 InstallContribNbextensionsApp] Copying: /usr/local/lib/python3.8/dist-packages/jupyter_contrib_nbextensions/nbextensions/printview/icon.png -> /usr/local/share/jupyter/nbextensions/printview/icon.png
#16 0.511 [I 00:53:27 InstallContribNbextensionsApp] Copying: /usr/local/lib/python3.8/dist-packages/jupyter_contrib_nbextensions/nbextensions/printview/main.js -> /usr/local/share/jupyter/nbextensions/printview/main.js
#16 0.511 [I 00:53:27 InstallContribNbextensionsApp] Copying: /usr/local/lib/python3.8/dist-packages/jupyter_contrib_nbextensions/nbextensions/printview/printview-button.png -> /usr/local/share/jupyter/nbextensions/printview/printview-button.png
#16 0.511 [I 00:53:27 InstallContribNbextensionsApp] Copying: /usr/local/lib/python3.8/dist-packages/jupyter_contrib_nbextensions/nbextensions/printview/readme.md -> /usr/local/share/jupyter/nbextensions/printview/readme.md
#16 0.511 [I 00:53:27 InstallContribNbextensionsApp] Copying: /usr/local/lib/python3.8/dist-packages/jupyter_contrib_nbextensions/nbextensions/printview/printview.yaml -> /usr/local/share/jupyter/nbextensions/printview/printview.yaml
#16 0.511 [I 00:53:27 InstallContribNbextensionsApp] - Validating: [32mOK[0m
#16 0.511 [I 00:53:27 InstallContribNbextensionsApp] Installing /usr/local/lib/python3.8/dist-packages/jupyter_contrib_nbextensions/nbextensions/highlighter -> highlighter
#16 0.511 [I 00:53:27 InstallContribNbextensionsApp] Making directory: /usr/local/share/jupyter/nbextensions/highlighter/
#16 0.511 [I 00:53:27 InstallContribNbextensionsApp] Copying: /usr/local/lib/python3.8/dist-packages/jupyter_contrib_nbextensions/nbextensions/highlighter/export_highlights.pdf -> /usr/local/share/jupyter/nbextensions/highlighter/export_highlights.pdf
#16 0.511 [I 00:53:27 InstallContribNbextensionsApp] Copying: /usr/local/lib/python3.8/dist-packages/jupyter_contrib_nbextensions/nbextensions/highlighter/tst_highlights.tex -> /usr/local/share/jupyter/nbextensions/highlighter/tst_highlights.tex
#16 0.512 [I 00:53:27 InstallContribNbextensionsApp] Copying: /usr/local/lib/python3.8/dist-packages/jupyter_contrib_nbextensions/nbextensions/highlighter/demo_highlighter.html -> /usr/local/share/jupyter/nbextensions/highlighter/demo_highlighter.html
#16 0.512 [I 00:53:27 InstallContribNbextensionsApp] Copying: /usr/local/lib/python3.8/dist-packages/jupyter_contrib_nbextensions/nbextensions/highlighter/image.gif -> /usr/local/share/jupyter/nbextensions/highlighter/image.gif
#16 0.512 [I 00:53:27 InstallContribNbextensionsApp] Copying: /usr/local/lib/python3.8/dist-packages/jupyter_contrib_nbextensions/nbextensions/highlighter/export_highlights.html -> /usr/local/share/jupyter/nbextensions/highlighter/export_highlights.html
#16 0.512 [I 00:53:27 InstallContribNbextensionsApp] Copying: /usr/local/lib/python3.8/dist-packages/jupyter_contrib_nbextensions/nbextensions/highlighter/icon.png -> /usr/local/share/jupyter/nbextensions/highlighter/icon.png
#16 0.513 [I 00:53:27 InstallContribNbextensionsApp] Copying: /usr/local/lib/python3.8/dist-packages/jupyter_contrib_nbextensions/nbextensions/highlighter/highlighter.css -> /usr/local/share/jupyter/nbextensions/highlighter/highlighter.css
#16 0.513 [I 00:53:27 InstallContribNbextensionsApp] Copying: /usr/local/lib/python3.8/dist-packages/jupyter_contrib_nbextensions/nbextensions/highlighter/tst_highlights.html -> /usr/local/share/jupyter/nbextensions/highlighter/tst_highlights.html
#16 0.513 [I 00:53:27 InstallContribNbextensionsApp] Copying: /usr/local/lib/python3.8/dist-packages/jupyter_contrib_nbextensions/nbextensions/highlighter/highlighter.js -> /usr/local/share/jupyter/nbextensions/highlighter/highlighter.js
#16 0.513 [I 00:53:27 InstallContribNbextensionsApp] Copying: /usr/local/lib/python3.8/dist-packages/jupyter_contrib_nbextensions/nbextensions/highlighter/tst_highlights.pdf -> /usr/local/share/jupyter/nbextensions/highlighter/tst_highlights.pdf
#16 0.513 [I 00:53:27 InstallContribNbextensionsApp] Copying: /usr/local/lib/python3.8/dist-packages/jupyter_contrib_nbextensions/nbextensions/highlighter/export_highlights.ipynb -> /usr/local/share/jupyter/nbextensions/highlighter/export_highlights.ipynb
#16 0.513 [I 00:53:27 InstallContribNbextensionsApp] Copying: /usr/local/lib/python3.8/dist-packages/jupyter_contrib_nbextensions/nbextensions/highlighter/demo_highlighter.ipynb -> /usr/local/share/jupyter/nbextensions/highlighter/demo_highlighter.ipynb
#16 0.513 [I 00:53:27 InstallContribNbextensionsApp] Copying: /usr/local/lib/python3.8/dist-packages/jupyter_contrib_nbextensions/nbextensions/highlighter/highlighter.yaml -> /usr/local/share/jupyter/nbextensions/highlighter/highlighter.yaml
#16 0.513 [I 00:53:27 InstallContribNbextensionsApp] Copying: /usr/local/lib/python3.8/dist-packages/jupyter_contrib_nbextensions/nbextensions/highlighter/tst_highlights.ipynb -> /usr/local/share/jupyter/nbextensions/highlighter/tst_highlights.ipynb
#16 0.513 [I 00:53:27 InstallContribNbextensionsApp] Copying: /usr/local/lib/python3.8/dist-packages/jupyter_contrib_nbextensions/nbextensions/highlighter/export_highlights.tex -> /usr/local/share/jupyter/nbextensions/highlighter/export_highlights.tex
#16 0.514 [I 00:53:27 InstallContribNbextensionsApp] Copying: /usr/local/lib/python3.8/dist-packages/jupyter_contrib_nbextensions/nbextensions/highlighter/readme.md -> /usr/local/share/jupyter/nbextensions/highlighter/readme.md
#16 0.514 [I 00:53:27 InstallContribNbextensionsApp] - Validating: [32mOK[0m
#16 0.514 [I 00:53:27 InstallContribNbextensionsApp] Installing /usr/local/lib/python3.8/dist-packages/jupyter_contrib_nbextensions/nbextensions/toc2 -> toc2
#16 0.514 [I 00:53:27 InstallContribNbextensionsApp] Making directory: /usr/local/share/jupyter/nbextensions/toc2/
#16 0.514 [I 00:53:27 InstallContribNbextensionsApp] Copying: /usr/local/lib/python3.8/dist-packages/jupyter_contrib_nbextensions/nbextensions/toc2/demo2.gif -> /usr/local/share/jupyter/nbextensions/toc2/demo2.gif
#16 0.514 [I 00:53:27 InstallContribNbextensionsApp] Copying: /usr/local/lib/python3.8/dist-packages/jupyter_contrib_nbextensions/nbextensions/toc2/toc2.yaml -> /usr/local/share/jupyter/nbextensions/toc2/toc2.yaml
#16 0.514 [I 00:53:27 InstallContribNbextensionsApp] Copying: /usr/local/lib/python3.8/dist-packages/jupyter_contrib_nbextensions/nbextensions/toc2/icon.png -> /usr/local/share/jupyter/nbextensions/toc2/icon.png
#16 0.514 [I 00:53:27 InstallContribNbextensionsApp] Copying: /usr/local/lib/python3.8/dist-packages/jupyter_contrib_nbextensions/nbextensions/toc2/README.md -> /usr/local/share/jupyter/nbextensions/toc2/README.md
#16 0.514 [I 00:53:27 InstallContribNbextensionsApp] Copying: /usr/local/lib/python3.8/dist-packages/jupyter_contrib_nbextensions/nbextensions/toc2/demo.gif -> /usr/local/share/jupyter/nbextensions/toc2/demo.gif
#16 0.516 [I 00:53:27 InstallContribNbextensionsApp] Copying: /usr/local/lib/python3.8/dist-packages/jupyter_contrib_nbextensions/nbextensions/toc2/main.js -> /usr/local/share/jupyter/nbextensions/toc2/main.js
#16 0.516 [I 00:53:27 InstallContribNbextensionsApp] Copying: /usr/local/lib/python3.8/dist-packages/jupyter_contrib_nbextensions/nbextensions/toc2/demo3.gif -> /usr/local/share/jupyter/nbextensions/toc2/demo3.gif
#16 0.516 [I 00:53:27 InstallContribNbextensionsApp] Copying: /usr/local/lib/python3.8/dist-packages/jupyter_contrib_nbextensions/nbextensions/toc2/main.css -> /usr/local/share/jupyter/nbextensions/toc2/main.css
#16 0.516 [I 00:53:27 InstallContribNbextensionsApp] Copying: /usr/local/lib/python3.8/dist-packages/jupyter_contrib_nbextensions/nbextensions/toc2/toc2.js -> /usr/local/share/jupyter/nbextensions/toc2/toc2.js
#16 0.517 [I 00:53:27 InstallContribNbextensionsApp] Copying: /usr/local/lib/python3.8/dist-packages/jupyter_contrib_nbextensions/nbextensions/toc2/demo_dark.png -> /usr/local/share/jupyter/nbextensions/toc2/demo_dark.png
#16 0.517 [I 00:53:27 InstallContribNbextensionsApp] Copying: /usr/local/lib/python3.8/dist-packages/jupyter_contrib_nbextensions/nbextensions/toc2/image.png -> /usr/local/share/jupyter/nbextensions/toc2/image.png
#16 0.517 [I 00:53:27 InstallContribNbextensionsApp] - Validating: [32mOK[0m
#16 0.517 [I 00:53:27 InstallContribNbextensionsApp] Installing /usr/local/lib/python3.8/dist-packages/jupyter_contrib_nbextensions/nbextensions/exercise2 -> exercise2
#16 0.517 [I 00:53:27 InstallContribNbextensionsApp] Making directory: /usr/local/share/jupyter/nbextensions/exercise2/
#16 0.517 [I 00:53:27 InstallContribNbextensionsApp] Copying: /usr/local/lib/python3.8/dist-packages/jupyter_contrib_nbextensions/nbextensions/exercise2/image.gif -> /usr/local/share/jupyter/nbextensions/exercise2/image.gif
#16 0.517 [I 00:53:27 InstallContribNbextensionsApp] Copying: /usr/local/lib/python3.8/dist-packages/jupyter_contrib_nbextensions/nbextensions/exercise2/icon.png -> /usr/local/share/jupyter/nbextensions/exercise2/icon.png
#16 0.517 [I 00:53:27 InstallContribNbextensionsApp] Copying: /usr/local/lib/python3.8/dist-packages/jupyter_contrib_nbextensions/nbextensions/exercise2/main.js -> /usr/local/share/jupyter/nbextensions/exercise2/main.js
#16 0.517 [I 00:53:27 InstallContribNbextensionsApp] Copying: /usr/local/lib/python3.8/dist-packages/jupyter_contrib_nbextensions/nbextensions/exercise2/exercise2.yaml -> /usr/local/share/jupyter/nbextensions/exercise2/exercise2.yaml
#16 0.518 [I 00:53:27 InstallContribNbextensionsApp] Copying: /usr/local/lib/python3.8/dist-packages/jupyter_contrib_nbextensions/nbextensions/exercise2/main.css -> /usr/local/share/jupyter/nbextensions/exercise2/main.css
#16 0.518 [I 00:53:27 InstallContribNbextensionsApp] Copying: /usr/local/lib/python3.8/dist-packages/jupyter_contrib_nbextensions/nbextensions/exercise2/readme.md -> /usr/local/share/jupyter/nbextensions/exercise2/readme.md
#16 0.518 [I 00:53:27 InstallContribNbextensionsApp] - Validating: [32mOK[0m
#16 0.518 [I 00:53:27 InstallContribNbextensionsApp] Installing /usr/local/lib/python3.8/dist-packages/jupyter_contrib_nbextensions/nbextensions/hide_input -> hide_input
#16 0.518 [I 00:53:27 InstallContribNbextensionsApp] Making directory: /usr/local/share/jupyter/nbextensions/hide_input/
#16 0.518 [I 00:53:27 InstallContribNbextensionsApp] Copying: /usr/local/lib/python3.8/dist-packages/jupyter_contrib_nbextensions/nbextensions/hide_input/icon.png -> /usr/local/share/jupyter/nbextensions/hide_input/icon.png
#16 0.518 [I 00:53:27 InstallContribNbextensionsApp] Copying: /usr/local/lib/python3.8/dist-packages/jupyter_contrib_nbextensions/nbextensions/hide_input/main.js -> /usr/local/share/jupyter/nbextensions/hide_input/main.js
#16 0.518 [I 00:53:27 InstallContribNbextensionsApp] Copying: /usr/local/lib/python3.8/dist-packages/jupyter_contrib_nbextensions/nbextensions/hide_input/readme.md -> /usr/local/share/jupyter/nbextensions/hide_input/readme.md
#16 0.518 [I 00:53:27 InstallContribNbextensionsApp] Copying: /usr/local/lib/python3.8/dist-packages/jupyter_contrib_nbextensions/nbextensions/hide_input/hide-input.yaml -> /usr/local/share/jupyter/nbextensions/hide_input/hide-input.yaml
#16 0.518 [I 00:53:27 InstallContribNbextensionsApp] - Validating: [32mOK[0m
#16 0.518 [I 00:53:27 InstallContribNbextensionsApp] Installing /usr/local/lib/python3.8/dist-packages/jupyter_contrib_nbextensions/nbextensions/keyboard_shortcut_editor -> keyboard_shortcut_editor
#16 0.518 [I 00:53:27 InstallContribNbextensionsApp] Making directory: /usr/local/share/jupyter/nbextensions/keyboard_shortcut_editor/
#16 0.519 [I 00:53:27 InstallContribNbextensionsApp] Copying: /usr/local/lib/python3.8/dist-packages/jupyter_contrib_nbextensions/nbextensions/keyboard_shortcut_editor/quickhelp_shim.js -> /usr/local/share/jupyter/nbextensions/keyboard_shortcut_editor/quickhelp_shim.js
#16 0.519 [I 00:53:27 InstallContribNbextensionsApp] Copying: /usr/local/lib/python3.8/dist-packages/jupyter_contrib_nbextensions/nbextensions/keyboard_shortcut_editor/readme_add_new_select_action.png -> /usr/local/share/jupyter/nbextensions/keyboard_shortcut_editor/readme_add_new_select_action.png
#16 0.519 [I 00:53:27 InstallContribNbextensionsApp] Copying: /usr/local/lib/python3.8/dist-packages/jupyter_contrib_nbextensions/nbextensions/keyboard_shortcut_editor/icon.png -> /usr/local/share/jupyter/nbextensions/keyboard_shortcut_editor/icon.png
#16 0.519 [I 00:53:27 InstallContribNbextensionsApp] Copying: /usr/local/lib/python3.8/dist-packages/jupyter_contrib_nbextensions/nbextensions/keyboard_shortcut_editor/readme_add_new_link.png -> /usr/local/share/jupyter/nbextensions/keyboard_shortcut_editor/readme_add_new_link.png
#16 0.519 [I 00:53:27 InstallContribNbextensionsApp] Copying: /usr/local/lib/python3.8/dist-packages/jupyter_contrib_nbextensions/nbextensions/keyboard_shortcut_editor/readme_comma.png -> /usr/local/share/jupyter/nbextensions/keyboard_shortcut_editor/readme_comma.png
#16 0.519 [I 00:53:27 InstallContribNbextensionsApp] Copying: /usr/local/lib/python3.8/dist-packages/jupyter_contrib_nbextensions/nbextensions/keyboard_shortcut_editor/README.md -> /usr/local/share/jupyter/nbextensions/keyboard_shortcut_editor/README.md
#16 0.519 [I 00:53:27 InstallContribNbextensionsApp] Copying: /usr/local/lib/python3.8/dist-packages/jupyter_contrib_nbextensions/nbextensions/keyboard_shortcut_editor/kse_components.js -> /usr/local/share/jupyter/nbextensions/keyboard_shortcut_editor/kse_components.js
#16 0.519 [I 00:53:27 InstallContribNbextensionsApp] Copying: /usr/local/lib/python3.8/dist-packages/jupyter_contrib_nbextensions/nbextensions/keyboard_shortcut_editor/readme_shortcut_editor_success.png -> /usr/local/share/jupyter/nbextensions/keyboard_shortcut_editor/readme_shortcut_editor_success.png
#16 0.519 [I 00:53:27 InstallContribNbextensionsApp] Copying: /usr/local/lib/python3.8/dist-packages/jupyter_contrib_nbextensions/nbextensions/keyboard_shortcut_editor/readme_reset_disabled.png -> /usr/local/share/jupyter/nbextensions/keyboard_shortcut_editor/readme_reset_disabled.png
#16 0.519 [I 00:53:27 InstallContribNbextensionsApp] Copying: /usr/local/lib/python3.8/dist-packages/jupyter_contrib_nbextensions/nbextensions/keyboard_shortcut_editor/main.js -> /usr/local/share/jupyter/nbextensions/keyboard_shortcut_editor/main.js
#16 0.520 [I 00:53:27 InstallContribNbextensionsApp] Copying: /usr/local/lib/python3.8/dist-packages/jupyter_contrib_nbextensions/nbextensions/keyboard_shortcut_editor/readme_undefined_key.png -> /usr/local/share/jupyter/nbextensions/keyboard_shortcut_editor/readme_undefined_key.png
#16 0.520 [I 00:53:27 InstallContribNbextensionsApp] Copying: /usr/local/lib/python3.8/dist-packages/jupyter_contrib_nbextensions/nbextensions/keyboard_shortcut_editor/keyboard_shortcut_editor.yaml -> /usr/local/share/jupyter/nbextensions/keyboard_shortcut_editor/keyboard_shortcut_editor.yaml
#16 0.520 [I 00:53:27 InstallContribNbextensionsApp] Copying: /usr/local/lib/python3.8/dist-packages/jupyter_contrib_nbextensions/nbextensions/keyboard_shortcut_editor/readme_dropdown.png -> /usr/local/share/jupyter/nbextensions/keyboard_shortcut_editor/readme_dropdown.png
#16 0.520 [I 00:53:27 InstallContribNbextensionsApp] Copying: /usr/local/lib/python3.8/dist-packages/jupyter_contrib_nbextensions/nbextensions/keyboard_shortcut_editor/main.css -> /usr/local/share/jupyter/nbextensions/keyboard_shortcut_editor/main.css
#16 0.520 [I 00:53:27 InstallContribNbextensionsApp] Copying: /usr/local/lib/python3.8/dist-packages/jupyter_contrib_nbextensions/nbextensions/keyboard_shortcut_editor/readme_shortcut_editor_blank.png -> /usr/local/share/jupyter/nbextensions/keyboard_shortcut_editor/readme_shortcut_editor_blank.png
#16 0.520 [I 00:53:27 InstallContribNbextensionsApp] Copying: /usr/local/lib/python3.8/dist-packages/jupyter_contrib_nbextensions/nbextensions/keyboard_shortcut_editor/readme_menu_item.png -> /usr/local/share/jupyter/nbextensions/keyboard_shortcut_editor/readme_menu_item.png
#16 0.520 [I 00:53:27 InstallContribNbextensionsApp] Copying: /usr/local/lib/python3.8/dist-packages/jupyter_contrib_nbextensions/nbextensions/keyboard_shortcut_editor/readme_conflict.png -> /usr/local/share/jupyter/nbextensions/keyboard_shortcut_editor/readme_conflict.png
#16 0.520 [I 00:53:27 InstallContribNbextensionsApp] - Validating: [32mOK[0m
#16 0.520 [I 00:53:27 InstallContribNbextensionsApp] Installing /usr/local/lib/python3.8/dist-packages/jupyter_contrib_nbextensions/nbextensions/toggle_all_line_numbers -> toggle_all_line_numbers
#16 0.520 [I 00:53:27 InstallContribNbextensionsApp] Making directory: /usr/local/share/jupyter/nbextensions/toggle_all_line_numbers/
#16 0.520 [I 00:53:27 InstallContribNbextensionsApp] Copying: /usr/local/lib/python3.8/dist-packages/jupyter_contrib_nbextensions/nbextensions/toggle_all_line_numbers/icon.png -> /usr/local/share/jupyter/nbextensions/toggle_all_line_numbers/icon.png
#16 0.520 [I 00:53:27 InstallContribNbextensionsApp] Copying: /usr/local/lib/python3.8/dist-packages/jupyter_contrib_nbextensions/nbextensions/toggle_all_line_numbers/main.js -> /usr/local/share/jupyter/nbextensions/toggle_all_line_numbers/main.js
#16 0.521 [I 00:53:27 InstallContribNbextensionsApp] Copying: /usr/local/lib/python3.8/dist-packages/jupyter_contrib_nbextensions/nbextensions/toggle_all_line_numbers/readme.md -> /usr/local/share/jupyter/nbextensions/toggle_all_line_numbers/readme.md
#16 0.521 [I 00:53:27 InstallContribNbextensionsApp] Copying: /usr/local/lib/python3.8/dist-packages/jupyter_contrib_nbextensions/nbextensions/toggle_all_line_numbers/main.yaml -> /usr/local/share/jupyter/nbextensions/toggle_all_line_numbers/main.yaml
#16 0.521 [I 00:53:27 InstallContribNbextensionsApp] - Validating: [32mOK[0m
#16 0.521 [I 00:53:27 InstallContribNbextensionsApp] Installing /usr/local/lib/python3.8/dist-packages/jupyter_contrib_nbextensions/nbextensions/tree-filter -> tree-filter
#16 0.521 [I 00:53:27 InstallContribNbextensionsApp] Making directory: /usr/local/share/jupyter/nbextensions/tree-filter/
#16 0.521 [I 00:53:27 InstallContribNbextensionsApp] Copying: /usr/local/lib/python3.8/dist-packages/jupyter_contrib_nbextensions/nbextensions/tree-filter/demo.gif -> /usr/local/share/jupyter/nbextensions/tree-filter/demo.gif
#16 0.521 [I 00:53:27 InstallContribNbextensionsApp] Copying: /usr/local/lib/python3.8/dist-packages/jupyter_contrib_nbextensions/nbextensions/tree-filter/tree-filter.yaml -> /usr/local/share/jupyter/nbextensions/tree-filter/tree-filter.yaml
#16 0.521 [I 00:53:27 InstallContribNbextensionsApp] Copying: /usr/local/lib/python3.8/dist-packages/jupyter_contrib_nbextensions/nbextensions/tree-filter/index.js -> /usr/local/share/jupyter/nbextensions/tree-filter/index.js
#16 0.521 [I 00:53:27 InstallContribNbextensionsApp] Copying: /usr/local/lib/python3.8/dist-packages/jupyter_contrib_nbextensions/nbextensions/tree-filter/readme.md -> /usr/local/share/jupyter/nbextensions/tree-filter/readme.md
#16 0.521 [I 00:53:27 InstallContribNbextensionsApp] - Validating: [32mOK[0m
#16 0.521 [I 00:53:27 InstallContribNbextensionsApp] Installing /usr/local/lib/python3.8/dist-packages/jupyter_contrib_nbextensions/nbextensions/limit_output -> limit_output
#16 0.521 [I 00:53:27 InstallContribNbextensionsApp] Making directory: /usr/local/share/jupyter/nbextensions/limit_output/
#16 0.521 [I 00:53:27 InstallContribNbextensionsApp] Copying: /usr/local/lib/python3.8/dist-packages/jupyter_contrib_nbextensions/nbextensions/limit_output/icon.png -> /usr/local/share/jupyter/nbextensions/limit_output/icon.png
#16 0.521 [I 00:53:27 InstallContribNbextensionsApp] Copying: /usr/local/lib/python3.8/dist-packages/jupyter_contrib_nbextensions/nbextensions/limit_output/main.js -> /usr/local/share/jupyter/nbextensions/limit_output/main.js
#16 0.522 [I 00:53:27 InstallContribNbextensionsApp] Copying: /usr/local/lib/python3.8/dist-packages/jupyter_contrib_nbextensions/nbextensions/limit_output/limit-output.yaml -> /usr/local/share/jupyter/nbextensions/limit_output/limit-output.yaml
#16 0.522 [I 00:53:27 InstallContribNbextensionsApp] Copying: /usr/local/lib/python3.8/dist-packages/jupyter_contrib_nbextensions/nbextensions/limit_output/readme.md -> /usr/local/share/jupyter/nbextensions/limit_output/readme.md
#16 0.522 [I 00:53:27 InstallContribNbextensionsApp] - Validating: [32mOK[0m
#16 0.522 [I 00:53:27 InstallContribNbextensionsApp] Installing /usr/local/lib/python3.8/dist-packages/jupyter_contrib_nbextensions/nbextensions/gist_it -> gist_it
#16 0.522 [I 00:53:27 InstallContribNbextensionsApp] Making directory: /usr/local/share/jupyter/nbextensions/gist_it/
#16 0.522 [I 00:53:27 InstallContribNbextensionsApp] Copying: /usr/local/lib/python3.8/dist-packages/jupyter_contrib_nbextensions/nbextensions/gist_it/icon.png -> /usr/local/share/jupyter/nbextensions/gist_it/icon.png
#16 0.522 [I 00:53:27 InstallContribNbextensionsApp] Copying: /usr/local/lib/python3.8/dist-packages/jupyter_contrib_nbextensions/nbextensions/gist_it/main.js -> /usr/local/share/jupyter/nbextensions/gist_it/main.js
#16 0.522 [I 00:53:27 InstallContribNbextensionsApp] Copying: /usr/local/lib/python3.8/dist-packages/jupyter_contrib_nbextensions/nbextensions/gist_it/gist_it.yaml -> /usr/local/share/jupyter/nbextensions/gist_it/gist_it.yaml
#16 0.522 [I 00:53:27 InstallContribNbextensionsApp] Copying: /usr/local/lib/python3.8/dist-packages/jupyter_contrib_nbextensions/nbextensions/gist_it/readme.md -> /usr/local/share/jupyter/nbextensions/gist_it/readme.md
#16 0.522 [I 00:53:27 InstallContribNbextensionsApp] - Validating: [32mOK[0m
#16 0.522 [I 00:53:27 InstallContribNbextensionsApp] Installing /usr/local/lib/python3.8/dist-packages/jupyter_contrib_nbextensions/nbextensions/export_embedded -> export_embedded
#16 0.522 [I 00:53:27 InstallContribNbextensionsApp] Making directory: /usr/local/share/jupyter/nbextensions/export_embedded/
#16 0.523 [I 00:53:27 InstallContribNbextensionsApp] Copying: /usr/local/lib/python3.8/dist-packages/jupyter_contrib_nbextensions/nbextensions/export_embedded/icon.png -> /usr/local/share/jupyter/nbextensions/export_embedded/icon.png
#16 0.523 [I 00:53:27 InstallContribNbextensionsApp] Copying: /usr/local/lib/python3.8/dist-packages/jupyter_contrib_nbextensions/nbextensions/export_embedded/export_embedded.yaml -> /usr/local/share/jupyter/nbextensions/export_embedded/export_embedded.yaml
#16 0.523 [I 00:53:27 InstallContribNbextensionsApp] Copying: /usr/local/lib/python3.8/dist-packages/jupyter_contrib_nbextensions/nbextensions/export_embedded/main.js -> /usr/local/share/jupyter/nbextensions/export_embedded/main.js
#16 0.523 [I 00:53:27 InstallContribNbextensionsApp] Copying: /usr/local/lib/python3.8/dist-packages/jupyter_contrib_nbextensions/nbextensions/export_embedded/readme.md -> /usr/local/share/jupyter/nbextensions/export_embedded/readme.md
#16 0.523 [I 00:53:27 InstallContribNbextensionsApp] - Validating: [32mOK[0m
#16 0.523 [I 00:53:27 InstallContribNbextensionsApp] Installing /usr/local/lib/python3.8/dist-packages/jupyter_contrib_nbextensions/nbextensions/cell_filter -> cell_filter
#16 0.523 [I 00:53:27 InstallContribNbextensionsApp] Making directory: /usr/local/share/jupyter/nbextensions/cell_filter/
#16 0.523 [I 00:53:27 InstallContribNbextensionsApp] Copying: /usr/local/lib/python3.8/dist-packages/jupyter_contrib_nbextensions/nbextensions/cell_filter/README.md -> /usr/local/share/jupyter/nbextensions/cell_filter/README.md
#16 0.523 [I 00:53:27 InstallContribNbextensionsApp] Copying: /usr/local/lib/python3.8/dist-packages/jupyter_contrib_nbextensions/nbextensions/cell_filter/cell_filter.yml -> /usr/local/share/jupyter/nbextensions/cell_filter/cell_filter.yml
#16 0.523 [I 00:53:27 InstallContribNbextensionsApp] Copying: /usr/local/lib/python3.8/dist-packages/jupyter_contrib_nbextensions/nbextensions/cell_filter/cell_filter.js -> /usr/local/share/jupyter/nbextensions/cell_filter/cell_filter.js
#16 0.523 [I 00:53:27 InstallContribNbextensionsApp] - Validating: [32mOK[0m
#16 0.523 [I 00:53:27 InstallContribNbextensionsApp] Installing /usr/local/lib/python3.8/dist-packages/jupyter_contrib_nbextensions/nbextensions/navigation-hotkeys -> navigation-hotkeys
#16 0.523 [I 00:53:27 InstallContribNbextensionsApp] Making directory: /usr/local/share/jupyter/nbextensions/navigation-hotkeys/
#16 0.524 [I 00:53:27 InstallContribNbextensionsApp] Copying: /usr/local/lib/python3.8/dist-packages/jupyter_contrib_nbextensions/nbextensions/navigation-hotkeys/icon.png -> /usr/local/share/jupyter/nbextensions/navigation-hotkeys/icon.png
#16 0.524 [I 00:53:27 InstallContribNbextensionsApp] Copying: /usr/local/lib/python3.8/dist-packages/jupyter_contrib_nbextensions/nbextensions/navigation-hotkeys/main.js -> /usr/local/share/jupyter/nbextensions/navigation-hotkeys/main.js
#16 0.524 [I 00:53:27 InstallContribNbextensionsApp] Copying: /usr/local/lib/python3.8/dist-packages/jupyter_contrib_nbextensions/nbextensions/navigation-hotkeys/hotkeys.yaml -> /usr/local/share/jupyter/nbextensions/navigation-hotkeys/hotkeys.yaml
#16 0.524 [I 00:53:27 InstallContribNbextensionsApp] Copying: /usr/local/lib/python3.8/dist-packages/jupyter_contrib_nbextensions/nbextensions/navigation-hotkeys/readme.md -> /usr/local/share/jupyter/nbextensions/navigation-hotkeys/readme.md
#16 0.524 [I 00:53:27 InstallContribNbextensionsApp] - Validating: [32mOK[0m
#16 0.524 [I 00:53:27 InstallContribNbextensionsApp] Installing /usr/local/lib/python3.8/dist-packages/jupyter_contrib_nbextensions/nbextensions/skip-traceback -> skip-traceback
#16 0.524 [I 00:53:27 InstallContribNbextensionsApp] Making directory: /usr/local/share/jupyter/nbextensions/skip-traceback/
#16 0.524 [I 00:53:27 InstallContribNbextensionsApp] Copying: /usr/local/lib/python3.8/dist-packages/jupyter_contrib_nbextensions/nbextensions/skip-traceback/skip-traceback.png -> /usr/local/share/jupyter/nbextensions/skip-traceback/skip-traceback.png
#16 0.524 [I 00:53:27 InstallContribNbextensionsApp] Copying: /usr/local/lib/python3.8/dist-packages/jupyter_contrib_nbextensions/nbextensions/skip-traceback/icon.png -> /usr/local/share/jupyter/nbextensions/skip-traceback/icon.png
#16 0.524 [I 00:53:27 InstallContribNbextensionsApp] Copying: /usr/local/lib/python3.8/dist-packages/jupyter_contrib_nbextensions/nbextensions/skip-traceback/traceback.png -> /usr/local/share/jupyter/nbextensions/skip-traceback/traceback.png
#16 0.525 [I 00:53:27 InstallContribNbextensionsApp] Copying: /usr/local/lib/python3.8/dist-packages/jupyter_contrib_nbextensions/nbextensions/skip-traceback/main.js -> /usr/local/share/jupyter/nbextensions/skip-traceback/main.js
#16 0.525 [I 00:53:27 InstallContribNbextensionsApp] Copying: /usr/local/lib/python3.8/dist-packages/jupyter_contrib_nbextensions/nbextensions/skip-traceback/skip-traceback.yaml -> /usr/local/share/jupyter/nbextensions/skip-traceback/skip-traceback.yaml
#16 0.525 [I 00:53:27 InstallContribNbextensionsApp] Copying: /usr/local/lib/python3.8/dist-packages/jupyter_contrib_nbextensions/nbextensions/skip-traceback/readme.md -> /usr/local/share/jupyter/nbextensions/skip-traceback/readme.md
#16 0.525 [I 00:53:27 InstallContribNbextensionsApp] - Validating: [32mOK[0m
#16 0.525 [I 00:53:27 InstallContribNbextensionsApp] Installing /usr/local/lib/python3.8/dist-packages/jupyter_contrib_nbextensions/nbextensions/notify -> notify
#16 0.525 [I 00:53:27 InstallContribNbextensionsApp] Making directory: /usr/local/share/jupyter/nbextensions/notify/
#16 0.525 [I 00:53:27 InstallContribNbextensionsApp] Copying: /usr/local/lib/python3.8/dist-packages/jupyter_contrib_nbextensions/nbextensions/notify/notify.yaml -> /usr/local/share/jupyter/nbextensions/notify/notify.yaml
#16 0.525 [I 00:53:27 InstallContribNbextensionsApp] Copying: /usr/local/lib/python3.8/dist-packages/jupyter_contrib_nbextensions/nbextensions/notify/readme.md -> /usr/local/share/jupyter/nbextensions/notify/readme.md
#16 0.525 [I 00:53:27 InstallContribNbextensionsApp] Copying: /usr/local/lib/python3.8/dist-packages/jupyter_contrib_nbextensions/nbextensions/notify/notification.png -> /usr/local/share/jupyter/nbextensions/notify/notification.png
#16 0.525 [I 00:53:27 InstallContribNbextensionsApp] Copying: /usr/local/lib/python3.8/dist-packages/jupyter_contrib_nbextensions/nbextensions/notify/notify.mp3 -> /usr/local/share/jupyter/nbextensions/notify/notify.mp3
#16 0.525 [I 00:53:27 InstallContribNbextensionsApp] Copying: /usr/local/lib/python3.8/dist-packages/jupyter_contrib_nbextensions/nbextensions/notify/notify.js -> /usr/local/share/jupyter/nbextensions/notify/notify.js
#16 0.525 [I 00:53:27 InstallContribNbextensionsApp] - Validating: [32mOK[0m
#16 0.525 [I 00:53:27 InstallContribNbextensionsApp] Installing /usr/local/lib/python3.8/dist-packages/jupyter_contrib_nbextensions/nbextensions/move_selected_cells -> move_selected_cells
#16 0.526 [I 00:53:27 InstallContribNbextensionsApp] Making directory: /usr/local/share/jupyter/nbextensions/move_selected_cells/
#16 0.526 [I 00:53:27 InstallContribNbextensionsApp] Copying: /usr/local/lib/python3.8/dist-packages/jupyter_contrib_nbextensions/nbextensions/move_selected_cells/move_selected_cells.yaml -> /usr/local/share/jupyter/nbextensions/move_selected_cells/move_selected_cells.yaml
#16 0.526 [I 00:53:27 InstallContribNbextensionsApp] Copying: /usr/local/lib/python3.8/dist-packages/jupyter_contrib_nbextensions/nbextensions/move_selected_cells/README.md -> /usr/local/share/jupyter/nbextensions/move_selected_cells/README.md
#16 0.526 [I 00:53:27 InstallContribNbextensionsApp] Copying: /usr/local/lib/python3.8/dist-packages/jupyter_contrib_nbextensions/nbextensions/move_selected_cells/main.js -> /usr/local/share/jupyter/nbextensions/move_selected_cells/main.js
#16 0.526 [I 00:53:27 InstallContribNbextensionsApp] - Validating: [32mOK[0m
#16 0.526 [I 00:53:27 InstallContribNbextensionsApp] Installing /usr/local/lib/python3.8/dist-packages/jupyter_contrib_nbextensions/nbextensions/snippets -> snippets
#16 0.526 [I 00:53:27 InstallContribNbextensionsApp] Making directory: /usr/local/share/jupyter/nbextensions/snippets/
#16 0.526 [I 00:53:27 InstallContribNbextensionsApp] Copying: /usr/local/lib/python3.8/dist-packages/jupyter_contrib_nbextensions/nbextensions/snippets/README.md -> /usr/local/share/jupyter/nbextensions/snippets/README.md
#16 0.526 [I 00:53:27 InstallContribNbextensionsApp] Copying: /usr/local/lib/python3.8/dist-packages/jupyter_contrib_nbextensions/nbextensions/snippets/snippets.json -> /usr/local/share/jupyter/nbextensions/snippets/snippets.json
#16 0.526 [I 00:53:27 InstallContribNbextensionsApp] Copying: /usr/local/lib/python3.8/dist-packages/jupyter_contrib_nbextensions/nbextensions/snippets/main.js -> /usr/local/share/jupyter/nbextensions/snippets/main.js
#16 0.526 [I 00:53:27 InstallContribNbextensionsApp] Copying: /usr/local/lib/python3.8/dist-packages/jupyter_contrib_nbextensions/nbextensions/snippets/snippets.yaml -> /usr/local/share/jupyter/nbextensions/snippets/snippets.yaml
#16 0.526 [I 00:53:27 InstallContribNbextensionsApp] Copying: /usr/local/lib/python3.8/dist-packages/jupyter_contrib_nbextensions/nbextensions/snippets/snippets-demo.gif -> /usr/local/share/jupyter/nbextensions/snippets/snippets-demo.gif
#16 0.527 [I 00:53:27 InstallContribNbextensionsApp] - Validating: [32mOK[0m
#16 0.527 [I 00:53:27 InstallContribNbextensionsApp] Installing /usr/local/lib/python3.8/dist-packages/jupyter_contrib_nbextensions/nbextensions/qtconsole -> qtconsole
#16 0.527 [I 00:53:27 InstallContribNbextensionsApp] Making directory: /usr/local/share/jupyter/nbextensions/qtconsole/
#16 0.527 [I 00:53:27 InstallContribNbextensionsApp] Copying: /usr/local/lib/python3.8/dist-packages/jupyter_contrib_nbextensions/nbextensions/qtconsole/qtconsole.js -> /usr/local/share/jupyter/nbextensions/qtconsole/qtconsole.js
#16 0.527 [I 00:53:27 InstallContribNbextensionsApp] Copying: /usr/local/lib/python3.8/dist-packages/jupyter_contrib_nbextensions/nbextensions/qtconsole/README.md -> /usr/local/share/jupyter/nbextensions/qtconsole/README.md
#16 0.527 [I 00:53:27 InstallContribNbextensionsApp] Copying: /usr/local/lib/python3.8/dist-packages/jupyter_contrib_nbextensions/nbextensions/qtconsole/qtconsole.yaml -> /usr/local/share/jupyter/nbextensions/qtconsole/qtconsole.yaml
#16 0.527 [I 00:53:27 InstallContribNbextensionsApp] - Validating: [32mOK[0m
#16 0.527 [I 00:53:27 InstallContribNbextensionsApp] Installing /usr/local/lib/python3.8/dist-packages/jupyter_contrib_nbextensions/nbextensions/execution_dependencies -> execution_dependencies
#16 0.527 [I 00:53:27 InstallContribNbextensionsApp] Making directory: /usr/local/share/jupyter/nbextensions/execution_dependencies/
#16 0.527 [I 00:53:27 InstallContribNbextensionsApp] Copying: /usr/local/lib/python3.8/dist-packages/jupyter_contrib_nbextensions/nbextensions/execution_dependencies/execution_dependencies.js -> /usr/local/share/jupyter/nbextensions/execution_dependencies/execution_dependencies.js
#16 0.527 [I 00:53:27 InstallContribNbextensionsApp] Copying: /usr/local/lib/python3.8/dist-packages/jupyter_contrib_nbextensions/nbextensions/execution_dependencies/execution_dependencies.yml -> /usr/local/share/jupyter/nbextensions/execution_dependencies/execution_dependencies.yml
#16 0.527 [I 00:53:27 InstallContribNbextensionsApp] Copying: /usr/local/lib/python3.8/dist-packages/jupyter_contrib_nbextensions/nbextensions/execution_dependencies/README.md -> /usr/local/share/jupyter/nbextensions/execution_dependencies/README.md
#16 0.527 [I 00:53:27 InstallContribNbextensionsApp] - Validating: [32mOK[0m
#16 0.527 [I 00:53:27 InstallContribNbextensionsApp] Installing /usr/local/lib/python3.8/dist-packages/jupyter_contrib_nbextensions/nbextensions/equation-numbering -> equation-numbering
#16 0.527 [I 00:53:27 InstallContribNbextensionsApp] Making directory: /usr/local/share/jupyter/nbextensions/equation-numbering/
#16 0.528 [I 00:53:27 InstallContribNbextensionsApp] Copying: /usr/local/lib/python3.8/dist-packages/jupyter_contrib_nbextensions/nbextensions/equation-numbering/icon.png -> /usr/local/share/jupyter/nbextensions/equation-numbering/icon.png
#16 0.528 [I 00:53:27 InstallContribNbextensionsApp] Copying: /usr/local/lib/python3.8/dist-packages/jupyter_contrib_nbextensions/nbextensions/equation-numbering/main.js -> /usr/local/share/jupyter/nbextensions/equation-numbering/main.js
#16 0.528 [I 00:53:27 InstallContribNbextensionsApp] Copying: /usr/local/lib/python3.8/dist-packages/jupyter_contrib_nbextensions/nbextensions/equation-numbering/info.yaml -> /usr/local/share/jupyter/nbextensions/equation-numbering/info.yaml
#16 0.528 [I 00:53:27 InstallContribNbextensionsApp] Copying: /usr/local/lib/python3.8/dist-packages/jupyter_contrib_nbextensions/nbextensions/equation-numbering/readme.md -> /usr/local/share/jupyter/nbextensions/equation-numbering/readme.md
#16 0.528 [I 00:53:27 InstallContribNbextensionsApp] Copying: /usr/local/lib/python3.8/dist-packages/jupyter_contrib_nbextensions/nbextensions/equation-numbering/button.png -> /usr/local/share/jupyter/nbextensions/equation-numbering/button.png
#16 0.528 [I 00:53:27 InstallContribNbextensionsApp] - Validating: [32mOK[0m
#16 0.528 [I 00:53:27 InstallContribNbextensionsApp] Installing /usr/local/lib/python3.8/dist-packages/jupyter_contrib_nbextensions/nbextensions/help_panel -> help_panel
#16 0.528 [I 00:53:27 InstallContribNbextensionsApp] Making directory: /usr/local/share/jupyter/nbextensions/help_panel/
#16 0.528 [I 00:53:27 InstallContribNbextensionsApp] Copying: /usr/local/lib/python3.8/dist-packages/jupyter_contrib_nbextensions/nbextensions/help_panel/help_panel.css -> /usr/local/share/jupyter/nbextensions/help_panel/help_panel.css
#16 0.528 [I 00:53:27 InstallContribNbextensionsApp] Copying: /usr/local/lib/python3.8/dist-packages/jupyter_contrib_nbextensions/nbextensions/help_panel/help_panel.js -> /usr/local/share/jupyter/nbextensions/help_panel/help_panel.js
#16 0.528 [I 00:53:27 InstallContribNbextensionsApp] Copying: /usr/local/lib/python3.8/dist-packages/jupyter_contrib_nbextensions/nbextensions/help_panel/icon.png -> /usr/local/share/jupyter/nbextensions/help_panel/icon.png
#16 0.528 [I 00:53:27 InstallContribNbextensionsApp] Copying: /usr/local/lib/python3.8/dist-packages/jupyter_contrib_nbextensions/nbextensions/help_panel/help_panel.yaml -> /usr/local/share/jupyter/nbextensions/help_panel/help_panel.yaml
#16 0.529 [I 00:53:27 InstallContribNbextensionsApp] Copying: /usr/local/lib/python3.8/dist-packages/jupyter_contrib_nbextensions/nbextensions/help_panel/help_panel_ext.png -> /usr/local/share/jupyter/nbextensions/help_panel/help_panel_ext.png
#16 0.529 [I 00:53:27 InstallContribNbextensionsApp] Copying: /usr/local/lib/python3.8/dist-packages/jupyter_contrib_nbextensions/nbextensions/help_panel/help_panel_ext_fullscreen.png -> /usr/local/share/jupyter/nbextensions/help_panel/help_panel_ext_fullscreen.png
#16 0.529 [I 00:53:27 InstallContribNbextensionsApp] Copying: /usr/local/lib/python3.8/dist-packages/jupyter_contrib_nbextensions/nbextensions/help_panel/readme.md -> /usr/local/share/jupyter/nbextensions/help_panel/readme.md
#16 0.529 [I 00:53:27 InstallContribNbextensionsApp] Making directory: /usr/local/share/jupyter/nbextensions/help_panel/img
#16 0.529 [I 00:53:27 InstallContribNbextensionsApp] Copying: /usr/local/lib/python3.8/dist-packages/jupyter_contrib_nbextensions/nbextensions/help_panel/img/handle-v.png -> /usr/local/share/jupyter/nbextensions/help_panel/img/handle-v.png
#16 0.529 [I 00:53:27 InstallContribNbextensionsApp] - Validating: [32mOK[0m
#16 0.529 [I 00:53:27 InstallContribNbextensionsApp] Installing /usr/local/lib/python3.8/dist-packages/jupyter_contrib_nbextensions/nbextensions/nbTranslate -> nbTranslate
#16 0.529 [I 00:53:27 InstallContribNbextensionsApp] Making directory: /usr/local/share/jupyter/nbextensions/nbTranslate/
#16 0.529 [I 00:53:27 InstallContribNbextensionsApp] Copying: /usr/local/lib/python3.8/dist-packages/jupyter_contrib_nbextensions/nbextensions/nbTranslate/nbTranslate.yaml -> /usr/local/share/jupyter/nbextensions/nbTranslate/nbTranslate.yaml
#16 0.530 [I 00:53:27 InstallContribNbextensionsApp] Copying: /usr/local/lib/python3.8/dist-packages/jupyter_contrib_nbextensions/nbextensions/nbTranslate/demo2.gif -> /usr/local/share/jupyter/nbextensions/nbTranslate/demo2.gif
#16 0.531 [I 00:53:27 InstallContribNbextensionsApp] Copying: /usr/local/lib/python3.8/dist-packages/jupyter_contrib_nbextensions/nbextensions/nbTranslate/README.md -> /usr/local/share/jupyter/nbextensions/nbTranslate/README.md
#16 0.531 [I 00:53:27 InstallContribNbextensionsApp] Copying: /usr/local/lib/python3.8/dist-packages/jupyter_contrib_nbextensions/nbextensions/nbTranslate/main.js -> /usr/local/share/jupyter/nbextensions/nbTranslate/main.js
#16 0.531 [I 00:53:27 InstallContribNbextensionsApp] Copying: /usr/local/lib/python3.8/dist-packages/jupyter_contrib_nbextensions/nbextensions/nbTranslate/languages.js -> /usr/local/share/jupyter/nbextensions/nbTranslate/languages.js
#16 0.531 [I 00:53:27 InstallContribNbextensionsApp] Copying: /usr/local/lib/python3.8/dist-packages/jupyter_contrib_nbextensions/nbextensions/nbTranslate/mutils.js -> /usr/local/share/jupyter/nbextensions/nbTranslate/mutils.js
#16 0.531 [I 00:53:27 InstallContribNbextensionsApp] Copying: /usr/local/lib/python3.8/dist-packages/jupyter_contrib_nbextensions/nbextensions/nbTranslate/nbTranslate.js -> /usr/local/share/jupyter/nbextensions/nbTranslate/nbTranslate.js
#16 0.531 [I 00:53:27 InstallContribNbextensionsApp] Copying: /usr/local/lib/python3.8/dist-packages/jupyter_contrib_nbextensions/nbextensions/nbTranslate/demo1.gif -> /usr/local/share/jupyter/nbextensions/nbTranslate/demo1.gif
#16 0.532 [I 00:53:27 InstallContribNbextensionsApp] - Validating: [32mOK[0m
#16 0.532 [I 00:53:27 InstallContribNbextensionsApp] Installing /usr/local/lib/python3.8/dist-packages/jupyter_contrib_nbextensions/nbextensions/hide_input_all -> hide_input_all
#16 0.533 [I 00:53:27 InstallContribNbextensionsApp] Making directory: /usr/local/share/jupyter/nbextensions/hide_input_all/
#16 0.533 [I 00:53:27 InstallContribNbextensionsApp] Copying: /usr/local/lib/python3.8/dist-packages/jupyter_contrib_nbextensions/nbextensions/hide_input_all/hide_input_all_show.png -> /usr/local/share/jupyter/nbextensions/hide_input_all/hide_input_all_show.png
#16 0.533 [I 00:53:27 InstallContribNbextensionsApp] Copying: /usr/local/lib/python3.8/dist-packages/jupyter_contrib_nbextensions/nbextensions/hide_input_all/icon.png -> /usr/local/share/jupyter/nbextensions/hide_input_all/icon.png
#16 0.533 [I 00:53:27 InstallContribNbextensionsApp] Copying: /usr/local/lib/python3.8/dist-packages/jupyter_contrib_nbextensions/nbextensions/hide_input_all/hide_input_all.yaml -> /usr/local/share/jupyter/nbextensions/hide_input_all/hide_input_all.yaml
#16 0.533 [I 00:53:27 InstallContribNbextensionsApp] Copying: /usr/local/lib/python3.8/dist-packages/jupyter_contrib_nbextensions/nbextensions/hide_input_all/main.js -> /usr/local/share/jupyter/nbextensions/hide_input_all/main.js
#16 0.533 [I 00:53:27 InstallContribNbextensionsApp] Copying: /usr/local/lib/python3.8/dist-packages/jupyter_contrib_nbextensions/nbextensions/hide_input_all/hide_input_all_hide.png -> /usr/local/share/jupyter/nbextensions/hide_input_all/hide_input_all_hide.png
#16 0.533 [I 00:53:27 InstallContribNbextensionsApp] Copying: /usr/local/lib/python3.8/dist-packages/jupyter_contrib_nbextensions/nbextensions/hide_input_all/readme.md -> /usr/local/share/jupyter/nbextensions/hide_input_all/readme.md
#16 0.534 [I 00:53:27 InstallContribNbextensionsApp] - Validating: [32mOK[0m
#16 0.534 [I 00:53:27 InstallContribNbextensionsApp] Installing /usr/local/lib/python3.8/dist-packages/jupyter_contrib_nbextensions/nbextensions/init_cell -> init_cell
#16 0.534 [I 00:53:27 InstallContribNbextensionsApp] Making directory: /usr/local/share/jupyter/nbextensions/init_cell/
#16 0.534 [I 00:53:27 InstallContribNbextensionsApp] Copying: /usr/local/lib/python3.8/dist-packages/jupyter_contrib_nbextensions/nbextensions/init_cell/icon.png -> /usr/local/share/jupyter/nbextensions/init_cell/icon.png
#16 0.534 [I 00:53:27 InstallContribNbextensionsApp] Copying: /usr/local/lib/python3.8/dist-packages/jupyter_contrib_nbextensions/nbextensions/init_cell/README.md -> /usr/local/share/jupyter/nbextensions/init_cell/README.md
#16 0.534 [I 00:53:27 InstallContribNbextensionsApp] Copying: /usr/local/lib/python3.8/dist-packages/jupyter_contrib_nbextensions/nbextensions/init_cell/main.js -> /usr/local/share/jupyter/nbextensions/init_cell/main.js
#16 0.534 [I 00:53:27 InstallContribNbextensionsApp] Copying: /usr/local/lib/python3.8/dist-packages/jupyter_contrib_nbextensions/nbextensions/init_cell/init_cell.yaml -> /usr/local/share/jupyter/nbextensions/init_cell/init_cell.yaml
#16 0.534 [I 00:53:27 InstallContribNbextensionsApp] Copying: /usr/local/lib/python3.8/dist-packages/jupyter_contrib_nbextensions/nbextensions/init_cell/cell_toolbar_menu.png -> /usr/local/share/jupyter/nbextensions/init_cell/cell_toolbar_menu.png
#16 0.534 [I 00:53:27 InstallContribNbextensionsApp] - Validating: [32mOK[0m
#16 0.534 [I 00:53:27 InstallContribNbextensionsApp] Installing /usr/local/lib/python3.8/dist-packages/jupyter_contrib_nbextensions/nbextensions/scroll_down -> scroll_down
#16 0.534 [I 00:53:27 InstallContribNbextensionsApp] Making directory: /usr/local/share/jupyter/nbextensions/scroll_down/
#16 0.535 [I 00:53:27 InstallContribNbextensionsApp] Copying: /usr/local/lib/python3.8/dist-packages/jupyter_contrib_nbextensions/nbextensions/scroll_down/icon.png -> /usr/local/share/jupyter/nbextensions/scroll_down/icon.png
#16 0.535 [I 00:53:27 InstallContribNbextensionsApp] Copying: /usr/local/lib/python3.8/dist-packages/jupyter_contrib_nbextensions/nbextensions/scroll_down/config.yaml -> /usr/local/share/jupyter/nbextensions/scroll_down/config.yaml
#16 0.535 [I 00:53:27 InstallContribNbextensionsApp] Copying: /usr/local/lib/python3.8/dist-packages/jupyter_contrib_nbextensions/nbextensions/scroll_down/main.js -> /usr/local/share/jupyter/nbextensions/scroll_down/main.js
#16 0.535 [I 00:53:27 InstallContribNbextensionsApp] Copying: /usr/local/lib/python3.8/dist-packages/jupyter_contrib_nbextensions/nbextensions/scroll_down/readme.md -> /usr/local/share/jupyter/nbextensions/scroll_down/readme.md
#16 0.535 [I 00:53:27 InstallContribNbextensionsApp] - Validating: [32mOK[0m
#16 0.535 [I 00:53:27 InstallContribNbextensionsApp] Installing /usr/local/lib/python3.8/dist-packages/jupyter_contrib_nbextensions/nbextensions/hinterland -> hinterland
#16 0.535 [I 00:53:27 InstallContribNbextensionsApp] Making directory: /usr/local/share/jupyter/nbextensions/hinterland/
#16 0.535 [I 00:53:27 InstallContribNbextensionsApp] Copying: /usr/local/lib/python3.8/dist-packages/jupyter_contrib_nbextensions/nbextensions/hinterland/README.md -> /usr/local/share/jupyter/nbextensions/hinterland/README.md
#16 0.535 [I 00:53:27 InstallContribNbextensionsApp] Copying: /usr/local/lib/python3.8/dist-packages/jupyter_contrib_nbextensions/nbextensions/hinterland/hinterland.js -> /usr/local/share/jupyter/nbextensions/hinterland/hinterland.js
#16 0.535 [I 00:53:27 InstallContribNbextensionsApp] Copying: /usr/local/lib/python3.8/dist-packages/jupyter_contrib_nbextensions/nbextensions/hinterland/hinterland.yaml -> /usr/local/share/jupyter/nbextensions/hinterland/hinterland.yaml
#16 0.535 [I 00:53:27 InstallContribNbextensionsApp] - Validating: [32mOK[0m
#16 0.535 [I 00:53:27 InstallContribNbextensionsApp] Installing /usr/local/lib/python3.8/dist-packages/jupyter_highlight_selected_word/static/highlight_selected_word -> highlight_selected_word
#16 0.535 [I 00:53:27 InstallContribNbextensionsApp] Making directory: /usr/local/share/jupyter/nbextensions/highlight_selected_word/
#16 0.536 [I 00:53:27 InstallContribNbextensionsApp] Copying: /usr/local/lib/python3.8/dist-packages/jupyter_highlight_selected_word/static/highlight_selected_word/README.md -> /usr/local/share/jupyter/nbextensions/highlight_selected_word/README.md
#16 0.536 [I 00:53:27 InstallContribNbextensionsApp] Copying: /usr/local/lib/python3.8/dist-packages/jupyter_highlight_selected_word/static/highlight_selected_word/main.js -> /usr/local/share/jupyter/nbextensions/highlight_selected_word/main.js
#16 0.536 [I 00:53:27 InstallContribNbextensionsApp] Copying: /usr/local/lib/python3.8/dist-packages/jupyter_highlight_selected_word/static/highlight_selected_word/configurator.yaml -> /usr/local/share/jupyter/nbextensions/highlight_selected_word/configurator.yaml
#16 0.536 [I 00:53:27 InstallContribNbextensionsApp] - Validating: [32mOK[0m
#16 0.536 [I 00:53:27 InstallContribNbextensionsApp] Installing jupyter_contrib_nbextensions items to config in /usr/local/etc/jupyter
#16 0.537 Enabling: jupyter_nbextensions_configurator
#16 0.537 - Writing config: /usr/local/etc/jupyter
#16 0.538     - Validating...
#16 0.538       jupyter_nbextensions_configurator 0.6.4 [32mOK[0m
#16 0.538 Enabling notebook nbextension nbextensions_configurator/config_menu/main...
#16 0.539 Enabling tree nbextension nbextensions_configurator/tree_tab/main...
#16 0.540 [I 00:53:27 InstallContribNbextensionsApp] Enabling notebook extension contrib_nbextensions_help_item/main...
#16 0.540 [I 00:53:27 InstallContribNbextensionsApp]       - Validating: [32mOK[0m
#16 0.540 [I 00:53:27 InstallContribNbextensionsApp] - Editing config: /usr/local/etc/jupyter/jupyter_nbconvert_config.json
#16 0.540 [I 00:53:27 InstallContribNbextensionsApp] --  Configuring nbconvert template path
#16 0.540 [I 00:53:27 InstallContribNbextensionsApp] --  Configuring nbconvert preprocessors
#16 0.540 [I 00:53:27 InstallContribNbextensionsApp] - Writing config: /usr/local/etc/jupyter/jupyter_nbconvert_config.json
#16 0.540 [I 00:53:27 InstallContribNbextensionsApp] --  Writing updated config file /usr/local/etc/jupyter/jupyter_nbconvert_config.json
#16 0.571 + extensions='
#16 0.571 autosavetime/main
#16 0.571 code_prettify/code_prettify
#16 0.571 collapsible_headings/main
#16 0.571 comment-uncomment/main
#16 0.571 contrib_nbextensions_help_item/main
#16 0.571 execute_time/ExecuteTime
#16 0.571 highlighter/highlighter
#16 0.571 jupyter-js-widgets/extension
#16 0.571 notify/notify
#16 0.571 runtools/main
#16 0.571 toc2/main
#16 0.571 spellchecker/main'
#16 0.571 + for v in $extensions
#16 0.571 + jupyter nbextension enable autosavetime/main
#16 0.629 Enabling notebook extension autosavetime/main...
#16 0.629       - Validating: [32mOK[0m
#16 0.635 + for v in $extensions
#16 0.635 + jupyter nbextension enable code_prettify/code_prettify
#16 0.688 Enabling notebook extension code_prettify/code_prettify...
#16 0.688       - Validating: [32mOK[0m
#16 0.694 + for v in $extensions
#16 0.694 + jupyter nbextension enable collapsible_headings/main
#16 0.750 Enabling notebook extension collapsible_headings/main...
#16 0.750       - Validating: [32mOK[0m
#16 0.755 + for v in $extensions
#16 0.755 + jupyter nbextension enable comment-uncomment/main
#16 0.808 Enabling notebook extension comment-uncomment/main...
#16 0.808       - Validating: [32mOK[0m
#16 0.813 + for v in $extensions
#16 0.813 + jupyter nbextension enable contrib_nbextensions_help_item/main
#16 0.869 Enabling notebook extension contrib_nbextensions_help_item/main...
#16 0.870       - Validating: [32mOK[0m
#16 0.875 + for v in $extensions
#16 0.875 + jupyter nbextension enable execute_time/ExecuteTime
#16 0.929 Enabling notebook extension execute_time/ExecuteTime...
#16 0.930       - Validating: [32mOK[0m
#16 0.935 + for v in $extensions
#16 0.935 + jupyter nbextension enable highlighter/highlighter
#16 0.988 Enabling notebook extension highlighter/highlighter...
#16 0.989       - Validating: [32mOK[0m
#16 0.994 + for v in $extensions
#16 0.994 + jupyter nbextension enable jupyter-js-widgets/extension
#16 1.048 Enabling notebook extension jupyter-js-widgets/extension...
#16 1.048       - Validating: problems found:
#16 1.048         - require? [31m X[0m jupyter-js-widgets/extension
#16 1.053 + for v in $extensions
#16 1.053 + jupyter nbextension enable notify/notify
#16 1.106 Enabling notebook extension notify/notify...
#16 1.107       - Validating: [32mOK[0m
#16 1.112 + for v in $extensions
#16 1.112 + jupyter nbextension enable runtools/main
#16 1.165 Enabling notebook extension runtools/main...
#16 1.165       - Validating: [32mOK[0m
#16 1.170 + for v in $extensions
#16 1.170 + jupyter nbextension enable toc2/main
#16 1.223 Enabling notebook extension toc2/main...
#16 1.223       - Validating: [32mOK[0m
#16 1.229 + for v in $extensions
#16 1.229 + jupyter nbextension enable spellchecker/main
#16 1.281 Enabling notebook extension spellchecker/main...
#16 1.282       - Validating: [32mOK[0m
#16 1.287 + echo '{"nbext_hide_incompat": false}'
#16 1.287 ++ jupyter --data-dir
#16 1.310 + DIR=/root/.local/share/jupyter/nbextensions
#16 1.310 + [[ ! -e /root/.local/share/jupyter/nbextensions ]]
#16 1.310 + mkdir /root/.local/share/jupyter/nbextensions
#16 1.310 + cd /root/.local/share/jupyter/nbextensions
#16 1.310 + [[ -e vim_binding ]]
#16 1.310 + git clone https://github.com/lambdalisue/jupyter-vim-binding vim_binding
#16 1.311 Cloning into 'vim_binding'...
#16 1.495 + jupyter notebook --generate-config -y
#16 1.620 Writing default config to: /root/.jupyter/jupyter_notebook_config.py
#16 DONE 1.7s

#17 [13/18] ADD etc_sudoers /install/
#17 DONE 0.7s

#18 [14/18] COPY etc_sudoers /etc/sudoers
#18 DONE 0.0s

#19 [15/18] COPY bashrc /root/.bashrc
#19 DONE 0.0s

#20 [16/18] ADD version.sh /install/
#20 DONE 0.0s

#21 [17/18] RUN /install/version.sh 2>&1 | tee version.log
#21 0.090 # Pytho3
#21 0.090 Python 3.8.10
#21 0.090 # pip3
#21 0.147 pip 25.0.1 from /usr/local/lib/python3.8/dist-packages/pip (python 3.8)
#21 0.156 # jupyter
#21 0.365 Selected Jupyter core packages...
#21 0.365 IPython          : 8.12.3
#21 0.365 ipykernel        : 6.29.5
#21 0.365 ipywidgets       : not installed
#21 0.365 jupyter_client   : 7.3.2
#21 0.365 jupyter_core     : 5.7.2
#21 0.365 jupyter_server   : 1.24.0
#21 0.365 jupyterlab       : not installed
#21 0.365 nbclient         : 0.10.1
#21 0.365 nbconvert        : 7.16.6
#21 0.365 nbformat         : 5.10.4
#21 0.365 notebook         : 6.5.7
#21 0.365 qtconsole        : not installed
#21 0.365 traitlets        : 5.14.3
#21 0.393 # Python packages
#21 0.485 Package                           Version
#21 0.485 --------------------------------- -----------
#21 0.485 altair                            5.4.1
#21 0.485 anyio                             3.7.1
#21 0.486 appnope                           0.1.4
#21 0.486 argon2-cffi                       23.1.0
#21 0.486 argon2-cffi-bindings              21.2.0
#21 0.486 asttokens                         3.0.0
#21 0.486 attrs                             25.3.0
#21 0.486 backcall                          0.2.0
#21 0.486 beautifulsoup4                    4.13.3
#21 0.486 bleach                            6.1.0
#21 0.486 blinker                           1.8.2
#21 0.486 cachetools                        5.5.2
#21 0.486 certifi                           2025.4.26
#21 0.486 cffi                              1.17.1
#21 0.486 charset-normalizer                3.3.2
#21 0.486 click                             8.1.8
#21 0.486 comm                              0.2.2
#21 0.487 contourpy                         1.1.1
#21 0.487 cycler                            0.12.1
#21 0.487 debugpy                           1.8.13
#21 0.487 decorator                         5.2.1
#21 0.487 defusedxml                        0.7.1
#21 0.487 entrypoints                       0.4
#21 0.487 exceptiongroup                    1.2.2
#21 0.487 executing                         2.2.0
#21 0.487 Faker                             35.2.2
#21 0.487 fastjsonschema                    2.21.1
#21 0.487 favicon                           0.7.0
#21 0.487 filelock                          3.16.1
#21 0.487 fonttools                         4.57.0
#21 0.487 frozendict                        2.4.6
#21 0.488 fsspec                            2025.3.0
#21 0.488 gitdb                             4.0.12
#21 0.488 GitPython                         3.1.44
#21 0.488 htbuilder                         0.9.0
#21 0.488 idna                              3.10
#21 0.488 importlib_metadata                8.5.0
#21 0.488 importlib_resources               6.4.5
#21 0.488 ipykernel                         6.29.5
#21 0.488 ipython                           8.12.3
#21 0.488 ipython-genutils                  0.2.0
#21 0.488 jedi                              0.19.2
#21 0.488 Jinja2                            3.1.6
#21 0.489 joblib                            1.4.2
#21 0.489 jsonschema                        4.23.0
#21 0.489 jsonschema-specifications         2023.12.1
#21 0.489 jupyter-client                    7.3.2
#21 0.489 jupyter-contrib-core              0.4.2
#21 0.489 jupyter-contrib-nbextensions      0.7.0
#21 0.489 jupyter_core                      5.7.2
#21 0.489 jupyter-highlight-selected-word   0.2.0
#21 0.489 jupyter_nbextensions_configurator 0.6.4
#21 0.489 jupyter-server                    1.24.0
#21 0.489 jupyterlab_pygments               0.3.0
#21 0.489 kiwisolver                        1.4.7
#21 0.490 lxml                              5.3.2
#21 0.490 Markdown                          3.7
#21 0.490 markdown-it-py                    3.0.0
#21 0.490 markdownlit                       0.0.7
#21 0.490 MarkupSafe                        2.1.5
#21 0.490 matplotlib                        3.7.5
#21 0.490 matplotlib-inline                 0.1.7
#21 0.490 mdurl                             0.1.2
#21 0.490 mistune                           3.1.3
#21 0.490 mpmath                            1.3.0
#21 0.490 multitasking                      0.0.11
#21 0.490 narwhals                          1.37.1
#21 0.490 nbclassic                         1.2.0
#21 0.490 nbclient                          0.10.1
#21 0.491 nbconvert                         7.16.6
#21 0.491 nbformat                          5.10.4
#21 0.491 nest-asyncio                      1.6.0
#21 0.491 networkx                          3.1
#21 0.491 notebook                          6.5.7
#21 0.491 notebook_shim                     0.2.4
#21 0.491 numpy                             1.24.4
#21 0.491 packaging                         24.2
#21 0.491 pandas                            2.0.3
#21 0.491 pandocfilters                     1.5.1
#21 0.491 parso                             0.8.4
#21 0.491 peewee                            3.18.1
#21 0.491 pexpect                           4.9.0
#21 0.491 pickleshare                       0.7.5
#21 0.491 pillow                            10.4.0
#21 0.491 pip                               25.0.1
#21 0.491 pkgutil_resolve_name              1.3.10
#21 0.491 platformdirs                      4.3.6
#21 0.491 plotly                            6.0.1
#21 0.491 prometheus_client                 0.21.1
#21 0.492 prompt_toolkit                    3.0.50
#21 0.492 protobuf                          5.29.4
#21 0.492 psutil                            7.0.0
#21 0.492 psycopg2-binary                   2.9.10
#21 0.492 ptyprocess                        0.7.0
#21 0.492 pure_eval                         0.2.3
#21 0.492 pyarrow                           17.0.0
#21 0.492 pycparser                         2.22
#21 0.492 pydeck                            0.9.1
#21 0.492 Pygments                          2.19.1
#21 0.492 pymdown-extensions                10.15
#21 0.492 pyparsing                         3.1.4
#21 0.492 python-dateutil                   2.9.0.post0
#21 0.492 python-dotenv                     1.0.1
#21 0.493 pytz                              2025.2
#21 0.493 PyYAML                            6.0.2
#21 0.493 pyzmq                             26.4.0
#21 0.493 referencing                       0.35.1
#21 0.493 requests                          2.31.0
#21 0.493 rich                              13.9.4
#21 0.493 rpds-py                           0.20.1
#21 0.493 scikit-learn                      1.3.2
#21 0.493 scipy                             1.10.1
#21 0.493 seaborn                           0.13.2
#21 0.493 Send2Trash                        1.8.3
#21 0.493 setuptools                        45.2.0
#21 0.493 six                               1.17.0
#21 0.493 smmap                             5.0.2
#21 0.493 sniffio                           1.3.1
#21 0.493 soupsieve                         2.6
#21 0.493 st-annotated-text                 4.0.2
#21 0.493 st-theme                          1.2.3
#21 0.493 stack-data                        0.6.3
#21 0.494 streamlit                         1.40.1
#21 0.494 streamlit-autorefresh             1.0.1
#21 0.494 streamlit-avatar                  0.1.3
#21 0.494 streamlit-camera-input-live       0.2.0
#21 0.494 streamlit-card                    1.0.2
#21 0.494 streamlit-embedcode               0.1.2
#21 0.494 streamlit-extras                  0.6.0
#21 0.494 streamlit-faker                   0.0.3
#21 0.494 streamlit-image-coordinates       0.1.9
#21 0.494 streamlit-keyup                   0.3.0
#21 0.494 streamlit-toggle-switch           1.0.2
#21 0.494 streamlit-vertical-slider         2.5.5
#21 0.494 sympy                             1.13.3
#21 0.494 ta                                0.11.0
#21 0.495 tenacity                          9.0.0
#21 0.495 terminado                         0.18.1
#21 0.495 threadpoolctl                     3.5.0
#21 0.495 tinycss2                          1.2.1
#21 0.495 toml                              0.10.2
#21 0.495 tomli                             2.2.1
#21 0.495 torch                             2.4.1
#21 0.495 tornado                           6.1
#21 0.495 tqdm                              4.67.1
#21 0.495 traitlets                         5.14.3
#21 0.495 typing_extensions                 4.13.1
#21 0.495 tzdata                            2025.2
#21 0.495 urllib3                           2.2.1
#21 0.495 validators                        0.34.0
#21 0.495 watchdog                          4.0.2
#21 0.496 wcwidth                           0.2.13
#21 0.496 webencodings                      0.5.1
#21 0.496 websocket-client                  1.8.0
#21 0.496 wheel                             0.34.2
#21 0.496 yapf                              0.43.0
#21 0.496 yfinance                          0.2.57
#21 0.496 zipp                              3.20.2
#21 0.507 # mongo
#21 0.507 /install/version.sh: line 11: mongod: command not found
#21 DONE 0.5s

#22 [18/18] WORKDIR /data
#22 DONE 0.0s

#23 exporting to image
#23 exporting layers
#23 exporting layers 23.1s done
#23 exporting manifest sha256:02969f22f91ae34ce049a1c2d36ddfd0a55698fc5c4d26ddd6e48676e544acf1 done
#23 exporting config sha256:ef0df1f48e5ace30526017318a9149f29277d0df8b2750874c683b898bc42620 done
#23 exporting attestation manifest sha256:b73fd6b38d71bb50b23abe465d9cb71a5ef5a4767b2b369694cb1877b58a1841 done
#23 exporting manifest list sha256:b160da0469a54649bab82e29d5b5a4b2fe1186592ede9ba81fb75363dd643513 done
#23 naming to docker.io/umd_data605/umd_data605_template:latest done
#23 unpacking to docker.io/umd_data605/umd_data605_template:latest
#23 unpacking to docker.io/umd_data605/umd_data605_template:latest 5.9s done
#23 DONE 29.0s
